measure,age,raw,p,z_raw,z_aligned,ss_1_19
OTm_total,6,1,0.00135,-2.999976992703393,-2.999976992703393,1
OTm_total,6.25,1,0.00135,-2.999976992703393,-2.999976992703393,1
OTm_total,6.5,1,0.00135,-2.999976992703393,-2.999976992703393,1
OTm_total,6.75,1,0.00135,-2.999976992703393,-2.999976992703393,1
OTm_total,7,1,0.00135,-2.999976992703393,-2.999976992703393,1
OTm_total,7.25,2,0.00135,-2.999976992703393,-2.999976992703393,1
OTm_total,7.5,2,0.00135,-2.999976992703393,-2.999976992703393,1
OTm_total,7.75,2,0.00135,-2.999976992703393,-2.999976992703393,1
OTm_total,8,2,0.00135,-2.999976992703393,-2.999976992703393,1
OTm_total,8.25,2,0.00135,-2.999976992703393,-2.999976992703393,1
OTm_total,8.5,3,0.00135,-2.999976992703393,-2.999976992703393,1
OTm_total,8.75,3,0.00135,-2.999976992703393,-2.999976992703393,1
OTm_total,9,3,0.00135,-2.999976992703393,-2.999976992703393,1
OTm_total,9.25,3,0.00135,-2.999976992703393,-2.999976992703393,1
OTm_total,9.5,3,0.00135,-2.999976992703393,-2.999976992703393,1
OTm_total,9.75,4,0.00135,-2.999976992703393,-2.999976992703393,1
OTm_total,10,4,0.00135,-2.999976992703393,-2.999976992703393,1
OTm_total,10.25,4,0.00135,-2.999976992703393,-2.999976992703393,1
OTm_total,10.5,4,0.00135,-2.999976992703393,-2.999976992703393,1
OTm_total,10.75,4,0.00135,-2.999976992703393,-2.999976992703393,1
OTm_total,11,5,0.00135,-2.999976992703393,-2.999976992703393,1
OTm_total,11.25,5,0.00135,-2.999976992703393,-2.999976992703393,1
OTm_total,11.5,5,0.00135,-2.999976992703393,-2.999976992703393,1
OTm_total,11.75,5,0.00135,-2.999976992703393,-2.999976992703393,1
OTm_total,12,5,0.00135,-2.999976992703393,-2.999976992703393,1
OTm_total,6,1,0.00383,-2.6667000630340683,-2.6667000630340683,2
OTm_total,6.25,2,0.00383,-2.6667000630340683,-2.6667000630340683,2
OTm_total,6.5,2,0.00383,-2.6667000630340683,-2.6667000630340683,2
OTm_total,6.75,2,0.00383,-2.6667000630340683,-2.6667000630340683,2
OTm_total,7,2,0.00383,-2.6667000630340683,-2.6667000630340683,2
OTm_total,7.25,2,0.00383,-2.6667000630340683,-2.6667000630340683,2
OTm_total,7.5,2,0.00383,-2.6667000630340683,-2.6667000630340683,2
OTm_total,7.75,3,0.00383,-2.6667000630340683,-2.6667000630340683,2
OTm_total,8,3,0.00383,-2.6667000630340683,-2.6667000630340683,2
OTm_total,8.25,3,0.00383,-2.6667000630340683,-2.6667000630340683,2
OTm_total,8.5,3,0.00383,-2.6667000630340683,-2.6667000630340683,2
OTm_total,8.75,4,0.00383,-2.6667000630340683,-2.6667000630340683,2
OTm_total,9,4,0.00383,-2.6667000630340683,-2.6667000630340683,2
OTm_total,9.25,4,0.00383,-2.6667000630340683,-2.6667000630340683,2
OTm_total,9.5,4,0.00383,-2.6667000630340683,-2.6667000630340683,2
OTm_total,9.75,4,0.00383,-2.6667000630340683,-2.6667000630340683,2
OTm_total,10,5,0.00383,-2.6667000630340683,-2.6667000630340683,2
OTm_total,10.25,5,0.00383,-2.6667000630340683,-2.6667000630340683,2
OTm_total,10.5,5,0.00383,-2.6667000630340683,-2.6667000630340683,2
OTm_total,10.75,5,0.00383,-2.6667000630340683,-2.6667000630340683,2
OTm_total,11,5,0.00383,-2.6667000630340683,-2.6667000630340683,2
OTm_total,11.25,6,0.00383,-2.6667000630340683,-2.6667000630340683,2
OTm_total,11.5,6,0.00383,-2.6667000630340683,-2.6667000630340683,2
OTm_total,11.75,6,0.00383,-2.6667000630340683,-2.6667000630340683,2
OTm_total,12,6,0.00383,-2.6667000630340683,-2.6667000630340683,2
OTm_total,6,2,0.00982,-2.3331552225672434,-2.3331552225672434,3
OTm_total,6.25,2,0.00982,-2.3331552225672434,-2.3331552225672434,3
OTm_total,6.5,2,0.00982,-2.3331552225672434,-2.3331552225672434,3
OTm_total,6.75,3,0.00982,-2.3331552225672434,-2.3331552225672434,3
OTm_total,7,3,0.00982,-2.3331552225672434,-2.3331552225672434,3
OTm_total,7.25,3,0.00982,-2.3331552225672434,-2.3331552225672434,3
OTm_total,7.5,3,0.00982,-2.3331552225672434,-2.3331552225672434,3
OTm_total,7.75,3,0.00982,-2.3331552225672434,-2.3331552225672434,3
OTm_total,8,4,0.00982,-2.3331552225672434,-2.3331552225672434,3
OTm_total,8.25,4,0.00982,-2.3331552225672434,-2.3331552225672434,3
OTm_total,8.5,4,0.00982,-2.3331552225672434,-2.3331552225672434,3
OTm_total,8.75,4,0.00982,-2.3331552225672434,-2.3331552225672434,3
OTm_total,9,5,0.00982,-2.3331552225672434,-2.3331552225672434,3
OTm_total,9.25,5,0.00982,-2.3331552225672434,-2.3331552225672434,3
OTm_total,9.5,5,0.00982,-2.3331552225672434,-2.3331552225672434,3
OTm_total,9.75,5,0.00982,-2.3331552225672434,-2.3331552225672434,3
OTm_total,10,6,0.00982,-2.3331552225672434,-2.3331552225672434,3
OTm_total,10.25,6,0.00982,-2.3331552225672434,-2.3331552225672434,3
OTm_total,10.5,6,0.00982,-2.3331552225672434,-2.3331552225672434,3
OTm_total,10.75,6,0.00982,-2.3331552225672434,-2.3331552225672434,3
OTm_total,11,6,0.00982,-2.3331552225672434,-2.3331552225672434,3
OTm_total,11.25,7,0.00982,-2.3331552225672434,-2.3331552225672434,3
OTm_total,11.5,7,0.00982,-2.3331552225672434,-2.3331552225672434,3
OTm_total,11.75,7,0.00982,-2.3331552225672434,-2.3331552225672434,3
OTm_total,12,7,0.00982,-2.3331552225672434,-2.3331552225672434,3
OTm_total,6,3,0.02275,-2.000002443899604,-2.000002443899604,4
OTm_total,6.25,3,0.02275,-2.000002443899604,-2.000002443899604,4
OTm_total,6.5,3,0.02275,-2.000002443899604,-2.000002443899604,4
OTm_total,6.75,3,0.02275,-2.000002443899604,-2.000002443899604,4
OTm_total,7,4,0.02275,-2.000002443899604,-2.000002443899604,4
OTm_total,7.25,4,0.02275,-2.000002443899604,-2.000002443899604,4
OTm_total,7.5,4,0.02275,-2.000002443899604,-2.000002443899604,4
OTm_total,7.75,4,0.02275,-2.000002443899604,-2.000002443899604,4
OTm_total,8,5,0.02275,-2.000002443899604,-2.000002443899604,4
OTm_total,8.25,5,0.02275,-2.000002443899604,-2.000002443899604,4
OTm_total,8.5,5,0.02275,-2.000002443899604,-2.000002443899604,4
OTm_total,8.75,5,0.02275,-2.000002443899604,-2.000002443899604,4
OTm_total,9,5,0.02275,-2.000002443899604,-2.000002443899604,4
OTm_total,9.25,6,0.02275,-2.000002443899604,-2.000002443899604,4
OTm_total,9.5,6,0.02275,-2.000002443899604,-2.000002443899604,4
OTm_total,9.75,6,0.02275,-2.000002443899604,-2.000002443899604,4
OTm_total,10,6,0.02275,-2.000002443899604,-2.000002443899604,4
OTm_total,10.25,7,0.02275,-2.000002443899604,-2.000002443899604,4
OTm_total,10.5,7,0.02275,-2.000002443899604,-2.000002443899604,4
OTm_total,10.75,7,0.02275,-2.000002443899604,-2.000002443899604,4
OTm_total,11,7,0.02275,-2.000002443899604,-2.000002443899604,4
OTm_total,11.25,8,0.02275,-2.000002443899604,-2.000002443899604,4
OTm_total,11.5,8,0.02275,-2.000002443899604,-2.000002443899604,4
OTm_total,11.75,8,0.02275,-2.000002443899604,-2.000002443899604,4
OTm_total,12,8,0.02275,-2.000002443899604,-2.000002443899604,4
OTm_total,6,4,0.04779,-1.6666702079210545,-1.6666702079210545,5
OTm_total,6.25,4,0.04779,-1.6666702079210545,-1.6666702079210545,5
OTm_total,6.5,4,0.04779,-1.6666702079210545,-1.6666702079210545,5
OTm_total,6.75,4,0.04779,-1.6666702079210545,-1.6666702079210545,5
OTm_total,7,4,0.04779,-1.6666702079210545,-1.6666702079210545,5
OTm_total,7.25,5,0.04779,-1.6666702079210545,-1.6666702079210545,5
OTm_total,7.5,5,0.04779,-1.6666702079210545,-1.6666702079210545,5
OTm_total,7.75,5,0.04779,-1.6666702079210545,-1.6666702079210545,5
OTm_total,8,5,0.04779,-1.6666702079210545,-1.6666702079210545,5
OTm_total,8.25,6,0.04779,-1.6666702079210545,-1.6666702079210545,5
OTm_total,8.5,6,0.04779,-1.6666702079210545,-1.6666702079210545,5
OTm_total,8.75,6,0.04779,-1.6666702079210545,-1.6666702079210545,5
OTm_total,9,6,0.04779,-1.6666702079210545,-1.6666702079210545,5
OTm_total,9.25,7,0.04779,-1.6666702079210545,-1.6666702079210545,5
OTm_total,9.5,7,0.04779,-1.6666702079210545,-1.6666702079210545,5
OTm_total,9.75,7,0.04779,-1.6666702079210545,-1.6666702079210545,5
OTm_total,10,7,0.04779,-1.6666702079210545,-1.6666702079210545,5
OTm_total,10.25,8,0.04779,-1.6666702079210545,-1.6666702079210545,5
OTm_total,10.5,8,0.04779,-1.6666702079210545,-1.6666702079210545,5
OTm_total,10.75,8,0.04779,-1.6666702079210545,-1.6666702079210545,5
OTm_total,11,8,0.04779,-1.6666702079210545,-1.6666702079210545,5
OTm_total,11.25,9,0.04779,-1.6666702079210545,-1.6666702079210545,5
OTm_total,11.5,9,0.04779,-1.6666702079210545,-1.6666702079210545,5
OTm_total,11.75,9,0.04779,-1.6666702079210545,-1.6666702079210545,5
OTm_total,12,9,0.04779,-1.6666702079210545,-1.6666702079210545,5
OTm_total,6,4,0.09121,-1.3333407702662026,-1.3333407702662026,6
OTm_total,6.25,5,0.09121,-1.3333407702662026,-1.3333407702662026,6
OTm_total,6.5,5,0.09121,-1.3333407702662026,-1.3333407702662026,6
OTm_total,6.75,5,0.09121,-1.3333407702662026,-1.3333407702662026,6
OTm_total,7,5,0.09121,-1.3333407702662026,-1.3333407702662026,6
OTm_total,7.25,6,0.09121,-1.3333407702662026,-1.3333407702662026,6
OTm_total,7.5,6,0.09121,-1.3333407702662026,-1.3333407702662026,6
OTm_total,7.75,6,0.09121,-1.3333407702662026,-1.3333407702662026,6
OTm_total,8,6,0.09121,-1.3333407702662026,-1.3333407702662026,6
OTm_total,8.25,7,0.09121,-1.3333407702662026,-1.3333407702662026,6
OTm_total,8.5,7,0.09121,-1.3333407702662026,-1.3333407702662026,6
OTm_total,8.75,7,0.09121,-1.3333407702662026,-1.3333407702662026,6
OTm_total,9,7,0.09121,-1.3333407702662026,-1.3333407702662026,6
OTm_total,9.25,8,0.09121,-1.3333407702662026,-1.3333407702662026,6
OTm_total,9.5,8,0.09121,-1.3333407702662026,-1.3333407702662026,6
OTm_total,9.75,8,0.09121,-1.3333407702662026,-1.3333407702662026,6
OTm_total,10,8,0.09121,-1.3333407702662026,-1.3333407702662026,6
OTm_total,10.25,9,0.09121,-1.3333407702662026,-1.3333407702662026,6
OTm_total,10.5,9,0.09121,-1.3333407702662026,-1.3333407702662026,6
OTm_total,10.75,9,0.09121,-1.3333407702662026,-1.3333407702662026,6
OTm_total,11,9,0.09121,-1.3333407702662026,-1.3333407702662026,6
OTm_total,11.25,9,0.09121,-1.3333407702662026,-1.3333407702662026,6
OTm_total,11.5,10,0.09121,-1.3333407702662026,-1.3333407702662026,6
OTm_total,11.75,10,0.09121,-1.3333407702662026,-1.3333407702662026,6
OTm_total,12,10,0.09121,-1.3333407702662026,-1.3333407702662026,6
OTm_total,6,5,0.15866,-0.9999803859660789,-0.9999803859660789,7
OTm_total,6.25,5,0.15866,-0.9999803859660789,-0.9999803859660789,7
OTm_total,6.5,6,0.15866,-0.9999803859660789,-0.9999803859660789,7
OTm_total,6.75,6,0.15866,-0.9999803859660789,-0.9999803859660789,7
OTm_total,7,6,0.15866,-0.9999803859660789,-0.9999803859660789,7
OTm_total,7.25,6,0.15866,-0.9999803859660789,-0.9999803859660789,7
OTm_total,7.5,7,0.15866,-0.9999803859660789,-0.9999803859660789,7
OTm_total,7.75,7,0.15866,-0.9999803859660789,-0.9999803859660789,7
OTm_total,8,7,0.15866,-0.9999803859660789,-0.9999803859660789,7
OTm_total,8.25,8,0.15866,-0.9999803859660789,-0.9999803859660789,7
OTm_total,8.5,8,0.15866,-0.9999803859660789,-0.9999803859660789,7
OTm_total,8.75,8,0.15866,-0.9999803859660789,-0.9999803859660789,7
OTm_total,9,8,0.15866,-0.9999803859660789,-0.9999803859660789,7
OTm_total,9.25,9,0.15866,-0.9999803859660789,-0.9999803859660789,7
OTm_total,9.5,9,0.15866,-0.9999803859660789,-0.9999803859660789,7
OTm_total,9.75,9,0.15866,-0.9999803859660789,-0.9999803859660789,7
OTm_total,10,9,0.15866,-0.9999803859660789,-0.9999803859660789,7
OTm_total,10.25,9,0.15866,-0.9999803859660789,-0.9999803859660789,7
OTm_total,10.5,10,0.15866,-0.9999803859660789,-0.9999803859660789,7
OTm_total,10.75,10,0.15866,-0.9999803859660789,-0.9999803859660789,7
OTm_total,11,10,0.15866,-0.9999803859660789,-0.9999803859660789,7
OTm_total,11.25,10,0.15866,-0.9999803859660789,-0.9999803859660789,7
OTm_total,11.5,11,0.15866,-0.9999803859660789,-0.9999803859660789,7
OTm_total,11.75,11,0.15866,-0.9999803859660789,-0.9999803859660789,7
OTm_total,12,11,0.15866,-0.9999803859660789,-0.9999803859660789,7
OTm_total,6,6,0.25249,-0.6666746102242979,-0.6666746102242979,8
OTm_total,6.25,6,0.25249,-0.6666746102242979,-0.6666746102242979,8
OTm_total,6.5,7,0.25249,-0.6666746102242979,-0.6666746102242979,8
OTm_total,6.75,7,0.25249,-0.6666746102242979,-0.6666746102242979,8
OTm_total,7,7,0.25249,-0.6666746102242979,-0.6666746102242979,8
OTm_total,7.25,7,0.25249,-0.6666746102242979,-0.6666746102242979,8
OTm_total,7.5,8,0.25249,-0.6666746102242979,-0.6666746102242979,8
OTm_total,7.75,8,0.25249,-0.6666746102242979,-0.6666746102242979,8
OTm_total,8,8,0.25249,-0.6666746102242979,-0.6666746102242979,8
OTm_total,8.25,8,0.25249,-0.6666746102242979,-0.6666746102242979,8
OTm_total,8.5,9,0.25249,-0.6666746102242979,-0.6666746102242979,8
OTm_total,8.75,9,0.25249,-0.6666746102242979,-0.6666746102242979,8
OTm_total,9,9,0.25249,-0.6666746102242979,-0.6666746102242979,8
OTm_total,9.25,9,0.25249,-0.6666746102242979,-0.6666746102242979,8
OTm_total,9.5,10,0.25249,-0.6666746102242979,-0.6666746102242979,8
OTm_total,9.75,10,0.25249,-0.6666746102242979,-0.6666746102242979,8
OTm_total,10,10,0.25249,-0.6666746102242979,-0.6666746102242979,8
OTm_total,10.25,10,0.25249,-0.6666746102242979,-0.6666746102242979,8
OTm_total,10.5,11,0.25249,-0.6666746102242979,-0.6666746102242979,8
OTm_total,10.75,11,0.25249,-0.6666746102242979,-0.6666746102242979,8
OTm_total,11,11,0.25249,-0.6666746102242979,-0.6666746102242979,8
OTm_total,11.25,11,0.25249,-0.6666746102242979,-0.6666746102242979,8
OTm_total,11.5,11,0.25249,-0.6666746102242979,-0.6666746102242979,8
OTm_total,11.75,12,0.25249,-0.6666746102242979,-0.6666746102242979,8
OTm_total,12,12,0.25249,-0.6666746102242979,-0.6666746102242979,8
OTm_total,6,7,0.36944,-0.33333688458431254,-0.33333688458431254,9
OTm_total,6.25,7,0.36944,-0.33333688458431254,-0.33333688458431254,9
OTm_total,6.5,8,0.36944,-0.33333688458431254,-0.33333688458431254,9
OTm_total,6.75,8,0.36944,-0.33333688458431254,-0.33333688458431254,9
OTm_total,7,8,0.36944,-0.33333688458431254,-0.33333688458431254,9
OTm_total,7.25,8,0.36944,-0.33333688458431254,-0.33333688458431254,9
OTm_total,7.5,9,0.36944,-0.33333688458431254,-0.33333688458431254,9
OTm_total,7.75,9,0.36944,-0.33333688458431254,-0.33333688458431254,9
OTm_total,8,9,0.36944,-0.33333688458431254,-0.33333688458431254,9
OTm_total,8.25,9,0.36944,-0.33333688458431254,-0.33333688458431254,9
OTm_total,8.5,10,0.36944,-0.33333688458431254,-0.33333688458431254,9
OTm_total,8.75,10,0.36944,-0.33333688458431254,-0.33333688458431254,9
OTm_total,9,10,0.36944,-0.33333688458431254,-0.33333688458431254,9
OTm_total,9.25,10,0.36944,-0.33333688458431254,-0.33333688458431254,9
OTm_total,9.5,11,0.36944,-0.33333688458431254,-0.33333688458431254,9
OTm_total,9.75,11,0.36944,-0.33333688458431254,-0.33333688458431254,9
OTm_total,10,11,0.36944,-0.33333688458431254,-0.33333688458431254,9
OTm_total,10.25,11,0.36944,-0.33333688458431254,-0.33333688458431254,9
OTm_total,10.5,11,0.36944,-0.33333688458431254,-0.33333688458431254,9
OTm_total,10.75,12,0.36944,-0.33333688458431254,-0.33333688458431254,9
OTm_total,11,12,0.36944,-0.33333688458431254,-0.33333688458431254,9
OTm_total,11.25,12,0.36944,-0.33333688458431254,-0.33333688458431254,9
OTm_total,11.5,12,0.36944,-0.33333688458431254,-0.33333688458431254,9
OTm_total,11.75,12,0.36944,-0.33333688458431254,-0.33333688458431254,9
OTm_total,12,13,0.36944,-0.33333688458431254,-0.33333688458431254,9
OTm_total,6,8,0.5,0,0,10
OTm_total,6.25,8,0.5,0,0,10
OTm_total,6.5,8,0.5,0,0,10
OTm_total,6.75,9,0.5,0,0,10
OTm_total,7,9,0.5,0,0,10
OTm_total,7.25,9,0.5,0,0,10
OTm_total,7.5,10,0.5,0,0,10
OTm_total,7.75,10,0.5,0,0,10
OTm_total,8,10,0.5,0,0,10
OTm_total,8.25,10,0.5,0,0,10
OTm_total,8.5,11,0.5,0,0,10
OTm_total,8.75,11,0.5,0,0,10
OTm_total,9,11,0.5,0,0,10
OTm_total,9.25,11,0.5,0,0,10
OTm_total,9.5,11,0.5,0,0,10
OTm_total,9.75,12,0.5,0,0,10
OTm_total,10,12,0.5,0,0,10
OTm_total,10.25,12,0.5,0,0,10
OTm_total,10.5,12,0.5,0,0,10
OTm_total,10.75,12,0.5,0,0,10
OTm_total,11,13,0.5,0,0,10
OTm_total,11.25,13,0.5,0,0,10
OTm_total,11.5,13,0.5,0,0,10
OTm_total,11.75,13,0.5,0,0,10
OTm_total,12,13,0.5,0,0,10
OTm_total,6,9,0.63056,0.33333688458431254,0.33333688458431254,11
OTm_total,6.25,9,0.63056,0.33333688458431254,0.33333688458431254,11
OTm_total,6.5,9,0.63056,0.33333688458431254,0.33333688458431254,11
OTm_total,6.75,10,0.63056,0.33333688458431254,0.33333688458431254,11
OTm_total,7,10,0.63056,0.33333688458431254,0.33333688458431254,11
OTm_total,7.25,10,0.63056,0.33333688458431254,0.33333688458431254,11
OTm_total,7.5,10,0.63056,0.33333688458431254,0.33333688458431254,11
OTm_total,7.75,11,0.63056,0.33333688458431254,0.33333688458431254,11
OTm_total,8,11,0.63056,0.33333688458431254,0.33333688458431254,11
OTm_total,8.25,11,0.63056,0.33333688458431254,0.33333688458431254,11
OTm_total,8.5,11,0.63056,0.33333688458431254,0.33333688458431254,11
OTm_total,8.75,12,0.63056,0.33333688458431254,0.33333688458431254,11
OTm_total,9,12,0.63056,0.33333688458431254,0.33333688458431254,11
OTm_total,9.25,12,0.63056,0.33333688458431254,0.33333688458431254,11
OTm_total,9.5,12,0.63056,0.33333688458431254,0.33333688458431254,11
OTm_total,9.75,12,0.63056,0.33333688458431254,0.33333688458431254,11
OTm_total,10,13,0.63056,0.33333688458431254,0.33333688458431254,11
OTm_total,10.25,13,0.63056,0.33333688458431254,0.33333688458431254,11
OTm_total,10.5,13,0.63056,0.33333688458431254,0.33333688458431254,11
OTm_total,10.75,13,0.63056,0.33333688458431254,0.33333688458431254,11
OTm_total,11,13,0.63056,0.33333688458431254,0.33333688458431254,11
OTm_total,11.25,14,0.63056,0.33333688458431254,0.33333688458431254,11
OTm_total,11.5,14,0.63056,0.33333688458431254,0.33333688458431254,11
OTm_total,11.75,14,0.63056,0.33333688458431254,0.33333688458431254,11
OTm_total,12,14,0.63056,0.33333688458431254,0.33333688458431254,11
OTm_total,6,10,0.74751,0.6666746102242979,0.6666746102242979,12
OTm_total,6.25,10,0.74751,0.6666746102242979,0.6666746102242979,12
OTm_total,6.5,10,0.74751,0.6666746102242979,0.6666746102242979,12
OTm_total,6.75,11,0.74751,0.6666746102242979,0.6666746102242979,12
OTm_total,7,11,0.74751,0.6666746102242979,0.6666746102242979,12
OTm_total,7.25,11,0.74751,0.6666746102242979,0.6666746102242979,12
OTm_total,7.5,11,0.74751,0.6666746102242979,0.6666746102242979,12
OTm_total,7.75,12,0.74751,0.6666746102242979,0.6666746102242979,12
OTm_total,8,12,0.74751,0.6666746102242979,0.6666746102242979,12
OTm_total,8.25,12,0.74751,0.6666746102242979,0.6666746102242979,12
OTm_total,8.5,12,0.74751,0.6666746102242979,0.6666746102242979,12
OTm_total,8.75,12,0.74751,0.6666746102242979,0.6666746102242979,12
OTm_total,9,13,0.74751,0.6666746102242979,0.6666746102242979,12
OTm_total,9.25,13,0.74751,0.6666746102242979,0.6666746102242979,12
OTm_total,9.5,13,0.74751,0.6666746102242979,0.6666746102242979,12
OTm_total,9.75,13,0.74751,0.6666746102242979,0.6666746102242979,12
OTm_total,10,13,0.74751,0.6666746102242979,0.6666746102242979,12
OTm_total,10.25,14,0.74751,0.6666746102242979,0.6666746102242979,12
OTm_total,10.5,14,0.74751,0.6666746102242979,0.6666746102242979,12
OTm_total,10.75,14,0.74751,0.6666746102242979,0.6666746102242979,12
OTm_total,11,14,0.74751,0.6666746102242979,0.6666746102242979,12
OTm_total,11.25,14,0.74751,0.6666746102242979,0.6666746102242979,12
OTm_total,11.5,14,0.74751,0.6666746102242979,0.6666746102242979,12
OTm_total,11.75,14,0.74751,0.6666746102242979,0.6666746102242979,12
OTm_total,12,15,0.74751,0.6666746102242979,0.6666746102242979,12
OTm_total,6,11,0.84134,0.9999803859660789,0.9999803859660789,13
OTm_total,6.25,11,0.84134,0.9999803859660789,0.9999803859660789,13
OTm_total,6.5,11,0.84134,0.9999803859660789,0.9999803859660789,13
OTm_total,6.75,11,0.84134,0.9999803859660789,0.9999803859660789,13
OTm_total,7,12,0.84134,0.9999803859660789,0.9999803859660789,13
OTm_total,7.25,12,0.84134,0.9999803859660789,0.9999803859660789,13
OTm_total,7.5,12,0.84134,0.9999803859660789,0.9999803859660789,13
OTm_total,7.75,12,0.84134,0.9999803859660789,0.9999803859660789,13
OTm_total,8,13,0.84134,0.9999803859660789,0.9999803859660789,13
OTm_total,8.25,13,0.84134,0.9999803859660789,0.9999803859660789,13
OTm_total,8.5,13,0.84134,0.9999803859660789,0.9999803859660789,13
OTm_total,8.75,13,0.84134,0.9999803859660789,0.9999803859660789,13
OTm_total,9,13,0.84134,0.9999803859660789,0.9999803859660789,13
OTm_total,9.25,14,0.84134,0.9999803859660789,0.9999803859660789,13
OTm_total,9.5,14,0.84134,0.9999803859660789,0.9999803859660789,13
OTm_total,9.75,14,0.84134,0.9999803859660789,0.9999803859660789,13
OTm_total,10,14,0.84134,0.9999803859660789,0.9999803859660789,13
OTm_total,10.25,14,0.84134,0.9999803859660789,0.9999803859660789,13
OTm_total,10.5,14,0.84134,0.9999803859660789,0.9999803859660789,13
OTm_total,10.75,14,0.84134,0.9999803859660789,0.9999803859660789,13
OTm_total,11,15,0.84134,0.9999803859660789,0.9999803859660789,13
OTm_total,11.25,15,0.84134,0.9999803859660789,0.9999803859660789,13
OTm_total,11.5,15,0.84134,0.9999803859660789,0.9999803859660789,13
OTm_total,11.75,15,0.84134,0.9999803859660789,0.9999803859660789,13
OTm_total,12,15,0.84134,0.9999803859660789,0.9999803859660789,13
OTm_total,6,12,0.90879,1.3333407702662026,1.3333407702662026,14
OTm_total,6.25,12,0.90879,1.3333407702662026,1.3333407702662026,14
OTm_total,6.5,12,0.90879,1.3333407702662026,1.3333407702662026,14
OTm_total,6.75,12,0.90879,1.3333407702662026,1.3333407702662026,14
OTm_total,7,12,0.90879,1.3333407702662026,1.3333407702662026,14
OTm_total,7.25,13,0.90879,1.3333407702662026,1.3333407702662026,14
OTm_total,7.5,13,0.90879,1.3333407702662026,1.3333407702662026,14
OTm_total,7.75,13,0.90879,1.3333407702662026,1.3333407702662026,14
OTm_total,8,13,0.90879,1.3333407702662026,1.3333407702662026,14
OTm_total,8.25,13,0.90879,1.3333407702662026,1.3333407702662026,14
OTm_total,8.5,14,0.90879,1.3333407702662026,1.3333407702662026,14
OTm_total,8.75,14,0.90879,1.3333407702662026,1.3333407702662026,14
OTm_total,9,14,0.90879,1.3333407702662026,1.3333407702662026,14
OTm_total,9.25,14,0.90879,1.3333407702662026,1.3333407702662026,14
OTm_total,9.5,14,0.90879,1.3333407702662026,1.3333407702662026,14
OTm_total,9.75,14,0.90879,1.3333407702662026,1.3333407702662026,14
OTm_total,10,15,0.90879,1.3333407702662026,1.3333407702662026,14
OTm_total,10.25,15,0.90879,1.3333407702662026,1.3333407702662026,14
OTm_total,10.5,15,0.90879,1.3333407702662026,1.3333407702662026,14
OTm_total,10.75,15,0.90879,1.3333407702662026,1.3333407702662026,14
OTm_total,11,15,0.90879,1.3333407702662026,1.3333407702662026,14
OTm_total,11.25,15,0.90879,1.3333407702662026,1.3333407702662026,14
OTm_total,11.5,15,0.90879,1.3333407702662026,1.3333407702662026,14
OTm_total,11.75,15,0.90879,1.3333407702662026,1.3333407702662026,14
OTm_total,12,16,0.90879,1.3333407702662026,1.3333407702662026,14
OTm_total,6,12,0.95221,1.6666702079210545,1.6666702079210545,15
OTm_total,6.25,13,0.95221,1.6666702079210545,1.6666702079210545,15
OTm_total,6.5,13,0.95221,1.6666702079210545,1.6666702079210545,15
OTm_total,6.75,13,0.95221,1.6666702079210545,1.6666702079210545,15
OTm_total,7,13,0.95221,1.6666702079210545,1.6666702079210545,15
OTm_total,7.25,13,0.95221,1.6666702079210545,1.6666702079210545,15
OTm_total,7.5,14,0.95221,1.6666702079210545,1.6666702079210545,15
OTm_total,7.75,14,0.95221,1.6666702079210545,1.6666702079210545,15
OTm_total,8,14,0.95221,1.6666702079210545,1.6666702079210545,15
OTm_total,8.25,14,0.95221,1.6666702079210545,1.6666702079210545,15
OTm_total,8.5,14,0.95221,1.6666702079210545,1.6666702079210545,15
OTm_total,8.75,14,0.95221,1.6666702079210545,1.6666702079210545,15
OTm_total,9,15,0.95221,1.6666702079210545,1.6666702079210545,15
OTm_total,9.25,15,0.95221,1.6666702079210545,1.6666702079210545,15
OTm_total,9.5,15,0.95221,1.6666702079210545,1.6666702079210545,15
OTm_total,9.75,15,0.95221,1.6666702079210545,1.6666702079210545,15
OTm_total,10,15,0.95221,1.6666702079210545,1.6666702079210545,15
OTm_total,10.25,15,0.95221,1.6666702079210545,1.6666702079210545,15
OTm_total,10.5,15,0.95221,1.6666702079210545,1.6666702079210545,15
OTm_total,10.75,15,0.95221,1.6666702079210545,1.6666702079210545,15
OTm_total,11,16,0.95221,1.6666702079210545,1.6666702079210545,15
OTm_total,11.25,16,0.95221,1.6666702079210545,1.6666702079210545,15
OTm_total,11.5,16,0.95221,1.6666702079210545,1.6666702079210545,15
OTm_total,11.75,16,0.95221,1.6666702079210545,1.6666702079210545,15
OTm_total,12,16,0.95221,1.6666702079210545,1.6666702079210545,15
OTm_total,6,13,0.97725,2.0000024438996027,2.0000024438996027,16
OTm_total,6.25,13,0.97725,2.0000024438996027,2.0000024438996027,16
OTm_total,6.5,14,0.97725,2.0000024438996027,2.0000024438996027,16
OTm_total,6.75,14,0.97725,2.0000024438996027,2.0000024438996027,16
OTm_total,7,14,0.97725,2.0000024438996027,2.0000024438996027,16
OTm_total,7.25,14,0.97725,2.0000024438996027,2.0000024438996027,16
OTm_total,7.5,14,0.97725,2.0000024438996027,2.0000024438996027,16
OTm_total,7.75,14,0.97725,2.0000024438996027,2.0000024438996027,16
OTm_total,8,15,0.97725,2.0000024438996027,2.0000024438996027,16
OTm_total,8.25,15,0.97725,2.0000024438996027,2.0000024438996027,16
OTm_total,8.5,15,0.97725,2.0000024438996027,2.0000024438996027,16
OTm_total,8.75,15,0.97725,2.0000024438996027,2.0000024438996027,16
OTm_total,9,15,0.97725,2.0000024438996027,2.0000024438996027,16
OTm_total,9.25,15,0.97725,2.0000024438996027,2.0000024438996027,16
OTm_total,9.5,15,0.97725,2.0000024438996027,2.0000024438996027,16
OTm_total,9.75,15,0.97725,2.0000024438996027,2.0000024438996027,16
OTm_total,10,16,0.97725,2.0000024438996027,2.0000024438996027,16
OTm_total,10.25,16,0.97725,2.0000024438996027,2.0000024438996027,16
OTm_total,10.5,16,0.97725,2.0000024438996027,2.0000024438996027,16
OTm_total,10.75,16,0.97725,2.0000024438996027,2.0000024438996027,16
OTm_total,11,16,0.97725,2.0000024438996027,2.0000024438996027,16
OTm_total,11.25,16,0.97725,2.0000024438996027,2.0000024438996027,16
OTm_total,11.5,16,0.97725,2.0000024438996027,2.0000024438996027,16
OTm_total,11.75,16,0.97725,2.0000024438996027,2.0000024438996027,16
OTm_total,12,16,0.97725,2.0000024438996027,2.0000024438996027,16
OTm_total,6,14,0.99018,2.3331552225672416,2.3331552225672416,17
OTm_total,6.25,14,0.99018,2.3331552225672416,2.3331552225672416,17
OTm_total,6.5,14,0.99018,2.3331552225672416,2.3331552225672416,17
OTm_total,6.75,14,0.99018,2.3331552225672416,2.3331552225672416,17
OTm_total,7,15,0.99018,2.3331552225672416,2.3331552225672416,17
OTm_total,7.25,15,0.99018,2.3331552225672416,2.3331552225672416,17
OTm_total,7.5,15,0.99018,2.3331552225672416,2.3331552225672416,17
OTm_total,7.75,15,0.99018,2.3331552225672416,2.3331552225672416,17
OTm_total,8,15,0.99018,2.3331552225672416,2.3331552225672416,17
OTm_total,8.25,15,0.99018,2.3331552225672416,2.3331552225672416,17
OTm_total,8.5,15,0.99018,2.3331552225672416,2.3331552225672416,17
OTm_total,8.75,16,0.99018,2.3331552225672416,2.3331552225672416,17
OTm_total,9,16,0.99018,2.3331552225672416,2.3331552225672416,17
OTm_total,9.25,16,0.99018,2.3331552225672416,2.3331552225672416,17
OTm_total,9.5,16,0.99018,2.3331552225672416,2.3331552225672416,17
OTm_total,9.75,16,0.99018,2.3331552225672416,2.3331552225672416,17
OTm_total,10,16,0.99018,2.3331552225672416,2.3331552225672416,17
OTm_total,10.25,16,0.99018,2.3331552225672416,2.3331552225672416,17
OTm_total,10.5,16,0.99018,2.3331552225672416,2.3331552225672416,17
OTm_total,10.75,16,0.99018,2.3331552225672416,2.3331552225672416,17
OTm_total,11,16,0.99018,2.3331552225672416,2.3331552225672416,17
OTm_total,11.25,16,0.99018,2.3331552225672416,2.3331552225672416,17
OTm_total,11.5,16,0.99018,2.3331552225672416,2.3331552225672416,17
OTm_total,11.75,16,0.99018,2.3331552225672416,2.3331552225672416,17
OTm_total,12,16,0.99018,2.3331552225672416,2.3331552225672416,17
OTm_total,6,15,0.99617,2.6667000630340683,2.6667000630340683,18
OTm_total,6.25,15,0.99617,2.6667000630340683,2.6667000630340683,18
OTm_total,6.5,15,0.99617,2.6667000630340683,2.6667000630340683,18
OTm_total,6.75,15,0.99617,2.6667000630340683,2.6667000630340683,18
OTm_total,7,15,0.99617,2.6667000630340683,2.6667000630340683,18
OTm_total,7.25,15,0.99617,2.6667000630340683,2.6667000630340683,18
OTm_total,7.5,15,0.99617,2.6667000630340683,2.6667000630340683,18
OTm_total,7.75,15,0.99617,2.6667000630340683,2.6667000630340683,18
OTm_total,8,16,0.99617,2.6667000630340683,2.6667000630340683,18
OTm_total,8.25,16,0.99617,2.6667000630340683,2.6667000630340683,18
OTm_total,8.5,16,0.99617,2.6667000630340683,2.6667000630340683,18
OTm_total,8.75,16,0.99617,2.6667000630340683,2.6667000630340683,18
OTm_total,9,16,0.99617,2.6667000630340683,2.6667000630340683,18
OTm_total,9.25,16,0.99617,2.6667000630340683,2.6667000630340683,18
OTm_total,9.5,16,0.99617,2.6667000630340683,2.6667000630340683,18
OTm_total,9.75,16,0.99617,2.6667000630340683,2.6667000630340683,18
OTm_total,10,16,0.99617,2.6667000630340683,2.6667000630340683,18
OTm_total,10.25,16,0.99617,2.6667000630340683,2.6667000630340683,18
OTm_total,10.5,16,0.99617,2.6667000630340683,2.6667000630340683,18
OTm_total,10.75,16,0.99617,2.6667000630340683,2.6667000630340683,18
OTm_total,11,16,0.99617,2.6667000630340683,2.6667000630340683,18
OTm_total,11.25,16,0.99617,2.6667000630340683,2.6667000630340683,18
OTm_total,11.5,16,0.99617,2.6667000630340683,2.6667000630340683,18
OTm_total,11.75,16,0.99617,2.6667000630340683,2.6667000630340683,18
OTm_total,12,16,0.99617,2.6667000630340683,2.6667000630340683,18
OTm_total,6,15,0.99865,2.999976992703401,2.999976992703401,19
OTm_total,6.25,15,0.99865,2.999976992703401,2.999976992703401,19
OTm_total,6.5,15,0.99865,2.999976992703401,2.999976992703401,19
OTm_total,6.75,15,0.99865,2.999976992703401,2.999976992703401,19
OTm_total,7,16,0.99865,2.999976992703401,2.999976992703401,19
OTm_total,7.25,16,0.99865,2.999976992703401,2.999976992703401,19
OTm_total,7.5,16,0.99865,2.999976992703401,2.999976992703401,19
OTm_total,7.75,16,0.99865,2.999976992703401,2.999976992703401,19
OTm_total,8,16,0.99865,2.999976992703401,2.999976992703401,19
OTm_total,8.25,16,0.99865,2.999976992703401,2.999976992703401,19
OTm_total,8.5,16,0.99865,2.999976992703401,2.999976992703401,19
OTm_total,8.75,16,0.99865,2.999976992703401,2.999976992703401,19
OTm_total,9,16,0.99865,2.999976992703401,2.999976992703401,19
OTm_total,9.25,16,0.99865,2.999976992703401,2.999976992703401,19
OTm_total,9.5,16,0.99865,2.999976992703401,2.999976992703401,19
OTm_total,9.75,16,0.99865,2.999976992703401,2.999976992703401,19
OTm_total,10,16,0.99865,2.999976992703401,2.999976992703401,19
OTm_total,10.25,16,0.99865,2.999976992703401,2.999976992703401,19
OTm_total,10.5,16,0.99865,2.999976992703401,2.999976992703401,19
OTm_total,10.75,16,0.99865,2.999976992703401,2.999976992703401,19
OTm_total,11,16,0.99865,2.999976992703401,2.999976992703401,19
OTm_total,11.25,16,0.99865,2.999976992703401,2.999976992703401,19
OTm_total,11.5,16,0.99865,2.999976992703401,2.999976992703401,19
OTm_total,11.75,16,0.99865,2.999976992703401,2.999976992703401,19
OTm_total,12,16,0.99865,2.999976992703401,2.999976992703401,19
OTm_total,6,4,0.05,-1.6448536269514726,-1.6448536269514726,5
OTm_total,6.25,4,0.05,-1.6448536269514726,-1.6448536269514726,5
OTm_total,6.5,4,0.05,-1.6448536269514726,-1.6448536269514726,5
OTm_total,6.75,4,0.05,-1.6448536269514726,-1.6448536269514726,5
OTm_total,7,5,0.05,-1.6448536269514726,-1.6448536269514726,5
OTm_total,7.25,5,0.05,-1.6448536269514726,-1.6448536269514726,5
OTm_total,7.5,5,0.05,-1.6448536269514726,-1.6448536269514726,5
OTm_total,7.75,5,0.05,-1.6448536269514726,-1.6448536269514726,5
OTm_total,8,5,0.05,-1.6448536269514726,-1.6448536269514726,5
OTm_total,8.25,6,0.05,-1.6448536269514726,-1.6448536269514726,5
OTm_total,8.5,6,0.05,-1.6448536269514726,-1.6448536269514726,5
OTm_total,8.75,6,0.05,-1.6448536269514726,-1.6448536269514726,5
OTm_total,9,6,0.05,-1.6448536269514726,-1.6448536269514726,5
OTm_total,9.25,7,0.05,-1.6448536269514726,-1.6448536269514726,5
OTm_total,9.5,7,0.05,-1.6448536269514726,-1.6448536269514726,5
OTm_total,9.75,7,0.05,-1.6448536269514726,-1.6448536269514726,5
OTm_total,10,7,0.05,-1.6448536269514726,-1.6448536269514726,5
OTm_total,10.25,8,0.05,-1.6448536269514726,-1.6448536269514726,5
OTm_total,10.5,8,0.05,-1.6448536269514726,-1.6448536269514726,5
OTm_total,10.75,8,0.05,-1.6448536269514726,-1.6448536269514726,5
OTm_total,11,8,0.05,-1.6448536269514726,-1.6448536269514726,5
OTm_total,11.25,9,0.05,-1.6448536269514726,-1.6448536269514726,5
OTm_total,11.5,9,0.05,-1.6448536269514726,-1.6448536269514726,5
OTm_total,11.75,9,0.05,-1.6448536269514726,-1.6448536269514726,5
OTm_total,12,9,0.05,-1.6448536269514726,-1.6448536269514726,5
OTm_total,6,4,0.1,-1.2815515655446008,-1.2815515655446008,6
OTm_total,6.25,5,0.1,-1.2815515655446008,-1.2815515655446008,6
OTm_total,6.5,5,0.1,-1.2815515655446008,-1.2815515655446008,6
OTm_total,6.75,5,0.1,-1.2815515655446008,-1.2815515655446008,6
OTm_total,7,5,0.1,-1.2815515655446008,-1.2815515655446008,6
OTm_total,7.25,6,0.1,-1.2815515655446008,-1.2815515655446008,6
OTm_total,7.5,6,0.1,-1.2815515655446008,-1.2815515655446008,6
OTm_total,7.75,6,0.1,-1.2815515655446008,-1.2815515655446008,6
OTm_total,8,6,0.1,-1.2815515655446008,-1.2815515655446008,6
OTm_total,8.25,7,0.1,-1.2815515655446008,-1.2815515655446008,6
OTm_total,8.5,7,0.1,-1.2815515655446008,-1.2815515655446008,6
OTm_total,8.75,7,0.1,-1.2815515655446008,-1.2815515655446008,6
OTm_total,9,7,0.1,-1.2815515655446008,-1.2815515655446008,6
OTm_total,9.25,8,0.1,-1.2815515655446008,-1.2815515655446008,6
OTm_total,9.5,8,0.1,-1.2815515655446008,-1.2815515655446008,6
OTm_total,9.75,8,0.1,-1.2815515655446008,-1.2815515655446008,6
OTm_total,10,8,0.1,-1.2815515655446008,-1.2815515655446008,6
OTm_total,10.25,9,0.1,-1.2815515655446008,-1.2815515655446008,6
OTm_total,10.5,9,0.1,-1.2815515655446008,-1.2815515655446008,6
OTm_total,10.75,9,0.1,-1.2815515655446008,-1.2815515655446008,6
OTm_total,11,9,0.1,-1.2815515655446008,-1.2815515655446008,6
OTm_total,11.25,10,0.1,-1.2815515655446008,-1.2815515655446008,6
OTm_total,11.5,10,0.1,-1.2815515655446008,-1.2815515655446008,6
OTm_total,11.75,10,0.1,-1.2815515655446008,-1.2815515655446008,6
OTm_total,12,10,0.1,-1.2815515655446008,-1.2815515655446008,6
OTm_total,6,5,0.15,-1.0364333894937894,-1.0364333894937894,7
OTm_total,6.25,5,0.15,-1.0364333894937894,-1.0364333894937894,7
OTm_total,6.5,6,0.15,-1.0364333894937894,-1.0364333894937894,7
OTm_total,6.75,6,0.15,-1.0364333894937894,-1.0364333894937894,7
OTm_total,7,6,0.15,-1.0364333894937894,-1.0364333894937894,7
OTm_total,7.25,6,0.15,-1.0364333894937894,-1.0364333894937894,7
OTm_total,7.5,7,0.15,-1.0364333894937894,-1.0364333894937894,7
OTm_total,7.75,7,0.15,-1.0364333894937894,-1.0364333894937894,7
OTm_total,8,7,0.15,-1.0364333894937894,-1.0364333894937894,7
OTm_total,8.25,7,0.15,-1.0364333894937894,-1.0364333894937894,7
OTm_total,8.5,8,0.15,-1.0364333894937894,-1.0364333894937894,7
OTm_total,8.75,8,0.15,-1.0364333894937894,-1.0364333894937894,7
OTm_total,9,8,0.15,-1.0364333894937894,-1.0364333894937894,7
OTm_total,9.25,8,0.15,-1.0364333894937894,-1.0364333894937894,7
OTm_total,9.5,9,0.15,-1.0364333894937894,-1.0364333894937894,7
OTm_total,9.75,9,0.15,-1.0364333894937894,-1.0364333894937894,7
OTm_total,10,9,0.15,-1.0364333894937894,-1.0364333894937894,7
OTm_total,10.25,9,0.15,-1.0364333894937894,-1.0364333894937894,7
OTm_total,10.5,10,0.15,-1.0364333894937894,-1.0364333894937894,7
OTm_total,10.75,10,0.15,-1.0364333894937894,-1.0364333894937894,7
OTm_total,11,10,0.15,-1.0364333894937894,-1.0364333894937894,7
OTm_total,11.25,10,0.15,-1.0364333894937894,-1.0364333894937894,7
OTm_total,11.5,10,0.15,-1.0364333894937894,-1.0364333894937894,7
OTm_total,11.75,11,0.15,-1.0364333894937894,-1.0364333894937894,7
OTm_total,12,11,0.15,-1.0364333894937894,-1.0364333894937894,7
OTm_total,6,6,0.2,-0.8416212335729142,-0.8416212335729142,7
OTm_total,6.25,6,0.2,-0.8416212335729142,-0.8416212335729142,7
OTm_total,6.5,6,0.2,-0.8416212335729142,-0.8416212335729142,7
OTm_total,6.75,6,0.2,-0.8416212335729142,-0.8416212335729142,7
OTm_total,7,7,0.2,-0.8416212335729142,-0.8416212335729142,7
OTm_total,7.25,7,0.2,-0.8416212335729142,-0.8416212335729142,7
OTm_total,7.5,7,0.2,-0.8416212335729142,-0.8416212335729142,7
OTm_total,7.75,7,0.2,-0.8416212335729142,-0.8416212335729142,7
OTm_total,8,8,0.2,-0.8416212335729142,-0.8416212335729142,7
OTm_total,8.25,8,0.2,-0.8416212335729142,-0.8416212335729142,7
OTm_total,8.5,8,0.2,-0.8416212335729142,-0.8416212335729142,7
OTm_total,8.75,8,0.2,-0.8416212335729142,-0.8416212335729142,7
OTm_total,9,9,0.2,-0.8416212335729142,-0.8416212335729142,7
OTm_total,9.25,9,0.2,-0.8416212335729142,-0.8416212335729142,7
OTm_total,9.5,9,0.2,-0.8416212335729142,-0.8416212335729142,7
OTm_total,9.75,9,0.2,-0.8416212335729142,-0.8416212335729142,7
OTm_total,10,10,0.2,-0.8416212335729142,-0.8416212335729142,7
OTm_total,10.25,10,0.2,-0.8416212335729142,-0.8416212335729142,7
OTm_total,10.5,10,0.2,-0.8416212335729142,-0.8416212335729142,7
OTm_total,10.75,10,0.2,-0.8416212335729142,-0.8416212335729142,7
OTm_total,11,11,0.2,-0.8416212335729142,-0.8416212335729142,7
OTm_total,11.25,11,0.2,-0.8416212335729142,-0.8416212335729142,7
OTm_total,11.5,11,0.2,-0.8416212335729142,-0.8416212335729142,7
OTm_total,11.75,11,0.2,-0.8416212335729142,-0.8416212335729142,7
OTm_total,12,11,0.2,-0.8416212335729142,-0.8416212335729142,7
OTm_total,6,6,0.25,-0.6744897501960817,-0.6744897501960817,8
OTm_total,6.25,6,0.25,-0.6744897501960817,-0.6744897501960817,8
OTm_total,6.5,7,0.25,-0.6744897501960817,-0.6744897501960817,8
OTm_total,6.75,7,0.25,-0.6744897501960817,-0.6744897501960817,8
OTm_total,7,7,0.25,-0.6744897501960817,-0.6744897501960817,8
OTm_total,7.25,7,0.25,-0.6744897501960817,-0.6744897501960817,8
OTm_total,7.5,8,0.25,-0.6744897501960817,-0.6744897501960817,8
OTm_total,7.75,8,0.25,-0.6744897501960817,-0.6744897501960817,8
OTm_total,8,8,0.25,-0.6744897501960817,-0.6744897501960817,8
OTm_total,8.25,8,0.25,-0.6744897501960817,-0.6744897501960817,8
OTm_total,8.5,9,0.25,-0.6744897501960817,-0.6744897501960817,8
OTm_total,8.75,9,0.25,-0.6744897501960817,-0.6744897501960817,8
OTm_total,9,9,0.25,-0.6744897501960817,-0.6744897501960817,8
OTm_total,9.25,9,0.25,-0.6744897501960817,-0.6744897501960817,8
OTm_total,9.5,10,0.25,-0.6744897501960817,-0.6744897501960817,8
OTm_total,9.75,10,0.25,-0.6744897501960817,-0.6744897501960817,8
OTm_total,10,10,0.25,-0.6744897501960817,-0.6744897501960817,8
OTm_total,10.25,10,0.25,-0.6744897501960817,-0.6744897501960817,8
OTm_total,10.5,11,0.25,-0.6744897501960817,-0.6744897501960817,8
OTm_total,10.75,11,0.25,-0.6744897501960817,-0.6744897501960817,8
OTm_total,11,11,0.25,-0.6744897501960817,-0.6744897501960817,8
OTm_total,11.25,11,0.25,-0.6744897501960817,-0.6744897501960817,8
OTm_total,11.5,11,0.25,-0.6744897501960817,-0.6744897501960817,8
OTm_total,11.75,12,0.25,-0.6744897501960817,-0.6744897501960817,8
OTm_total,12,12,0.25,-0.6744897501960817,-0.6744897501960817,8
OTm_total,6,7,0.3,-0.5244005127080407,-0.5244005127080407,8
OTm_total,6.25,7,0.3,-0.5244005127080407,-0.5244005127080407,8
OTm_total,6.5,7,0.3,-0.5244005127080407,-0.5244005127080407,8
OTm_total,6.75,7,0.3,-0.5244005127080407,-0.5244005127080407,8
OTm_total,7,8,0.3,-0.5244005127080407,-0.5244005127080407,8
OTm_total,7.25,8,0.3,-0.5244005127080407,-0.5244005127080407,8
OTm_total,7.5,8,0.3,-0.5244005127080407,-0.5244005127080407,8
OTm_total,7.75,8,0.3,-0.5244005127080407,-0.5244005127080407,8
OTm_total,8,9,0.3,-0.5244005127080407,-0.5244005127080407,8
OTm_total,8.25,9,0.3,-0.5244005127080407,-0.5244005127080407,8
OTm_total,8.5,9,0.3,-0.5244005127080407,-0.5244005127080407,8
OTm_total,8.75,9,0.3,-0.5244005127080407,-0.5244005127080407,8
OTm_total,9,10,0.3,-0.5244005127080407,-0.5244005127080407,8
OTm_total,9.25,10,0.3,-0.5244005127080407,-0.5244005127080407,8
OTm_total,9.5,10,0.3,-0.5244005127080407,-0.5244005127080407,8
OTm_total,9.75,10,0.3,-0.5244005127080407,-0.5244005127080407,8
OTm_total,10,11,0.3,-0.5244005127080407,-0.5244005127080407,8
OTm_total,10.25,11,0.3,-0.5244005127080407,-0.5244005127080407,8
OTm_total,10.5,11,0.3,-0.5244005127080407,-0.5244005127080407,8
OTm_total,10.75,11,0.3,-0.5244005127080407,-0.5244005127080407,8
OTm_total,11,11,0.3,-0.5244005127080407,-0.5244005127080407,8
OTm_total,11.25,12,0.3,-0.5244005127080407,-0.5244005127080407,8
OTm_total,11.5,12,0.3,-0.5244005127080407,-0.5244005127080407,8
OTm_total,11.75,12,0.3,-0.5244005127080407,-0.5244005127080407,8
OTm_total,12,12,0.3,-0.5244005127080407,-0.5244005127080407,8
OTm_total,6,7,0.35,-0.3853204664075676,-0.3853204664075676,9
OTm_total,6.25,7,0.35,-0.3853204664075676,-0.3853204664075676,9
OTm_total,6.5,7,0.35,-0.3853204664075676,-0.3853204664075676,9
OTm_total,6.75,8,0.35,-0.3853204664075676,-0.3853204664075676,9
OTm_total,7,8,0.35,-0.3853204664075676,-0.3853204664075676,9
OTm_total,7.25,8,0.35,-0.3853204664075676,-0.3853204664075676,9
OTm_total,7.5,8,0.35,-0.3853204664075676,-0.3853204664075676,9
OTm_total,7.75,9,0.35,-0.3853204664075676,-0.3853204664075676,9
OTm_total,8,9,0.35,-0.3853204664075676,-0.3853204664075676,9
OTm_total,8.25,9,0.35,-0.3853204664075676,-0.3853204664075676,9
OTm_total,8.5,9,0.35,-0.3853204664075676,-0.3853204664075676,9
OTm_total,8.75,10,0.35,-0.3853204664075676,-0.3853204664075676,9
OTm_total,9,10,0.35,-0.3853204664075676,-0.3853204664075676,9
OTm_total,9.25,10,0.35,-0.3853204664075676,-0.3853204664075676,9
OTm_total,9.5,10,0.35,-0.3853204664075676,-0.3853204664075676,9
OTm_total,9.75,11,0.35,-0.3853204664075676,-0.3853204664075676,9
OTm_total,10,11,0.35,-0.3853204664075676,-0.3853204664075676,9
OTm_total,10.25,11,0.35,-0.3853204664075676,-0.3853204664075676,9
OTm_total,10.5,11,0.35,-0.3853204664075676,-0.3853204664075676,9
OTm_total,10.75,12,0.35,-0.3853204664075676,-0.3853204664075676,9
OTm_total,11,12,0.35,-0.3853204664075676,-0.3853204664075676,9
OTm_total,11.25,12,0.35,-0.3853204664075676,-0.3853204664075676,9
OTm_total,11.5,12,0.35,-0.3853204664075676,-0.3853204664075676,9
OTm_total,11.75,12,0.35,-0.3853204664075676,-0.3853204664075676,9
OTm_total,12,12,0.35,-0.3853204664075676,-0.3853204664075676,9
OTm_total,6,7,0.4,-0.2533471031357998,-0.2533471031357998,9
OTm_total,6.25,8,0.4,-0.2533471031357998,-0.2533471031357998,9
OTm_total,6.5,8,0.4,-0.2533471031357998,-0.2533471031357998,9
OTm_total,6.75,8,0.4,-0.2533471031357998,-0.2533471031357998,9
OTm_total,7,8,0.4,-0.2533471031357998,-0.2533471031357998,9
OTm_total,7.25,9,0.4,-0.2533471031357998,-0.2533471031357998,9
OTm_total,7.5,9,0.4,-0.2533471031357998,-0.2533471031357998,9
OTm_total,7.75,9,0.4,-0.2533471031357998,-0.2533471031357998,9
OTm_total,8,9,0.4,-0.2533471031357998,-0.2533471031357998,9
OTm_total,8.25,10,0.4,-0.2533471031357998,-0.2533471031357998,9
OTm_total,8.5,10,0.4,-0.2533471031357998,-0.2533471031357998,9
OTm_total,8.75,10,0.4,-0.2533471031357998,-0.2533471031357998,9
OTm_total,9,10,0.4,-0.2533471031357998,-0.2533471031357998,9
OTm_total,9.25,11,0.4,-0.2533471031357998,-0.2533471031357998,9
OTm_total,9.5,11,0.4,-0.2533471031357998,-0.2533471031357998,9
OTm_total,9.75,11,0.4,-0.2533471031357998,-0.2533471031357998,9
OTm_total,10,11,0.4,-0.2533471031357998,-0.2533471031357998,9
OTm_total,10.25,11,0.4,-0.2533471031357998,-0.2533471031357998,9
OTm_total,10.5,12,0.4,-0.2533471031357998,-0.2533471031357998,9
OTm_total,10.75,12,0.4,-0.2533471031357998,-0.2533471031357998,9
OTm_total,11,12,0.4,-0.2533471031357998,-0.2533471031357998,9
OTm_total,11.25,12,0.4,-0.2533471031357998,-0.2533471031357998,9
OTm_total,11.5,12,0.4,-0.2533471031357998,-0.2533471031357998,9
OTm_total,11.75,13,0.4,-0.2533471031357998,-0.2533471031357998,9
OTm_total,12,13,0.4,-0.2533471031357998,-0.2533471031357998,9
OTm_total,6,8,0.45,-0.125661346855074,-0.125661346855074,10
OTm_total,6.25,8,0.45,-0.125661346855074,-0.125661346855074,10
OTm_total,6.5,8,0.45,-0.125661346855074,-0.125661346855074,10
OTm_total,6.75,8,0.45,-0.125661346855074,-0.125661346855074,10
OTm_total,7,9,0.45,-0.125661346855074,-0.125661346855074,10
OTm_total,7.25,9,0.45,-0.125661346855074,-0.125661346855074,10
OTm_total,7.5,9,0.45,-0.125661346855074,-0.125661346855074,10
OTm_total,7.75,9,0.45,-0.125661346855074,-0.125661346855074,10
OTm_total,8,10,0.45,-0.125661346855074,-0.125661346855074,10
OTm_total,8.25,10,0.45,-0.125661346855074,-0.125661346855074,10
OTm_total,8.5,10,0.45,-0.125661346855074,-0.125661346855074,10
OTm_total,8.75,10,0.45,-0.125661346855074,-0.125661346855074,10
OTm_total,9,11,0.45,-0.125661346855074,-0.125661346855074,10
OTm_total,9.25,11,0.45,-0.125661346855074,-0.125661346855074,10
OTm_total,9.5,11,0.45,-0.125661346855074,-0.125661346855074,10
OTm_total,9.75,11,0.45,-0.125661346855074,-0.125661346855074,10
OTm_total,10,12,0.45,-0.125661346855074,-0.125661346855074,10
OTm_total,10.25,12,0.45,-0.125661346855074,-0.125661346855074,10
OTm_total,10.5,12,0.45,-0.125661346855074,-0.125661346855074,10
OTm_total,10.75,12,0.45,-0.125661346855074,-0.125661346855074,10
OTm_total,11,12,0.45,-0.125661346855074,-0.125661346855074,10
OTm_total,11.25,13,0.45,-0.125661346855074,-0.125661346855074,10
OTm_total,11.5,13,0.45,-0.125661346855074,-0.125661346855074,10
OTm_total,11.75,13,0.45,-0.125661346855074,-0.125661346855074,10
OTm_total,12,13,0.45,-0.125661346855074,-0.125661346855074,10
OTm_total,6,8,0.5,0,0,10
OTm_total,6.25,8,0.5,0,0,10
OTm_total,6.5,8,0.5,0,0,10
OTm_total,6.75,9,0.5,0,0,10
OTm_total,7,9,0.5,0,0,10
OTm_total,7.25,9,0.5,0,0,10
OTm_total,7.5,10,0.5,0,0,10
OTm_total,7.75,10,0.5,0,0,10
OTm_total,8,10,0.5,0,0,10
OTm_total,8.25,10,0.5,0,0,10
OTm_total,8.5,11,0.5,0,0,10
OTm_total,8.75,11,0.5,0,0,10
OTm_total,9,11,0.5,0,0,10
OTm_total,9.25,11,0.5,0,0,10
OTm_total,9.5,11,0.5,0,0,10
OTm_total,9.75,12,0.5,0,0,10
OTm_total,10,12,0.5,0,0,10
OTm_total,10.25,12,0.5,0,0,10
OTm_total,10.5,12,0.5,0,0,10
OTm_total,10.75,12,0.5,0,0,10
OTm_total,11,13,0.5,0,0,10
OTm_total,11.25,13,0.5,0,0,10
OTm_total,11.5,13,0.5,0,0,10
OTm_total,11.75,13,0.5,0,0,10
OTm_total,12,13,0.5,0,0,10
OTm_total,6,8,0.55,0.12566134685507413,0.12566134685507413,10
OTm_total,6.25,9,0.55,0.12566134685507413,0.12566134685507413,10
OTm_total,6.5,9,0.55,0.12566134685507413,0.12566134685507413,10
OTm_total,6.75,9,0.55,0.12566134685507413,0.12566134685507413,10
OTm_total,7,9,0.55,0.12566134685507413,0.12566134685507413,10
OTm_total,7.25,10,0.55,0.12566134685507413,0.12566134685507413,10
OTm_total,7.5,10,0.55,0.12566134685507413,0.12566134685507413,10
OTm_total,7.75,10,0.55,0.12566134685507413,0.12566134685507413,10
OTm_total,8,10,0.55,0.12566134685507413,0.12566134685507413,10
OTm_total,8.25,11,0.55,0.12566134685507413,0.12566134685507413,10
OTm_total,8.5,11,0.55,0.12566134685507413,0.12566134685507413,10
OTm_total,8.75,11,0.55,0.12566134685507413,0.12566134685507413,10
OTm_total,9,11,0.55,0.12566134685507413,0.12566134685507413,10
OTm_total,9.25,12,0.55,0.12566134685507413,0.12566134685507413,10
OTm_total,9.5,12,0.55,0.12566134685507413,0.12566134685507413,10
OTm_total,9.75,12,0.55,0.12566134685507413,0.12566134685507413,10
OTm_total,10,12,0.55,0.12566134685507413,0.12566134685507413,10
OTm_total,10.25,12,0.55,0.12566134685507413,0.12566134685507413,10
OTm_total,10.5,13,0.55,0.12566134685507413,0.12566134685507413,10
OTm_total,10.75,13,0.55,0.12566134685507413,0.12566134685507413,10
OTm_total,11,13,0.55,0.12566134685507413,0.12566134685507413,10
OTm_total,11.25,13,0.55,0.12566134685507413,0.12566134685507413,10
OTm_total,11.5,13,0.55,0.12566134685507413,0.12566134685507413,10
OTm_total,11.75,13,0.55,0.12566134685507413,0.12566134685507413,10
OTm_total,12,14,0.55,0.12566134685507413,0.12566134685507413,10
OTm_total,6,9,0.6,0.2533471031357998,0.2533471031357998,11
OTm_total,6.25,9,0.6,0.2533471031357998,0.2533471031357998,11
OTm_total,6.5,9,0.6,0.2533471031357998,0.2533471031357998,11
OTm_total,6.75,9,0.6,0.2533471031357998,0.2533471031357998,11
OTm_total,7,10,0.6,0.2533471031357998,0.2533471031357998,11
OTm_total,7.25,10,0.6,0.2533471031357998,0.2533471031357998,11
OTm_total,7.5,10,0.6,0.2533471031357998,0.2533471031357998,11
OTm_total,7.75,10,0.6,0.2533471031357998,0.2533471031357998,11
OTm_total,8,11,0.6,0.2533471031357998,0.2533471031357998,11
OTm_total,8.25,11,0.6,0.2533471031357998,0.2533471031357998,11
OTm_total,8.5,11,0.6,0.2533471031357998,0.2533471031357998,11
OTm_total,8.75,11,0.6,0.2533471031357998,0.2533471031357998,11
OTm_total,9,12,0.6,0.2533471031357998,0.2533471031357998,11
OTm_total,9.25,12,0.6,0.2533471031357998,0.2533471031357998,11
OTm_total,9.5,12,0.6,0.2533471031357998,0.2533471031357998,11
OTm_total,9.75,12,0.6,0.2533471031357998,0.2533471031357998,11
OTm_total,10,12,0.6,0.2533471031357998,0.2533471031357998,11
OTm_total,10.25,13,0.6,0.2533471031357998,0.2533471031357998,11
OTm_total,10.5,13,0.6,0.2533471031357998,0.2533471031357998,11
OTm_total,10.75,13,0.6,0.2533471031357998,0.2533471031357998,11
OTm_total,11,13,0.6,0.2533471031357998,0.2533471031357998,11
OTm_total,11.25,13,0.6,0.2533471031357998,0.2533471031357998,11
OTm_total,11.5,14,0.6,0.2533471031357998,0.2533471031357998,11
OTm_total,11.75,14,0.6,0.2533471031357998,0.2533471031357998,11
OTm_total,12,14,0.6,0.2533471031357998,0.2533471031357998,11
OTm_total,6,9,0.65,0.3853204664075676,0.3853204664075676,11
OTm_total,6.25,9,0.65,0.3853204664075676,0.3853204664075676,11
OTm_total,6.5,10,0.65,0.3853204664075676,0.3853204664075676,11
OTm_total,6.75,10,0.65,0.3853204664075676,0.3853204664075676,11
OTm_total,7,10,0.65,0.3853204664075676,0.3853204664075676,11
OTm_total,7.25,10,0.65,0.3853204664075676,0.3853204664075676,11
OTm_total,7.5,11,0.65,0.3853204664075676,0.3853204664075676,11
OTm_total,7.75,11,0.65,0.3853204664075676,0.3853204664075676,11
OTm_total,8,11,0.65,0.3853204664075676,0.3853204664075676,11
OTm_total,8.25,11,0.65,0.3853204664075676,0.3853204664075676,11
OTm_total,8.5,11,0.65,0.3853204664075676,0.3853204664075676,11
OTm_total,8.75,12,0.65,0.3853204664075676,0.3853204664075676,11
OTm_total,9,12,0.65,0.3853204664075676,0.3853204664075676,11
OTm_total,9.25,12,0.65,0.3853204664075676,0.3853204664075676,11
OTm_total,9.5,12,0.65,0.3853204664075676,0.3853204664075676,11
OTm_total,9.75,13,0.65,0.3853204664075676,0.3853204664075676,11
OTm_total,10,13,0.65,0.3853204664075676,0.3853204664075676,11
OTm_total,10.25,13,0.65,0.3853204664075676,0.3853204664075676,11
OTm_total,10.5,13,0.65,0.3853204664075676,0.3853204664075676,11
OTm_total,10.75,13,0.65,0.3853204664075676,0.3853204664075676,11
OTm_total,11,13,0.65,0.3853204664075676,0.3853204664075676,11
OTm_total,11.25,14,0.65,0.3853204664075676,0.3853204664075676,11
OTm_total,11.5,14,0.65,0.3853204664075676,0.3853204664075676,11
OTm_total,11.75,14,0.65,0.3853204664075676,0.3853204664075676,11
OTm_total,12,14,0.65,0.3853204664075676,0.3853204664075676,11
OTm_total,6,9,0.7,0.5244005127080407,0.5244005127080407,12
OTm_total,6.25,10,0.7,0.5244005127080407,0.5244005127080407,12
OTm_total,6.5,10,0.7,0.5244005127080407,0.5244005127080407,12
OTm_total,6.75,10,0.7,0.5244005127080407,0.5244005127080407,12
OTm_total,7,10,0.7,0.5244005127080407,0.5244005127080407,12
OTm_total,7.25,11,0.7,0.5244005127080407,0.5244005127080407,12
OTm_total,7.5,11,0.7,0.5244005127080407,0.5244005127080407,12
OTm_total,7.75,11,0.7,0.5244005127080407,0.5244005127080407,12
OTm_total,8,11,0.7,0.5244005127080407,0.5244005127080407,12
OTm_total,8.25,12,0.7,0.5244005127080407,0.5244005127080407,12
OTm_total,8.5,12,0.7,0.5244005127080407,0.5244005127080407,12
OTm_total,8.75,12,0.7,0.5244005127080407,0.5244005127080407,12
OTm_total,9,12,0.7,0.5244005127080407,0.5244005127080407,12
OTm_total,9.25,12,0.7,0.5244005127080407,0.5244005127080407,12
OTm_total,9.5,13,0.7,0.5244005127080407,0.5244005127080407,12
OTm_total,9.75,13,0.7,0.5244005127080407,0.5244005127080407,12
OTm_total,10,13,0.7,0.5244005127080407,0.5244005127080407,12
OTm_total,10.25,13,0.7,0.5244005127080407,0.5244005127080407,12
OTm_total,10.5,13,0.7,0.5244005127080407,0.5244005127080407,12
OTm_total,10.75,14,0.7,0.5244005127080407,0.5244005127080407,12
OTm_total,11,14,0.7,0.5244005127080407,0.5244005127080407,12
OTm_total,11.25,14,0.7,0.5244005127080407,0.5244005127080407,12
OTm_total,11.5,14,0.7,0.5244005127080407,0.5244005127080407,12
OTm_total,11.75,14,0.7,0.5244005127080407,0.5244005127080407,12
OTm_total,12,14,0.7,0.5244005127080407,0.5244005127080407,12
OTm_total,6,10,0.75,0.6744897501960817,0.6744897501960817,12
OTm_total,6.25,10,0.75,0.6744897501960817,0.6744897501960817,12
OTm_total,6.5,10,0.75,0.6744897501960817,0.6744897501960817,12
OTm_total,6.75,11,0.75,0.6744897501960817,0.6744897501960817,12
OTm_total,7,11,0.75,0.6744897501960817,0.6744897501960817,12
OTm_total,7.25,11,0.75,0.6744897501960817,0.6744897501960817,12
OTm_total,7.5,11,0.75,0.6744897501960817,0.6744897501960817,12
OTm_total,7.75,12,0.75,0.6744897501960817,0.6744897501960817,12
OTm_total,8,12,0.75,0.6744897501960817,0.6744897501960817,12
OTm_total,8.25,12,0.75,0.6744897501960817,0.6744897501960817,12
OTm_total,8.5,12,0.75,0.6744897501960817,0.6744897501960817,12
OTm_total,8.75,12,0.75,0.6744897501960817,0.6744897501960817,12
OTm_total,9,13,0.75,0.6744897501960817,0.6744897501960817,12
OTm_total,9.25,13,0.75,0.6744897501960817,0.6744897501960817,12
OTm_total,9.5,13,0.75,0.6744897501960817,0.6744897501960817,12
OTm_total,9.75,13,0.75,0.6744897501960817,0.6744897501960817,12
OTm_total,10,13,0.75,0.6744897501960817,0.6744897501960817,12
OTm_total,10.25,14,0.75,0.6744897501960817,0.6744897501960817,12
OTm_total,10.5,14,0.75,0.6744897501960817,0.6744897501960817,12
OTm_total,10.75,14,0.75,0.6744897501960817,0.6744897501960817,12
OTm_total,11,14,0.75,0.6744897501960817,0.6744897501960817,12
OTm_total,11.25,14,0.75,0.6744897501960817,0.6744897501960817,12
OTm_total,11.5,14,0.75,0.6744897501960817,0.6744897501960817,12
OTm_total,11.75,14,0.75,0.6744897501960817,0.6744897501960817,12
OTm_total,12,15,0.75,0.6744897501960817,0.6744897501960817,12
OTm_total,6,10,0.8,0.8416212335729144,0.8416212335729144,13
OTm_total,6.25,11,0.8,0.8416212335729144,0.8416212335729144,13
OTm_total,6.5,11,0.8,0.8416212335729144,0.8416212335729144,13
OTm_total,6.75,11,0.8,0.8416212335729144,0.8416212335729144,13
OTm_total,7,11,0.8,0.8416212335729144,0.8416212335729144,13
OTm_total,7.25,11,0.8,0.8416212335729144,0.8416212335729144,13
OTm_total,7.5,12,0.8,0.8416212335729144,0.8416212335729144,13
OTm_total,7.75,12,0.8,0.8416212335729144,0.8416212335729144,13
OTm_total,8,12,0.8,0.8416212335729144,0.8416212335729144,13
OTm_total,8.25,12,0.8,0.8416212335729144,0.8416212335729144,13
OTm_total,8.5,13,0.8,0.8416212335729144,0.8416212335729144,13
OTm_total,8.75,13,0.8,0.8416212335729144,0.8416212335729144,13
OTm_total,9,13,0.8,0.8416212335729144,0.8416212335729144,13
OTm_total,9.25,13,0.8,0.8416212335729144,0.8416212335729144,13
OTm_total,9.5,13,0.8,0.8416212335729144,0.8416212335729144,13
OTm_total,9.75,14,0.8,0.8416212335729144,0.8416212335729144,13
OTm_total,10,14,0.8,0.8416212335729144,0.8416212335729144,13
OTm_total,10.25,14,0.8,0.8416212335729144,0.8416212335729144,13
OTm_total,10.5,14,0.8,0.8416212335729144,0.8416212335729144,13
OTm_total,10.75,14,0.8,0.8416212335729144,0.8416212335729144,13
OTm_total,11,14,0.8,0.8416212335729144,0.8416212335729144,13
OTm_total,11.25,14,0.8,0.8416212335729144,0.8416212335729144,13
OTm_total,11.5,15,0.8,0.8416212335729144,0.8416212335729144,13
OTm_total,11.75,15,0.8,0.8416212335729144,0.8416212335729144,13
OTm_total,12,15,0.8,0.8416212335729144,0.8416212335729144,13
OTm_total,6,11,0.85,1.0364333894937894,1.0364333894937894,13
OTm_total,6.25,11,0.85,1.0364333894937894,1.0364333894937894,13
OTm_total,6.5,11,0.85,1.0364333894937894,1.0364333894937894,13
OTm_total,6.75,11,0.85,1.0364333894937894,1.0364333894937894,13
OTm_total,7,12,0.85,1.0364333894937894,1.0364333894937894,13
OTm_total,7.25,12,0.85,1.0364333894937894,1.0364333894937894,13
OTm_total,7.5,12,0.85,1.0364333894937894,1.0364333894937894,13
OTm_total,7.75,12,0.85,1.0364333894937894,1.0364333894937894,13
OTm_total,8,13,0.85,1.0364333894937894,1.0364333894937894,13
OTm_total,8.25,13,0.85,1.0364333894937894,1.0364333894937894,13
OTm_total,8.5,13,0.85,1.0364333894937894,1.0364333894937894,13
OTm_total,8.75,13,0.85,1.0364333894937894,1.0364333894937894,13
OTm_total,9,13,0.85,1.0364333894937894,1.0364333894937894,13
OTm_total,9.25,14,0.85,1.0364333894937894,1.0364333894937894,13
OTm_total,9.5,14,0.85,1.0364333894937894,1.0364333894937894,13
OTm_total,9.75,14,0.85,1.0364333894937894,1.0364333894937894,13
OTm_total,10,14,0.85,1.0364333894937894,1.0364333894937894,13
OTm_total,10.25,14,0.85,1.0364333894937894,1.0364333894937894,13
OTm_total,10.5,14,0.85,1.0364333894937894,1.0364333894937894,13
OTm_total,10.75,15,0.85,1.0364333894937894,1.0364333894937894,13
OTm_total,11,15,0.85,1.0364333894937894,1.0364333894937894,13
OTm_total,11.25,15,0.85,1.0364333894937894,1.0364333894937894,13
OTm_total,11.5,15,0.85,1.0364333894937894,1.0364333894937894,13
OTm_total,11.75,15,0.85,1.0364333894937894,1.0364333894937894,13
OTm_total,12,15,0.85,1.0364333894937894,1.0364333894937894,13
OTm_total,6,11,0.9,1.2815515655446008,1.2815515655446008,14
OTm_total,6.25,12,0.9,1.2815515655446008,1.2815515655446008,14
OTm_total,6.5,12,0.9,1.2815515655446008,1.2815515655446008,14
OTm_total,6.75,12,0.9,1.2815515655446008,1.2815515655446008,14
OTm_total,7,12,0.9,1.2815515655446008,1.2815515655446008,14
OTm_total,7.25,13,0.9,1.2815515655446008,1.2815515655446008,14
OTm_total,7.5,13,0.9,1.2815515655446008,1.2815515655446008,14
OTm_total,7.75,13,0.9,1.2815515655446008,1.2815515655446008,14
OTm_total,8,13,0.9,1.2815515655446008,1.2815515655446008,14
OTm_total,8.25,13,0.9,1.2815515655446008,1.2815515655446008,14
OTm_total,8.5,14,0.9,1.2815515655446008,1.2815515655446008,14
OTm_total,8.75,14,0.9,1.2815515655446008,1.2815515655446008,14
OTm_total,9,14,0.9,1.2815515655446008,1.2815515655446008,14
OTm_total,9.25,14,0.9,1.2815515655446008,1.2815515655446008,14
OTm_total,9.5,14,0.9,1.2815515655446008,1.2815515655446008,14
OTm_total,9.75,14,0.9,1.2815515655446008,1.2815515655446008,14
OTm_total,10,15,0.9,1.2815515655446008,1.2815515655446008,14
OTm_total,10.25,15,0.9,1.2815515655446008,1.2815515655446008,14
OTm_total,10.5,15,0.9,1.2815515655446008,1.2815515655446008,14
OTm_total,10.75,15,0.9,1.2815515655446008,1.2815515655446008,14
OTm_total,11,15,0.9,1.2815515655446008,1.2815515655446008,14
OTm_total,11.25,15,0.9,1.2815515655446008,1.2815515655446008,14
OTm_total,11.5,15,0.9,1.2815515655446008,1.2815515655446008,14
OTm_total,11.75,15,0.9,1.2815515655446008,1.2815515655446008,14
OTm_total,12,15,0.9,1.2815515655446008,1.2815515655446008,14
OTm_total,6,12,0.95,1.6448536269514715,1.6448536269514715,15
OTm_total,6.25,13,0.95,1.6448536269514715,1.6448536269514715,15
OTm_total,6.5,13,0.95,1.6448536269514715,1.6448536269514715,15
OTm_total,6.75,13,0.95,1.6448536269514715,1.6448536269514715,15
OTm_total,7,13,0.95,1.6448536269514715,1.6448536269514715,15
OTm_total,7.25,13,0.95,1.6448536269514715,1.6448536269514715,15
OTm_total,7.5,14,0.95,1.6448536269514715,1.6448536269514715,15
OTm_total,7.75,14,0.95,1.6448536269514715,1.6448536269514715,15
OTm_total,8,14,0.95,1.6448536269514715,1.6448536269514715,15
OTm_total,8.25,14,0.95,1.6448536269514715,1.6448536269514715,15
OTm_total,8.5,14,0.95,1.6448536269514715,1.6448536269514715,15
OTm_total,8.75,14,0.95,1.6448536269514715,1.6448536269514715,15
OTm_total,9,15,0.95,1.6448536269514715,1.6448536269514715,15
OTm_total,9.25,15,0.95,1.6448536269514715,1.6448536269514715,15
OTm_total,9.5,15,0.95,1.6448536269514715,1.6448536269514715,15
OTm_total,9.75,15,0.95,1.6448536269514715,1.6448536269514715,15
OTm_total,10,15,0.95,1.6448536269514715,1.6448536269514715,15
OTm_total,10.25,15,0.95,1.6448536269514715,1.6448536269514715,15
OTm_total,10.5,15,0.95,1.6448536269514715,1.6448536269514715,15
OTm_total,10.75,15,0.95,1.6448536269514715,1.6448536269514715,15
OTm_total,11,16,0.95,1.6448536269514715,1.6448536269514715,15
OTm_total,11.25,16,0.95,1.6448536269514715,1.6448536269514715,15
OTm_total,11.5,16,0.95,1.6448536269514715,1.6448536269514715,15
OTm_total,11.75,16,0.95,1.6448536269514715,1.6448536269514715,15
OTm_total,12,16,0.95,1.6448536269514715,1.6448536269514715,15
OTm_orientation,6,0,0.00135,-2.999976992703393,-2.999976992703393,1
OTm_orientation,6.25,0,0.00135,-2.999976992703393,-2.999976992703393,1
OTm_orientation,6.5,0,0.00135,-2.999976992703393,-2.999976992703393,1
OTm_orientation,6.75,0,0.00135,-2.999976992703393,-2.999976992703393,1
OTm_orientation,7,0,0.00135,-2.999976992703393,-2.999976992703393,1
OTm_orientation,7.25,1,0.00135,-2.999976992703393,-2.999976992703393,1
OTm_orientation,7.5,1,0.00135,-2.999976992703393,-2.999976992703393,1
OTm_orientation,7.75,1,0.00135,-2.999976992703393,-2.999976992703393,1
OTm_orientation,8,1,0.00135,-2.999976992703393,-2.999976992703393,1
OTm_orientation,8.25,1,0.00135,-2.999976992703393,-2.999976992703393,1
OTm_orientation,8.5,1,0.00135,-2.999976992703393,-2.999976992703393,1
OTm_orientation,8.75,1,0.00135,-2.999976992703393,-2.999976992703393,1
OTm_orientation,9,2,0.00135,-2.999976992703393,-2.999976992703393,1
OTm_orientation,9.25,2,0.00135,-2.999976992703393,-2.999976992703393,1
OTm_orientation,9.5,2,0.00135,-2.999976992703393,-2.999976992703393,1
OTm_orientation,9.75,2,0.00135,-2.999976992703393,-2.999976992703393,1
OTm_orientation,10,2,0.00135,-2.999976992703393,-2.999976992703393,1
OTm_orientation,10.25,2,0.00135,-2.999976992703393,-2.999976992703393,1
OTm_orientation,10.5,3,0.00135,-2.999976992703393,-2.999976992703393,1
OTm_orientation,10.75,3,0.00135,-2.999976992703393,-2.999976992703393,1
OTm_orientation,11,3,0.00135,-2.999976992703393,-2.999976992703393,1
OTm_orientation,11.25,3,0.00135,-2.999976992703393,-2.999976992703393,1
OTm_orientation,11.5,3,0.00135,-2.999976992703393,-2.999976992703393,1
OTm_orientation,11.75,3,0.00135,-2.999976992703393,-2.999976992703393,1
OTm_orientation,12,4,0.00135,-2.999976992703393,-2.999976992703393,1
OTm_orientation,6,0,0.00383,-2.6667000630340683,-2.6667000630340683,2
OTm_orientation,6.25,0,0.00383,-2.6667000630340683,-2.6667000630340683,2
OTm_orientation,6.5,1,0.00383,-2.6667000630340683,-2.6667000630340683,2
OTm_orientation,6.75,1,0.00383,-2.6667000630340683,-2.6667000630340683,2
OTm_orientation,7,1,0.00383,-2.6667000630340683,-2.6667000630340683,2
OTm_orientation,7.25,1,0.00383,-2.6667000630340683,-2.6667000630340683,2
OTm_orientation,7.5,1,0.00383,-2.6667000630340683,-2.6667000630340683,2
OTm_orientation,7.75,1,0.00383,-2.6667000630340683,-2.6667000630340683,2
OTm_orientation,8,2,0.00383,-2.6667000630340683,-2.6667000630340683,2
OTm_orientation,8.25,2,0.00383,-2.6667000630340683,-2.6667000630340683,2
OTm_orientation,8.5,2,0.00383,-2.6667000630340683,-2.6667000630340683,2
OTm_orientation,8.75,2,0.00383,-2.6667000630340683,-2.6667000630340683,2
OTm_orientation,9,2,0.00383,-2.6667000630340683,-2.6667000630340683,2
OTm_orientation,9.25,2,0.00383,-2.6667000630340683,-2.6667000630340683,2
OTm_orientation,9.5,3,0.00383,-2.6667000630340683,-2.6667000630340683,2
OTm_orientation,9.75,3,0.00383,-2.6667000630340683,-2.6667000630340683,2
OTm_orientation,10,3,0.00383,-2.6667000630340683,-2.6667000630340683,2
OTm_orientation,10.25,3,0.00383,-2.6667000630340683,-2.6667000630340683,2
OTm_orientation,10.5,3,0.00383,-2.6667000630340683,-2.6667000630340683,2
OTm_orientation,10.75,3,0.00383,-2.6667000630340683,-2.6667000630340683,2
OTm_orientation,11,4,0.00383,-2.6667000630340683,-2.6667000630340683,2
OTm_orientation,11.25,4,0.00383,-2.6667000630340683,-2.6667000630340683,2
OTm_orientation,11.5,4,0.00383,-2.6667000630340683,-2.6667000630340683,2
OTm_orientation,11.75,4,0.00383,-2.6667000630340683,-2.6667000630340683,2
OTm_orientation,12,4,0.00383,-2.6667000630340683,-2.6667000630340683,2
OTm_orientation,6,1,0.00982,-2.3331552225672434,-2.3331552225672434,3
OTm_orientation,6.25,1,0.00982,-2.3331552225672434,-2.3331552225672434,3
OTm_orientation,6.5,1,0.00982,-2.3331552225672434,-2.3331552225672434,3
OTm_orientation,6.75,1,0.00982,-2.3331552225672434,-2.3331552225672434,3
OTm_orientation,7,1,0.00982,-2.3331552225672434,-2.3331552225672434,3
OTm_orientation,7.25,2,0.00982,-2.3331552225672434,-2.3331552225672434,3
OTm_orientation,7.5,2,0.00982,-2.3331552225672434,-2.3331552225672434,3
OTm_orientation,7.75,2,0.00982,-2.3331552225672434,-2.3331552225672434,3
OTm_orientation,8,2,0.00982,-2.3331552225672434,-2.3331552225672434,3
OTm_orientation,8.25,2,0.00982,-2.3331552225672434,-2.3331552225672434,3
OTm_orientation,8.5,2,0.00982,-2.3331552225672434,-2.3331552225672434,3
OTm_orientation,8.75,3,0.00982,-2.3331552225672434,-2.3331552225672434,3
OTm_orientation,9,3,0.00982,-2.3331552225672434,-2.3331552225672434,3
OTm_orientation,9.25,3,0.00982,-2.3331552225672434,-2.3331552225672434,3
OTm_orientation,9.5,3,0.00982,-2.3331552225672434,-2.3331552225672434,3
OTm_orientation,9.75,3,0.00982,-2.3331552225672434,-2.3331552225672434,3
OTm_orientation,10,4,0.00982,-2.3331552225672434,-2.3331552225672434,3
OTm_orientation,10.25,4,0.00982,-2.3331552225672434,-2.3331552225672434,3
OTm_orientation,10.5,4,0.00982,-2.3331552225672434,-2.3331552225672434,3
OTm_orientation,10.75,4,0.00982,-2.3331552225672434,-2.3331552225672434,3
OTm_orientation,11,4,0.00982,-2.3331552225672434,-2.3331552225672434,3
OTm_orientation,11.25,4,0.00982,-2.3331552225672434,-2.3331552225672434,3
OTm_orientation,11.5,5,0.00982,-2.3331552225672434,-2.3331552225672434,3
OTm_orientation,11.75,5,0.00982,-2.3331552225672434,-2.3331552225672434,3
OTm_orientation,12,5,0.00982,-2.3331552225672434,-2.3331552225672434,3
OTm_orientation,6,1,0.02275,-2.000002443899604,-2.000002443899604,4
OTm_orientation,6.25,1,0.02275,-2.000002443899604,-2.000002443899604,4
OTm_orientation,6.5,2,0.02275,-2.000002443899604,-2.000002443899604,4
OTm_orientation,6.75,2,0.02275,-2.000002443899604,-2.000002443899604,4
OTm_orientation,7,2,0.02275,-2.000002443899604,-2.000002443899604,4
OTm_orientation,7.25,2,0.02275,-2.000002443899604,-2.000002443899604,4
OTm_orientation,7.5,2,0.02275,-2.000002443899604,-2.000002443899604,4
OTm_orientation,7.75,3,0.02275,-2.000002443899604,-2.000002443899604,4
OTm_orientation,8,3,0.02275,-2.000002443899604,-2.000002443899604,4
OTm_orientation,8.25,3,0.02275,-2.000002443899604,-2.000002443899604,4
OTm_orientation,8.5,3,0.02275,-2.000002443899604,-2.000002443899604,4
OTm_orientation,8.75,3,0.02275,-2.000002443899604,-2.000002443899604,4
OTm_orientation,9,3,0.02275,-2.000002443899604,-2.000002443899604,4
OTm_orientation,9.25,4,0.02275,-2.000002443899604,-2.000002443899604,4
OTm_orientation,9.5,4,0.02275,-2.000002443899604,-2.000002443899604,4
OTm_orientation,9.75,4,0.02275,-2.000002443899604,-2.000002443899604,4
OTm_orientation,10,4,0.02275,-2.000002443899604,-2.000002443899604,4
OTm_orientation,10.25,4,0.02275,-2.000002443899604,-2.000002443899604,4
OTm_orientation,10.5,5,0.02275,-2.000002443899604,-2.000002443899604,4
OTm_orientation,10.75,5,0.02275,-2.000002443899604,-2.000002443899604,4
OTm_orientation,11,5,0.02275,-2.000002443899604,-2.000002443899604,4
OTm_orientation,11.25,5,0.02275,-2.000002443899604,-2.000002443899604,4
OTm_orientation,11.5,5,0.02275,-2.000002443899604,-2.000002443899604,4
OTm_orientation,11.75,5,0.02275,-2.000002443899604,-2.000002443899604,4
OTm_orientation,12,6,0.02275,-2.000002443899604,-2.000002443899604,4
OTm_orientation,6,2,0.04779,-1.6666702079210545,-1.6666702079210545,5
OTm_orientation,6.25,2,0.04779,-1.6666702079210545,-1.6666702079210545,5
OTm_orientation,6.5,2,0.04779,-1.6666702079210545,-1.6666702079210545,5
OTm_orientation,6.75,2,0.04779,-1.6666702079210545,-1.6666702079210545,5
OTm_orientation,7,3,0.04779,-1.6666702079210545,-1.6666702079210545,5
OTm_orientation,7.25,3,0.04779,-1.6666702079210545,-1.6666702079210545,5
OTm_orientation,7.5,3,0.04779,-1.6666702079210545,-1.6666702079210545,5
OTm_orientation,7.75,3,0.04779,-1.6666702079210545,-1.6666702079210545,5
OTm_orientation,8,3,0.04779,-1.6666702079210545,-1.6666702079210545,5
OTm_orientation,8.25,4,0.04779,-1.6666702079210545,-1.6666702079210545,5
OTm_orientation,8.5,4,0.04779,-1.6666702079210545,-1.6666702079210545,5
OTm_orientation,8.75,4,0.04779,-1.6666702079210545,-1.6666702079210545,5
OTm_orientation,9,4,0.04779,-1.6666702079210545,-1.6666702079210545,5
OTm_orientation,9.25,4,0.04779,-1.6666702079210545,-1.6666702079210545,5
OTm_orientation,9.5,5,0.04779,-1.6666702079210545,-1.6666702079210545,5
OTm_orientation,9.75,5,0.04779,-1.6666702079210545,-1.6666702079210545,5
OTm_orientation,10,5,0.04779,-1.6666702079210545,-1.6666702079210545,5
OTm_orientation,10.25,5,0.04779,-1.6666702079210545,-1.6666702079210545,5
OTm_orientation,10.5,5,0.04779,-1.6666702079210545,-1.6666702079210545,5
OTm_orientation,10.75,5,0.04779,-1.6666702079210545,-1.6666702079210545,5
OTm_orientation,11,6,0.04779,-1.6666702079210545,-1.6666702079210545,5
OTm_orientation,11.25,6,0.04779,-1.6666702079210545,-1.6666702079210545,5
OTm_orientation,11.5,6,0.04779,-1.6666702079210545,-1.6666702079210545,5
OTm_orientation,11.75,6,0.04779,-1.6666702079210545,-1.6666702079210545,5
OTm_orientation,12,6,0.04779,-1.6666702079210545,-1.6666702079210545,5
OTm_orientation,6,2,0.09121,-1.3333407702662026,-1.3333407702662026,6
OTm_orientation,6.25,3,0.09121,-1.3333407702662026,-1.3333407702662026,6
OTm_orientation,6.5,3,0.09121,-1.3333407702662026,-1.3333407702662026,6
OTm_orientation,6.75,3,0.09121,-1.3333407702662026,-1.3333407702662026,6
OTm_orientation,7,3,0.09121,-1.3333407702662026,-1.3333407702662026,6
OTm_orientation,7.25,3,0.09121,-1.3333407702662026,-1.3333407702662026,6
OTm_orientation,7.5,4,0.09121,-1.3333407702662026,-1.3333407702662026,6
OTm_orientation,7.75,4,0.09121,-1.3333407702662026,-1.3333407702662026,6
OTm_orientation,8,4,0.09121,-1.3333407702662026,-1.3333407702662026,6
OTm_orientation,8.25,4,0.09121,-1.3333407702662026,-1.3333407702662026,6
OTm_orientation,8.5,4,0.09121,-1.3333407702662026,-1.3333407702662026,6
OTm_orientation,8.75,5,0.09121,-1.3333407702662026,-1.3333407702662026,6
OTm_orientation,9,5,0.09121,-1.3333407702662026,-1.3333407702662026,6
OTm_orientation,9.25,5,0.09121,-1.3333407702662026,-1.3333407702662026,6
OTm_orientation,9.5,5,0.09121,-1.3333407702662026,-1.3333407702662026,6
OTm_orientation,9.75,5,0.09121,-1.3333407702662026,-1.3333407702662026,6
OTm_orientation,10,6,0.09121,-1.3333407702662026,-1.3333407702662026,6
OTm_orientation,10.25,6,0.09121,-1.3333407702662026,-1.3333407702662026,6
OTm_orientation,10.5,6,0.09121,-1.3333407702662026,-1.3333407702662026,6
OTm_orientation,10.75,6,0.09121,-1.3333407702662026,-1.3333407702662026,6
OTm_orientation,11,6,0.09121,-1.3333407702662026,-1.3333407702662026,6
OTm_orientation,11.25,6,0.09121,-1.3333407702662026,-1.3333407702662026,6
OTm_orientation,11.5,7,0.09121,-1.3333407702662026,-1.3333407702662026,6
OTm_orientation,11.75,7,0.09121,-1.3333407702662026,-1.3333407702662026,6
OTm_orientation,12,7,0.09121,-1.3333407702662026,-1.3333407702662026,6
OTm_orientation,6,3,0.15866,-0.9999803859660789,-0.9999803859660789,7
OTm_orientation,6.25,3,0.15866,-0.9999803859660789,-0.9999803859660789,7
OTm_orientation,6.5,3,0.15866,-0.9999803859660789,-0.9999803859660789,7
OTm_orientation,6.75,4,0.15866,-0.9999803859660789,-0.9999803859660789,7
OTm_orientation,7,4,0.15866,-0.9999803859660789,-0.9999803859660789,7
OTm_orientation,7.25,4,0.15866,-0.9999803859660789,-0.9999803859660789,7
OTm_orientation,7.5,4,0.15866,-0.9999803859660789,-0.9999803859660789,7
OTm_orientation,7.75,4,0.15866,-0.9999803859660789,-0.9999803859660789,7
OTm_orientation,8,5,0.15866,-0.9999803859660789,-0.9999803859660789,7
OTm_orientation,8.25,5,0.15866,-0.9999803859660789,-0.9999803859660789,7
OTm_orientation,8.5,5,0.15866,-0.9999803859660789,-0.9999803859660789,7
OTm_orientation,8.75,5,0.15866,-0.9999803859660789,-0.9999803859660789,7
OTm_orientation,9,6,0.15866,-0.9999803859660789,-0.9999803859660789,7
OTm_orientation,9.25,6,0.15866,-0.9999803859660789,-0.9999803859660789,7
OTm_orientation,9.5,6,0.15866,-0.9999803859660789,-0.9999803859660789,7
OTm_orientation,9.75,6,0.15866,-0.9999803859660789,-0.9999803859660789,7
OTm_orientation,10,6,0.15866,-0.9999803859660789,-0.9999803859660789,7
OTm_orientation,10.25,6,0.15866,-0.9999803859660789,-0.9999803859660789,7
OTm_orientation,10.5,7,0.15866,-0.9999803859660789,-0.9999803859660789,7
OTm_orientation,10.75,7,0.15866,-0.9999803859660789,-0.9999803859660789,7
OTm_orientation,11,7,0.15866,-0.9999803859660789,-0.9999803859660789,7
OTm_orientation,11.25,7,0.15866,-0.9999803859660789,-0.9999803859660789,7
OTm_orientation,11.5,7,0.15866,-0.9999803859660789,-0.9999803859660789,7
OTm_orientation,11.75,7,0.15866,-0.9999803859660789,-0.9999803859660789,7
OTm_orientation,12,8,0.15866,-0.9999803859660789,-0.9999803859660789,7
OTm_orientation,6,4,0.25249,-0.6666746102242979,-0.6666746102242979,8
OTm_orientation,6.25,4,0.25249,-0.6666746102242979,-0.6666746102242979,8
OTm_orientation,6.5,4,0.25249,-0.6666746102242979,-0.6666746102242979,8
OTm_orientation,6.75,4,0.25249,-0.6666746102242979,-0.6666746102242979,8
OTm_orientation,7,4,0.25249,-0.6666746102242979,-0.6666746102242979,8
OTm_orientation,7.25,5,0.25249,-0.6666746102242979,-0.6666746102242979,8
OTm_orientation,7.5,5,0.25249,-0.6666746102242979,-0.6666746102242979,8
OTm_orientation,7.75,5,0.25249,-0.6666746102242979,-0.6666746102242979,8
OTm_orientation,8,5,0.25249,-0.6666746102242979,-0.6666746102242979,8
OTm_orientation,8.25,6,0.25249,-0.6666746102242979,-0.6666746102242979,8
OTm_orientation,8.5,6,0.25249,-0.6666746102242979,-0.6666746102242979,8
OTm_orientation,8.75,6,0.25249,-0.6666746102242979,-0.6666746102242979,8
OTm_orientation,9,6,0.25249,-0.6666746102242979,-0.6666746102242979,8
OTm_orientation,9.25,6,0.25249,-0.6666746102242979,-0.6666746102242979,8
OTm_orientation,9.5,7,0.25249,-0.6666746102242979,-0.6666746102242979,8
OTm_orientation,9.75,7,0.25249,-0.6666746102242979,-0.6666746102242979,8
OTm_orientation,10,7,0.25249,-0.6666746102242979,-0.6666746102242979,8
OTm_orientation,10.25,7,0.25249,-0.6666746102242979,-0.6666746102242979,8
OTm_orientation,10.5,7,0.25249,-0.6666746102242979,-0.6666746102242979,8
OTm_orientation,10.75,7,0.25249,-0.6666746102242979,-0.6666746102242979,8
OTm_orientation,11,8,0.25249,-0.6666746102242979,-0.6666746102242979,8
OTm_orientation,11.25,8,0.25249,-0.6666746102242979,-0.6666746102242979,8
OTm_orientation,11.5,8,0.25249,-0.6666746102242979,-0.6666746102242979,8
OTm_orientation,11.75,8,0.25249,-0.6666746102242979,-0.6666746102242979,8
OTm_orientation,12,8,0.25249,-0.6666746102242979,-0.6666746102242979,8
OTm_orientation,6,4,0.36944,-0.33333688458431254,-0.33333688458431254,9
OTm_orientation,6.25,5,0.36944,-0.33333688458431254,-0.33333688458431254,9
OTm_orientation,6.5,5,0.36944,-0.33333688458431254,-0.33333688458431254,9
OTm_orientation,6.75,5,0.36944,-0.33333688458431254,-0.33333688458431254,9
OTm_orientation,7,5,0.36944,-0.33333688458431254,-0.33333688458431254,9
OTm_orientation,7.25,5,0.36944,-0.33333688458431254,-0.33333688458431254,9
OTm_orientation,7.5,6,0.36944,-0.33333688458431254,-0.33333688458431254,9
OTm_orientation,7.75,6,0.36944,-0.33333688458431254,-0.33333688458431254,9
OTm_orientation,8,6,0.36944,-0.33333688458431254,-0.33333688458431254,9
OTm_orientation,8.25,6,0.36944,-0.33333688458431254,-0.33333688458431254,9
OTm_orientation,8.5,6,0.36944,-0.33333688458431254,-0.33333688458431254,9
OTm_orientation,8.75,7,0.36944,-0.33333688458431254,-0.33333688458431254,9
OTm_orientation,9,7,0.36944,-0.33333688458431254,-0.33333688458431254,9
OTm_orientation,9.25,7,0.36944,-0.33333688458431254,-0.33333688458431254,9
OTm_orientation,9.5,7,0.36944,-0.33333688458431254,-0.33333688458431254,9
OTm_orientation,9.75,7,0.36944,-0.33333688458431254,-0.33333688458431254,9
OTm_orientation,10,7,0.36944,-0.33333688458431254,-0.33333688458431254,9
OTm_orientation,10.25,8,0.36944,-0.33333688458431254,-0.33333688458431254,9
OTm_orientation,10.5,8,0.36944,-0.33333688458431254,-0.33333688458431254,9
OTm_orientation,10.75,8,0.36944,-0.33333688458431254,-0.33333688458431254,9
OTm_orientation,11,8,0.36944,-0.33333688458431254,-0.33333688458431254,9
OTm_orientation,11.25,8,0.36944,-0.33333688458431254,-0.33333688458431254,9
OTm_orientation,11.5,8,0.36944,-0.33333688458431254,-0.33333688458431254,9
OTm_orientation,11.75,8,0.36944,-0.33333688458431254,-0.33333688458431254,9
OTm_orientation,12,9,0.36944,-0.33333688458431254,-0.33333688458431254,9
OTm_orientation,6,5,0.5,0,0,10
OTm_orientation,6.25,5,0.5,0,0,10
OTm_orientation,6.5,5,0.5,0,0,10
OTm_orientation,6.75,6,0.5,0,0,10
OTm_orientation,7,6,0.5,0,0,10
OTm_orientation,7.25,6,0.5,0,0,10
OTm_orientation,7.5,6,0.5,0,0,10
OTm_orientation,7.75,6,0.5,0,0,10
OTm_orientation,8,7,0.5,0,0,10
OTm_orientation,8.25,7,0.5,0,0,10
OTm_orientation,8.5,7,0.5,0,0,10
OTm_orientation,8.75,7,0.5,0,0,10
OTm_orientation,9,7,0.5,0,0,10
OTm_orientation,9.25,8,0.5,0,0,10
OTm_orientation,9.5,8,0.5,0,0,10
OTm_orientation,9.75,8,0.5,0,0,10
OTm_orientation,10,8,0.5,0,0,10
OTm_orientation,10.25,8,0.5,0,0,10
OTm_orientation,10.5,8,0.5,0,0,10
OTm_orientation,10.75,8,0.5,0,0,10
OTm_orientation,11,9,0.5,0,0,10
OTm_orientation,11.25,9,0.5,0,0,10
OTm_orientation,11.5,9,0.5,0,0,10
OTm_orientation,11.75,9,0.5,0,0,10
OTm_orientation,12,9,0.5,0,0,10
OTm_orientation,6,6,0.63056,0.33333688458431254,0.33333688458431254,11
OTm_orientation,6.25,6,0.63056,0.33333688458431254,0.33333688458431254,11
OTm_orientation,6.5,6,0.63056,0.33333688458431254,0.33333688458431254,11
OTm_orientation,6.75,6,0.63056,0.33333688458431254,0.33333688458431254,11
OTm_orientation,7,6,0.63056,0.33333688458431254,0.33333688458431254,11
OTm_orientation,7.25,7,0.63056,0.33333688458431254,0.33333688458431254,11
OTm_orientation,7.5,7,0.63056,0.33333688458431254,0.33333688458431254,11
OTm_orientation,7.75,7,0.63056,0.33333688458431254,0.33333688458431254,11
OTm_orientation,8,7,0.63056,0.33333688458431254,0.33333688458431254,11
OTm_orientation,8.25,7,0.63056,0.33333688458431254,0.33333688458431254,11
OTm_orientation,8.5,8,0.63056,0.33333688458431254,0.33333688458431254,11
OTm_orientation,8.75,8,0.63056,0.33333688458431254,0.33333688458431254,11
OTm_orientation,9,8,0.63056,0.33333688458431254,0.33333688458431254,11
OTm_orientation,9.25,8,0.63056,0.33333688458431254,0.33333688458431254,11
OTm_orientation,9.5,8,0.63056,0.33333688458431254,0.33333688458431254,11
OTm_orientation,9.75,8,0.63056,0.33333688458431254,0.33333688458431254,11
OTm_orientation,10,9,0.63056,0.33333688458431254,0.33333688458431254,11
OTm_orientation,10.25,9,0.63056,0.33333688458431254,0.33333688458431254,11
OTm_orientation,10.5,9,0.63056,0.33333688458431254,0.33333688458431254,11
OTm_orientation,10.75,9,0.63056,0.33333688458431254,0.33333688458431254,11
OTm_orientation,11,9,0.63056,0.33333688458431254,0.33333688458431254,11
OTm_orientation,11.25,9,0.63056,0.33333688458431254,0.33333688458431254,11
OTm_orientation,11.5,9,0.63056,0.33333688458431254,0.33333688458431254,11
OTm_orientation,11.75,9,0.63056,0.33333688458431254,0.33333688458431254,11
OTm_orientation,12,9,0.63056,0.33333688458431254,0.33333688458431254,11
OTm_orientation,6,6,0.74751,0.6666746102242979,0.6666746102242979,12
OTm_orientation,6.25,6,0.74751,0.6666746102242979,0.6666746102242979,12
OTm_orientation,6.5,7,0.74751,0.6666746102242979,0.6666746102242979,12
OTm_orientation,6.75,7,0.74751,0.6666746102242979,0.6666746102242979,12
OTm_orientation,7,7,0.74751,0.6666746102242979,0.6666746102242979,12
OTm_orientation,7.25,7,0.74751,0.6666746102242979,0.6666746102242979,12
OTm_orientation,7.5,7,0.74751,0.6666746102242979,0.6666746102242979,12
OTm_orientation,7.75,8,0.74751,0.6666746102242979,0.6666746102242979,12
OTm_orientation,8,8,0.74751,0.6666746102242979,0.6666746102242979,12
OTm_orientation,8.25,8,0.74751,0.6666746102242979,0.6666746102242979,12
OTm_orientation,8.5,8,0.74751,0.6666746102242979,0.6666746102242979,12
OTm_orientation,8.75,8,0.74751,0.6666746102242979,0.6666746102242979,12
OTm_orientation,9,9,0.74751,0.6666746102242979,0.6666746102242979,12
OTm_orientation,9.25,9,0.74751,0.6666746102242979,0.6666746102242979,12
OTm_orientation,9.5,9,0.74751,0.6666746102242979,0.6666746102242979,12
OTm_orientation,9.75,9,0.74751,0.6666746102242979,0.6666746102242979,12
OTm_orientation,10,9,0.74751,0.6666746102242979,0.6666746102242979,12
OTm_orientation,10.25,9,0.74751,0.6666746102242979,0.6666746102242979,12
OTm_orientation,10.5,9,0.74751,0.6666746102242979,0.6666746102242979,12
OTm_orientation,10.75,9,0.74751,0.6666746102242979,0.6666746102242979,12
OTm_orientation,11,9,0.74751,0.6666746102242979,0.6666746102242979,12
OTm_orientation,11.25,10,0.74751,0.6666746102242979,0.6666746102242979,12
OTm_orientation,11.5,10,0.74751,0.6666746102242979,0.6666746102242979,12
OTm_orientation,11.75,10,0.74751,0.6666746102242979,0.6666746102242979,12
OTm_orientation,12,10,0.74751,0.6666746102242979,0.6666746102242979,12
OTm_orientation,6,7,0.84134,0.9999803859660789,0.9999803859660789,13
OTm_orientation,6.25,7,0.84134,0.9999803859660789,0.9999803859660789,13
OTm_orientation,6.5,7,0.84134,0.9999803859660789,0.9999803859660789,13
OTm_orientation,6.75,8,0.84134,0.9999803859660789,0.9999803859660789,13
OTm_orientation,7,8,0.84134,0.9999803859660789,0.9999803859660789,13
OTm_orientation,7.25,8,0.84134,0.9999803859660789,0.9999803859660789,13
OTm_orientation,7.5,8,0.84134,0.9999803859660789,0.9999803859660789,13
OTm_orientation,7.75,8,0.84134,0.9999803859660789,0.9999803859660789,13
OTm_orientation,8,8,0.84134,0.9999803859660789,0.9999803859660789,13
OTm_orientation,8.25,9,0.84134,0.9999803859660789,0.9999803859660789,13
OTm_orientation,8.5,9,0.84134,0.9999803859660789,0.9999803859660789,13
OTm_orientation,8.75,9,0.84134,0.9999803859660789,0.9999803859660789,13
OTm_orientation,9,9,0.84134,0.9999803859660789,0.9999803859660789,13
OTm_orientation,9.25,9,0.84134,0.9999803859660789,0.9999803859660789,13
OTm_orientation,9.5,9,0.84134,0.9999803859660789,0.9999803859660789,13
OTm_orientation,9.75,9,0.84134,0.9999803859660789,0.9999803859660789,13
OTm_orientation,10,9,0.84134,0.9999803859660789,0.9999803859660789,13
OTm_orientation,10.25,10,0.84134,0.9999803859660789,0.9999803859660789,13
OTm_orientation,10.5,10,0.84134,0.9999803859660789,0.9999803859660789,13
OTm_orientation,10.75,10,0.84134,0.9999803859660789,0.9999803859660789,13
OTm_orientation,11,10,0.84134,0.9999803859660789,0.9999803859660789,13
OTm_orientation,11.25,10,0.84134,0.9999803859660789,0.9999803859660789,13
OTm_orientation,11.5,10,0.84134,0.9999803859660789,0.9999803859660789,13
OTm_orientation,11.75,10,0.84134,0.9999803859660789,0.9999803859660789,13
OTm_orientation,12,10,0.84134,0.9999803859660789,0.9999803859660789,13
OTm_orientation,6,8,0.90879,1.3333407702662026,1.3333407702662026,14
OTm_orientation,6.25,8,0.90879,1.3333407702662026,1.3333407702662026,14
OTm_orientation,6.5,8,0.90879,1.3333407702662026,1.3333407702662026,14
OTm_orientation,6.75,8,0.90879,1.3333407702662026,1.3333407702662026,14
OTm_orientation,7,8,0.90879,1.3333407702662026,1.3333407702662026,14
OTm_orientation,7.25,8,0.90879,1.3333407702662026,1.3333407702662026,14
OTm_orientation,7.5,9,0.90879,1.3333407702662026,1.3333407702662026,14
OTm_orientation,7.75,9,0.90879,1.3333407702662026,1.3333407702662026,14
OTm_orientation,8,9,0.90879,1.3333407702662026,1.3333407702662026,14
OTm_orientation,8.25,9,0.90879,1.3333407702662026,1.3333407702662026,14
OTm_orientation,8.5,9,0.90879,1.3333407702662026,1.3333407702662026,14
OTm_orientation,8.75,9,0.90879,1.3333407702662026,1.3333407702662026,14
OTm_orientation,9,9,0.90879,1.3333407702662026,1.3333407702662026,14
OTm_orientation,9.25,9,0.90879,1.3333407702662026,1.3333407702662026,14
OTm_orientation,9.5,10,0.90879,1.3333407702662026,1.3333407702662026,14
OTm_orientation,9.75,10,0.90879,1.3333407702662026,1.3333407702662026,14
OTm_orientation,10,10,0.90879,1.3333407702662026,1.3333407702662026,14
OTm_orientation,10.25,10,0.90879,1.3333407702662026,1.3333407702662026,14
OTm_orientation,10.5,10,0.90879,1.3333407702662026,1.3333407702662026,14
OTm_orientation,10.75,10,0.90879,1.3333407702662026,1.3333407702662026,14
OTm_orientation,11,10,0.90879,1.3333407702662026,1.3333407702662026,14
OTm_orientation,11.25,10,0.90879,1.3333407702662026,1.3333407702662026,14
OTm_orientation,11.5,10,0.90879,1.3333407702662026,1.3333407702662026,14
OTm_orientation,11.75,10,0.90879,1.3333407702662026,1.3333407702662026,14
OTm_orientation,12,10,0.90879,1.3333407702662026,1.3333407702662026,14
OTm_orientation,6,8,0.95221,1.6666702079210545,1.6666702079210545,15
OTm_orientation,6.25,8,0.95221,1.6666702079210545,1.6666702079210545,15
OTm_orientation,6.5,8,0.95221,1.6666702079210545,1.6666702079210545,15
OTm_orientation,6.75,9,0.95221,1.6666702079210545,1.6666702079210545,15
OTm_orientation,7,9,0.95221,1.6666702079210545,1.6666702079210545,15
OTm_orientation,7.25,9,0.95221,1.6666702079210545,1.6666702079210545,15
OTm_orientation,7.5,9,0.95221,1.6666702079210545,1.6666702079210545,15
OTm_orientation,7.75,9,0.95221,1.6666702079210545,1.6666702079210545,15
OTm_orientation,8,9,0.95221,1.6666702079210545,1.6666702079210545,15
OTm_orientation,8.25,9,0.95221,1.6666702079210545,1.6666702079210545,15
OTm_orientation,8.5,10,0.95221,1.6666702079210545,1.6666702079210545,15
OTm_orientation,8.75,10,0.95221,1.6666702079210545,1.6666702079210545,15
OTm_orientation,9,10,0.95221,1.6666702079210545,1.6666702079210545,15
OTm_orientation,9.25,10,0.95221,1.6666702079210545,1.6666702079210545,15
OTm_orientation,9.5,10,0.95221,1.6666702079210545,1.6666702079210545,15
OTm_orientation,9.75,10,0.95221,1.6666702079210545,1.6666702079210545,15
OTm_orientation,10,10,0.95221,1.6666702079210545,1.6666702079210545,15
OTm_orientation,10.25,10,0.95221,1.6666702079210545,1.6666702079210545,15
OTm_orientation,10.5,10,0.95221,1.6666702079210545,1.6666702079210545,15
OTm_orientation,10.75,10,0.95221,1.6666702079210545,1.6666702079210545,15
OTm_orientation,11,10,0.95221,1.6666702079210545,1.6666702079210545,15
OTm_orientation,11.25,10,0.95221,1.6666702079210545,1.6666702079210545,15
OTm_orientation,11.5,10,0.95221,1.6666702079210545,1.6666702079210545,15
OTm_orientation,11.75,10,0.95221,1.6666702079210545,1.6666702079210545,15
OTm_orientation,12,10,0.95221,1.6666702079210545,1.6666702079210545,15
OTm_orientation,6,9,0.97725,2.0000024438996027,2.0000024438996027,16
OTm_orientation,6.25,9,0.97725,2.0000024438996027,2.0000024438996027,16
OTm_orientation,6.5,9,0.97725,2.0000024438996027,2.0000024438996027,16
OTm_orientation,6.75,9,0.97725,2.0000024438996027,2.0000024438996027,16
OTm_orientation,7,9,0.97725,2.0000024438996027,2.0000024438996027,16
OTm_orientation,7.25,9,0.97725,2.0000024438996027,2.0000024438996027,16
OTm_orientation,7.5,10,0.97725,2.0000024438996027,2.0000024438996027,16
OTm_orientation,7.75,10,0.97725,2.0000024438996027,2.0000024438996027,16
OTm_orientation,8,10,0.97725,2.0000024438996027,2.0000024438996027,16
OTm_orientation,8.25,10,0.97725,2.0000024438996027,2.0000024438996027,16
OTm_orientation,8.5,10,0.97725,2.0000024438996027,2.0000024438996027,16
OTm_orientation,8.75,10,0.97725,2.0000024438996027,2.0000024438996027,16
OTm_orientation,9,10,0.97725,2.0000024438996027,2.0000024438996027,16
OTm_orientation,9.25,10,0.97725,2.0000024438996027,2.0000024438996027,16
OTm_orientation,9.5,10,0.97725,2.0000024438996027,2.0000024438996027,16
OTm_orientation,9.75,10,0.97725,2.0000024438996027,2.0000024438996027,16
OTm_orientation,10,10,0.97725,2.0000024438996027,2.0000024438996027,16
OTm_orientation,10.25,10,0.97725,2.0000024438996027,2.0000024438996027,16
OTm_orientation,10.5,10,0.97725,2.0000024438996027,2.0000024438996027,16
OTm_orientation,10.75,10,0.97725,2.0000024438996027,2.0000024438996027,16
OTm_orientation,11,10,0.97725,2.0000024438996027,2.0000024438996027,16
OTm_orientation,11.25,10,0.97725,2.0000024438996027,2.0000024438996027,16
OTm_orientation,11.5,10,0.97725,2.0000024438996027,2.0000024438996027,16
OTm_orientation,11.75,10,0.97725,2.0000024438996027,2.0000024438996027,16
OTm_orientation,12,10,0.97725,2.0000024438996027,2.0000024438996027,16
OTm_orientation,6,9,0.99018,2.3331552225672416,2.3331552225672416,17
OTm_orientation,6.25,9,0.99018,2.3331552225672416,2.3331552225672416,17
OTm_orientation,6.5,9,0.99018,2.3331552225672416,2.3331552225672416,17
OTm_orientation,6.75,10,0.99018,2.3331552225672416,2.3331552225672416,17
OTm_orientation,7,10,0.99018,2.3331552225672416,2.3331552225672416,17
OTm_orientation,7.25,10,0.99018,2.3331552225672416,2.3331552225672416,17
OTm_orientation,7.5,10,0.99018,2.3331552225672416,2.3331552225672416,17
OTm_orientation,7.75,10,0.99018,2.3331552225672416,2.3331552225672416,17
OTm_orientation,8,10,0.99018,2.3331552225672416,2.3331552225672416,17
OTm_orientation,8.25,10,0.99018,2.3331552225672416,2.3331552225672416,17
OTm_orientation,8.5,10,0.99018,2.3331552225672416,2.3331552225672416,17
OTm_orientation,8.75,10,0.99018,2.3331552225672416,2.3331552225672416,17
OTm_orientation,9,10,0.99018,2.3331552225672416,2.3331552225672416,17
OTm_orientation,9.25,10,0.99018,2.3331552225672416,2.3331552225672416,17
OTm_orientation,9.5,10,0.99018,2.3331552225672416,2.3331552225672416,17
OTm_orientation,9.75,10,0.99018,2.3331552225672416,2.3331552225672416,17
OTm_orientation,10,10,0.99018,2.3331552225672416,2.3331552225672416,17
OTm_orientation,10.25,10,0.99018,2.3331552225672416,2.3331552225672416,17
OTm_orientation,10.5,10,0.99018,2.3331552225672416,2.3331552225672416,17
OTm_orientation,10.75,10,0.99018,2.3331552225672416,2.3331552225672416,17
OTm_orientation,11,10,0.99018,2.3331552225672416,2.3331552225672416,17
OTm_orientation,11.25,10,0.99018,2.3331552225672416,2.3331552225672416,17
OTm_orientation,11.5,10,0.99018,2.3331552225672416,2.3331552225672416,17
OTm_orientation,11.75,10,0.99018,2.3331552225672416,2.3331552225672416,17
OTm_orientation,12,10,0.99018,2.3331552225672416,2.3331552225672416,17
OTm_orientation,6,10,0.99617,2.6667000630340683,2.6667000630340683,18
OTm_orientation,6.25,10,0.99617,2.6667000630340683,2.6667000630340683,18
OTm_orientation,6.5,10,0.99617,2.6667000630340683,2.6667000630340683,18
OTm_orientation,6.75,10,0.99617,2.6667000630340683,2.6667000630340683,18
OTm_orientation,7,10,0.99617,2.6667000630340683,2.6667000630340683,18
OTm_orientation,7.25,10,0.99617,2.6667000630340683,2.6667000630340683,18
OTm_orientation,7.5,10,0.99617,2.6667000630340683,2.6667000630340683,18
OTm_orientation,7.75,10,0.99617,2.6667000630340683,2.6667000630340683,18
OTm_orientation,8,10,0.99617,2.6667000630340683,2.6667000630340683,18
OTm_orientation,8.25,10,0.99617,2.6667000630340683,2.6667000630340683,18
OTm_orientation,8.5,10,0.99617,2.6667000630340683,2.6667000630340683,18
OTm_orientation,8.75,10,0.99617,2.6667000630340683,2.6667000630340683,18
OTm_orientation,9,10,0.99617,2.6667000630340683,2.6667000630340683,18
OTm_orientation,9.25,10,0.99617,2.6667000630340683,2.6667000630340683,18
OTm_orientation,9.5,10,0.99617,2.6667000630340683,2.6667000630340683,18
OTm_orientation,9.75,10,0.99617,2.6667000630340683,2.6667000630340683,18
OTm_orientation,10,10,0.99617,2.6667000630340683,2.6667000630340683,18
OTm_orientation,10.25,10,0.99617,2.6667000630340683,2.6667000630340683,18
OTm_orientation,10.5,10,0.99617,2.6667000630340683,2.6667000630340683,18
OTm_orientation,10.75,10,0.99617,2.6667000630340683,2.6667000630340683,18
OTm_orientation,11,10,0.99617,2.6667000630340683,2.6667000630340683,18
OTm_orientation,11.25,10,0.99617,2.6667000630340683,2.6667000630340683,18
OTm_orientation,11.5,10,0.99617,2.6667000630340683,2.6667000630340683,18
OTm_orientation,11.75,10,0.99617,2.6667000630340683,2.6667000630340683,18
OTm_orientation,12,10,0.99617,2.6667000630340683,2.6667000630340683,18
OTm_orientation,6,10,0.99865,2.999976992703401,2.999976992703401,19
OTm_orientation,6.25,10,0.99865,2.999976992703401,2.999976992703401,19
OTm_orientation,6.5,10,0.99865,2.999976992703401,2.999976992703401,19
OTm_orientation,6.75,10,0.99865,2.999976992703401,2.999976992703401,19
OTm_orientation,7,10,0.99865,2.999976992703401,2.999976992703401,19
OTm_orientation,7.25,10,0.99865,2.999976992703401,2.999976992703401,19
OTm_orientation,7.5,10,0.99865,2.999976992703401,2.999976992703401,19
OTm_orientation,7.75,10,0.99865,2.999976992703401,2.999976992703401,19
OTm_orientation,8,10,0.99865,2.999976992703401,2.999976992703401,19
OTm_orientation,8.25,10,0.99865,2.999976992703401,2.999976992703401,19
OTm_orientation,8.5,10,0.99865,2.999976992703401,2.999976992703401,19
OTm_orientation,8.75,10,0.99865,2.999976992703401,2.999976992703401,19
OTm_orientation,9,10,0.99865,2.999976992703401,2.999976992703401,19
OTm_orientation,9.25,10,0.99865,2.999976992703401,2.999976992703401,19
OTm_orientation,9.5,10,0.99865,2.999976992703401,2.999976992703401,19
OTm_orientation,9.75,10,0.99865,2.999976992703401,2.999976992703401,19
OTm_orientation,10,10,0.99865,2.999976992703401,2.999976992703401,19
OTm_orientation,10.25,10,0.99865,2.999976992703401,2.999976992703401,19
OTm_orientation,10.5,10,0.99865,2.999976992703401,2.999976992703401,19
OTm_orientation,10.75,10,0.99865,2.999976992703401,2.999976992703401,19
OTm_orientation,11,10,0.99865,2.999976992703401,2.999976992703401,19
OTm_orientation,11.25,10,0.99865,2.999976992703401,2.999976992703401,19
OTm_orientation,11.5,10,0.99865,2.999976992703401,2.999976992703401,19
OTm_orientation,11.75,10,0.99865,2.999976992703401,2.999976992703401,19
OTm_orientation,12,10,0.99865,2.999976992703401,2.999976992703401,19
OTm_orientation,6,2,0.05,-1.6448536269514726,-1.6448536269514726,5
OTm_orientation,6.25,2,0.05,-1.6448536269514726,-1.6448536269514726,5
OTm_orientation,6.5,2,0.05,-1.6448536269514726,-1.6448536269514726,5
OTm_orientation,6.75,2,0.05,-1.6448536269514726,-1.6448536269514726,5
OTm_orientation,7,3,0.05,-1.6448536269514726,-1.6448536269514726,5
OTm_orientation,7.25,3,0.05,-1.6448536269514726,-1.6448536269514726,5
OTm_orientation,7.5,3,0.05,-1.6448536269514726,-1.6448536269514726,5
OTm_orientation,7.75,3,0.05,-1.6448536269514726,-1.6448536269514726,5
OTm_orientation,8,3,0.05,-1.6448536269514726,-1.6448536269514726,5
OTm_orientation,8.25,4,0.05,-1.6448536269514726,-1.6448536269514726,5
OTm_orientation,8.5,4,0.05,-1.6448536269514726,-1.6448536269514726,5
OTm_orientation,8.75,4,0.05,-1.6448536269514726,-1.6448536269514726,5
OTm_orientation,9,4,0.05,-1.6448536269514726,-1.6448536269514726,5
OTm_orientation,9.25,4,0.05,-1.6448536269514726,-1.6448536269514726,5
OTm_orientation,9.5,5,0.05,-1.6448536269514726,-1.6448536269514726,5
OTm_orientation,9.75,5,0.05,-1.6448536269514726,-1.6448536269514726,5
OTm_orientation,10,5,0.05,-1.6448536269514726,-1.6448536269514726,5
OTm_orientation,10.25,5,0.05,-1.6448536269514726,-1.6448536269514726,5
OTm_orientation,10.5,5,0.05,-1.6448536269514726,-1.6448536269514726,5
OTm_orientation,10.75,6,0.05,-1.6448536269514726,-1.6448536269514726,5
OTm_orientation,11,6,0.05,-1.6448536269514726,-1.6448536269514726,5
OTm_orientation,11.25,6,0.05,-1.6448536269514726,-1.6448536269514726,5
OTm_orientation,11.5,6,0.05,-1.6448536269514726,-1.6448536269514726,5
OTm_orientation,11.75,6,0.05,-1.6448536269514726,-1.6448536269514726,5
OTm_orientation,12,6,0.05,-1.6448536269514726,-1.6448536269514726,5
OTm_orientation,6,2,0.1,-1.2815515655446008,-1.2815515655446008,6
OTm_orientation,6.25,3,0.1,-1.2815515655446008,-1.2815515655446008,6
OTm_orientation,6.5,3,0.1,-1.2815515655446008,-1.2815515655446008,6
OTm_orientation,6.75,3,0.1,-1.2815515655446008,-1.2815515655446008,6
OTm_orientation,7,3,0.1,-1.2815515655446008,-1.2815515655446008,6
OTm_orientation,7.25,3,0.1,-1.2815515655446008,-1.2815515655446008,6
OTm_orientation,7.5,4,0.1,-1.2815515655446008,-1.2815515655446008,6
OTm_orientation,7.75,4,0.1,-1.2815515655446008,-1.2815515655446008,6
OTm_orientation,8,4,0.1,-1.2815515655446008,-1.2815515655446008,6
OTm_orientation,8.25,4,0.1,-1.2815515655446008,-1.2815515655446008,6
OTm_orientation,8.5,5,0.1,-1.2815515655446008,-1.2815515655446008,6
OTm_orientation,8.75,5,0.1,-1.2815515655446008,-1.2815515655446008,6
OTm_orientation,9,5,0.1,-1.2815515655446008,-1.2815515655446008,6
OTm_orientation,9.25,5,0.1,-1.2815515655446008,-1.2815515655446008,6
OTm_orientation,9.5,5,0.1,-1.2815515655446008,-1.2815515655446008,6
OTm_orientation,9.75,6,0.1,-1.2815515655446008,-1.2815515655446008,6
OTm_orientation,10,6,0.1,-1.2815515655446008,-1.2815515655446008,6
OTm_orientation,10.25,6,0.1,-1.2815515655446008,-1.2815515655446008,6
OTm_orientation,10.5,6,0.1,-1.2815515655446008,-1.2815515655446008,6
OTm_orientation,10.75,6,0.1,-1.2815515655446008,-1.2815515655446008,6
OTm_orientation,11,6,0.1,-1.2815515655446008,-1.2815515655446008,6
OTm_orientation,11.25,7,0.1,-1.2815515655446008,-1.2815515655446008,6
OTm_orientation,11.5,7,0.1,-1.2815515655446008,-1.2815515655446008,6
OTm_orientation,11.75,7,0.1,-1.2815515655446008,-1.2815515655446008,6
OTm_orientation,12,7,0.1,-1.2815515655446008,-1.2815515655446008,6
OTm_orientation,6,3,0.15,-1.0364333894937894,-1.0364333894937894,7
OTm_orientation,6.25,3,0.15,-1.0364333894937894,-1.0364333894937894,7
OTm_orientation,6.5,3,0.15,-1.0364333894937894,-1.0364333894937894,7
OTm_orientation,6.75,4,0.15,-1.0364333894937894,-1.0364333894937894,7
OTm_orientation,7,4,0.15,-1.0364333894937894,-1.0364333894937894,7
OTm_orientation,7.25,4,0.15,-1.0364333894937894,-1.0364333894937894,7
OTm_orientation,7.5,4,0.15,-1.0364333894937894,-1.0364333894937894,7
OTm_orientation,7.75,4,0.15,-1.0364333894937894,-1.0364333894937894,7
OTm_orientation,8,5,0.15,-1.0364333894937894,-1.0364333894937894,7
OTm_orientation,8.25,5,0.15,-1.0364333894937894,-1.0364333894937894,7
OTm_orientation,8.5,5,0.15,-1.0364333894937894,-1.0364333894937894,7
OTm_orientation,8.75,5,0.15,-1.0364333894937894,-1.0364333894937894,7
OTm_orientation,9,5,0.15,-1.0364333894937894,-1.0364333894937894,7
OTm_orientation,9.25,6,0.15,-1.0364333894937894,-1.0364333894937894,7
OTm_orientation,9.5,6,0.15,-1.0364333894937894,-1.0364333894937894,7
OTm_orientation,9.75,6,0.15,-1.0364333894937894,-1.0364333894937894,7
OTm_orientation,10,6,0.15,-1.0364333894937894,-1.0364333894937894,7
OTm_orientation,10.25,6,0.15,-1.0364333894937894,-1.0364333894937894,7
OTm_orientation,10.5,7,0.15,-1.0364333894937894,-1.0364333894937894,7
OTm_orientation,10.75,7,0.15,-1.0364333894937894,-1.0364333894937894,7
OTm_orientation,11,7,0.15,-1.0364333894937894,-1.0364333894937894,7
OTm_orientation,11.25,7,0.15,-1.0364333894937894,-1.0364333894937894,7
OTm_orientation,11.5,7,0.15,-1.0364333894937894,-1.0364333894937894,7
OTm_orientation,11.75,7,0.15,-1.0364333894937894,-1.0364333894937894,7
OTm_orientation,12,7,0.15,-1.0364333894937894,-1.0364333894937894,7
OTm_orientation,6,3,0.2,-0.8416212335729142,-0.8416212335729142,7
OTm_orientation,6.25,4,0.2,-0.8416212335729142,-0.8416212335729142,7
OTm_orientation,6.5,4,0.2,-0.8416212335729142,-0.8416212335729142,7
OTm_orientation,6.75,4,0.2,-0.8416212335729142,-0.8416212335729142,7
OTm_orientation,7,4,0.2,-0.8416212335729142,-0.8416212335729142,7
OTm_orientation,7.25,4,0.2,-0.8416212335729142,-0.8416212335729142,7
OTm_orientation,7.5,5,0.2,-0.8416212335729142,-0.8416212335729142,7
OTm_orientation,7.75,5,0.2,-0.8416212335729142,-0.8416212335729142,7
OTm_orientation,8,5,0.2,-0.8416212335729142,-0.8416212335729142,7
OTm_orientation,8.25,5,0.2,-0.8416212335729142,-0.8416212335729142,7
OTm_orientation,8.5,5,0.2,-0.8416212335729142,-0.8416212335729142,7
OTm_orientation,8.75,6,0.2,-0.8416212335729142,-0.8416212335729142,7
OTm_orientation,9,6,0.2,-0.8416212335729142,-0.8416212335729142,7
OTm_orientation,9.25,6,0.2,-0.8416212335729142,-0.8416212335729142,7
OTm_orientation,9.5,6,0.2,-0.8416212335729142,-0.8416212335729142,7
OTm_orientation,9.75,6,0.2,-0.8416212335729142,-0.8416212335729142,7
OTm_orientation,10,7,0.2,-0.8416212335729142,-0.8416212335729142,7
OTm_orientation,10.25,7,0.2,-0.8416212335729142,-0.8416212335729142,7
OTm_orientation,10.5,7,0.2,-0.8416212335729142,-0.8416212335729142,7
OTm_orientation,10.75,7,0.2,-0.8416212335729142,-0.8416212335729142,7
OTm_orientation,11,7,0.2,-0.8416212335729142,-0.8416212335729142,7
OTm_orientation,11.25,7,0.2,-0.8416212335729142,-0.8416212335729142,7
OTm_orientation,11.5,8,0.2,-0.8416212335729142,-0.8416212335729142,7
OTm_orientation,11.75,8,0.2,-0.8416212335729142,-0.8416212335729142,7
OTm_orientation,12,8,0.2,-0.8416212335729142,-0.8416212335729142,7
OTm_orientation,6,4,0.25,-0.6744897501960817,-0.6744897501960817,8
OTm_orientation,6.25,4,0.25,-0.6744897501960817,-0.6744897501960817,8
OTm_orientation,6.5,4,0.25,-0.6744897501960817,-0.6744897501960817,8
OTm_orientation,6.75,4,0.25,-0.6744897501960817,-0.6744897501960817,8
OTm_orientation,7,4,0.25,-0.6744897501960817,-0.6744897501960817,8
OTm_orientation,7.25,5,0.25,-0.6744897501960817,-0.6744897501960817,8
OTm_orientation,7.5,5,0.25,-0.6744897501960817,-0.6744897501960817,8
OTm_orientation,7.75,5,0.25,-0.6744897501960817,-0.6744897501960817,8
OTm_orientation,8,5,0.25,-0.6744897501960817,-0.6744897501960817,8
OTm_orientation,8.25,6,0.25,-0.6744897501960817,-0.6744897501960817,8
OTm_orientation,8.5,6,0.25,-0.6744897501960817,-0.6744897501960817,8
OTm_orientation,8.75,6,0.25,-0.6744897501960817,-0.6744897501960817,8
OTm_orientation,9,6,0.25,-0.6744897501960817,-0.6744897501960817,8
OTm_orientation,9.25,6,0.25,-0.6744897501960817,-0.6744897501960817,8
OTm_orientation,9.5,7,0.25,-0.6744897501960817,-0.6744897501960817,8
OTm_orientation,9.75,7,0.25,-0.6744897501960817,-0.6744897501960817,8
OTm_orientation,10,7,0.25,-0.6744897501960817,-0.6744897501960817,8
OTm_orientation,10.25,7,0.25,-0.6744897501960817,-0.6744897501960817,8
OTm_orientation,10.5,7,0.25,-0.6744897501960817,-0.6744897501960817,8
OTm_orientation,10.75,7,0.25,-0.6744897501960817,-0.6744897501960817,8
OTm_orientation,11,8,0.25,-0.6744897501960817,-0.6744897501960817,8
OTm_orientation,11.25,8,0.25,-0.6744897501960817,-0.6744897501960817,8
OTm_orientation,11.5,8,0.25,-0.6744897501960817,-0.6744897501960817,8
OTm_orientation,11.75,8,0.25,-0.6744897501960817,-0.6744897501960817,8
OTm_orientation,12,8,0.25,-0.6744897501960817,-0.6744897501960817,8
OTm_orientation,6,4,0.3,-0.5244005127080407,-0.5244005127080407,8
OTm_orientation,6.25,4,0.3,-0.5244005127080407,-0.5244005127080407,8
OTm_orientation,6.5,4,0.3,-0.5244005127080407,-0.5244005127080407,8
OTm_orientation,6.75,5,0.3,-0.5244005127080407,-0.5244005127080407,8
OTm_orientation,7,5,0.3,-0.5244005127080407,-0.5244005127080407,8
OTm_orientation,7.25,5,0.3,-0.5244005127080407,-0.5244005127080407,8
OTm_orientation,7.5,5,0.3,-0.5244005127080407,-0.5244005127080407,8
OTm_orientation,7.75,5,0.3,-0.5244005127080407,-0.5244005127080407,8
OTm_orientation,8,6,0.3,-0.5244005127080407,-0.5244005127080407,8
OTm_orientation,8.25,6,0.3,-0.5244005127080407,-0.5244005127080407,8
OTm_orientation,8.5,6,0.3,-0.5244005127080407,-0.5244005127080407,8
OTm_orientation,8.75,6,0.3,-0.5244005127080407,-0.5244005127080407,8
OTm_orientation,9,6,0.3,-0.5244005127080407,-0.5244005127080407,8
OTm_orientation,9.25,7,0.3,-0.5244005127080407,-0.5244005127080407,8
OTm_orientation,9.5,7,0.3,-0.5244005127080407,-0.5244005127080407,8
OTm_orientation,9.75,7,0.3,-0.5244005127080407,-0.5244005127080407,8
OTm_orientation,10,7,0.3,-0.5244005127080407,-0.5244005127080407,8
OTm_orientation,10.25,7,0.3,-0.5244005127080407,-0.5244005127080407,8
OTm_orientation,10.5,7,0.3,-0.5244005127080407,-0.5244005127080407,8
OTm_orientation,10.75,8,0.3,-0.5244005127080407,-0.5244005127080407,8
OTm_orientation,11,8,0.3,-0.5244005127080407,-0.5244005127080407,8
OTm_orientation,11.25,8,0.3,-0.5244005127080407,-0.5244005127080407,8
OTm_orientation,11.5,8,0.3,-0.5244005127080407,-0.5244005127080407,8
OTm_orientation,11.75,8,0.3,-0.5244005127080407,-0.5244005127080407,8
OTm_orientation,12,8,0.3,-0.5244005127080407,-0.5244005127080407,8
OTm_orientation,6,4,0.35,-0.3853204664075676,-0.3853204664075676,9
OTm_orientation,6.25,4,0.35,-0.3853204664075676,-0.3853204664075676,9
OTm_orientation,6.5,5,0.35,-0.3853204664075676,-0.3853204664075676,9
OTm_orientation,6.75,5,0.35,-0.3853204664075676,-0.3853204664075676,9
OTm_orientation,7,5,0.35,-0.3853204664075676,-0.3853204664075676,9
OTm_orientation,7.25,5,0.35,-0.3853204664075676,-0.3853204664075676,9
OTm_orientation,7.5,5,0.35,-0.3853204664075676,-0.3853204664075676,9
OTm_orientation,7.75,6,0.35,-0.3853204664075676,-0.3853204664075676,9
OTm_orientation,8,6,0.35,-0.3853204664075676,-0.3853204664075676,9
OTm_orientation,8.25,6,0.35,-0.3853204664075676,-0.3853204664075676,9
OTm_orientation,8.5,6,0.35,-0.3853204664075676,-0.3853204664075676,9
OTm_orientation,8.75,7,0.35,-0.3853204664075676,-0.3853204664075676,9
OTm_orientation,9,7,0.35,-0.3853204664075676,-0.3853204664075676,9
OTm_orientation,9.25,7,0.35,-0.3853204664075676,-0.3853204664075676,9
OTm_orientation,9.5,7,0.35,-0.3853204664075676,-0.3853204664075676,9
OTm_orientation,9.75,7,0.35,-0.3853204664075676,-0.3853204664075676,9
OTm_orientation,10,7,0.35,-0.3853204664075676,-0.3853204664075676,9
OTm_orientation,10.25,8,0.35,-0.3853204664075676,-0.3853204664075676,9
OTm_orientation,10.5,8,0.35,-0.3853204664075676,-0.3853204664075676,9
OTm_orientation,10.75,8,0.35,-0.3853204664075676,-0.3853204664075676,9
OTm_orientation,11,8,0.35,-0.3853204664075676,-0.3853204664075676,9
OTm_orientation,11.25,8,0.35,-0.3853204664075676,-0.3853204664075676,9
OTm_orientation,11.5,8,0.35,-0.3853204664075676,-0.3853204664075676,9
OTm_orientation,11.75,8,0.35,-0.3853204664075676,-0.3853204664075676,9
OTm_orientation,12,9,0.35,-0.3853204664075676,-0.3853204664075676,9
OTm_orientation,6,4,0.4,-0.2533471031357998,-0.2533471031357998,9
OTm_orientation,6.25,5,0.4,-0.2533471031357998,-0.2533471031357998,9
OTm_orientation,6.5,5,0.4,-0.2533471031357998,-0.2533471031357998,9
OTm_orientation,6.75,5,0.4,-0.2533471031357998,-0.2533471031357998,9
OTm_orientation,7,5,0.4,-0.2533471031357998,-0.2533471031357998,9
OTm_orientation,7.25,6,0.4,-0.2533471031357998,-0.2533471031357998,9
OTm_orientation,7.5,6,0.4,-0.2533471031357998,-0.2533471031357998,9
OTm_orientation,7.75,6,0.4,-0.2533471031357998,-0.2533471031357998,9
OTm_orientation,8,6,0.4,-0.2533471031357998,-0.2533471031357998,9
OTm_orientation,8.25,6,0.4,-0.2533471031357998,-0.2533471031357998,9
OTm_orientation,8.5,7,0.4,-0.2533471031357998,-0.2533471031357998,9
OTm_orientation,8.75,7,0.4,-0.2533471031357998,-0.2533471031357998,9
OTm_orientation,9,7,0.4,-0.2533471031357998,-0.2533471031357998,9
OTm_orientation,9.25,7,0.4,-0.2533471031357998,-0.2533471031357998,9
OTm_orientation,9.5,7,0.4,-0.2533471031357998,-0.2533471031357998,9
OTm_orientation,9.75,7,0.4,-0.2533471031357998,-0.2533471031357998,9
OTm_orientation,10,8,0.4,-0.2533471031357998,-0.2533471031357998,9
OTm_orientation,10.25,8,0.4,-0.2533471031357998,-0.2533471031357998,9
OTm_orientation,10.5,8,0.4,-0.2533471031357998,-0.2533471031357998,9
OTm_orientation,10.75,8,0.4,-0.2533471031357998,-0.2533471031357998,9
OTm_orientation,11,8,0.4,-0.2533471031357998,-0.2533471031357998,9
OTm_orientation,11.25,8,0.4,-0.2533471031357998,-0.2533471031357998,9
OTm_orientation,11.5,8,0.4,-0.2533471031357998,-0.2533471031357998,9
OTm_orientation,11.75,9,0.4,-0.2533471031357998,-0.2533471031357998,9
OTm_orientation,12,9,0.4,-0.2533471031357998,-0.2533471031357998,9
OTm_orientation,6,5,0.45,-0.125661346855074,-0.125661346855074,10
OTm_orientation,6.25,5,0.45,-0.125661346855074,-0.125661346855074,10
OTm_orientation,6.5,5,0.45,-0.125661346855074,-0.125661346855074,10
OTm_orientation,6.75,5,0.45,-0.125661346855074,-0.125661346855074,10
OTm_orientation,7,6,0.45,-0.125661346855074,-0.125661346855074,10
OTm_orientation,7.25,6,0.45,-0.125661346855074,-0.125661346855074,10
OTm_orientation,7.5,6,0.45,-0.125661346855074,-0.125661346855074,10
OTm_orientation,7.75,6,0.45,-0.125661346855074,-0.125661346855074,10
OTm_orientation,8,6,0.45,-0.125661346855074,-0.125661346855074,10
OTm_orientation,8.25,7,0.45,-0.125661346855074,-0.125661346855074,10
OTm_orientation,8.5,7,0.45,-0.125661346855074,-0.125661346855074,10
OTm_orientation,8.75,7,0.45,-0.125661346855074,-0.125661346855074,10
OTm_orientation,9,7,0.45,-0.125661346855074,-0.125661346855074,10
OTm_orientation,9.25,7,0.45,-0.125661346855074,-0.125661346855074,10
OTm_orientation,9.5,8,0.45,-0.125661346855074,-0.125661346855074,10
OTm_orientation,9.75,8,0.45,-0.125661346855074,-0.125661346855074,10
OTm_orientation,10,8,0.45,-0.125661346855074,-0.125661346855074,10
OTm_orientation,10.25,8,0.45,-0.125661346855074,-0.125661346855074,10
OTm_orientation,10.5,8,0.45,-0.125661346855074,-0.125661346855074,10
OTm_orientation,10.75,8,0.45,-0.125661346855074,-0.125661346855074,10
OTm_orientation,11,8,0.45,-0.125661346855074,-0.125661346855074,10
OTm_orientation,11.25,9,0.45,-0.125661346855074,-0.125661346855074,10
OTm_orientation,11.5,9,0.45,-0.125661346855074,-0.125661346855074,10
OTm_orientation,11.75,9,0.45,-0.125661346855074,-0.125661346855074,10
OTm_orientation,12,9,0.45,-0.125661346855074,-0.125661346855074,10
OTm_orientation,6,5,0.5,0,0,10
OTm_orientation,6.25,5,0.5,0,0,10
OTm_orientation,6.5,5,0.5,0,0,10
OTm_orientation,6.75,6,0.5,0,0,10
OTm_orientation,7,6,0.5,0,0,10
OTm_orientation,7.25,6,0.5,0,0,10
OTm_orientation,7.5,6,0.5,0,0,10
OTm_orientation,7.75,6,0.5,0,0,10
OTm_orientation,8,7,0.5,0,0,10
OTm_orientation,8.25,7,0.5,0,0,10
OTm_orientation,8.5,7,0.5,0,0,10
OTm_orientation,8.75,7,0.5,0,0,10
OTm_orientation,9,7,0.5,0,0,10
OTm_orientation,9.25,8,0.5,0,0,10
OTm_orientation,9.5,8,0.5,0,0,10
OTm_orientation,9.75,8,0.5,0,0,10
OTm_orientation,10,8,0.5,0,0,10
OTm_orientation,10.25,8,0.5,0,0,10
OTm_orientation,10.5,8,0.5,0,0,10
OTm_orientation,10.75,8,0.5,0,0,10
OTm_orientation,11,9,0.5,0,0,10
OTm_orientation,11.25,9,0.5,0,0,10
OTm_orientation,11.5,9,0.5,0,0,10
OTm_orientation,11.75,9,0.5,0,0,10
OTm_orientation,12,9,0.5,0,0,10
OTm_orientation,6,5,0.55,0.12566134685507413,0.12566134685507413,10
OTm_orientation,6.25,5,0.55,0.12566134685507413,0.12566134685507413,10
OTm_orientation,6.5,6,0.55,0.12566134685507413,0.12566134685507413,10
OTm_orientation,6.75,6,0.55,0.12566134685507413,0.12566134685507413,10
OTm_orientation,7,6,0.55,0.12566134685507413,0.12566134685507413,10
OTm_orientation,7.25,6,0.55,0.12566134685507413,0.12566134685507413,10
OTm_orientation,7.5,6,0.55,0.12566134685507413,0.12566134685507413,10
OTm_orientation,7.75,7,0.55,0.12566134685507413,0.12566134685507413,10
OTm_orientation,8,7,0.55,0.12566134685507413,0.12566134685507413,10
OTm_orientation,8.25,7,0.55,0.12566134685507413,0.12566134685507413,10
OTm_orientation,8.5,7,0.55,0.12566134685507413,0.12566134685507413,10
OTm_orientation,8.75,7,0.55,0.12566134685507413,0.12566134685507413,10
OTm_orientation,9,8,0.55,0.12566134685507413,0.12566134685507413,10
OTm_orientation,9.25,8,0.55,0.12566134685507413,0.12566134685507413,10
OTm_orientation,9.5,8,0.55,0.12566134685507413,0.12566134685507413,10
OTm_orientation,9.75,8,0.55,0.12566134685507413,0.12566134685507413,10
OTm_orientation,10,8,0.55,0.12566134685507413,0.12566134685507413,10
OTm_orientation,10.25,8,0.55,0.12566134685507413,0.12566134685507413,10
OTm_orientation,10.5,9,0.55,0.12566134685507413,0.12566134685507413,10
OTm_orientation,10.75,9,0.55,0.12566134685507413,0.12566134685507413,10
OTm_orientation,11,9,0.55,0.12566134685507413,0.12566134685507413,10
OTm_orientation,11.25,9,0.55,0.12566134685507413,0.12566134685507413,10
OTm_orientation,11.5,9,0.55,0.12566134685507413,0.12566134685507413,10
OTm_orientation,11.75,9,0.55,0.12566134685507413,0.12566134685507413,10
OTm_orientation,12,9,0.55,0.12566134685507413,0.12566134685507413,10
OTm_orientation,6,5,0.6,0.2533471031357998,0.2533471031357998,11
OTm_orientation,6.25,6,0.6,0.2533471031357998,0.2533471031357998,11
OTm_orientation,6.5,6,0.6,0.2533471031357998,0.2533471031357998,11
OTm_orientation,6.75,6,0.6,0.2533471031357998,0.2533471031357998,11
OTm_orientation,7,6,0.6,0.2533471031357998,0.2533471031357998,11
OTm_orientation,7.25,7,0.6,0.2533471031357998,0.2533471031357998,11
OTm_orientation,7.5,7,0.6,0.2533471031357998,0.2533471031357998,11
OTm_orientation,7.75,7,0.6,0.2533471031357998,0.2533471031357998,11
OTm_orientation,8,7,0.6,0.2533471031357998,0.2533471031357998,11
OTm_orientation,8.25,7,0.6,0.2533471031357998,0.2533471031357998,11
OTm_orientation,8.5,7,0.6,0.2533471031357998,0.2533471031357998,11
OTm_orientation,8.75,8,0.6,0.2533471031357998,0.2533471031357998,11
OTm_orientation,9,8,0.6,0.2533471031357998,0.2533471031357998,11
OTm_orientation,9.25,8,0.6,0.2533471031357998,0.2533471031357998,11
OTm_orientation,9.5,8,0.6,0.2533471031357998,0.2533471031357998,11
OTm_orientation,9.75,8,0.6,0.2533471031357998,0.2533471031357998,11
OTm_orientation,10,8,0.6,0.2533471031357998,0.2533471031357998,11
OTm_orientation,10.25,9,0.6,0.2533471031357998,0.2533471031357998,11
OTm_orientation,10.5,9,0.6,0.2533471031357998,0.2533471031357998,11
OTm_orientation,10.75,9,0.6,0.2533471031357998,0.2533471031357998,11
OTm_orientation,11,9,0.6,0.2533471031357998,0.2533471031357998,11
OTm_orientation,11.25,9,0.6,0.2533471031357998,0.2533471031357998,11
OTm_orientation,11.5,9,0.6,0.2533471031357998,0.2533471031357998,11
OTm_orientation,11.75,9,0.6,0.2533471031357998,0.2533471031357998,11
OTm_orientation,12,9,0.6,0.2533471031357998,0.2533471031357998,11
OTm_orientation,6,6,0.65,0.3853204664075676,0.3853204664075676,11
OTm_orientation,6.25,6,0.65,0.3853204664075676,0.3853204664075676,11
OTm_orientation,6.5,6,0.65,0.3853204664075676,0.3853204664075676,11
OTm_orientation,6.75,6,0.65,0.3853204664075676,0.3853204664075676,11
OTm_orientation,7,7,0.65,0.3853204664075676,0.3853204664075676,11
OTm_orientation,7.25,7,0.65,0.3853204664075676,0.3853204664075676,11
OTm_orientation,7.5,7,0.65,0.3853204664075676,0.3853204664075676,11
OTm_orientation,7.75,7,0.65,0.3853204664075676,0.3853204664075676,11
OTm_orientation,8,7,0.65,0.3853204664075676,0.3853204664075676,11
OTm_orientation,8.25,8,0.65,0.3853204664075676,0.3853204664075676,11
OTm_orientation,8.5,8,0.65,0.3853204664075676,0.3853204664075676,11
OTm_orientation,8.75,8,0.65,0.3853204664075676,0.3853204664075676,11
OTm_orientation,9,8,0.65,0.3853204664075676,0.3853204664075676,11
OTm_orientation,9.25,8,0.65,0.3853204664075676,0.3853204664075676,11
OTm_orientation,9.5,8,0.65,0.3853204664075676,0.3853204664075676,11
OTm_orientation,9.75,9,0.65,0.3853204664075676,0.3853204664075676,11
OTm_orientation,10,9,0.65,0.3853204664075676,0.3853204664075676,11
OTm_orientation,10.25,9,0.65,0.3853204664075676,0.3853204664075676,11
OTm_orientation,10.5,9,0.65,0.3853204664075676,0.3853204664075676,11
OTm_orientation,10.75,9,0.65,0.3853204664075676,0.3853204664075676,11
OTm_orientation,11,9,0.65,0.3853204664075676,0.3853204664075676,11
OTm_orientation,11.25,9,0.65,0.3853204664075676,0.3853204664075676,11
OTm_orientation,11.5,9,0.65,0.3853204664075676,0.3853204664075676,11
OTm_orientation,11.75,9,0.65,0.3853204664075676,0.3853204664075676,11
OTm_orientation,12,9,0.65,0.3853204664075676,0.3853204664075676,11
OTm_orientation,6,6,0.7,0.5244005127080407,0.5244005127080407,12
OTm_orientation,6.25,6,0.7,0.5244005127080407,0.5244005127080407,12
OTm_orientation,6.5,6,0.7,0.5244005127080407,0.5244005127080407,12
OTm_orientation,6.75,7,0.7,0.5244005127080407,0.5244005127080407,12
OTm_orientation,7,7,0.7,0.5244005127080407,0.5244005127080407,12
OTm_orientation,7.25,7,0.7,0.5244005127080407,0.5244005127080407,12
OTm_orientation,7.5,7,0.7,0.5244005127080407,0.5244005127080407,12
OTm_orientation,7.75,7,0.7,0.5244005127080407,0.5244005127080407,12
OTm_orientation,8,8,0.7,0.5244005127080407,0.5244005127080407,12
OTm_orientation,8.25,8,0.7,0.5244005127080407,0.5244005127080407,12
OTm_orientation,8.5,8,0.7,0.5244005127080407,0.5244005127080407,12
OTm_orientation,8.75,8,0.7,0.5244005127080407,0.5244005127080407,12
OTm_orientation,9,8,0.7,0.5244005127080407,0.5244005127080407,12
OTm_orientation,9.25,8,0.7,0.5244005127080407,0.5244005127080407,12
OTm_orientation,9.5,9,0.7,0.5244005127080407,0.5244005127080407,12
OTm_orientation,9.75,9,0.7,0.5244005127080407,0.5244005127080407,12
OTm_orientation,10,9,0.7,0.5244005127080407,0.5244005127080407,12
OTm_orientation,10.25,9,0.7,0.5244005127080407,0.5244005127080407,12
OTm_orientation,10.5,9,0.7,0.5244005127080407,0.5244005127080407,12
OTm_orientation,10.75,9,0.7,0.5244005127080407,0.5244005127080407,12
OTm_orientation,11,9,0.7,0.5244005127080407,0.5244005127080407,12
OTm_orientation,11.25,9,0.7,0.5244005127080407,0.5244005127080407,12
OTm_orientation,11.5,9,0.7,0.5244005127080407,0.5244005127080407,12
OTm_orientation,11.75,10,0.7,0.5244005127080407,0.5244005127080407,12
OTm_orientation,12,10,0.7,0.5244005127080407,0.5244005127080407,12
OTm_orientation,6,6,0.75,0.6744897501960817,0.6744897501960817,12
OTm_orientation,6.25,7,0.75,0.6744897501960817,0.6744897501960817,12
OTm_orientation,6.5,7,0.75,0.6744897501960817,0.6744897501960817,12
OTm_orientation,6.75,7,0.75,0.6744897501960817,0.6744897501960817,12
OTm_orientation,7,7,0.75,0.6744897501960817,0.6744897501960817,12
OTm_orientation,7.25,7,0.75,0.6744897501960817,0.6744897501960817,12
OTm_orientation,7.5,8,0.75,0.6744897501960817,0.6744897501960817,12
OTm_orientation,7.75,8,0.75,0.6744897501960817,0.6744897501960817,12
OTm_orientation,8,8,0.75,0.6744897501960817,0.6744897501960817,12
OTm_orientation,8.25,8,0.75,0.6744897501960817,0.6744897501960817,12
OTm_orientation,8.5,8,0.75,0.6744897501960817,0.6744897501960817,12
OTm_orientation,8.75,8,0.75,0.6744897501960817,0.6744897501960817,12
OTm_orientation,9,9,0.75,0.6744897501960817,0.6744897501960817,12
OTm_orientation,9.25,9,0.75,0.6744897501960817,0.6744897501960817,12
OTm_orientation,9.5,9,0.75,0.6744897501960817,0.6744897501960817,12
OTm_orientation,9.75,9,0.75,0.6744897501960817,0.6744897501960817,12
OTm_orientation,10,9,0.75,0.6744897501960817,0.6744897501960817,12
OTm_orientation,10.25,9,0.75,0.6744897501960817,0.6744897501960817,12
OTm_orientation,10.5,9,0.75,0.6744897501960817,0.6744897501960817,12
OTm_orientation,10.75,9,0.75,0.6744897501960817,0.6744897501960817,12
OTm_orientation,11,9,0.75,0.6744897501960817,0.6744897501960817,12
OTm_orientation,11.25,10,0.75,0.6744897501960817,0.6744897501960817,12
OTm_orientation,11.5,10,0.75,0.6744897501960817,0.6744897501960817,12
OTm_orientation,11.75,10,0.75,0.6744897501960817,0.6744897501960817,12
OTm_orientation,12,10,0.75,0.6744897501960817,0.6744897501960817,12
OTm_orientation,6,7,0.8,0.8416212335729144,0.8416212335729144,13
OTm_orientation,6.25,7,0.8,0.8416212335729144,0.8416212335729144,13
OTm_orientation,6.5,7,0.8,0.8416212335729144,0.8416212335729144,13
OTm_orientation,6.75,7,0.8,0.8416212335729144,0.8416212335729144,13
OTm_orientation,7,7,0.8,0.8416212335729144,0.8416212335729144,13
OTm_orientation,7.25,8,0.8,0.8416212335729144,0.8416212335729144,13
OTm_orientation,7.5,8,0.8,0.8416212335729144,0.8416212335729144,13
OTm_orientation,7.75,8,0.8,0.8416212335729144,0.8416212335729144,13
OTm_orientation,8,8,0.8,0.8416212335729144,0.8416212335729144,13
OTm_orientation,8.25,8,0.8,0.8416212335729144,0.8416212335729144,13
OTm_orientation,8.5,8,0.8,0.8416212335729144,0.8416212335729144,13
OTm_orientation,8.75,9,0.8,0.8416212335729144,0.8416212335729144,13
OTm_orientation,9,9,0.8,0.8416212335729144,0.8416212335729144,13
OTm_orientation,9.25,9,0.8,0.8416212335729144,0.8416212335729144,13
OTm_orientation,9.5,9,0.8,0.8416212335729144,0.8416212335729144,13
OTm_orientation,9.75,9,0.8,0.8416212335729144,0.8416212335729144,13
OTm_orientation,10,9,0.8,0.8416212335729144,0.8416212335729144,13
OTm_orientation,10.25,9,0.8,0.8416212335729144,0.8416212335729144,13
OTm_orientation,10.5,9,0.8,0.8416212335729144,0.8416212335729144,13
OTm_orientation,10.75,10,0.8,0.8416212335729144,0.8416212335729144,13
OTm_orientation,11,10,0.8,0.8416212335729144,0.8416212335729144,13
OTm_orientation,11.25,10,0.8,0.8416212335729144,0.8416212335729144,13
OTm_orientation,11.5,10,0.8,0.8416212335729144,0.8416212335729144,13
OTm_orientation,11.75,10,0.8,0.8416212335729144,0.8416212335729144,13
OTm_orientation,12,10,0.8,0.8416212335729144,0.8416212335729144,13
OTm_orientation,6,7,0.85,1.0364333894937894,1.0364333894937894,13
OTm_orientation,6.25,7,0.85,1.0364333894937894,1.0364333894937894,13
OTm_orientation,6.5,7,0.85,1.0364333894937894,1.0364333894937894,13
OTm_orientation,6.75,8,0.85,1.0364333894937894,1.0364333894937894,13
OTm_orientation,7,8,0.85,1.0364333894937894,1.0364333894937894,13
OTm_orientation,7.25,8,0.85,1.0364333894937894,1.0364333894937894,13
OTm_orientation,7.5,8,0.85,1.0364333894937894,1.0364333894937894,13
OTm_orientation,7.75,8,0.85,1.0364333894937894,1.0364333894937894,13
OTm_orientation,8,8,0.85,1.0364333894937894,1.0364333894937894,13
OTm_orientation,8.25,9,0.85,1.0364333894937894,1.0364333894937894,13
OTm_orientation,8.5,9,0.85,1.0364333894937894,1.0364333894937894,13
OTm_orientation,8.75,9,0.85,1.0364333894937894,1.0364333894937894,13
OTm_orientation,9,9,0.85,1.0364333894937894,1.0364333894937894,13
OTm_orientation,9.25,9,0.85,1.0364333894937894,1.0364333894937894,13
OTm_orientation,9.5,9,0.85,1.0364333894937894,1.0364333894937894,13
OTm_orientation,9.75,9,0.85,1.0364333894937894,1.0364333894937894,13
OTm_orientation,10,9,0.85,1.0364333894937894,1.0364333894937894,13
OTm_orientation,10.25,10,0.85,1.0364333894937894,1.0364333894937894,13
OTm_orientation,10.5,10,0.85,1.0364333894937894,1.0364333894937894,13
OTm_orientation,10.75,10,0.85,1.0364333894937894,1.0364333894937894,13
OTm_orientation,11,10,0.85,1.0364333894937894,1.0364333894937894,13
OTm_orientation,11.25,10,0.85,1.0364333894937894,1.0364333894937894,13
OTm_orientation,11.5,10,0.85,1.0364333894937894,1.0364333894937894,13
OTm_orientation,11.75,10,0.85,1.0364333894937894,1.0364333894937894,13
OTm_orientation,12,10,0.85,1.0364333894937894,1.0364333894937894,13
OTm_orientation,6,7,0.9,1.2815515655446008,1.2815515655446008,14
OTm_orientation,6.25,8,0.9,1.2815515655446008,1.2815515655446008,14
OTm_orientation,6.5,8,0.9,1.2815515655446008,1.2815515655446008,14
OTm_orientation,6.75,8,0.9,1.2815515655446008,1.2815515655446008,14
OTm_orientation,7,8,0.9,1.2815515655446008,1.2815515655446008,14
OTm_orientation,7.25,8,0.9,1.2815515655446008,1.2815515655446008,14
OTm_orientation,7.5,9,0.9,1.2815515655446008,1.2815515655446008,14
OTm_orientation,7.75,9,0.9,1.2815515655446008,1.2815515655446008,14
OTm_orientation,8,9,0.9,1.2815515655446008,1.2815515655446008,14
OTm_orientation,8.25,9,0.9,1.2815515655446008,1.2815515655446008,14
OTm_orientation,8.5,9,0.9,1.2815515655446008,1.2815515655446008,14
OTm_orientation,8.75,9,0.9,1.2815515655446008,1.2815515655446008,14
OTm_orientation,9,9,0.9,1.2815515655446008,1.2815515655446008,14
OTm_orientation,9.25,9,0.9,1.2815515655446008,1.2815515655446008,14
OTm_orientation,9.5,10,0.9,1.2815515655446008,1.2815515655446008,14
OTm_orientation,9.75,10,0.9,1.2815515655446008,1.2815515655446008,14
OTm_orientation,10,10,0.9,1.2815515655446008,1.2815515655446008,14
OTm_orientation,10.25,10,0.9,1.2815515655446008,1.2815515655446008,14
OTm_orientation,10.5,10,0.9,1.2815515655446008,1.2815515655446008,14
OTm_orientation,10.75,10,0.9,1.2815515655446008,1.2815515655446008,14
OTm_orientation,11,10,0.9,1.2815515655446008,1.2815515655446008,14
OTm_orientation,11.25,10,0.9,1.2815515655446008,1.2815515655446008,14
OTm_orientation,11.5,10,0.9,1.2815515655446008,1.2815515655446008,14
OTm_orientation,11.75,10,0.9,1.2815515655446008,1.2815515655446008,14
OTm_orientation,12,10,0.9,1.2815515655446008,1.2815515655446008,14
OTm_orientation,6,8,0.95,1.6448536269514715,1.6448536269514715,15
OTm_orientation,6.25,8,0.95,1.6448536269514715,1.6448536269514715,15
OTm_orientation,6.5,8,0.95,1.6448536269514715,1.6448536269514715,15
OTm_orientation,6.75,9,0.95,1.6448536269514715,1.6448536269514715,15
OTm_orientation,7,9,0.95,1.6448536269514715,1.6448536269514715,15
OTm_orientation,7.25,9,0.95,1.6448536269514715,1.6448536269514715,15
OTm_orientation,7.5,9,0.95,1.6448536269514715,1.6448536269514715,15
OTm_orientation,7.75,9,0.95,1.6448536269514715,1.6448536269514715,15
OTm_orientation,8,9,0.95,1.6448536269514715,1.6448536269514715,15
OTm_orientation,8.25,9,0.95,1.6448536269514715,1.6448536269514715,15
OTm_orientation,8.5,10,0.95,1.6448536269514715,1.6448536269514715,15
OTm_orientation,8.75,10,0.95,1.6448536269514715,1.6448536269514715,15
OTm_orientation,9,10,0.95,1.6448536269514715,1.6448536269514715,15
OTm_orientation,9.25,10,0.95,1.6448536269514715,1.6448536269514715,15
OTm_orientation,9.5,10,0.95,1.6448536269514715,1.6448536269514715,15
OTm_orientation,9.75,10,0.95,1.6448536269514715,1.6448536269514715,15
OTm_orientation,10,10,0.95,1.6448536269514715,1.6448536269514715,15
OTm_orientation,10.25,10,0.95,1.6448536269514715,1.6448536269514715,15
OTm_orientation,10.5,10,0.95,1.6448536269514715,1.6448536269514715,15
OTm_orientation,10.75,10,0.95,1.6448536269514715,1.6448536269514715,15
OTm_orientation,11,10,0.95,1.6448536269514715,1.6448536269514715,15
OTm_orientation,11.25,10,0.95,1.6448536269514715,1.6448536269514715,15
OTm_orientation,11.5,10,0.95,1.6448536269514715,1.6448536269514715,15
OTm_orientation,11.75,10,0.95,1.6448536269514715,1.6448536269514715,15
OTm_orientation,12,10,0.95,1.6448536269514715,1.6448536269514715,15
OTm_management,6,0,0.00135,-2.999976992703393,-2.999976992703393,1
OTm_management,6.25,0,0.00135,-2.999976992703393,-2.999976992703393,1
OTm_management,6.5,0,0.00135,-2.999976992703393,-2.999976992703393,1
OTm_management,6.75,0,0.00135,-2.999976992703393,-2.999976992703393,1
OTm_management,7,0,0.00135,-2.999976992703393,-2.999976992703393,1
OTm_management,7.25,0,0.00135,-2.999976992703393,-2.999976992703393,1
OTm_management,7.5,0,0.00135,-2.999976992703393,-2.999976992703393,1
OTm_management,7.75,0,0.00135,-2.999976992703393,-2.999976992703393,1
OTm_management,8,0,0.00135,-2.999976992703393,-2.999976992703393,1
OTm_management,8.25,0,0.00135,-2.999976992703393,-2.999976992703393,1
OTm_management,8.5,0,0.00135,-2.999976992703393,-2.999976992703393,1
OTm_management,8.75,0,0.00135,-2.999976992703393,-2.999976992703393,1
OTm_management,9,0,0.00135,-2.999976992703393,-2.999976992703393,1
OTm_management,9.25,0,0.00135,-2.999976992703393,-2.999976992703393,1
OTm_management,9.5,0,0.00135,-2.999976992703393,-2.999976992703393,1
OTm_management,9.75,0,0.00135,-2.999976992703393,-2.999976992703393,1
OTm_management,10,0,0.00135,-2.999976992703393,-2.999976992703393,1
OTm_management,10.25,0,0.00135,-2.999976992703393,-2.999976992703393,1
OTm_management,10.5,0,0.00135,-2.999976992703393,-2.999976992703393,1
OTm_management,10.75,0,0.00135,-2.999976992703393,-2.999976992703393,1
OTm_management,11,0,0.00135,-2.999976992703393,-2.999976992703393,1
OTm_management,11.25,0,0.00135,-2.999976992703393,-2.999976992703393,1
OTm_management,11.5,0,0.00135,-2.999976992703393,-2.999976992703393,1
OTm_management,11.75,0,0.00135,-2.999976992703393,-2.999976992703393,1
OTm_management,12,0,0.00135,-2.999976992703393,-2.999976992703393,1
OTm_management,6,0,0.00383,-2.6667000630340683,-2.6667000630340683,2
OTm_management,6.25,0,0.00383,-2.6667000630340683,-2.6667000630340683,2
OTm_management,6.5,0,0.00383,-2.6667000630340683,-2.6667000630340683,2
OTm_management,6.75,0,0.00383,-2.6667000630340683,-2.6667000630340683,2
OTm_management,7,0,0.00383,-2.6667000630340683,-2.6667000630340683,2
OTm_management,7.25,0,0.00383,-2.6667000630340683,-2.6667000630340683,2
OTm_management,7.5,0,0.00383,-2.6667000630340683,-2.6667000630340683,2
OTm_management,7.75,0,0.00383,-2.6667000630340683,-2.6667000630340683,2
OTm_management,8,0,0.00383,-2.6667000630340683,-2.6667000630340683,2
OTm_management,8.25,0,0.00383,-2.6667000630340683,-2.6667000630340683,2
OTm_management,8.5,0,0.00383,-2.6667000630340683,-2.6667000630340683,2
OTm_management,8.75,0,0.00383,-2.6667000630340683,-2.6667000630340683,2
OTm_management,9,0,0.00383,-2.6667000630340683,-2.6667000630340683,2
OTm_management,9.25,0,0.00383,-2.6667000630340683,-2.6667000630340683,2
OTm_management,9.5,0,0.00383,-2.6667000630340683,-2.6667000630340683,2
OTm_management,9.75,0,0.00383,-2.6667000630340683,-2.6667000630340683,2
OTm_management,10,0,0.00383,-2.6667000630340683,-2.6667000630340683,2
OTm_management,10.25,0,0.00383,-2.6667000630340683,-2.6667000630340683,2
OTm_management,10.5,0,0.00383,-2.6667000630340683,-2.6667000630340683,2
OTm_management,10.75,0,0.00383,-2.6667000630340683,-2.6667000630340683,2
OTm_management,11,0,0.00383,-2.6667000630340683,-2.6667000630340683,2
OTm_management,11.25,0,0.00383,-2.6667000630340683,-2.6667000630340683,2
OTm_management,11.5,0,0.00383,-2.6667000630340683,-2.6667000630340683,2
OTm_management,11.75,0,0.00383,-2.6667000630340683,-2.6667000630340683,2
OTm_management,12,0,0.00383,-2.6667000630340683,-2.6667000630340683,2
OTm_management,6,0,0.00982,-2.3331552225672434,-2.3331552225672434,3
OTm_management,6.25,0,0.00982,-2.3331552225672434,-2.3331552225672434,3
OTm_management,6.5,0,0.00982,-2.3331552225672434,-2.3331552225672434,3
OTm_management,6.75,0,0.00982,-2.3331552225672434,-2.3331552225672434,3
OTm_management,7,0,0.00982,-2.3331552225672434,-2.3331552225672434,3
OTm_management,7.25,0,0.00982,-2.3331552225672434,-2.3331552225672434,3
OTm_management,7.5,0,0.00982,-2.3331552225672434,-2.3331552225672434,3
OTm_management,7.75,0,0.00982,-2.3331552225672434,-2.3331552225672434,3
OTm_management,8,0,0.00982,-2.3331552225672434,-2.3331552225672434,3
OTm_management,8.25,0,0.00982,-2.3331552225672434,-2.3331552225672434,3
OTm_management,8.5,0,0.00982,-2.3331552225672434,-2.3331552225672434,3
OTm_management,8.75,0,0.00982,-2.3331552225672434,-2.3331552225672434,3
OTm_management,9,0,0.00982,-2.3331552225672434,-2.3331552225672434,3
OTm_management,9.25,0,0.00982,-2.3331552225672434,-2.3331552225672434,3
OTm_management,9.5,0,0.00982,-2.3331552225672434,-2.3331552225672434,3
OTm_management,9.75,0,0.00982,-2.3331552225672434,-2.3331552225672434,3
OTm_management,10,0,0.00982,-2.3331552225672434,-2.3331552225672434,3
OTm_management,10.25,0,0.00982,-2.3331552225672434,-2.3331552225672434,3
OTm_management,10.5,0,0.00982,-2.3331552225672434,-2.3331552225672434,3
OTm_management,10.75,0,0.00982,-2.3331552225672434,-2.3331552225672434,3
OTm_management,11,1,0.00982,-2.3331552225672434,-2.3331552225672434,3
OTm_management,11.25,1,0.00982,-2.3331552225672434,-2.3331552225672434,3
OTm_management,11.5,1,0.00982,-2.3331552225672434,-2.3331552225672434,3
OTm_management,11.75,1,0.00982,-2.3331552225672434,-2.3331552225672434,3
OTm_management,12,1,0.00982,-2.3331552225672434,-2.3331552225672434,3
OTm_management,6,0,0.02275,-2.000002443899604,-2.000002443899604,4
OTm_management,6.25,0,0.02275,-2.000002443899604,-2.000002443899604,4
OTm_management,6.5,0,0.02275,-2.000002443899604,-2.000002443899604,4
OTm_management,6.75,0,0.02275,-2.000002443899604,-2.000002443899604,4
OTm_management,7,0,0.02275,-2.000002443899604,-2.000002443899604,4
OTm_management,7.25,0,0.02275,-2.000002443899604,-2.000002443899604,4
OTm_management,7.5,0,0.02275,-2.000002443899604,-2.000002443899604,4
OTm_management,7.75,1,0.02275,-2.000002443899604,-2.000002443899604,4
OTm_management,8,1,0.02275,-2.000002443899604,-2.000002443899604,4
OTm_management,8.25,1,0.02275,-2.000002443899604,-2.000002443899604,4
OTm_management,8.5,1,0.02275,-2.000002443899604,-2.000002443899604,4
OTm_management,8.75,1,0.02275,-2.000002443899604,-2.000002443899604,4
OTm_management,9,1,0.02275,-2.000002443899604,-2.000002443899604,4
OTm_management,9.25,1,0.02275,-2.000002443899604,-2.000002443899604,4
OTm_management,9.5,1,0.02275,-2.000002443899604,-2.000002443899604,4
OTm_management,9.75,1,0.02275,-2.000002443899604,-2.000002443899604,4
OTm_management,10,1,0.02275,-2.000002443899604,-2.000002443899604,4
OTm_management,10.25,1,0.02275,-2.000002443899604,-2.000002443899604,4
OTm_management,10.5,1,0.02275,-2.000002443899604,-2.000002443899604,4
OTm_management,10.75,1,0.02275,-2.000002443899604,-2.000002443899604,4
OTm_management,11,1,0.02275,-2.000002443899604,-2.000002443899604,4
OTm_management,11.25,1,0.02275,-2.000002443899604,-2.000002443899604,4
OTm_management,11.5,1,0.02275,-2.000002443899604,-2.000002443899604,4
OTm_management,11.75,1,0.02275,-2.000002443899604,-2.000002443899604,4
OTm_management,12,1,0.02275,-2.000002443899604,-2.000002443899604,4
OTm_management,6,1,0.04779,-1.6666702079210545,-1.6666702079210545,5
OTm_management,6.25,1,0.04779,-1.6666702079210545,-1.6666702079210545,5
OTm_management,6.5,1,0.04779,-1.6666702079210545,-1.6666702079210545,5
OTm_management,6.75,1,0.04779,-1.6666702079210545,-1.6666702079210545,5
OTm_management,7,1,0.04779,-1.6666702079210545,-1.6666702079210545,5
OTm_management,7.25,1,0.04779,-1.6666702079210545,-1.6666702079210545,5
OTm_management,7.5,1,0.04779,-1.6666702079210545,-1.6666702079210545,5
OTm_management,7.75,1,0.04779,-1.6666702079210545,-1.6666702079210545,5
OTm_management,8,1,0.04779,-1.6666702079210545,-1.6666702079210545,5
OTm_management,8.25,1,0.04779,-1.6666702079210545,-1.6666702079210545,5
OTm_management,8.5,1,0.04779,-1.6666702079210545,-1.6666702079210545,5
OTm_management,8.75,1,0.04779,-1.6666702079210545,-1.6666702079210545,5
OTm_management,9,1,0.04779,-1.6666702079210545,-1.6666702079210545,5
OTm_management,9.25,1,0.04779,-1.6666702079210545,-1.6666702079210545,5
OTm_management,9.5,1,0.04779,-1.6666702079210545,-1.6666702079210545,5
OTm_management,9.75,1,0.04779,-1.6666702079210545,-1.6666702079210545,5
OTm_management,10,1,0.04779,-1.6666702079210545,-1.6666702079210545,5
OTm_management,10.25,1,0.04779,-1.6666702079210545,-1.6666702079210545,5
OTm_management,10.5,1,0.04779,-1.6666702079210545,-1.6666702079210545,5
OTm_management,10.75,1,0.04779,-1.6666702079210545,-1.6666702079210545,5
OTm_management,11,1,0.04779,-1.6666702079210545,-1.6666702079210545,5
OTm_management,11.25,2,0.04779,-1.6666702079210545,-1.6666702079210545,5
OTm_management,11.5,2,0.04779,-1.6666702079210545,-1.6666702079210545,5
OTm_management,11.75,2,0.04779,-1.6666702079210545,-1.6666702079210545,5
OTm_management,12,2,0.04779,-1.6666702079210545,-1.6666702079210545,5
OTm_management,6,1,0.09121,-1.3333407702662026,-1.3333407702662026,6
OTm_management,6.25,1,0.09121,-1.3333407702662026,-1.3333407702662026,6
OTm_management,6.5,1,0.09121,-1.3333407702662026,-1.3333407702662026,6
OTm_management,6.75,1,0.09121,-1.3333407702662026,-1.3333407702662026,6
OTm_management,7,1,0.09121,-1.3333407702662026,-1.3333407702662026,6
OTm_management,7.25,1,0.09121,-1.3333407702662026,-1.3333407702662026,6
OTm_management,7.5,1,0.09121,-1.3333407702662026,-1.3333407702662026,6
OTm_management,7.75,1,0.09121,-1.3333407702662026,-1.3333407702662026,6
OTm_management,8,1,0.09121,-1.3333407702662026,-1.3333407702662026,6
OTm_management,8.25,1,0.09121,-1.3333407702662026,-1.3333407702662026,6
OTm_management,8.5,2,0.09121,-1.3333407702662026,-1.3333407702662026,6
OTm_management,8.75,2,0.09121,-1.3333407702662026,-1.3333407702662026,6
OTm_management,9,2,0.09121,-1.3333407702662026,-1.3333407702662026,6
OTm_management,9.25,2,0.09121,-1.3333407702662026,-1.3333407702662026,6
OTm_management,9.5,2,0.09121,-1.3333407702662026,-1.3333407702662026,6
OTm_management,9.75,2,0.09121,-1.3333407702662026,-1.3333407702662026,6
OTm_management,10,2,0.09121,-1.3333407702662026,-1.3333407702662026,6
OTm_management,10.25,2,0.09121,-1.3333407702662026,-1.3333407702662026,6
OTm_management,10.5,2,0.09121,-1.3333407702662026,-1.3333407702662026,6
OTm_management,10.75,2,0.09121,-1.3333407702662026,-1.3333407702662026,6
OTm_management,11,2,0.09121,-1.3333407702662026,-1.3333407702662026,6
OTm_management,11.25,2,0.09121,-1.3333407702662026,-1.3333407702662026,6
OTm_management,11.5,2,0.09121,-1.3333407702662026,-1.3333407702662026,6
OTm_management,11.75,2,0.09121,-1.3333407702662026,-1.3333407702662026,6
OTm_management,12,2,0.09121,-1.3333407702662026,-1.3333407702662026,6
OTm_management,6,1,0.15866,-0.9999803859660789,-0.9999803859660789,7
OTm_management,6.25,1,0.15866,-0.9999803859660789,-0.9999803859660789,7
OTm_management,6.5,1,0.15866,-0.9999803859660789,-0.9999803859660789,7
OTm_management,6.75,2,0.15866,-0.9999803859660789,-0.9999803859660789,7
OTm_management,7,2,0.15866,-0.9999803859660789,-0.9999803859660789,7
OTm_management,7.25,2,0.15866,-0.9999803859660789,-0.9999803859660789,7
OTm_management,7.5,2,0.15866,-0.9999803859660789,-0.9999803859660789,7
OTm_management,7.75,2,0.15866,-0.9999803859660789,-0.9999803859660789,7
OTm_management,8,2,0.15866,-0.9999803859660789,-0.9999803859660789,7
OTm_management,8.25,2,0.15866,-0.9999803859660789,-0.9999803859660789,7
OTm_management,8.5,2,0.15866,-0.9999803859660789,-0.9999803859660789,7
OTm_management,8.75,2,0.15866,-0.9999803859660789,-0.9999803859660789,7
OTm_management,9,2,0.15866,-0.9999803859660789,-0.9999803859660789,7
OTm_management,9.25,2,0.15866,-0.9999803859660789,-0.9999803859660789,7
OTm_management,9.5,2,0.15866,-0.9999803859660789,-0.9999803859660789,7
OTm_management,9.75,2,0.15866,-0.9999803859660789,-0.9999803859660789,7
OTm_management,10,2,0.15866,-0.9999803859660789,-0.9999803859660789,7
OTm_management,10.25,2,0.15866,-0.9999803859660789,-0.9999803859660789,7
OTm_management,10.5,2,0.15866,-0.9999803859660789,-0.9999803859660789,7
OTm_management,10.75,2,0.15866,-0.9999803859660789,-0.9999803859660789,7
OTm_management,11,3,0.15866,-0.9999803859660789,-0.9999803859660789,7
OTm_management,11.25,3,0.15866,-0.9999803859660789,-0.9999803859660789,7
OTm_management,11.5,3,0.15866,-0.9999803859660789,-0.9999803859660789,7
OTm_management,11.75,3,0.15866,-0.9999803859660789,-0.9999803859660789,7
OTm_management,12,3,0.15866,-0.9999803859660789,-0.9999803859660789,7
OTm_management,6,2,0.25249,-0.6666746102242979,-0.6666746102242979,8
OTm_management,6.25,2,0.25249,-0.6666746102242979,-0.6666746102242979,8
OTm_management,6.5,2,0.25249,-0.6666746102242979,-0.6666746102242979,8
OTm_management,6.75,2,0.25249,-0.6666746102242979,-0.6666746102242979,8
OTm_management,7,2,0.25249,-0.6666746102242979,-0.6666746102242979,8
OTm_management,7.25,2,0.25249,-0.6666746102242979,-0.6666746102242979,8
OTm_management,7.5,2,0.25249,-0.6666746102242979,-0.6666746102242979,8
OTm_management,7.75,2,0.25249,-0.6666746102242979,-0.6666746102242979,8
OTm_management,8,2,0.25249,-0.6666746102242979,-0.6666746102242979,8
OTm_management,8.25,2,0.25249,-0.6666746102242979,-0.6666746102242979,8
OTm_management,8.5,2,0.25249,-0.6666746102242979,-0.6666746102242979,8
OTm_management,8.75,3,0.25249,-0.6666746102242979,-0.6666746102242979,8
OTm_management,9,3,0.25249,-0.6666746102242979,-0.6666746102242979,8
OTm_management,9.25,3,0.25249,-0.6666746102242979,-0.6666746102242979,8
OTm_management,9.5,3,0.25249,-0.6666746102242979,-0.6666746102242979,8
OTm_management,9.75,3,0.25249,-0.6666746102242979,-0.6666746102242979,8
OTm_management,10,3,0.25249,-0.6666746102242979,-0.6666746102242979,8
OTm_management,10.25,3,0.25249,-0.6666746102242979,-0.6666746102242979,8
OTm_management,10.5,3,0.25249,-0.6666746102242979,-0.6666746102242979,8
OTm_management,10.75,3,0.25249,-0.6666746102242979,-0.6666746102242979,8
OTm_management,11,3,0.25249,-0.6666746102242979,-0.6666746102242979,8
OTm_management,11.25,3,0.25249,-0.6666746102242979,-0.6666746102242979,8
OTm_management,11.5,3,0.25249,-0.6666746102242979,-0.6666746102242979,8
OTm_management,11.75,3,0.25249,-0.6666746102242979,-0.6666746102242979,8
OTm_management,12,3,0.25249,-0.6666746102242979,-0.6666746102242979,8
OTm_management,6,2,0.36944,-0.33333688458431254,-0.33333688458431254,9
OTm_management,6.25,2,0.36944,-0.33333688458431254,-0.33333688458431254,9
OTm_management,6.5,2,0.36944,-0.33333688458431254,-0.33333688458431254,9
OTm_management,6.75,2,0.36944,-0.33333688458431254,-0.33333688458431254,9
OTm_management,7,3,0.36944,-0.33333688458431254,-0.33333688458431254,9
OTm_management,7.25,3,0.36944,-0.33333688458431254,-0.33333688458431254,9
OTm_management,7.5,3,0.36944,-0.33333688458431254,-0.33333688458431254,9
OTm_management,7.75,3,0.36944,-0.33333688458431254,-0.33333688458431254,9
OTm_management,8,3,0.36944,-0.33333688458431254,-0.33333688458431254,9
OTm_management,8.25,3,0.36944,-0.33333688458431254,-0.33333688458431254,9
OTm_management,8.5,3,0.36944,-0.33333688458431254,-0.33333688458431254,9
OTm_management,8.75,3,0.36944,-0.33333688458431254,-0.33333688458431254,9
OTm_management,9,3,0.36944,-0.33333688458431254,-0.33333688458431254,9
OTm_management,9.25,3,0.36944,-0.33333688458431254,-0.33333688458431254,9
OTm_management,9.5,3,0.36944,-0.33333688458431254,-0.33333688458431254,9
OTm_management,9.75,3,0.36944,-0.33333688458431254,-0.33333688458431254,9
OTm_management,10,3,0.36944,-0.33333688458431254,-0.33333688458431254,9
OTm_management,10.25,3,0.36944,-0.33333688458431254,-0.33333688458431254,9
OTm_management,10.5,4,0.36944,-0.33333688458431254,-0.33333688458431254,9
OTm_management,10.75,4,0.36944,-0.33333688458431254,-0.33333688458431254,9
OTm_management,11,4,0.36944,-0.33333688458431254,-0.33333688458431254,9
OTm_management,11.25,4,0.36944,-0.33333688458431254,-0.33333688458431254,9
OTm_management,11.5,4,0.36944,-0.33333688458431254,-0.33333688458431254,9
OTm_management,11.75,4,0.36944,-0.33333688458431254,-0.33333688458431254,9
OTm_management,12,4,0.36944,-0.33333688458431254,-0.33333688458431254,9
OTm_management,6,3,0.5,0,0,10
OTm_management,6.25,3,0.5,0,0,10
OTm_management,6.5,3,0.5,0,0,10
OTm_management,6.75,3,0.5,0,0,10
OTm_management,7,3,0.5,0,0,10
OTm_management,7.25,3,0.5,0,0,10
OTm_management,7.5,3,0.5,0,0,10
OTm_management,7.75,3,0.5,0,0,10
OTm_management,8,3,0.5,0,0,10
OTm_management,8.25,3,0.5,0,0,10
OTm_management,8.5,3,0.5,0,0,10
OTm_management,8.75,4,0.5,0,0,10
OTm_management,9,4,0.5,0,0,10
OTm_management,9.25,4,0.5,0,0,10
OTm_management,9.5,4,0.5,0,0,10
OTm_management,9.75,4,0.5,0,0,10
OTm_management,10,4,0.5,0,0,10
OTm_management,10.25,4,0.5,0,0,10
OTm_management,10.5,4,0.5,0,0,10
OTm_management,10.75,4,0.5,0,0,10
OTm_management,11,4,0.5,0,0,10
OTm_management,11.25,4,0.5,0,0,10
OTm_management,11.5,4,0.5,0,0,10
OTm_management,11.75,4,0.5,0,0,10
OTm_management,12,4,0.5,0,0,10
OTm_management,6,3,0.63056,0.33333688458431254,0.33333688458431254,11
OTm_management,6.25,3,0.63056,0.33333688458431254,0.33333688458431254,11
OTm_management,6.5,3,0.63056,0.33333688458431254,0.33333688458431254,11
OTm_management,6.75,3,0.63056,0.33333688458431254,0.33333688458431254,11
OTm_management,7,4,0.63056,0.33333688458431254,0.33333688458431254,11
OTm_management,7.25,4,0.63056,0.33333688458431254,0.33333688458431254,11
OTm_management,7.5,4,0.63056,0.33333688458431254,0.33333688458431254,11
OTm_management,7.75,4,0.63056,0.33333688458431254,0.33333688458431254,11
OTm_management,8,4,0.63056,0.33333688458431254,0.33333688458431254,11
OTm_management,8.25,4,0.63056,0.33333688458431254,0.33333688458431254,11
OTm_management,8.5,4,0.63056,0.33333688458431254,0.33333688458431254,11
OTm_management,8.75,4,0.63056,0.33333688458431254,0.33333688458431254,11
OTm_management,9,4,0.63056,0.33333688458431254,0.33333688458431254,11
OTm_management,9.25,4,0.63056,0.33333688458431254,0.33333688458431254,11
OTm_management,9.5,4,0.63056,0.33333688458431254,0.33333688458431254,11
OTm_management,9.75,4,0.63056,0.33333688458431254,0.33333688458431254,11
OTm_management,10,4,0.63056,0.33333688458431254,0.33333688458431254,11
OTm_management,10.25,5,0.63056,0.33333688458431254,0.33333688458431254,11
OTm_management,10.5,5,0.63056,0.33333688458431254,0.33333688458431254,11
OTm_management,10.75,5,0.63056,0.33333688458431254,0.33333688458431254,11
OTm_management,11,5,0.63056,0.33333688458431254,0.33333688458431254,11
OTm_management,11.25,5,0.63056,0.33333688458431254,0.33333688458431254,11
OTm_management,11.5,5,0.63056,0.33333688458431254,0.33333688458431254,11
OTm_management,11.75,5,0.63056,0.33333688458431254,0.33333688458431254,11
OTm_management,12,5,0.63056,0.33333688458431254,0.33333688458431254,11
OTm_management,6,4,0.74751,0.6666746102242979,0.6666746102242979,12
OTm_management,6.25,4,0.74751,0.6666746102242979,0.6666746102242979,12
OTm_management,6.5,4,0.74751,0.6666746102242979,0.6666746102242979,12
OTm_management,6.75,4,0.74751,0.6666746102242979,0.6666746102242979,12
OTm_management,7,4,0.74751,0.6666746102242979,0.6666746102242979,12
OTm_management,7.25,4,0.74751,0.6666746102242979,0.6666746102242979,12
OTm_management,7.5,4,0.74751,0.6666746102242979,0.6666746102242979,12
OTm_management,7.75,4,0.74751,0.6666746102242979,0.6666746102242979,12
OTm_management,8,4,0.74751,0.6666746102242979,0.6666746102242979,12
OTm_management,8.25,4,0.74751,0.6666746102242979,0.6666746102242979,12
OTm_management,8.5,4,0.74751,0.6666746102242979,0.6666746102242979,12
OTm_management,8.75,5,0.74751,0.6666746102242979,0.6666746102242979,12
OTm_management,9,5,0.74751,0.6666746102242979,0.6666746102242979,12
OTm_management,9.25,5,0.74751,0.6666746102242979,0.6666746102242979,12
OTm_management,9.5,5,0.74751,0.6666746102242979,0.6666746102242979,12
OTm_management,9.75,5,0.74751,0.6666746102242979,0.6666746102242979,12
OTm_management,10,5,0.74751,0.6666746102242979,0.6666746102242979,12
OTm_management,10.25,5,0.74751,0.6666746102242979,0.6666746102242979,12
OTm_management,10.5,5,0.74751,0.6666746102242979,0.6666746102242979,12
OTm_management,10.75,5,0.74751,0.6666746102242979,0.6666746102242979,12
OTm_management,11,5,0.74751,0.6666746102242979,0.6666746102242979,12
OTm_management,11.25,5,0.74751,0.6666746102242979,0.6666746102242979,12
OTm_management,11.5,5,0.74751,0.6666746102242979,0.6666746102242979,12
OTm_management,11.75,5,0.74751,0.6666746102242979,0.6666746102242979,12
OTm_management,12,5,0.74751,0.6666746102242979,0.6666746102242979,12
OTm_management,6,4,0.84134,0.9999803859660789,0.9999803859660789,13
OTm_management,6.25,4,0.84134,0.9999803859660789,0.9999803859660789,13
OTm_management,6.5,4,0.84134,0.9999803859660789,0.9999803859660789,13
OTm_management,6.75,4,0.84134,0.9999803859660789,0.9999803859660789,13
OTm_management,7,4,0.84134,0.9999803859660789,0.9999803859660789,13
OTm_management,7.25,5,0.84134,0.9999803859660789,0.9999803859660789,13
OTm_management,7.5,5,0.84134,0.9999803859660789,0.9999803859660789,13
OTm_management,7.75,5,0.84134,0.9999803859660789,0.9999803859660789,13
OTm_management,8,5,0.84134,0.9999803859660789,0.9999803859660789,13
OTm_management,8.25,5,0.84134,0.9999803859660789,0.9999803859660789,13
OTm_management,8.5,5,0.84134,0.9999803859660789,0.9999803859660789,13
OTm_management,8.75,5,0.84134,0.9999803859660789,0.9999803859660789,13
OTm_management,9,5,0.84134,0.9999803859660789,0.9999803859660789,13
OTm_management,9.25,5,0.84134,0.9999803859660789,0.9999803859660789,13
OTm_management,9.5,5,0.84134,0.9999803859660789,0.9999803859660789,13
OTm_management,9.75,5,0.84134,0.9999803859660789,0.9999803859660789,13
OTm_management,10,5,0.84134,0.9999803859660789,0.9999803859660789,13
OTm_management,10.25,5,0.84134,0.9999803859660789,0.9999803859660789,13
OTm_management,10.5,5,0.84134,0.9999803859660789,0.9999803859660789,13
OTm_management,10.75,5,0.84134,0.9999803859660789,0.9999803859660789,13
OTm_management,11,6,0.84134,0.9999803859660789,0.9999803859660789,13
OTm_management,11.25,6,0.84134,0.9999803859660789,0.9999803859660789,13
OTm_management,11.5,6,0.84134,0.9999803859660789,0.9999803859660789,13
OTm_management,11.75,6,0.84134,0.9999803859660789,0.9999803859660789,13
OTm_management,12,6,0.84134,0.9999803859660789,0.9999803859660789,13
OTm_management,6,5,0.90879,1.3333407702662026,1.3333407702662026,14
OTm_management,6.25,5,0.90879,1.3333407702662026,1.3333407702662026,14
OTm_management,6.5,5,0.90879,1.3333407702662026,1.3333407702662026,14
OTm_management,6.75,5,0.90879,1.3333407702662026,1.3333407702662026,14
OTm_management,7,5,0.90879,1.3333407702662026,1.3333407702662026,14
OTm_management,7.25,5,0.90879,1.3333407702662026,1.3333407702662026,14
OTm_management,7.5,5,0.90879,1.3333407702662026,1.3333407702662026,14
OTm_management,7.75,5,0.90879,1.3333407702662026,1.3333407702662026,14
OTm_management,8,5,0.90879,1.3333407702662026,1.3333407702662026,14
OTm_management,8.25,5,0.90879,1.3333407702662026,1.3333407702662026,14
OTm_management,8.5,5,0.90879,1.3333407702662026,1.3333407702662026,14
OTm_management,8.75,5,0.90879,1.3333407702662026,1.3333407702662026,14
OTm_management,9,5,0.90879,1.3333407702662026,1.3333407702662026,14
OTm_management,9.25,6,0.90879,1.3333407702662026,1.3333407702662026,14
OTm_management,9.5,6,0.90879,1.3333407702662026,1.3333407702662026,14
OTm_management,9.75,6,0.90879,1.3333407702662026,1.3333407702662026,14
OTm_management,10,6,0.90879,1.3333407702662026,1.3333407702662026,14
OTm_management,10.25,6,0.90879,1.3333407702662026,1.3333407702662026,14
OTm_management,10.5,6,0.90879,1.3333407702662026,1.3333407702662026,14
OTm_management,10.75,6,0.90879,1.3333407702662026,1.3333407702662026,14
OTm_management,11,6,0.90879,1.3333407702662026,1.3333407702662026,14
OTm_management,11.25,6,0.90879,1.3333407702662026,1.3333407702662026,14
OTm_management,11.5,6,0.90879,1.3333407702662026,1.3333407702662026,14
OTm_management,11.75,6,0.90879,1.3333407702662026,1.3333407702662026,14
OTm_management,12,6,0.90879,1.3333407702662026,1.3333407702662026,14
OTm_management,6,5,0.95221,1.6666702079210545,1.6666702079210545,15
OTm_management,6.25,5,0.95221,1.6666702079210545,1.6666702079210545,15
OTm_management,6.5,5,0.95221,1.6666702079210545,1.6666702079210545,15
OTm_management,6.75,5,0.95221,1.6666702079210545,1.6666702079210545,15
OTm_management,7,5,0.95221,1.6666702079210545,1.6666702079210545,15
OTm_management,7.25,5,0.95221,1.6666702079210545,1.6666702079210545,15
OTm_management,7.5,5,0.95221,1.6666702079210545,1.6666702079210545,15
OTm_management,7.75,5,0.95221,1.6666702079210545,1.6666702079210545,15
OTm_management,8,6,0.95221,1.6666702079210545,1.6666702079210545,15
OTm_management,8.25,6,0.95221,1.6666702079210545,1.6666702079210545,15
OTm_management,8.5,6,0.95221,1.6666702079210545,1.6666702079210545,15
OTm_management,8.75,6,0.95221,1.6666702079210545,1.6666702079210545,15
OTm_management,9,6,0.95221,1.6666702079210545,1.6666702079210545,15
OTm_management,9.25,6,0.95221,1.6666702079210545,1.6666702079210545,15
OTm_management,9.5,6,0.95221,1.6666702079210545,1.6666702079210545,15
OTm_management,9.75,6,0.95221,1.6666702079210545,1.6666702079210545,15
OTm_management,10,6,0.95221,1.6666702079210545,1.6666702079210545,15
OTm_management,10.25,6,0.95221,1.6666702079210545,1.6666702079210545,15
OTm_management,10.5,6,0.95221,1.6666702079210545,1.6666702079210545,15
OTm_management,10.75,6,0.95221,1.6666702079210545,1.6666702079210545,15
OTm_management,11,6,0.95221,1.6666702079210545,1.6666702079210545,15
OTm_management,11.25,6,0.95221,1.6666702079210545,1.6666702079210545,15
OTm_management,11.5,6,0.95221,1.6666702079210545,1.6666702079210545,15
OTm_management,11.75,6,0.95221,1.6666702079210545,1.6666702079210545,15
OTm_management,12,6,0.95221,1.6666702079210545,1.6666702079210545,15
OTm_management,6,5,0.97725,2.0000024438996027,2.0000024438996027,16
OTm_management,6.25,6,0.97725,2.0000024438996027,2.0000024438996027,16
OTm_management,6.5,6,0.97725,2.0000024438996027,2.0000024438996027,16
OTm_management,6.75,6,0.97725,2.0000024438996027,2.0000024438996027,16
OTm_management,7,6,0.97725,2.0000024438996027,2.0000024438996027,16
OTm_management,7.25,6,0.97725,2.0000024438996027,2.0000024438996027,16
OTm_management,7.5,6,0.97725,2.0000024438996027,2.0000024438996027,16
OTm_management,7.75,6,0.97725,2.0000024438996027,2.0000024438996027,16
OTm_management,8,6,0.97725,2.0000024438996027,2.0000024438996027,16
OTm_management,8.25,6,0.97725,2.0000024438996027,2.0000024438996027,16
OTm_management,8.5,6,0.97725,2.0000024438996027,2.0000024438996027,16
OTm_management,8.75,6,0.97725,2.0000024438996027,2.0000024438996027,16
OTm_management,9,6,0.97725,2.0000024438996027,2.0000024438996027,16
OTm_management,9.25,6,0.97725,2.0000024438996027,2.0000024438996027,16
OTm_management,9.5,6,0.97725,2.0000024438996027,2.0000024438996027,16
OTm_management,9.75,6,0.97725,2.0000024438996027,2.0000024438996027,16
OTm_management,10,6,0.97725,2.0000024438996027,2.0000024438996027,16
OTm_management,10.25,6,0.97725,2.0000024438996027,2.0000024438996027,16
OTm_management,10.5,6,0.97725,2.0000024438996027,2.0000024438996027,16
OTm_management,10.75,6,0.97725,2.0000024438996027,2.0000024438996027,16
OTm_management,11,6,0.97725,2.0000024438996027,2.0000024438996027,16
OTm_management,11.25,6,0.97725,2.0000024438996027,2.0000024438996027,16
OTm_management,11.5,6,0.97725,2.0000024438996027,2.0000024438996027,16
OTm_management,11.75,6,0.97725,2.0000024438996027,2.0000024438996027,16
OTm_management,12,6,0.97725,2.0000024438996027,2.0000024438996027,16
OTm_management,6,6,0.99018,2.3331552225672416,2.3331552225672416,17
OTm_management,6.25,6,0.99018,2.3331552225672416,2.3331552225672416,17
OTm_management,6.5,6,0.99018,2.3331552225672416,2.3331552225672416,17
OTm_management,6.75,6,0.99018,2.3331552225672416,2.3331552225672416,17
OTm_management,7,6,0.99018,2.3331552225672416,2.3331552225672416,17
OTm_management,7.25,6,0.99018,2.3331552225672416,2.3331552225672416,17
OTm_management,7.5,6,0.99018,2.3331552225672416,2.3331552225672416,17
OTm_management,7.75,6,0.99018,2.3331552225672416,2.3331552225672416,17
OTm_management,8,6,0.99018,2.3331552225672416,2.3331552225672416,17
OTm_management,8.25,6,0.99018,2.3331552225672416,2.3331552225672416,17
OTm_management,8.5,6,0.99018,2.3331552225672416,2.3331552225672416,17
OTm_management,8.75,6,0.99018,2.3331552225672416,2.3331552225672416,17
OTm_management,9,6,0.99018,2.3331552225672416,2.3331552225672416,17
OTm_management,9.25,6,0.99018,2.3331552225672416,2.3331552225672416,17
OTm_management,9.5,6,0.99018,2.3331552225672416,2.3331552225672416,17
OTm_management,9.75,6,0.99018,2.3331552225672416,2.3331552225672416,17
OTm_management,10,6,0.99018,2.3331552225672416,2.3331552225672416,17
OTm_management,10.25,6,0.99018,2.3331552225672416,2.3331552225672416,17
OTm_management,10.5,6,0.99018,2.3331552225672416,2.3331552225672416,17
OTm_management,10.75,6,0.99018,2.3331552225672416,2.3331552225672416,17
OTm_management,11,6,0.99018,2.3331552225672416,2.3331552225672416,17
OTm_management,11.25,6,0.99018,2.3331552225672416,2.3331552225672416,17
OTm_management,11.5,6,0.99018,2.3331552225672416,2.3331552225672416,17
OTm_management,11.75,6,0.99018,2.3331552225672416,2.3331552225672416,17
OTm_management,12,6,0.99018,2.3331552225672416,2.3331552225672416,17
OTm_management,6,6,0.99617,2.6667000630340683,2.6667000630340683,18
OTm_management,6.25,6,0.99617,2.6667000630340683,2.6667000630340683,18
OTm_management,6.5,6,0.99617,2.6667000630340683,2.6667000630340683,18
OTm_management,6.75,6,0.99617,2.6667000630340683,2.6667000630340683,18
OTm_management,7,6,0.99617,2.6667000630340683,2.6667000630340683,18
OTm_management,7.25,6,0.99617,2.6667000630340683,2.6667000630340683,18
OTm_management,7.5,6,0.99617,2.6667000630340683,2.6667000630340683,18
OTm_management,7.75,6,0.99617,2.6667000630340683,2.6667000630340683,18
OTm_management,8,6,0.99617,2.6667000630340683,2.6667000630340683,18
OTm_management,8.25,6,0.99617,2.6667000630340683,2.6667000630340683,18
OTm_management,8.5,6,0.99617,2.6667000630340683,2.6667000630340683,18
OTm_management,8.75,6,0.99617,2.6667000630340683,2.6667000630340683,18
OTm_management,9,6,0.99617,2.6667000630340683,2.6667000630340683,18
OTm_management,9.25,6,0.99617,2.6667000630340683,2.6667000630340683,18
OTm_management,9.5,6,0.99617,2.6667000630340683,2.6667000630340683,18
OTm_management,9.75,6,0.99617,2.6667000630340683,2.6667000630340683,18
OTm_management,10,6,0.99617,2.6667000630340683,2.6667000630340683,18
OTm_management,10.25,6,0.99617,2.6667000630340683,2.6667000630340683,18
OTm_management,10.5,6,0.99617,2.6667000630340683,2.6667000630340683,18
OTm_management,10.75,6,0.99617,2.6667000630340683,2.6667000630340683,18
OTm_management,11,6,0.99617,2.6667000630340683,2.6667000630340683,18
OTm_management,11.25,6,0.99617,2.6667000630340683,2.6667000630340683,18
OTm_management,11.5,6,0.99617,2.6667000630340683,2.6667000630340683,18
OTm_management,11.75,6,0.99617,2.6667000630340683,2.6667000630340683,18
OTm_management,12,6,0.99617,2.6667000630340683,2.6667000630340683,18
OTm_management,6,6,0.99865,2.999976992703401,2.999976992703401,19
OTm_management,6.25,6,0.99865,2.999976992703401,2.999976992703401,19
OTm_management,6.5,6,0.99865,2.999976992703401,2.999976992703401,19
OTm_management,6.75,6,0.99865,2.999976992703401,2.999976992703401,19
OTm_management,7,6,0.99865,2.999976992703401,2.999976992703401,19
OTm_management,7.25,6,0.99865,2.999976992703401,2.999976992703401,19
OTm_management,7.5,6,0.99865,2.999976992703401,2.999976992703401,19
OTm_management,7.75,6,0.99865,2.999976992703401,2.999976992703401,19
OTm_management,8,6,0.99865,2.999976992703401,2.999976992703401,19
OTm_management,8.25,6,0.99865,2.999976992703401,2.999976992703401,19
OTm_management,8.5,6,0.99865,2.999976992703401,2.999976992703401,19
OTm_management,8.75,6,0.99865,2.999976992703401,2.999976992703401,19
OTm_management,9,6,0.99865,2.999976992703401,2.999976992703401,19
OTm_management,9.25,6,0.99865,2.999976992703401,2.999976992703401,19
OTm_management,9.5,6,0.99865,2.999976992703401,2.999976992703401,19
OTm_management,9.75,6,0.99865,2.999976992703401,2.999976992703401,19
OTm_management,10,6,0.99865,2.999976992703401,2.999976992703401,19
OTm_management,10.25,6,0.99865,2.999976992703401,2.999976992703401,19
OTm_management,10.5,6,0.99865,2.999976992703401,2.999976992703401,19
OTm_management,10.75,6,0.99865,2.999976992703401,2.999976992703401,19
OTm_management,11,6,0.99865,2.999976992703401,2.999976992703401,19
OTm_management,11.25,6,0.99865,2.999976992703401,2.999976992703401,19
OTm_management,11.5,6,0.99865,2.999976992703401,2.999976992703401,19
OTm_management,11.75,6,0.99865,2.999976992703401,2.999976992703401,19
OTm_management,12,6,0.99865,2.999976992703401,2.999976992703401,19
OTm_management,6,1,0.05,-1.6448536269514726,-1.6448536269514726,5
OTm_management,6.25,1,0.05,-1.6448536269514726,-1.6448536269514726,5
OTm_management,6.5,1,0.05,-1.6448536269514726,-1.6448536269514726,5
OTm_management,6.75,1,0.05,-1.6448536269514726,-1.6448536269514726,5
OTm_management,7,1,0.05,-1.6448536269514726,-1.6448536269514726,5
OTm_management,7.25,1,0.05,-1.6448536269514726,-1.6448536269514726,5
OTm_management,7.5,1,0.05,-1.6448536269514726,-1.6448536269514726,5
OTm_management,7.75,1,0.05,-1.6448536269514726,-1.6448536269514726,5
OTm_management,8,1,0.05,-1.6448536269514726,-1.6448536269514726,5
OTm_management,8.25,1,0.05,-1.6448536269514726,-1.6448536269514726,5
OTm_management,8.5,1,0.05,-1.6448536269514726,-1.6448536269514726,5
OTm_management,8.75,1,0.05,-1.6448536269514726,-1.6448536269514726,5
OTm_management,9,1,0.05,-1.6448536269514726,-1.6448536269514726,5
OTm_management,9.25,1,0.05,-1.6448536269514726,-1.6448536269514726,5
OTm_management,9.5,1,0.05,-1.6448536269514726,-1.6448536269514726,5
OTm_management,9.75,1,0.05,-1.6448536269514726,-1.6448536269514726,5
OTm_management,10,1,0.05,-1.6448536269514726,-1.6448536269514726,5
OTm_management,10.25,1,0.05,-1.6448536269514726,-1.6448536269514726,5
OTm_management,10.5,1,0.05,-1.6448536269514726,-1.6448536269514726,5
OTm_management,10.75,1,0.05,-1.6448536269514726,-1.6448536269514726,5
OTm_management,11,2,0.05,-1.6448536269514726,-1.6448536269514726,5
OTm_management,11.25,2,0.05,-1.6448536269514726,-1.6448536269514726,5
OTm_management,11.5,2,0.05,-1.6448536269514726,-1.6448536269514726,5
OTm_management,11.75,2,0.05,-1.6448536269514726,-1.6448536269514726,5
OTm_management,12,2,0.05,-1.6448536269514726,-1.6448536269514726,5
OTm_management,6,1,0.1,-1.2815515655446008,-1.2815515655446008,6
OTm_management,6.25,1,0.1,-1.2815515655446008,-1.2815515655446008,6
OTm_management,6.5,1,0.1,-1.2815515655446008,-1.2815515655446008,6
OTm_management,6.75,1,0.1,-1.2815515655446008,-1.2815515655446008,6
OTm_management,7,1,0.1,-1.2815515655446008,-1.2815515655446008,6
OTm_management,7.25,1,0.1,-1.2815515655446008,-1.2815515655446008,6
OTm_management,7.5,1,0.1,-1.2815515655446008,-1.2815515655446008,6
OTm_management,7.75,1,0.1,-1.2815515655446008,-1.2815515655446008,6
OTm_management,8,1,0.1,-1.2815515655446008,-1.2815515655446008,6
OTm_management,8.25,2,0.1,-1.2815515655446008,-1.2815515655446008,6
OTm_management,8.5,2,0.1,-1.2815515655446008,-1.2815515655446008,6
OTm_management,8.75,2,0.1,-1.2815515655446008,-1.2815515655446008,6
OTm_management,9,2,0.1,-1.2815515655446008,-1.2815515655446008,6
OTm_management,9.25,2,0.1,-1.2815515655446008,-1.2815515655446008,6
OTm_management,9.5,2,0.1,-1.2815515655446008,-1.2815515655446008,6
OTm_management,9.75,2,0.1,-1.2815515655446008,-1.2815515655446008,6
OTm_management,10,2,0.1,-1.2815515655446008,-1.2815515655446008,6
OTm_management,10.25,2,0.1,-1.2815515655446008,-1.2815515655446008,6
OTm_management,10.5,2,0.1,-1.2815515655446008,-1.2815515655446008,6
OTm_management,10.75,2,0.1,-1.2815515655446008,-1.2815515655446008,6
OTm_management,11,2,0.1,-1.2815515655446008,-1.2815515655446008,6
OTm_management,11.25,2,0.1,-1.2815515655446008,-1.2815515655446008,6
OTm_management,11.5,2,0.1,-1.2815515655446008,-1.2815515655446008,6
OTm_management,11.75,2,0.1,-1.2815515655446008,-1.2815515655446008,6
OTm_management,12,2,0.1,-1.2815515655446008,-1.2815515655446008,6
OTm_management,6,1,0.15,-1.0364333894937894,-1.0364333894937894,7
OTm_management,6.25,1,0.15,-1.0364333894937894,-1.0364333894937894,7
OTm_management,6.5,1,0.15,-1.0364333894937894,-1.0364333894937894,7
OTm_management,6.75,1,0.15,-1.0364333894937894,-1.0364333894937894,7
OTm_management,7,2,0.15,-1.0364333894937894,-1.0364333894937894,7
OTm_management,7.25,2,0.15,-1.0364333894937894,-1.0364333894937894,7
OTm_management,7.5,2,0.15,-1.0364333894937894,-1.0364333894937894,7
OTm_management,7.75,2,0.15,-1.0364333894937894,-1.0364333894937894,7
OTm_management,8,2,0.15,-1.0364333894937894,-1.0364333894937894,7
OTm_management,8.25,2,0.15,-1.0364333894937894,-1.0364333894937894,7
OTm_management,8.5,2,0.15,-1.0364333894937894,-1.0364333894937894,7
OTm_management,8.75,2,0.15,-1.0364333894937894,-1.0364333894937894,7
OTm_management,9,2,0.15,-1.0364333894937894,-1.0364333894937894,7
OTm_management,9.25,2,0.15,-1.0364333894937894,-1.0364333894937894,7
OTm_management,9.5,2,0.15,-1.0364333894937894,-1.0364333894937894,7
OTm_management,9.75,2,0.15,-1.0364333894937894,-1.0364333894937894,7
OTm_management,10,2,0.15,-1.0364333894937894,-1.0364333894937894,7
OTm_management,10.25,2,0.15,-1.0364333894937894,-1.0364333894937894,7
OTm_management,10.5,2,0.15,-1.0364333894937894,-1.0364333894937894,7
OTm_management,10.75,2,0.15,-1.0364333894937894,-1.0364333894937894,7
OTm_management,11,2,0.15,-1.0364333894937894,-1.0364333894937894,7
OTm_management,11.25,3,0.15,-1.0364333894937894,-1.0364333894937894,7
OTm_management,11.5,3,0.15,-1.0364333894937894,-1.0364333894937894,7
OTm_management,11.75,3,0.15,-1.0364333894937894,-1.0364333894937894,7
OTm_management,12,3,0.15,-1.0364333894937894,-1.0364333894937894,7
OTm_management,6,2,0.2,-0.8416212335729142,-0.8416212335729142,7
OTm_management,6.25,2,0.2,-0.8416212335729142,-0.8416212335729142,7
OTm_management,6.5,2,0.2,-0.8416212335729142,-0.8416212335729142,7
OTm_management,6.75,2,0.2,-0.8416212335729142,-0.8416212335729142,7
OTm_management,7,2,0.2,-0.8416212335729142,-0.8416212335729142,7
OTm_management,7.25,2,0.2,-0.8416212335729142,-0.8416212335729142,7
OTm_management,7.5,2,0.2,-0.8416212335729142,-0.8416212335729142,7
OTm_management,7.75,2,0.2,-0.8416212335729142,-0.8416212335729142,7
OTm_management,8,2,0.2,-0.8416212335729142,-0.8416212335729142,7
OTm_management,8.25,2,0.2,-0.8416212335729142,-0.8416212335729142,7
OTm_management,8.5,2,0.2,-0.8416212335729142,-0.8416212335729142,7
OTm_management,8.75,2,0.2,-0.8416212335729142,-0.8416212335729142,7
OTm_management,9,2,0.2,-0.8416212335729142,-0.8416212335729142,7
OTm_management,9.25,2,0.2,-0.8416212335729142,-0.8416212335729142,7
OTm_management,9.5,2,0.2,-0.8416212335729142,-0.8416212335729142,7
OTm_management,9.75,2,0.2,-0.8416212335729142,-0.8416212335729142,7
OTm_management,10,3,0.2,-0.8416212335729142,-0.8416212335729142,7
OTm_management,10.25,3,0.2,-0.8416212335729142,-0.8416212335729142,7
OTm_management,10.5,3,0.2,-0.8416212335729142,-0.8416212335729142,7
OTm_management,10.75,3,0.2,-0.8416212335729142,-0.8416212335729142,7
OTm_management,11,3,0.2,-0.8416212335729142,-0.8416212335729142,7
OTm_management,11.25,3,0.2,-0.8416212335729142,-0.8416212335729142,7
OTm_management,11.5,3,0.2,-0.8416212335729142,-0.8416212335729142,7
OTm_management,11.75,3,0.2,-0.8416212335729142,-0.8416212335729142,7
OTm_management,12,3,0.2,-0.8416212335729142,-0.8416212335729142,7
OTm_management,6,2,0.25,-0.6744897501960817,-0.6744897501960817,8
OTm_management,6.25,2,0.25,-0.6744897501960817,-0.6744897501960817,8
OTm_management,6.5,2,0.25,-0.6744897501960817,-0.6744897501960817,8
OTm_management,6.75,2,0.25,-0.6744897501960817,-0.6744897501960817,8
OTm_management,7,2,0.25,-0.6744897501960817,-0.6744897501960817,8
OTm_management,7.25,2,0.25,-0.6744897501960817,-0.6744897501960817,8
OTm_management,7.5,2,0.25,-0.6744897501960817,-0.6744897501960817,8
OTm_management,7.75,2,0.25,-0.6744897501960817,-0.6744897501960817,8
OTm_management,8,2,0.25,-0.6744897501960817,-0.6744897501960817,8
OTm_management,8.25,2,0.25,-0.6744897501960817,-0.6744897501960817,8
OTm_management,8.5,2,0.25,-0.6744897501960817,-0.6744897501960817,8
OTm_management,8.75,3,0.25,-0.6744897501960817,-0.6744897501960817,8
OTm_management,9,3,0.25,-0.6744897501960817,-0.6744897501960817,8
OTm_management,9.25,3,0.25,-0.6744897501960817,-0.6744897501960817,8
OTm_management,9.5,3,0.25,-0.6744897501960817,-0.6744897501960817,8
OTm_management,9.75,3,0.25,-0.6744897501960817,-0.6744897501960817,8
OTm_management,10,3,0.25,-0.6744897501960817,-0.6744897501960817,8
OTm_management,10.25,3,0.25,-0.6744897501960817,-0.6744897501960817,8
OTm_management,10.5,3,0.25,-0.6744897501960817,-0.6744897501960817,8
OTm_management,10.75,3,0.25,-0.6744897501960817,-0.6744897501960817,8
OTm_management,11,3,0.25,-0.6744897501960817,-0.6744897501960817,8
OTm_management,11.25,3,0.25,-0.6744897501960817,-0.6744897501960817,8
OTm_management,11.5,3,0.25,-0.6744897501960817,-0.6744897501960817,8
OTm_management,11.75,3,0.25,-0.6744897501960817,-0.6744897501960817,8
OTm_management,12,3,0.25,-0.6744897501960817,-0.6744897501960817,8
OTm_management,6,2,0.3,-0.5244005127080407,-0.5244005127080407,8
OTm_management,6.25,2,0.3,-0.5244005127080407,-0.5244005127080407,8
OTm_management,6.5,2,0.3,-0.5244005127080407,-0.5244005127080407,8
OTm_management,6.75,2,0.3,-0.5244005127080407,-0.5244005127080407,8
OTm_management,7,2,0.3,-0.5244005127080407,-0.5244005127080407,8
OTm_management,7.25,2,0.3,-0.5244005127080407,-0.5244005127080407,8
OTm_management,7.5,2,0.3,-0.5244005127080407,-0.5244005127080407,8
OTm_management,7.75,2,0.3,-0.5244005127080407,-0.5244005127080407,8
OTm_management,8,3,0.3,-0.5244005127080407,-0.5244005127080407,8
OTm_management,8.25,3,0.3,-0.5244005127080407,-0.5244005127080407,8
OTm_management,8.5,3,0.3,-0.5244005127080407,-0.5244005127080407,8
OTm_management,8.75,3,0.3,-0.5244005127080407,-0.5244005127080407,8
OTm_management,9,3,0.3,-0.5244005127080407,-0.5244005127080407,8
OTm_management,9.25,3,0.3,-0.5244005127080407,-0.5244005127080407,8
OTm_management,9.5,3,0.3,-0.5244005127080407,-0.5244005127080407,8
OTm_management,9.75,3,0.3,-0.5244005127080407,-0.5244005127080407,8
OTm_management,10,3,0.3,-0.5244005127080407,-0.5244005127080407,8
OTm_management,10.25,3,0.3,-0.5244005127080407,-0.5244005127080407,8
OTm_management,10.5,3,0.3,-0.5244005127080407,-0.5244005127080407,8
OTm_management,10.75,3,0.3,-0.5244005127080407,-0.5244005127080407,8
OTm_management,11,3,0.3,-0.5244005127080407,-0.5244005127080407,8
OTm_management,11.25,3,0.3,-0.5244005127080407,-0.5244005127080407,8
OTm_management,11.5,4,0.3,-0.5244005127080407,-0.5244005127080407,8
OTm_management,11.75,4,0.3,-0.5244005127080407,-0.5244005127080407,8
OTm_management,12,4,0.3,-0.5244005127080407,-0.5244005127080407,8
OTm_management,6,2,0.35,-0.3853204664075676,-0.3853204664075676,9
OTm_management,6.25,2,0.35,-0.3853204664075676,-0.3853204664075676,9
OTm_management,6.5,2,0.35,-0.3853204664075676,-0.3853204664075676,9
OTm_management,6.75,2,0.35,-0.3853204664075676,-0.3853204664075676,9
OTm_management,7,2,0.35,-0.3853204664075676,-0.3853204664075676,9
OTm_management,7.25,3,0.35,-0.3853204664075676,-0.3853204664075676,9
OTm_management,7.5,3,0.35,-0.3853204664075676,-0.3853204664075676,9
OTm_management,7.75,3,0.35,-0.3853204664075676,-0.3853204664075676,9
OTm_management,8,3,0.35,-0.3853204664075676,-0.3853204664075676,9
OTm_management,8.25,3,0.35,-0.3853204664075676,-0.3853204664075676,9
OTm_management,8.5,3,0.35,-0.3853204664075676,-0.3853204664075676,9
OTm_management,8.75,3,0.35,-0.3853204664075676,-0.3853204664075676,9
OTm_management,9,3,0.35,-0.3853204664075676,-0.3853204664075676,9
OTm_management,9.25,3,0.35,-0.3853204664075676,-0.3853204664075676,9
OTm_management,9.5,3,0.35,-0.3853204664075676,-0.3853204664075676,9
OTm_management,9.75,3,0.35,-0.3853204664075676,-0.3853204664075676,9
OTm_management,10,3,0.35,-0.3853204664075676,-0.3853204664075676,9
OTm_management,10.25,3,0.35,-0.3853204664075676,-0.3853204664075676,9
OTm_management,10.5,3,0.35,-0.3853204664075676,-0.3853204664075676,9
OTm_management,10.75,4,0.35,-0.3853204664075676,-0.3853204664075676,9
OTm_management,11,4,0.35,-0.3853204664075676,-0.3853204664075676,9
OTm_management,11.25,4,0.35,-0.3853204664075676,-0.3853204664075676,9
OTm_management,11.5,4,0.35,-0.3853204664075676,-0.3853204664075676,9
OTm_management,11.75,4,0.35,-0.3853204664075676,-0.3853204664075676,9
OTm_management,12,4,0.35,-0.3853204664075676,-0.3853204664075676,9
OTm_management,6,2,0.4,-0.2533471031357998,-0.2533471031357998,9
OTm_management,6.25,2,0.4,-0.2533471031357998,-0.2533471031357998,9
OTm_management,6.5,3,0.4,-0.2533471031357998,-0.2533471031357998,9
OTm_management,6.75,3,0.4,-0.2533471031357998,-0.2533471031357998,9
OTm_management,7,3,0.4,-0.2533471031357998,-0.2533471031357998,9
OTm_management,7.25,3,0.4,-0.2533471031357998,-0.2533471031357998,9
OTm_management,7.5,3,0.4,-0.2533471031357998,-0.2533471031357998,9
OTm_management,7.75,3,0.4,-0.2533471031357998,-0.2533471031357998,9
OTm_management,8,3,0.4,-0.2533471031357998,-0.2533471031357998,9
OTm_management,8.25,3,0.4,-0.2533471031357998,-0.2533471031357998,9
OTm_management,8.5,3,0.4,-0.2533471031357998,-0.2533471031357998,9
OTm_management,8.75,3,0.4,-0.2533471031357998,-0.2533471031357998,9
OTm_management,9,3,0.4,-0.2533471031357998,-0.2533471031357998,9
OTm_management,9.25,3,0.4,-0.2533471031357998,-0.2533471031357998,9
OTm_management,9.5,3,0.4,-0.2533471031357998,-0.2533471031357998,9
OTm_management,9.75,3,0.4,-0.2533471031357998,-0.2533471031357998,9
OTm_management,10,4,0.4,-0.2533471031357998,-0.2533471031357998,9
OTm_management,10.25,4,0.4,-0.2533471031357998,-0.2533471031357998,9
OTm_management,10.5,4,0.4,-0.2533471031357998,-0.2533471031357998,9
OTm_management,10.75,4,0.4,-0.2533471031357998,-0.2533471031357998,9
OTm_management,11,4,0.4,-0.2533471031357998,-0.2533471031357998,9
OTm_management,11.25,4,0.4,-0.2533471031357998,-0.2533471031357998,9
OTm_management,11.5,4,0.4,-0.2533471031357998,-0.2533471031357998,9
OTm_management,11.75,4,0.4,-0.2533471031357998,-0.2533471031357998,9
OTm_management,12,4,0.4,-0.2533471031357998,-0.2533471031357998,9
OTm_management,6,3,0.45,-0.125661346855074,-0.125661346855074,10
OTm_management,6.25,3,0.45,-0.125661346855074,-0.125661346855074,10
OTm_management,6.5,3,0.45,-0.125661346855074,-0.125661346855074,10
OTm_management,6.75,3,0.45,-0.125661346855074,-0.125661346855074,10
OTm_management,7,3,0.45,-0.125661346855074,-0.125661346855074,10
OTm_management,7.25,3,0.45,-0.125661346855074,-0.125661346855074,10
OTm_management,7.5,3,0.45,-0.125661346855074,-0.125661346855074,10
OTm_management,7.75,3,0.45,-0.125661346855074,-0.125661346855074,10
OTm_management,8,3,0.45,-0.125661346855074,-0.125661346855074,10
OTm_management,8.25,3,0.45,-0.125661346855074,-0.125661346855074,10
OTm_management,8.5,3,0.45,-0.125661346855074,-0.125661346855074,10
OTm_management,8.75,3,0.45,-0.125661346855074,-0.125661346855074,10
OTm_management,9,3,0.45,-0.125661346855074,-0.125661346855074,10
OTm_management,9.25,4,0.45,-0.125661346855074,-0.125661346855074,10
OTm_management,9.5,4,0.45,-0.125661346855074,-0.125661346855074,10
OTm_management,9.75,4,0.45,-0.125661346855074,-0.125661346855074,10
OTm_management,10,4,0.45,-0.125661346855074,-0.125661346855074,10
OTm_management,10.25,4,0.45,-0.125661346855074,-0.125661346855074,10
OTm_management,10.5,4,0.45,-0.125661346855074,-0.125661346855074,10
OTm_management,10.75,4,0.45,-0.125661346855074,-0.125661346855074,10
OTm_management,11,4,0.45,-0.125661346855074,-0.125661346855074,10
OTm_management,11.25,4,0.45,-0.125661346855074,-0.125661346855074,10
OTm_management,11.5,4,0.45,-0.125661346855074,-0.125661346855074,10
OTm_management,11.75,4,0.45,-0.125661346855074,-0.125661346855074,10
OTm_management,12,4,0.45,-0.125661346855074,-0.125661346855074,10
OTm_management,6,3,0.5,0,0,10
OTm_management,6.25,3,0.5,0,0,10
OTm_management,6.5,3,0.5,0,0,10
OTm_management,6.75,3,0.5,0,0,10
OTm_management,7,3,0.5,0,0,10
OTm_management,7.25,3,0.5,0,0,10
OTm_management,7.5,3,0.5,0,0,10
OTm_management,7.75,3,0.5,0,0,10
OTm_management,8,3,0.5,0,0,10
OTm_management,8.25,3,0.5,0,0,10
OTm_management,8.5,3,0.5,0,0,10
OTm_management,8.75,4,0.5,0,0,10
OTm_management,9,4,0.5,0,0,10
OTm_management,9.25,4,0.5,0,0,10
OTm_management,9.5,4,0.5,0,0,10
OTm_management,9.75,4,0.5,0,0,10
OTm_management,10,4,0.5,0,0,10
OTm_management,10.25,4,0.5,0,0,10
OTm_management,10.5,4,0.5,0,0,10
OTm_management,10.75,4,0.5,0,0,10
OTm_management,11,4,0.5,0,0,10
OTm_management,11.25,4,0.5,0,0,10
OTm_management,11.5,4,0.5,0,0,10
OTm_management,11.75,4,0.5,0,0,10
OTm_management,12,4,0.5,0,0,10
OTm_management,6,3,0.55,0.12566134685507413,0.12566134685507413,10
OTm_management,6.25,3,0.55,0.12566134685507413,0.12566134685507413,10
OTm_management,6.5,3,0.55,0.12566134685507413,0.12566134685507413,10
OTm_management,6.75,3,0.55,0.12566134685507413,0.12566134685507413,10
OTm_management,7,3,0.55,0.12566134685507413,0.12566134685507413,10
OTm_management,7.25,3,0.55,0.12566134685507413,0.12566134685507413,10
OTm_management,7.5,3,0.55,0.12566134685507413,0.12566134685507413,10
OTm_management,7.75,3,0.55,0.12566134685507413,0.12566134685507413,10
OTm_management,8,4,0.55,0.12566134685507413,0.12566134685507413,10
OTm_management,8.25,4,0.55,0.12566134685507413,0.12566134685507413,10
OTm_management,8.5,4,0.55,0.12566134685507413,0.12566134685507413,10
OTm_management,8.75,4,0.55,0.12566134685507413,0.12566134685507413,10
OTm_management,9,4,0.55,0.12566134685507413,0.12566134685507413,10
OTm_management,9.25,4,0.55,0.12566134685507413,0.12566134685507413,10
OTm_management,9.5,4,0.55,0.12566134685507413,0.12566134685507413,10
OTm_management,9.75,4,0.55,0.12566134685507413,0.12566134685507413,10
OTm_management,10,4,0.55,0.12566134685507413,0.12566134685507413,10
OTm_management,10.25,4,0.55,0.12566134685507413,0.12566134685507413,10
OTm_management,10.5,4,0.55,0.12566134685507413,0.12566134685507413,10
OTm_management,10.75,4,0.55,0.12566134685507413,0.12566134685507413,10
OTm_management,11,4,0.55,0.12566134685507413,0.12566134685507413,10
OTm_management,11.25,4,0.55,0.12566134685507413,0.12566134685507413,10
OTm_management,11.5,5,0.55,0.12566134685507413,0.12566134685507413,10
OTm_management,11.75,5,0.55,0.12566134685507413,0.12566134685507413,10
OTm_management,12,5,0.55,0.12566134685507413,0.12566134685507413,10
OTm_management,6,3,0.6,0.2533471031357998,0.2533471031357998,11
OTm_management,6.25,3,0.6,0.2533471031357998,0.2533471031357998,11
OTm_management,6.5,3,0.6,0.2533471031357998,0.2533471031357998,11
OTm_management,6.75,3,0.6,0.2533471031357998,0.2533471031357998,11
OTm_management,7,3,0.6,0.2533471031357998,0.2533471031357998,11
OTm_management,7.25,3,0.6,0.2533471031357998,0.2533471031357998,11
OTm_management,7.5,4,0.6,0.2533471031357998,0.2533471031357998,11
OTm_management,7.75,4,0.6,0.2533471031357998,0.2533471031357998,11
OTm_management,8,4,0.6,0.2533471031357998,0.2533471031357998,11
OTm_management,8.25,4,0.6,0.2533471031357998,0.2533471031357998,11
OTm_management,8.5,4,0.6,0.2533471031357998,0.2533471031357998,11
OTm_management,8.75,4,0.6,0.2533471031357998,0.2533471031357998,11
OTm_management,9,4,0.6,0.2533471031357998,0.2533471031357998,11
OTm_management,9.25,4,0.6,0.2533471031357998,0.2533471031357998,11
OTm_management,9.5,4,0.6,0.2533471031357998,0.2533471031357998,11
OTm_management,9.75,4,0.6,0.2533471031357998,0.2533471031357998,11
OTm_management,10,4,0.6,0.2533471031357998,0.2533471031357998,11
OTm_management,10.25,4,0.6,0.2533471031357998,0.2533471031357998,11
OTm_management,10.5,4,0.6,0.2533471031357998,0.2533471031357998,11
OTm_management,10.75,5,0.6,0.2533471031357998,0.2533471031357998,11
OTm_management,11,5,0.6,0.2533471031357998,0.2533471031357998,11
OTm_management,11.25,5,0.6,0.2533471031357998,0.2533471031357998,11
OTm_management,11.5,5,0.6,0.2533471031357998,0.2533471031357998,11
OTm_management,11.75,5,0.6,0.2533471031357998,0.2533471031357998,11
OTm_management,12,5,0.6,0.2533471031357998,0.2533471031357998,11
OTm_management,6,3,0.65,0.3853204664075676,0.3853204664075676,11
OTm_management,6.25,3,0.65,0.3853204664075676,0.3853204664075676,11
OTm_management,6.5,3,0.65,0.3853204664075676,0.3853204664075676,11
OTm_management,6.75,4,0.65,0.3853204664075676,0.3853204664075676,11
OTm_management,7,4,0.65,0.3853204664075676,0.3853204664075676,11
OTm_management,7.25,4,0.65,0.3853204664075676,0.3853204664075676,11
OTm_management,7.5,4,0.65,0.3853204664075676,0.3853204664075676,11
OTm_management,7.75,4,0.65,0.3853204664075676,0.3853204664075676,11
OTm_management,8,4,0.65,0.3853204664075676,0.3853204664075676,11
OTm_management,8.25,4,0.65,0.3853204664075676,0.3853204664075676,11
OTm_management,8.5,4,0.65,0.3853204664075676,0.3853204664075676,11
OTm_management,8.75,4,0.65,0.3853204664075676,0.3853204664075676,11
OTm_management,9,4,0.65,0.3853204664075676,0.3853204664075676,11
OTm_management,9.25,4,0.65,0.3853204664075676,0.3853204664075676,11
OTm_management,9.5,4,0.65,0.3853204664075676,0.3853204664075676,11
OTm_management,9.75,4,0.65,0.3853204664075676,0.3853204664075676,11
OTm_management,10,5,0.65,0.3853204664075676,0.3853204664075676,11
OTm_management,10.25,5,0.65,0.3853204664075676,0.3853204664075676,11
OTm_management,10.5,5,0.65,0.3853204664075676,0.3853204664075676,11
OTm_management,10.75,5,0.65,0.3853204664075676,0.3853204664075676,11
OTm_management,11,5,0.65,0.3853204664075676,0.3853204664075676,11
OTm_management,11.25,5,0.65,0.3853204664075676,0.3853204664075676,11
OTm_management,11.5,5,0.65,0.3853204664075676,0.3853204664075676,11
OTm_management,11.75,5,0.65,0.3853204664075676,0.3853204664075676,11
OTm_management,12,5,0.65,0.3853204664075676,0.3853204664075676,11
OTm_management,6,4,0.7,0.5244005127080407,0.5244005127080407,12
OTm_management,6.25,4,0.7,0.5244005127080407,0.5244005127080407,12
OTm_management,6.5,4,0.7,0.5244005127080407,0.5244005127080407,12
OTm_management,6.75,4,0.7,0.5244005127080407,0.5244005127080407,12
OTm_management,7,4,0.7,0.5244005127080407,0.5244005127080407,12
OTm_management,7.25,4,0.7,0.5244005127080407,0.5244005127080407,12
OTm_management,7.5,4,0.7,0.5244005127080407,0.5244005127080407,12
OTm_management,7.75,4,0.7,0.5244005127080407,0.5244005127080407,12
OTm_management,8,4,0.7,0.5244005127080407,0.5244005127080407,12
OTm_management,8.25,4,0.7,0.5244005127080407,0.5244005127080407,12
OTm_management,8.5,4,0.7,0.5244005127080407,0.5244005127080407,12
OTm_management,8.75,4,0.7,0.5244005127080407,0.5244005127080407,12
OTm_management,9,4,0.7,0.5244005127080407,0.5244005127080407,12
OTm_management,9.25,4,0.7,0.5244005127080407,0.5244005127080407,12
OTm_management,9.5,5,0.7,0.5244005127080407,0.5244005127080407,12
OTm_management,9.75,5,0.7,0.5244005127080407,0.5244005127080407,12
OTm_management,10,5,0.7,0.5244005127080407,0.5244005127080407,12
OTm_management,10.25,5,0.7,0.5244005127080407,0.5244005127080407,12
OTm_management,10.5,5,0.7,0.5244005127080407,0.5244005127080407,12
OTm_management,10.75,5,0.7,0.5244005127080407,0.5244005127080407,12
OTm_management,11,5,0.7,0.5244005127080407,0.5244005127080407,12
OTm_management,11.25,5,0.7,0.5244005127080407,0.5244005127080407,12
OTm_management,11.5,5,0.7,0.5244005127080407,0.5244005127080407,12
OTm_management,11.75,5,0.7,0.5244005127080407,0.5244005127080407,12
OTm_management,12,5,0.7,0.5244005127080407,0.5244005127080407,12
OTm_management,6,4,0.75,0.6744897501960817,0.6744897501960817,12
OTm_management,6.25,4,0.75,0.6744897501960817,0.6744897501960817,12
OTm_management,6.5,4,0.75,0.6744897501960817,0.6744897501960817,12
OTm_management,6.75,4,0.75,0.6744897501960817,0.6744897501960817,12
OTm_management,7,4,0.75,0.6744897501960817,0.6744897501960817,12
OTm_management,7.25,4,0.75,0.6744897501960817,0.6744897501960817,12
OTm_management,7.5,4,0.75,0.6744897501960817,0.6744897501960817,12
OTm_management,7.75,4,0.75,0.6744897501960817,0.6744897501960817,12
OTm_management,8,4,0.75,0.6744897501960817,0.6744897501960817,12
OTm_management,8.25,4,0.75,0.6744897501960817,0.6744897501960817,12
OTm_management,8.5,4,0.75,0.6744897501960817,0.6744897501960817,12
OTm_management,8.75,5,0.75,0.6744897501960817,0.6744897501960817,12
OTm_management,9,5,0.75,0.6744897501960817,0.6744897501960817,12
OTm_management,9.25,5,0.75,0.6744897501960817,0.6744897501960817,12
OTm_management,9.5,5,0.75,0.6744897501960817,0.6744897501960817,12
OTm_management,9.75,5,0.75,0.6744897501960817,0.6744897501960817,12
OTm_management,10,5,0.75,0.6744897501960817,0.6744897501960817,12
OTm_management,10.25,5,0.75,0.6744897501960817,0.6744897501960817,12
OTm_management,10.5,5,0.75,0.6744897501960817,0.6744897501960817,12
OTm_management,10.75,5,0.75,0.6744897501960817,0.6744897501960817,12
OTm_management,11,5,0.75,0.6744897501960817,0.6744897501960817,12
OTm_management,11.25,5,0.75,0.6744897501960817,0.6744897501960817,12
OTm_management,11.5,5,0.75,0.6744897501960817,0.6744897501960817,12
OTm_management,11.75,5,0.75,0.6744897501960817,0.6744897501960817,12
OTm_management,12,5,0.75,0.6744897501960817,0.6744897501960817,12
OTm_management,6,4,0.8,0.8416212335729144,0.8416212335729144,13
OTm_management,6.25,4,0.8,0.8416212335729144,0.8416212335729144,13
OTm_management,6.5,4,0.8,0.8416212335729144,0.8416212335729144,13
OTm_management,6.75,4,0.8,0.8416212335729144,0.8416212335729144,13
OTm_management,7,4,0.8,0.8416212335729144,0.8416212335729144,13
OTm_management,7.25,4,0.8,0.8416212335729144,0.8416212335729144,13
OTm_management,7.5,4,0.8,0.8416212335729144,0.8416212335729144,13
OTm_management,7.75,4,0.8,0.8416212335729144,0.8416212335729144,13
OTm_management,8,5,0.8,0.8416212335729144,0.8416212335729144,13
OTm_management,8.25,5,0.8,0.8416212335729144,0.8416212335729144,13
OTm_management,8.5,5,0.8,0.8416212335729144,0.8416212335729144,13
OTm_management,8.75,5,0.8,0.8416212335729144,0.8416212335729144,13
OTm_management,9,5,0.8,0.8416212335729144,0.8416212335729144,13
OTm_management,9.25,5,0.8,0.8416212335729144,0.8416212335729144,13
OTm_management,9.5,5,0.8,0.8416212335729144,0.8416212335729144,13
OTm_management,9.75,5,0.8,0.8416212335729144,0.8416212335729144,13
OTm_management,10,5,0.8,0.8416212335729144,0.8416212335729144,13
OTm_management,10.25,5,0.8,0.8416212335729144,0.8416212335729144,13
OTm_management,10.5,5,0.8,0.8416212335729144,0.8416212335729144,13
OTm_management,10.75,5,0.8,0.8416212335729144,0.8416212335729144,13
OTm_management,11,5,0.8,0.8416212335729144,0.8416212335729144,13
OTm_management,11.25,5,0.8,0.8416212335729144,0.8416212335729144,13
OTm_management,11.5,5,0.8,0.8416212335729144,0.8416212335729144,13
OTm_management,11.75,6,0.8,0.8416212335729144,0.8416212335729144,13
OTm_management,12,6,0.8,0.8416212335729144,0.8416212335729144,13
OTm_management,6,4,0.85,1.0364333894937894,1.0364333894937894,13
OTm_management,6.25,4,0.85,1.0364333894937894,1.0364333894937894,13
OTm_management,6.5,4,0.85,1.0364333894937894,1.0364333894937894,13
OTm_management,6.75,4,0.85,1.0364333894937894,1.0364333894937894,13
OTm_management,7,5,0.85,1.0364333894937894,1.0364333894937894,13
OTm_management,7.25,5,0.85,1.0364333894937894,1.0364333894937894,13
OTm_management,7.5,5,0.85,1.0364333894937894,1.0364333894937894,13
OTm_management,7.75,5,0.85,1.0364333894937894,1.0364333894937894,13
OTm_management,8,5,0.85,1.0364333894937894,1.0364333894937894,13
OTm_management,8.25,5,0.85,1.0364333894937894,1.0364333894937894,13
OTm_management,8.5,5,0.85,1.0364333894937894,1.0364333894937894,13
OTm_management,8.75,5,0.85,1.0364333894937894,1.0364333894937894,13
OTm_management,9,5,0.85,1.0364333894937894,1.0364333894937894,13
OTm_management,9.25,5,0.85,1.0364333894937894,1.0364333894937894,13
OTm_management,9.5,5,0.85,1.0364333894937894,1.0364333894937894,13
OTm_management,9.75,5,0.85,1.0364333894937894,1.0364333894937894,13
OTm_management,10,5,0.85,1.0364333894937894,1.0364333894937894,13
OTm_management,10.25,5,0.85,1.0364333894937894,1.0364333894937894,13
OTm_management,10.5,5,0.85,1.0364333894937894,1.0364333894937894,13
OTm_management,10.75,6,0.85,1.0364333894937894,1.0364333894937894,13
OTm_management,11,6,0.85,1.0364333894937894,1.0364333894937894,13
OTm_management,11.25,6,0.85,1.0364333894937894,1.0364333894937894,13
OTm_management,11.5,6,0.85,1.0364333894937894,1.0364333894937894,13
OTm_management,11.75,6,0.85,1.0364333894937894,1.0364333894937894,13
OTm_management,12,6,0.85,1.0364333894937894,1.0364333894937894,13
OTm_management,6,5,0.9,1.2815515655446008,1.2815515655446008,14
OTm_management,6.25,5,0.9,1.2815515655446008,1.2815515655446008,14
OTm_management,6.5,5,0.9,1.2815515655446008,1.2815515655446008,14
OTm_management,6.75,5,0.9,1.2815515655446008,1.2815515655446008,14
OTm_management,7,5,0.9,1.2815515655446008,1.2815515655446008,14
OTm_management,7.25,5,0.9,1.2815515655446008,1.2815515655446008,14
OTm_management,7.5,5,0.9,1.2815515655446008,1.2815515655446008,14
OTm_management,7.75,5,0.9,1.2815515655446008,1.2815515655446008,14
OTm_management,8,5,0.9,1.2815515655446008,1.2815515655446008,14
OTm_management,8.25,5,0.9,1.2815515655446008,1.2815515655446008,14
OTm_management,8.5,5,0.9,1.2815515655446008,1.2815515655446008,14
OTm_management,8.75,5,0.9,1.2815515655446008,1.2815515655446008,14
OTm_management,9,5,0.9,1.2815515655446008,1.2815515655446008,14
OTm_management,9.25,5,0.9,1.2815515655446008,1.2815515655446008,14
OTm_management,9.5,6,0.9,1.2815515655446008,1.2815515655446008,14
OTm_management,9.75,6,0.9,1.2815515655446008,1.2815515655446008,14
OTm_management,10,6,0.9,1.2815515655446008,1.2815515655446008,14
OTm_management,10.25,6,0.9,1.2815515655446008,1.2815515655446008,14
OTm_management,10.5,6,0.9,1.2815515655446008,1.2815515655446008,14
OTm_management,10.75,6,0.9,1.2815515655446008,1.2815515655446008,14
OTm_management,11,6,0.9,1.2815515655446008,1.2815515655446008,14
OTm_management,11.25,6,0.9,1.2815515655446008,1.2815515655446008,14
OTm_management,11.5,6,0.9,1.2815515655446008,1.2815515655446008,14
OTm_management,11.75,6,0.9,1.2815515655446008,1.2815515655446008,14
OTm_management,12,6,0.9,1.2815515655446008,1.2815515655446008,14
OTm_management,6,5,0.95,1.6448536269514715,1.6448536269514715,15
OTm_management,6.25,5,0.95,1.6448536269514715,1.6448536269514715,15
OTm_management,6.5,5,0.95,1.6448536269514715,1.6448536269514715,15
OTm_management,6.75,5,0.95,1.6448536269514715,1.6448536269514715,15
OTm_management,7,5,0.95,1.6448536269514715,1.6448536269514715,15
OTm_management,7.25,5,0.95,1.6448536269514715,1.6448536269514715,15
OTm_management,7.5,5,0.95,1.6448536269514715,1.6448536269514715,15
OTm_management,7.75,5,0.95,1.6448536269514715,1.6448536269514715,15
OTm_management,8,6,0.95,1.6448536269514715,1.6448536269514715,15
OTm_management,8.25,6,0.95,1.6448536269514715,1.6448536269514715,15
OTm_management,8.5,6,0.95,1.6448536269514715,1.6448536269514715,15
OTm_management,8.75,6,0.95,1.6448536269514715,1.6448536269514715,15
OTm_management,9,6,0.95,1.6448536269514715,1.6448536269514715,15
OTm_management,9.25,6,0.95,1.6448536269514715,1.6448536269514715,15
OTm_management,9.5,6,0.95,1.6448536269514715,1.6448536269514715,15
OTm_management,9.75,6,0.95,1.6448536269514715,1.6448536269514715,15
OTm_management,10,6,0.95,1.6448536269514715,1.6448536269514715,15
OTm_management,10.25,6,0.95,1.6448536269514715,1.6448536269514715,15
OTm_management,10.5,6,0.95,1.6448536269514715,1.6448536269514715,15
OTm_management,10.75,6,0.95,1.6448536269514715,1.6448536269514715,15
OTm_management,11,6,0.95,1.6448536269514715,1.6448536269514715,15
OTm_management,11.25,6,0.95,1.6448536269514715,1.6448536269514715,15
OTm_management,11.5,6,0.95,1.6448536269514715,1.6448536269514715,15
OTm_management,11.75,6,0.95,1.6448536269514715,1.6448536269514715,15
OTm_management,12,6,0.95,1.6448536269514715,1.6448536269514715,15
QST_parent_total,6,5,0.00135,-2.999976992703393,-2.999976992703393,1
QST_parent_total,6.25,5,0.00135,-2.999976992703393,-2.999976992703393,1
QST_parent_total,6.5,6,0.00135,-2.999976992703393,-2.999976992703393,1
QST_parent_total,6.75,6,0.00135,-2.999976992703393,-2.999976992703393,1
QST_parent_total,7,6,0.00135,-2.999976992703393,-2.999976992703393,1
QST_parent_total,7.25,6,0.00135,-2.999976992703393,-2.999976992703393,1
QST_parent_total,7.5,6,0.00135,-2.999976992703393,-2.999976992703393,1
QST_parent_total,7.75,6,0.00135,-2.999976992703393,-2.999976992703393,1
QST_parent_total,8,6,0.00135,-2.999976992703393,-2.999976992703393,1
QST_parent_total,8.25,6,0.00135,-2.999976992703393,-2.999976992703393,1
QST_parent_total,8.5,6,0.00135,-2.999976992703393,-2.999976992703393,1
QST_parent_total,8.75,6,0.00135,-2.999976992703393,-2.999976992703393,1
QST_parent_total,9,6,0.00135,-2.999976992703393,-2.999976992703393,1
QST_parent_total,9.25,6,0.00135,-2.999976992703393,-2.999976992703393,1
QST_parent_total,9.5,6,0.00135,-2.999976992703393,-2.999976992703393,1
QST_parent_total,9.75,5,0.00135,-2.999976992703393,-2.999976992703393,1
QST_parent_total,10,5,0.00135,-2.999976992703393,-2.999976992703393,1
QST_parent_total,10.25,5,0.00135,-2.999976992703393,-2.999976992703393,1
QST_parent_total,10.5,5,0.00135,-2.999976992703393,-2.999976992703393,1
QST_parent_total,10.75,5,0.00135,-2.999976992703393,-2.999976992703393,1
QST_parent_total,11,5,0.00135,-2.999976992703393,-2.999976992703393,1
QST_parent_total,11.25,4,0.00135,-2.999976992703393,-2.999976992703393,1
QST_parent_total,11.5,4,0.00135,-2.999976992703393,-2.999976992703393,1
QST_parent_total,11.75,4,0.00135,-2.999976992703393,-2.999976992703393,1
QST_parent_total,12,4,0.00135,-2.999976992703393,-2.999976992703393,1
QST_parent_total,6,7,0.00383,-2.6667000630340683,-2.6667000630340683,2
QST_parent_total,6.25,7,0.00383,-2.6667000630340683,-2.6667000630340683,2
QST_parent_total,6.5,7,0.00383,-2.6667000630340683,-2.6667000630340683,2
QST_parent_total,6.75,7,0.00383,-2.6667000630340683,-2.6667000630340683,2
QST_parent_total,7,8,0.00383,-2.6667000630340683,-2.6667000630340683,2
QST_parent_total,7.25,8,0.00383,-2.6667000630340683,-2.6667000630340683,2
QST_parent_total,7.5,8,0.00383,-2.6667000630340683,-2.6667000630340683,2
QST_parent_total,7.75,8,0.00383,-2.6667000630340683,-2.6667000630340683,2
QST_parent_total,8,8,0.00383,-2.6667000630340683,-2.6667000630340683,2
QST_parent_total,8.25,8,0.00383,-2.6667000630340683,-2.6667000630340683,2
QST_parent_total,8.5,8,0.00383,-2.6667000630340683,-2.6667000630340683,2
QST_parent_total,8.75,8,0.00383,-2.6667000630340683,-2.6667000630340683,2
QST_parent_total,9,8,0.00383,-2.6667000630340683,-2.6667000630340683,2
QST_parent_total,9.25,8,0.00383,-2.6667000630340683,-2.6667000630340683,2
QST_parent_total,9.5,8,0.00383,-2.6667000630340683,-2.6667000630340683,2
QST_parent_total,9.75,7,0.00383,-2.6667000630340683,-2.6667000630340683,2
QST_parent_total,10,7,0.00383,-2.6667000630340683,-2.6667000630340683,2
QST_parent_total,10.25,7,0.00383,-2.6667000630340683,-2.6667000630340683,2
QST_parent_total,10.5,7,0.00383,-2.6667000630340683,-2.6667000630340683,2
QST_parent_total,10.75,7,0.00383,-2.6667000630340683,-2.6667000630340683,2
QST_parent_total,11,6,0.00383,-2.6667000630340683,-2.6667000630340683,2
QST_parent_total,11.25,6,0.00383,-2.6667000630340683,-2.6667000630340683,2
QST_parent_total,11.5,6,0.00383,-2.6667000630340683,-2.6667000630340683,2
QST_parent_total,11.75,6,0.00383,-2.6667000630340683,-2.6667000630340683,2
QST_parent_total,12,6,0.00383,-2.6667000630340683,-2.6667000630340683,2
QST_parent_total,6,8,0.00982,-2.3331552225672434,-2.3331552225672434,3
QST_parent_total,6.25,9,0.00982,-2.3331552225672434,-2.3331552225672434,3
QST_parent_total,6.5,9,0.00982,-2.3331552225672434,-2.3331552225672434,3
QST_parent_total,6.75,9,0.00982,-2.3331552225672434,-2.3331552225672434,3
QST_parent_total,7,9,0.00982,-2.3331552225672434,-2.3331552225672434,3
QST_parent_total,7.25,10,0.00982,-2.3331552225672434,-2.3331552225672434,3
QST_parent_total,7.5,10,0.00982,-2.3331552225672434,-2.3331552225672434,3
QST_parent_total,7.75,10,0.00982,-2.3331552225672434,-2.3331552225672434,3
QST_parent_total,8,10,0.00982,-2.3331552225672434,-2.3331552225672434,3
QST_parent_total,8.25,10,0.00982,-2.3331552225672434,-2.3331552225672434,3
QST_parent_total,8.5,10,0.00982,-2.3331552225672434,-2.3331552225672434,3
QST_parent_total,8.75,10,0.00982,-2.3331552225672434,-2.3331552225672434,3
QST_parent_total,9,10,0.00982,-2.3331552225672434,-2.3331552225672434,3
QST_parent_total,9.25,10,0.00982,-2.3331552225672434,-2.3331552225672434,3
QST_parent_total,9.5,10,0.00982,-2.3331552225672434,-2.3331552225672434,3
QST_parent_total,9.75,9,0.00982,-2.3331552225672434,-2.3331552225672434,3
QST_parent_total,10,9,0.00982,-2.3331552225672434,-2.3331552225672434,3
QST_parent_total,10.25,9,0.00982,-2.3331552225672434,-2.3331552225672434,3
QST_parent_total,10.5,9,0.00982,-2.3331552225672434,-2.3331552225672434,3
QST_parent_total,10.75,9,0.00982,-2.3331552225672434,-2.3331552225672434,3
QST_parent_total,11,9,0.00982,-2.3331552225672434,-2.3331552225672434,3
QST_parent_total,11.25,8,0.00982,-2.3331552225672434,-2.3331552225672434,3
QST_parent_total,11.5,8,0.00982,-2.3331552225672434,-2.3331552225672434,3
QST_parent_total,11.75,8,0.00982,-2.3331552225672434,-2.3331552225672434,3
QST_parent_total,12,8,0.00982,-2.3331552225672434,-2.3331552225672434,3
QST_parent_total,6,10,0.02275,-2.000002443899604,-2.000002443899604,4
QST_parent_total,6.25,10,0.02275,-2.000002443899604,-2.000002443899604,4
QST_parent_total,6.5,11,0.02275,-2.000002443899604,-2.000002443899604,4
QST_parent_total,6.75,11,0.02275,-2.000002443899604,-2.000002443899604,4
QST_parent_total,7,11,0.02275,-2.000002443899604,-2.000002443899604,4
QST_parent_total,7.25,12,0.02275,-2.000002443899604,-2.000002443899604,4
QST_parent_total,7.5,12,0.02275,-2.000002443899604,-2.000002443899604,4
QST_parent_total,7.75,12,0.02275,-2.000002443899604,-2.000002443899604,4
QST_parent_total,8,12,0.02275,-2.000002443899604,-2.000002443899604,4
QST_parent_total,8.25,12,0.02275,-2.000002443899604,-2.000002443899604,4
QST_parent_total,8.5,12,0.02275,-2.000002443899604,-2.000002443899604,4
QST_parent_total,8.75,12,0.02275,-2.000002443899604,-2.000002443899604,4
QST_parent_total,9,12,0.02275,-2.000002443899604,-2.000002443899604,4
QST_parent_total,9.25,12,0.02275,-2.000002443899604,-2.000002443899604,4
QST_parent_total,9.5,12,0.02275,-2.000002443899604,-2.000002443899604,4
QST_parent_total,9.75,12,0.02275,-2.000002443899604,-2.000002443899604,4
QST_parent_total,10,12,0.02275,-2.000002443899604,-2.000002443899604,4
QST_parent_total,10.25,11,0.02275,-2.000002443899604,-2.000002443899604,4
QST_parent_total,10.5,11,0.02275,-2.000002443899604,-2.000002443899604,4
QST_parent_total,10.75,11,0.02275,-2.000002443899604,-2.000002443899604,4
QST_parent_total,11,11,0.02275,-2.000002443899604,-2.000002443899604,4
QST_parent_total,11.25,11,0.02275,-2.000002443899604,-2.000002443899604,4
QST_parent_total,11.5,11,0.02275,-2.000002443899604,-2.000002443899604,4
QST_parent_total,11.75,10,0.02275,-2.000002443899604,-2.000002443899604,4
QST_parent_total,12,10,0.02275,-2.000002443899604,-2.000002443899604,4
QST_parent_total,6,12,0.04779,-1.6666702079210545,-1.6666702079210545,5
QST_parent_total,6.25,12,0.04779,-1.6666702079210545,-1.6666702079210545,5
QST_parent_total,6.5,12,0.04779,-1.6666702079210545,-1.6666702079210545,5
QST_parent_total,6.75,13,0.04779,-1.6666702079210545,-1.6666702079210545,5
QST_parent_total,7,13,0.04779,-1.6666702079210545,-1.6666702079210545,5
QST_parent_total,7.25,14,0.04779,-1.6666702079210545,-1.6666702079210545,5
QST_parent_total,7.5,14,0.04779,-1.6666702079210545,-1.6666702079210545,5
QST_parent_total,7.75,14,0.04779,-1.6666702079210545,-1.6666702079210545,5
QST_parent_total,8,14,0.04779,-1.6666702079210545,-1.6666702079210545,5
QST_parent_total,8.25,14,0.04779,-1.6666702079210545,-1.6666702079210545,5
QST_parent_total,8.5,14,0.04779,-1.6666702079210545,-1.6666702079210545,5
QST_parent_total,8.75,14,0.04779,-1.6666702079210545,-1.6666702079210545,5
QST_parent_total,9,14,0.04779,-1.6666702079210545,-1.6666702079210545,5
QST_parent_total,9.25,14,0.04779,-1.6666702079210545,-1.6666702079210545,5
QST_parent_total,9.5,14,0.04779,-1.6666702079210545,-1.6666702079210545,5
QST_parent_total,9.75,14,0.04779,-1.6666702079210545,-1.6666702079210545,5
QST_parent_total,10,14,0.04779,-1.6666702079210545,-1.6666702079210545,5
QST_parent_total,10.25,14,0.04779,-1.6666702079210545,-1.6666702079210545,5
QST_parent_total,10.5,14,0.04779,-1.6666702079210545,-1.6666702079210545,5
QST_parent_total,10.75,14,0.04779,-1.6666702079210545,-1.6666702079210545,5
QST_parent_total,11,13,0.04779,-1.6666702079210545,-1.6666702079210545,5
QST_parent_total,11.25,13,0.04779,-1.6666702079210545,-1.6666702079210545,5
QST_parent_total,11.5,13,0.04779,-1.6666702079210545,-1.6666702079210545,5
QST_parent_total,11.75,13,0.04779,-1.6666702079210545,-1.6666702079210545,5
QST_parent_total,12,13,0.04779,-1.6666702079210545,-1.6666702079210545,5
QST_parent_total,6,13,0.09121,-1.3333407702662026,-1.3333407702662026,6
QST_parent_total,6.25,14,0.09121,-1.3333407702662026,-1.3333407702662026,6
QST_parent_total,6.5,14,0.09121,-1.3333407702662026,-1.3333407702662026,6
QST_parent_total,6.75,15,0.09121,-1.3333407702662026,-1.3333407702662026,6
QST_parent_total,7,15,0.09121,-1.3333407702662026,-1.3333407702662026,6
QST_parent_total,7.25,16,0.09121,-1.3333407702662026,-1.3333407702662026,6
QST_parent_total,7.5,16,0.09121,-1.3333407702662026,-1.3333407702662026,6
QST_parent_total,7.75,16,0.09121,-1.3333407702662026,-1.3333407702662026,6
QST_parent_total,8,16,0.09121,-1.3333407702662026,-1.3333407702662026,6
QST_parent_total,8.25,17,0.09121,-1.3333407702662026,-1.3333407702662026,6
QST_parent_total,8.5,17,0.09121,-1.3333407702662026,-1.3333407702662026,6
QST_parent_total,8.75,17,0.09121,-1.3333407702662026,-1.3333407702662026,6
QST_parent_total,9,17,0.09121,-1.3333407702662026,-1.3333407702662026,6
QST_parent_total,9.25,17,0.09121,-1.3333407702662026,-1.3333407702662026,6
QST_parent_total,9.5,17,0.09121,-1.3333407702662026,-1.3333407702662026,6
QST_parent_total,9.75,17,0.09121,-1.3333407702662026,-1.3333407702662026,6
QST_parent_total,10,17,0.09121,-1.3333407702662026,-1.3333407702662026,6
QST_parent_total,10.25,16,0.09121,-1.3333407702662026,-1.3333407702662026,6
QST_parent_total,10.5,16,0.09121,-1.3333407702662026,-1.3333407702662026,6
QST_parent_total,10.75,16,0.09121,-1.3333407702662026,-1.3333407702662026,6
QST_parent_total,11,16,0.09121,-1.3333407702662026,-1.3333407702662026,6
QST_parent_total,11.25,16,0.09121,-1.3333407702662026,-1.3333407702662026,6
QST_parent_total,11.5,16,0.09121,-1.3333407702662026,-1.3333407702662026,6
QST_parent_total,11.75,16,0.09121,-1.3333407702662026,-1.3333407702662026,6
QST_parent_total,12,16,0.09121,-1.3333407702662026,-1.3333407702662026,6
QST_parent_total,6,15,0.15866,-0.9999803859660789,-0.9999803859660789,7
QST_parent_total,6.25,16,0.15866,-0.9999803859660789,-0.9999803859660789,7
QST_parent_total,6.5,16,0.15866,-0.9999803859660789,-0.9999803859660789,7
QST_parent_total,6.75,17,0.15866,-0.9999803859660789,-0.9999803859660789,7
QST_parent_total,7,17,0.15866,-0.9999803859660789,-0.9999803859660789,7
QST_parent_total,7.25,18,0.15866,-0.9999803859660789,-0.9999803859660789,7
QST_parent_total,7.5,18,0.15866,-0.9999803859660789,-0.9999803859660789,7
QST_parent_total,7.75,18,0.15866,-0.9999803859660789,-0.9999803859660789,7
QST_parent_total,8,19,0.15866,-0.9999803859660789,-0.9999803859660789,7
QST_parent_total,8.25,19,0.15866,-0.9999803859660789,-0.9999803859660789,7
QST_parent_total,8.5,19,0.15866,-0.9999803859660789,-0.9999803859660789,7
QST_parent_total,8.75,19,0.15866,-0.9999803859660789,-0.9999803859660789,7
QST_parent_total,9,19,0.15866,-0.9999803859660789,-0.9999803859660789,7
QST_parent_total,9.25,19,0.15866,-0.9999803859660789,-0.9999803859660789,7
QST_parent_total,9.5,19,0.15866,-0.9999803859660789,-0.9999803859660789,7
QST_parent_total,9.75,19,0.15866,-0.9999803859660789,-0.9999803859660789,7
QST_parent_total,10,19,0.15866,-0.9999803859660789,-0.9999803859660789,7
QST_parent_total,10.25,19,0.15866,-0.9999803859660789,-0.9999803859660789,7
QST_parent_total,10.5,19,0.15866,-0.9999803859660789,-0.9999803859660789,7
QST_parent_total,10.75,19,0.15866,-0.9999803859660789,-0.9999803859660789,7
QST_parent_total,11,19,0.15866,-0.9999803859660789,-0.9999803859660789,7
QST_parent_total,11.25,19,0.15866,-0.9999803859660789,-0.9999803859660789,7
QST_parent_total,11.5,19,0.15866,-0.9999803859660789,-0.9999803859660789,7
QST_parent_total,11.75,19,0.15866,-0.9999803859660789,-0.9999803859660789,7
QST_parent_total,12,19,0.15866,-0.9999803859660789,-0.9999803859660789,7
QST_parent_total,6,17,0.25249,-0.6666746102242979,-0.6666746102242979,8
QST_parent_total,6.25,18,0.25249,-0.6666746102242979,-0.6666746102242979,8
QST_parent_total,6.5,18,0.25249,-0.6666746102242979,-0.6666746102242979,8
QST_parent_total,6.75,19,0.25249,-0.6666746102242979,-0.6666746102242979,8
QST_parent_total,7,19,0.25249,-0.6666746102242979,-0.6666746102242979,8
QST_parent_total,7.25,20,0.25249,-0.6666746102242979,-0.6666746102242979,8
QST_parent_total,7.5,20,0.25249,-0.6666746102242979,-0.6666746102242979,8
QST_parent_total,7.75,20,0.25249,-0.6666746102242979,-0.6666746102242979,8
QST_parent_total,8,21,0.25249,-0.6666746102242979,-0.6666746102242979,8
QST_parent_total,8.25,21,0.25249,-0.6666746102242979,-0.6666746102242979,8
QST_parent_total,8.5,21,0.25249,-0.6666746102242979,-0.6666746102242979,8
QST_parent_total,8.75,21,0.25249,-0.6666746102242979,-0.6666746102242979,8
QST_parent_total,9,21,0.25249,-0.6666746102242979,-0.6666746102242979,8
QST_parent_total,9.25,21,0.25249,-0.6666746102242979,-0.6666746102242979,8
QST_parent_total,9.5,21,0.25249,-0.6666746102242979,-0.6666746102242979,8
QST_parent_total,9.75,21,0.25249,-0.6666746102242979,-0.6666746102242979,8
QST_parent_total,10,21,0.25249,-0.6666746102242979,-0.6666746102242979,8
QST_parent_total,10.25,21,0.25249,-0.6666746102242979,-0.6666746102242979,8
QST_parent_total,10.5,21,0.25249,-0.6666746102242979,-0.6666746102242979,8
QST_parent_total,10.75,21,0.25249,-0.6666746102242979,-0.6666746102242979,8
QST_parent_total,11,21,0.25249,-0.6666746102242979,-0.6666746102242979,8
QST_parent_total,11.25,21,0.25249,-0.6666746102242979,-0.6666746102242979,8
QST_parent_total,11.5,21,0.25249,-0.6666746102242979,-0.6666746102242979,8
QST_parent_total,11.75,21,0.25249,-0.6666746102242979,-0.6666746102242979,8
QST_parent_total,12,21,0.25249,-0.6666746102242979,-0.6666746102242979,8
QST_parent_total,6,19,0.36944,-0.33333688458431254,-0.33333688458431254,9
QST_parent_total,6.25,20,0.36944,-0.33333688458431254,-0.33333688458431254,9
QST_parent_total,6.5,20,0.36944,-0.33333688458431254,-0.33333688458431254,9
QST_parent_total,6.75,21,0.36944,-0.33333688458431254,-0.33333688458431254,9
QST_parent_total,7,21,0.36944,-0.33333688458431254,-0.33333688458431254,9
QST_parent_total,7.25,22,0.36944,-0.33333688458431254,-0.33333688458431254,9
QST_parent_total,7.5,22,0.36944,-0.33333688458431254,-0.33333688458431254,9
QST_parent_total,7.75,22,0.36944,-0.33333688458431254,-0.33333688458431254,9
QST_parent_total,8,23,0.36944,-0.33333688458431254,-0.33333688458431254,9
QST_parent_total,8.25,23,0.36944,-0.33333688458431254,-0.33333688458431254,9
QST_parent_total,8.5,23,0.36944,-0.33333688458431254,-0.33333688458431254,9
QST_parent_total,8.75,23,0.36944,-0.33333688458431254,-0.33333688458431254,9
QST_parent_total,9,23,0.36944,-0.33333688458431254,-0.33333688458431254,9
QST_parent_total,9.25,23,0.36944,-0.33333688458431254,-0.33333688458431254,9
QST_parent_total,9.5,23,0.36944,-0.33333688458431254,-0.33333688458431254,9
QST_parent_total,9.75,23,0.36944,-0.33333688458431254,-0.33333688458431254,9
QST_parent_total,10,23,0.36944,-0.33333688458431254,-0.33333688458431254,9
QST_parent_total,10.25,24,0.36944,-0.33333688458431254,-0.33333688458431254,9
QST_parent_total,10.5,24,0.36944,-0.33333688458431254,-0.33333688458431254,9
QST_parent_total,10.75,24,0.36944,-0.33333688458431254,-0.33333688458431254,9
QST_parent_total,11,24,0.36944,-0.33333688458431254,-0.33333688458431254,9
QST_parent_total,11.25,24,0.36944,-0.33333688458431254,-0.33333688458431254,9
QST_parent_total,11.5,24,0.36944,-0.33333688458431254,-0.33333688458431254,9
QST_parent_total,11.75,24,0.36944,-0.33333688458431254,-0.33333688458431254,9
QST_parent_total,12,24,0.36944,-0.33333688458431254,-0.33333688458431254,9
QST_parent_total,6,21,0.5,0,0,10
QST_parent_total,6.25,21,0.5,0,0,10
QST_parent_total,6.5,22,0.5,0,0,10
QST_parent_total,6.75,22,0.5,0,0,10
QST_parent_total,7,23,0.5,0,0,10
QST_parent_total,7.25,23,0.5,0,0,10
QST_parent_total,7.5,24,0.5,0,0,10
QST_parent_total,7.75,24,0.5,0,0,10
QST_parent_total,8,24,0.5,0,0,10
QST_parent_total,8.25,25,0.5,0,0,10
QST_parent_total,8.5,25,0.5,0,0,10
QST_parent_total,8.75,25,0.5,0,0,10
QST_parent_total,9,25,0.5,0,0,10
QST_parent_total,9.25,25,0.5,0,0,10
QST_parent_total,9.5,25,0.5,0,0,10
QST_parent_total,9.75,25,0.5,0,0,10
QST_parent_total,10,25,0.5,0,0,10
QST_parent_total,10.25,25,0.5,0,0,10
QST_parent_total,10.5,25,0.5,0,0,10
QST_parent_total,10.75,25,0.5,0,0,10
QST_parent_total,11,25,0.5,0,0,10
QST_parent_total,11.25,26,0.5,0,0,10
QST_parent_total,11.5,26,0.5,0,0,10
QST_parent_total,11.75,26,0.5,0,0,10
QST_parent_total,12,26,0.5,0,0,10
QST_parent_total,6,22,0.63056,0.33333688458431254,0.33333688458431254,11
QST_parent_total,6.25,23,0.63056,0.33333688458431254,0.33333688458431254,11
QST_parent_total,6.5,23,0.63056,0.33333688458431254,0.33333688458431254,11
QST_parent_total,6.75,24,0.63056,0.33333688458431254,0.33333688458431254,11
QST_parent_total,7,24,0.63056,0.33333688458431254,0.33333688458431254,11
QST_parent_total,7.25,25,0.63056,0.33333688458431254,0.33333688458431254,11
QST_parent_total,7.5,25,0.63056,0.33333688458431254,0.33333688458431254,11
QST_parent_total,7.75,26,0.63056,0.33333688458431254,0.33333688458431254,11
QST_parent_total,8,26,0.63056,0.33333688458431254,0.33333688458431254,11
QST_parent_total,8.25,26,0.63056,0.33333688458431254,0.33333688458431254,11
QST_parent_total,8.5,26,0.63056,0.33333688458431254,0.33333688458431254,11
QST_parent_total,8.75,26,0.63056,0.33333688458431254,0.33333688458431254,11
QST_parent_total,9,27,0.63056,0.33333688458431254,0.33333688458431254,11
QST_parent_total,9.25,27,0.63056,0.33333688458431254,0.33333688458431254,11
QST_parent_total,9.5,27,0.63056,0.33333688458431254,0.33333688458431254,11
QST_parent_total,9.75,27,0.63056,0.33333688458431254,0.33333688458431254,11
QST_parent_total,10,27,0.63056,0.33333688458431254,0.33333688458431254,11
QST_parent_total,10.25,27,0.63056,0.33333688458431254,0.33333688458431254,11
QST_parent_total,10.5,27,0.63056,0.33333688458431254,0.33333688458431254,11
QST_parent_total,10.75,27,0.63056,0.33333688458431254,0.33333688458431254,11
QST_parent_total,11,27,0.63056,0.33333688458431254,0.33333688458431254,11
QST_parent_total,11.25,27,0.63056,0.33333688458431254,0.33333688458431254,11
QST_parent_total,11.5,27,0.63056,0.33333688458431254,0.33333688458431254,11
QST_parent_total,11.75,27,0.63056,0.33333688458431254,0.33333688458431254,11
QST_parent_total,12,27,0.63056,0.33333688458431254,0.33333688458431254,11
QST_parent_total,6,24,0.74751,0.6666746102242979,0.6666746102242979,12
QST_parent_total,6.25,24,0.74751,0.6666746102242979,0.6666746102242979,12
QST_parent_total,6.5,25,0.74751,0.6666746102242979,0.6666746102242979,12
QST_parent_total,6.75,25,0.74751,0.6666746102242979,0.6666746102242979,12
QST_parent_total,7,26,0.74751,0.6666746102242979,0.6666746102242979,12
QST_parent_total,7.25,26,0.74751,0.6666746102242979,0.6666746102242979,12
QST_parent_total,7.5,27,0.74751,0.6666746102242979,0.6666746102242979,12
QST_parent_total,7.75,27,0.74751,0.6666746102242979,0.6666746102242979,12
QST_parent_total,8,27,0.74751,0.6666746102242979,0.6666746102242979,12
QST_parent_total,8.25,27,0.74751,0.6666746102242979,0.6666746102242979,12
QST_parent_total,8.5,28,0.74751,0.6666746102242979,0.6666746102242979,12
QST_parent_total,8.75,28,0.74751,0.6666746102242979,0.6666746102242979,12
QST_parent_total,9,28,0.74751,0.6666746102242979,0.6666746102242979,12
QST_parent_total,9.25,28,0.74751,0.6666746102242979,0.6666746102242979,12
QST_parent_total,9.5,28,0.74751,0.6666746102242979,0.6666746102242979,12
QST_parent_total,9.75,28,0.74751,0.6666746102242979,0.6666746102242979,12
QST_parent_total,10,28,0.74751,0.6666746102242979,0.6666746102242979,12
QST_parent_total,10.25,28,0.74751,0.6666746102242979,0.6666746102242979,12
QST_parent_total,10.5,28,0.74751,0.6666746102242979,0.6666746102242979,12
QST_parent_total,10.75,28,0.74751,0.6666746102242979,0.6666746102242979,12
QST_parent_total,11,28,0.74751,0.6666746102242979,0.6666746102242979,12
QST_parent_total,11.25,28,0.74751,0.6666746102242979,0.6666746102242979,12
QST_parent_total,11.5,28,0.74751,0.6666746102242979,0.6666746102242979,12
QST_parent_total,11.75,28,0.74751,0.6666746102242979,0.6666746102242979,12
QST_parent_total,12,29,0.74751,0.6666746102242979,0.6666746102242979,12
QST_parent_total,6,25,0.84134,0.9999803859660789,0.9999803859660789,13
QST_parent_total,6.25,26,0.84134,0.9999803859660789,0.9999803859660789,13
QST_parent_total,6.5,26,0.84134,0.9999803859660789,0.9999803859660789,13
QST_parent_total,6.75,27,0.84134,0.9999803859660789,0.9999803859660789,13
QST_parent_total,7,27,0.84134,0.9999803859660789,0.9999803859660789,13
QST_parent_total,7.25,27,0.84134,0.9999803859660789,0.9999803859660789,13
QST_parent_total,7.5,28,0.84134,0.9999803859660789,0.9999803859660789,13
QST_parent_total,7.75,28,0.84134,0.9999803859660789,0.9999803859660789,13
QST_parent_total,8,28,0.84134,0.9999803859660789,0.9999803859660789,13
QST_parent_total,8.25,28,0.84134,0.9999803859660789,0.9999803859660789,13
QST_parent_total,8.5,29,0.84134,0.9999803859660789,0.9999803859660789,13
QST_parent_total,8.75,29,0.84134,0.9999803859660789,0.9999803859660789,13
QST_parent_total,9,29,0.84134,0.9999803859660789,0.9999803859660789,13
QST_parent_total,9.25,29,0.84134,0.9999803859660789,0.9999803859660789,13
QST_parent_total,9.5,29,0.84134,0.9999803859660789,0.9999803859660789,13
QST_parent_total,9.75,29,0.84134,0.9999803859660789,0.9999803859660789,13
QST_parent_total,10,29,0.84134,0.9999803859660789,0.9999803859660789,13
QST_parent_total,10.25,29,0.84134,0.9999803859660789,0.9999803859660789,13
QST_parent_total,10.5,29,0.84134,0.9999803859660789,0.9999803859660789,13
QST_parent_total,10.75,29,0.84134,0.9999803859660789,0.9999803859660789,13
QST_parent_total,11,29,0.84134,0.9999803859660789,0.9999803859660789,13
QST_parent_total,11.25,29,0.84134,0.9999803859660789,0.9999803859660789,13
QST_parent_total,11.5,29,0.84134,0.9999803859660789,0.9999803859660789,13
QST_parent_total,11.75,29,0.84134,0.9999803859660789,0.9999803859660789,13
QST_parent_total,12,29,0.84134,0.9999803859660789,0.9999803859660789,13
QST_parent_total,6,26,0.90879,1.3333407702662026,1.3333407702662026,14
QST_parent_total,6.25,27,0.90879,1.3333407702662026,1.3333407702662026,14
QST_parent_total,6.5,27,0.90879,1.3333407702662026,1.3333407702662026,14
QST_parent_total,6.75,28,0.90879,1.3333407702662026,1.3333407702662026,14
QST_parent_total,7,28,0.90879,1.3333407702662026,1.3333407702662026,14
QST_parent_total,7.25,28,0.90879,1.3333407702662026,1.3333407702662026,14
QST_parent_total,7.5,29,0.90879,1.3333407702662026,1.3333407702662026,14
QST_parent_total,7.75,29,0.90879,1.3333407702662026,1.3333407702662026,14
QST_parent_total,8,29,0.90879,1.3333407702662026,1.3333407702662026,14
QST_parent_total,8.25,29,0.90879,1.3333407702662026,1.3333407702662026,14
QST_parent_total,8.5,29,0.90879,1.3333407702662026,1.3333407702662026,14
QST_parent_total,8.75,29,0.90879,1.3333407702662026,1.3333407702662026,14
QST_parent_total,9,29,0.90879,1.3333407702662026,1.3333407702662026,14
QST_parent_total,9.25,30,0.90879,1.3333407702662026,1.3333407702662026,14
QST_parent_total,9.5,30,0.90879,1.3333407702662026,1.3333407702662026,14
QST_parent_total,9.75,30,0.90879,1.3333407702662026,1.3333407702662026,14
QST_parent_total,10,30,0.90879,1.3333407702662026,1.3333407702662026,14
QST_parent_total,10.25,30,0.90879,1.3333407702662026,1.3333407702662026,14
QST_parent_total,10.5,30,0.90879,1.3333407702662026,1.3333407702662026,14
QST_parent_total,10.75,30,0.90879,1.3333407702662026,1.3333407702662026,14
QST_parent_total,11,30,0.90879,1.3333407702662026,1.3333407702662026,14
QST_parent_total,11.25,30,0.90879,1.3333407702662026,1.3333407702662026,14
QST_parent_total,11.5,30,0.90879,1.3333407702662026,1.3333407702662026,14
QST_parent_total,11.75,30,0.90879,1.3333407702662026,1.3333407702662026,14
QST_parent_total,12,30,0.90879,1.3333407702662026,1.3333407702662026,14
QST_parent_total,6,28,0.95221,1.6666702079210545,1.6666702079210545,15
QST_parent_total,6.25,28,0.95221,1.6666702079210545,1.6666702079210545,15
QST_parent_total,6.5,28,0.95221,1.6666702079210545,1.6666702079210545,15
QST_parent_total,6.75,29,0.95221,1.6666702079210545,1.6666702079210545,15
QST_parent_total,7,29,0.95221,1.6666702079210545,1.6666702079210545,15
QST_parent_total,7.25,29,0.95221,1.6666702079210545,1.6666702079210545,15
QST_parent_total,7.5,29,0.95221,1.6666702079210545,1.6666702079210545,15
QST_parent_total,7.75,29,0.95221,1.6666702079210545,1.6666702079210545,15
QST_parent_total,8,30,0.95221,1.6666702079210545,1.6666702079210545,15
QST_parent_total,8.25,30,0.95221,1.6666702079210545,1.6666702079210545,15
QST_parent_total,8.5,30,0.95221,1.6666702079210545,1.6666702079210545,15
QST_parent_total,8.75,30,0.95221,1.6666702079210545,1.6666702079210545,15
QST_parent_total,9,30,0.95221,1.6666702079210545,1.6666702079210545,15
QST_parent_total,9.25,30,0.95221,1.6666702079210545,1.6666702079210545,15
QST_parent_total,9.5,30,0.95221,1.6666702079210545,1.6666702079210545,15
QST_parent_total,9.75,30,0.95221,1.6666702079210545,1.6666702079210545,15
QST_parent_total,10,30,0.95221,1.6666702079210545,1.6666702079210545,15
QST_parent_total,10.25,30,0.95221,1.6666702079210545,1.6666702079210545,15
QST_parent_total,10.5,30,0.95221,1.6666702079210545,1.6666702079210545,15
QST_parent_total,10.75,30,0.95221,1.6666702079210545,1.6666702079210545,15
QST_parent_total,11,30,0.95221,1.6666702079210545,1.6666702079210545,15
QST_parent_total,11.25,30,0.95221,1.6666702079210545,1.6666702079210545,15
QST_parent_total,11.5,30,0.95221,1.6666702079210545,1.6666702079210545,15
QST_parent_total,11.75,30,0.95221,1.6666702079210545,1.6666702079210545,15
QST_parent_total,12,30,0.95221,1.6666702079210545,1.6666702079210545,15
QST_parent_total,6,28,0.97725,2.0000024438996027,2.0000024438996027,16
QST_parent_total,6.25,29,0.97725,2.0000024438996027,2.0000024438996027,16
QST_parent_total,6.5,29,0.97725,2.0000024438996027,2.0000024438996027,16
QST_parent_total,6.75,29,0.97725,2.0000024438996027,2.0000024438996027,16
QST_parent_total,7,29,0.97725,2.0000024438996027,2.0000024438996027,16
QST_parent_total,7.25,30,0.97725,2.0000024438996027,2.0000024438996027,16
QST_parent_total,7.5,30,0.97725,2.0000024438996027,2.0000024438996027,16
QST_parent_total,7.75,30,0.97725,2.0000024438996027,2.0000024438996027,16
QST_parent_total,8,30,0.97725,2.0000024438996027,2.0000024438996027,16
QST_parent_total,8.25,30,0.97725,2.0000024438996027,2.0000024438996027,16
QST_parent_total,8.5,30,0.97725,2.0000024438996027,2.0000024438996027,16
QST_parent_total,8.75,30,0.97725,2.0000024438996027,2.0000024438996027,16
QST_parent_total,9,30,0.97725,2.0000024438996027,2.0000024438996027,16
QST_parent_total,9.25,30,0.97725,2.0000024438996027,2.0000024438996027,16
QST_parent_total,9.5,30,0.97725,2.0000024438996027,2.0000024438996027,16
QST_parent_total,9.75,30,0.97725,2.0000024438996027,2.0000024438996027,16
QST_parent_total,10,30,0.97725,2.0000024438996027,2.0000024438996027,16
QST_parent_total,10.25,30,0.97725,2.0000024438996027,2.0000024438996027,16
QST_parent_total,10.5,30,0.97725,2.0000024438996027,2.0000024438996027,16
QST_parent_total,10.75,30,0.97725,2.0000024438996027,2.0000024438996027,16
QST_parent_total,11,30,0.97725,2.0000024438996027,2.0000024438996027,16
QST_parent_total,11.25,30,0.97725,2.0000024438996027,2.0000024438996027,16
QST_parent_total,11.5,30,0.97725,2.0000024438996027,2.0000024438996027,16
QST_parent_total,11.75,30,0.97725,2.0000024438996027,2.0000024438996027,16
QST_parent_total,12,30,0.97725,2.0000024438996027,2.0000024438996027,16
QST_parent_total,6,29,0.99018,2.3331552225672416,2.3331552225672416,17
QST_parent_total,6.25,29,0.99018,2.3331552225672416,2.3331552225672416,17
QST_parent_total,6.5,30,0.99018,2.3331552225672416,2.3331552225672416,17
QST_parent_total,6.75,30,0.99018,2.3331552225672416,2.3331552225672416,17
QST_parent_total,7,30,0.99018,2.3331552225672416,2.3331552225672416,17
QST_parent_total,7.25,30,0.99018,2.3331552225672416,2.3331552225672416,17
QST_parent_total,7.5,30,0.99018,2.3331552225672416,2.3331552225672416,17
QST_parent_total,7.75,30,0.99018,2.3331552225672416,2.3331552225672416,17
QST_parent_total,8,30,0.99018,2.3331552225672416,2.3331552225672416,17
QST_parent_total,8.25,30,0.99018,2.3331552225672416,2.3331552225672416,17
QST_parent_total,8.5,30,0.99018,2.3331552225672416,2.3331552225672416,17
QST_parent_total,8.75,30,0.99018,2.3331552225672416,2.3331552225672416,17
QST_parent_total,9,30,0.99018,2.3331552225672416,2.3331552225672416,17
QST_parent_total,9.25,30,0.99018,2.3331552225672416,2.3331552225672416,17
QST_parent_total,9.5,30,0.99018,2.3331552225672416,2.3331552225672416,17
QST_parent_total,9.75,30,0.99018,2.3331552225672416,2.3331552225672416,17
QST_parent_total,10,30,0.99018,2.3331552225672416,2.3331552225672416,17
QST_parent_total,10.25,30,0.99018,2.3331552225672416,2.3331552225672416,17
QST_parent_total,10.5,30,0.99018,2.3331552225672416,2.3331552225672416,17
QST_parent_total,10.75,30,0.99018,2.3331552225672416,2.3331552225672416,17
QST_parent_total,11,30,0.99018,2.3331552225672416,2.3331552225672416,17
QST_parent_total,11.25,30,0.99018,2.3331552225672416,2.3331552225672416,17
QST_parent_total,11.5,30,0.99018,2.3331552225672416,2.3331552225672416,17
QST_parent_total,11.75,30,0.99018,2.3331552225672416,2.3331552225672416,17
QST_parent_total,12,30,0.99018,2.3331552225672416,2.3331552225672416,17
QST_parent_total,6,30,0.99617,2.6667000630340683,2.6667000630340683,18
QST_parent_total,6.25,30,0.99617,2.6667000630340683,2.6667000630340683,18
QST_parent_total,6.5,30,0.99617,2.6667000630340683,2.6667000630340683,18
QST_parent_total,6.75,30,0.99617,2.6667000630340683,2.6667000630340683,18
QST_parent_total,7,30,0.99617,2.6667000630340683,2.6667000630340683,18
QST_parent_total,7.25,30,0.99617,2.6667000630340683,2.6667000630340683,18
QST_parent_total,7.5,30,0.99617,2.6667000630340683,2.6667000630340683,18
QST_parent_total,7.75,30,0.99617,2.6667000630340683,2.6667000630340683,18
QST_parent_total,8,30,0.99617,2.6667000630340683,2.6667000630340683,18
QST_parent_total,8.25,30,0.99617,2.6667000630340683,2.6667000630340683,18
QST_parent_total,8.5,30,0.99617,2.6667000630340683,2.6667000630340683,18
QST_parent_total,8.75,30,0.99617,2.6667000630340683,2.6667000630340683,18
QST_parent_total,9,30,0.99617,2.6667000630340683,2.6667000630340683,18
QST_parent_total,9.25,30,0.99617,2.6667000630340683,2.6667000630340683,18
QST_parent_total,9.5,30,0.99617,2.6667000630340683,2.6667000630340683,18
QST_parent_total,9.75,30,0.99617,2.6667000630340683,2.6667000630340683,18
QST_parent_total,10,30,0.99617,2.6667000630340683,2.6667000630340683,18
QST_parent_total,10.25,30,0.99617,2.6667000630340683,2.6667000630340683,18
QST_parent_total,10.5,30,0.99617,2.6667000630340683,2.6667000630340683,18
QST_parent_total,10.75,30,0.99617,2.6667000630340683,2.6667000630340683,18
QST_parent_total,11,30,0.99617,2.6667000630340683,2.6667000630340683,18
QST_parent_total,11.25,30,0.99617,2.6667000630340683,2.6667000630340683,18
QST_parent_total,11.5,30,0.99617,2.6667000630340683,2.6667000630340683,18
QST_parent_total,11.75,30,0.99617,2.6667000630340683,2.6667000630340683,18
QST_parent_total,12,30,0.99617,2.6667000630340683,2.6667000630340683,18
QST_parent_total,6,30,0.99865,2.999976992703401,2.999976992703401,19
QST_parent_total,6.25,30,0.99865,2.999976992703401,2.999976992703401,19
QST_parent_total,6.5,30,0.99865,2.999976992703401,2.999976992703401,19
QST_parent_total,6.75,30,0.99865,2.999976992703401,2.999976992703401,19
QST_parent_total,7,30,0.99865,2.999976992703401,2.999976992703401,19
QST_parent_total,7.25,30,0.99865,2.999976992703401,2.999976992703401,19
QST_parent_total,7.5,30,0.99865,2.999976992703401,2.999976992703401,19
QST_parent_total,7.75,30,0.99865,2.999976992703401,2.999976992703401,19
QST_parent_total,8,30,0.99865,2.999976992703401,2.999976992703401,19
QST_parent_total,8.25,30,0.99865,2.999976992703401,2.999976992703401,19
QST_parent_total,8.5,30,0.99865,2.999976992703401,2.999976992703401,19
QST_parent_total,8.75,30,0.99865,2.999976992703401,2.999976992703401,19
QST_parent_total,9,30,0.99865,2.999976992703401,2.999976992703401,19
QST_parent_total,9.25,30,0.99865,2.999976992703401,2.999976992703401,19
QST_parent_total,9.5,30,0.99865,2.999976992703401,2.999976992703401,19
QST_parent_total,9.75,30,0.99865,2.999976992703401,2.999976992703401,19
QST_parent_total,10,30,0.99865,2.999976992703401,2.999976992703401,19
QST_parent_total,10.25,30,0.99865,2.999976992703401,2.999976992703401,19
QST_parent_total,10.5,30,0.99865,2.999976992703401,2.999976992703401,19
QST_parent_total,10.75,30,0.99865,2.999976992703401,2.999976992703401,19
QST_parent_total,11,30,0.99865,2.999976992703401,2.999976992703401,19
QST_parent_total,11.25,30,0.99865,2.999976992703401,2.999976992703401,19
QST_parent_total,11.5,30,0.99865,2.999976992703401,2.999976992703401,19
QST_parent_total,11.75,30,0.99865,2.999976992703401,2.999976992703401,19
QST_parent_total,12,30,0.99865,2.999976992703401,2.999976992703401,19
QST_teacher_total,6,1,0.00135,-2.999976992703393,-2.999976992703393,1
QST_teacher_total,6.25,2,0.00135,-2.999976992703393,-2.999976992703393,1
QST_teacher_total,6.5,2,0.00135,-2.999976992703393,-2.999976992703393,1
QST_teacher_total,6.75,2,0.00135,-2.999976992703393,-2.999976992703393,1
QST_teacher_total,7,2,0.00135,-2.999976992703393,-2.999976992703393,1
QST_teacher_total,7.25,2,0.00135,-2.999976992703393,-2.999976992703393,1
QST_teacher_total,7.5,2,0.00135,-2.999976992703393,-2.999976992703393,1
QST_teacher_total,7.75,3,0.00135,-2.999976992703393,-2.999976992703393,1
QST_teacher_total,8,3,0.00135,-2.999976992703393,-2.999976992703393,1
QST_teacher_total,8.25,3,0.00135,-2.999976992703393,-2.999976992703393,1
QST_teacher_total,8.5,3,0.00135,-2.999976992703393,-2.999976992703393,1
QST_teacher_total,8.75,3,0.00135,-2.999976992703393,-2.999976992703393,1
QST_teacher_total,9,3,0.00135,-2.999976992703393,-2.999976992703393,1
QST_teacher_total,9.25,4,0.00135,-2.999976992703393,-2.999976992703393,1
QST_teacher_total,9.5,4,0.00135,-2.999976992703393,-2.999976992703393,1
QST_teacher_total,9.75,4,0.00135,-2.999976992703393,-2.999976992703393,1
QST_teacher_total,10,4,0.00135,-2.999976992703393,-2.999976992703393,1
QST_teacher_total,10.25,4,0.00135,-2.999976992703393,-2.999976992703393,1
QST_teacher_total,10.5,4,0.00135,-2.999976992703393,-2.999976992703393,1
QST_teacher_total,10.75,3,0.00135,-2.999976992703393,-2.999976992703393,1
QST_teacher_total,11,2,0.00135,-2.999976992703393,-2.999976992703393,1
QST_teacher_total,11.25,1,0.00135,-2.999976992703393,-2.999976992703393,1
QST_teacher_total,11.5,1,0.00135,-2.999976992703393,-2.999976992703393,1
QST_teacher_total,11.75,1,0.00135,-2.999976992703393,-2.999976992703393,1
QST_teacher_total,12,1,0.00135,-2.999976992703393,-2.999976992703393,1
QST_teacher_total,6,2,0.00383,-2.6667000630340683,-2.6667000630340683,2
QST_teacher_total,6.25,2,0.00383,-2.6667000630340683,-2.6667000630340683,2
QST_teacher_total,6.5,3,0.00383,-2.6667000630340683,-2.6667000630340683,2
QST_teacher_total,6.75,3,0.00383,-2.6667000630340683,-2.6667000630340683,2
QST_teacher_total,7,3,0.00383,-2.6667000630340683,-2.6667000630340683,2
QST_teacher_total,7.25,3,0.00383,-2.6667000630340683,-2.6667000630340683,2
QST_teacher_total,7.5,3,0.00383,-2.6667000630340683,-2.6667000630340683,2
QST_teacher_total,7.75,4,0.00383,-2.6667000630340683,-2.6667000630340683,2
QST_teacher_total,8,4,0.00383,-2.6667000630340683,-2.6667000630340683,2
QST_teacher_total,8.25,4,0.00383,-2.6667000630340683,-2.6667000630340683,2
QST_teacher_total,8.5,4,0.00383,-2.6667000630340683,-2.6667000630340683,2
QST_teacher_total,8.75,4,0.00383,-2.6667000630340683,-2.6667000630340683,2
QST_teacher_total,9,5,0.00383,-2.6667000630340683,-2.6667000630340683,2
QST_teacher_total,9.25,5,0.00383,-2.6667000630340683,-2.6667000630340683,2
QST_teacher_total,9.5,5,0.00383,-2.6667000630340683,-2.6667000630340683,2
QST_teacher_total,9.75,5,0.00383,-2.6667000630340683,-2.6667000630340683,2
QST_teacher_total,10,6,0.00383,-2.6667000630340683,-2.6667000630340683,2
QST_teacher_total,10.25,6,0.00383,-2.6667000630340683,-2.6667000630340683,2
QST_teacher_total,10.5,5,0.00383,-2.6667000630340683,-2.6667000630340683,2
QST_teacher_total,10.75,4,0.00383,-2.6667000630340683,-2.6667000630340683,2
QST_teacher_total,11,3,0.00383,-2.6667000630340683,-2.6667000630340683,2
QST_teacher_total,11.25,3,0.00383,-2.6667000630340683,-2.6667000630340683,2
QST_teacher_total,11.5,2,0.00383,-2.6667000630340683,-2.6667000630340683,2
QST_teacher_total,11.75,3,0.00383,-2.6667000630340683,-2.6667000630340683,2
QST_teacher_total,12,3,0.00383,-2.6667000630340683,-2.6667000630340683,2
QST_teacher_total,6,3,0.00982,-2.3331552225672434,-2.3331552225672434,3
QST_teacher_total,6.25,4,0.00982,-2.3331552225672434,-2.3331552225672434,3
QST_teacher_total,6.5,4,0.00982,-2.3331552225672434,-2.3331552225672434,3
QST_teacher_total,6.75,4,0.00982,-2.3331552225672434,-2.3331552225672434,3
QST_teacher_total,7,4,0.00982,-2.3331552225672434,-2.3331552225672434,3
QST_teacher_total,7.25,4,0.00982,-2.3331552225672434,-2.3331552225672434,3
QST_teacher_total,7.5,5,0.00982,-2.3331552225672434,-2.3331552225672434,3
QST_teacher_total,7.75,5,0.00982,-2.3331552225672434,-2.3331552225672434,3
QST_teacher_total,8,5,0.00982,-2.3331552225672434,-2.3331552225672434,3
QST_teacher_total,8.25,5,0.00982,-2.3331552225672434,-2.3331552225672434,3
QST_teacher_total,8.5,6,0.00982,-2.3331552225672434,-2.3331552225672434,3
QST_teacher_total,8.75,6,0.00982,-2.3331552225672434,-2.3331552225672434,3
QST_teacher_total,9,6,0.00982,-2.3331552225672434,-2.3331552225672434,3
QST_teacher_total,9.25,6,0.00982,-2.3331552225672434,-2.3331552225672434,3
QST_teacher_total,9.5,6,0.00982,-2.3331552225672434,-2.3331552225672434,3
QST_teacher_total,9.75,7,0.00982,-2.3331552225672434,-2.3331552225672434,3
QST_teacher_total,10,7,0.00982,-2.3331552225672434,-2.3331552225672434,3
QST_teacher_total,10.25,7,0.00982,-2.3331552225672434,-2.3331552225672434,3
QST_teacher_total,10.5,7,0.00982,-2.3331552225672434,-2.3331552225672434,3
QST_teacher_total,10.75,6,0.00982,-2.3331552225672434,-2.3331552225672434,3
QST_teacher_total,11,5,0.00982,-2.3331552225672434,-2.3331552225672434,3
QST_teacher_total,11.25,4,0.00982,-2.3331552225672434,-2.3331552225672434,3
QST_teacher_total,11.5,4,0.00982,-2.3331552225672434,-2.3331552225672434,3
QST_teacher_total,11.75,4,0.00982,-2.3331552225672434,-2.3331552225672434,3
QST_teacher_total,12,4,0.00982,-2.3331552225672434,-2.3331552225672434,3
QST_teacher_total,6,4,0.02275,-2.000002443899604,-2.000002443899604,4
QST_teacher_total,6.25,5,0.02275,-2.000002443899604,-2.000002443899604,4
QST_teacher_total,6.5,5,0.02275,-2.000002443899604,-2.000002443899604,4
QST_teacher_total,6.75,5,0.02275,-2.000002443899604,-2.000002443899604,4
QST_teacher_total,7,5,0.02275,-2.000002443899604,-2.000002443899604,4
QST_teacher_total,7.25,6,0.02275,-2.000002443899604,-2.000002443899604,4
QST_teacher_total,7.5,6,0.02275,-2.000002443899604,-2.000002443899604,4
QST_teacher_total,7.75,6,0.02275,-2.000002443899604,-2.000002443899604,4
QST_teacher_total,8,6,0.02275,-2.000002443899604,-2.000002443899604,4
QST_teacher_total,8.25,7,0.02275,-2.000002443899604,-2.000002443899604,4
QST_teacher_total,8.5,7,0.02275,-2.000002443899604,-2.000002443899604,4
QST_teacher_total,8.75,7,0.02275,-2.000002443899604,-2.000002443899604,4
QST_teacher_total,9,7,0.02275,-2.000002443899604,-2.000002443899604,4
QST_teacher_total,9.25,8,0.02275,-2.000002443899604,-2.000002443899604,4
QST_teacher_total,9.5,8,0.02275,-2.000002443899604,-2.000002443899604,4
QST_teacher_total,9.75,8,0.02275,-2.000002443899604,-2.000002443899604,4
QST_teacher_total,10,9,0.02275,-2.000002443899604,-2.000002443899604,4
QST_teacher_total,10.25,9,0.02275,-2.000002443899604,-2.000002443899604,4
QST_teacher_total,10.5,8,0.02275,-2.000002443899604,-2.000002443899604,4
QST_teacher_total,10.75,8,0.02275,-2.000002443899604,-2.000002443899604,4
QST_teacher_total,11,7,0.02275,-2.000002443899604,-2.000002443899604,4
QST_teacher_total,11.25,6,0.02275,-2.000002443899604,-2.000002443899604,4
QST_teacher_total,11.5,6,0.02275,-2.000002443899604,-2.000002443899604,4
QST_teacher_total,11.75,6,0.02275,-2.000002443899604,-2.000002443899604,4
QST_teacher_total,12,6,0.02275,-2.000002443899604,-2.000002443899604,4
QST_teacher_total,6,6,0.04779,-1.6666702079210545,-1.6666702079210545,5
QST_teacher_total,6.25,6,0.04779,-1.6666702079210545,-1.6666702079210545,5
QST_teacher_total,6.5,6,0.04779,-1.6666702079210545,-1.6666702079210545,5
QST_teacher_total,6.75,6,0.04779,-1.6666702079210545,-1.6666702079210545,5
QST_teacher_total,7,7,0.04779,-1.6666702079210545,-1.6666702079210545,5
QST_teacher_total,7.25,7,0.04779,-1.6666702079210545,-1.6666702079210545,5
QST_teacher_total,7.5,7,0.04779,-1.6666702079210545,-1.6666702079210545,5
QST_teacher_total,7.75,8,0.04779,-1.6666702079210545,-1.6666702079210545,5
QST_teacher_total,8,8,0.04779,-1.6666702079210545,-1.6666702079210545,5
QST_teacher_total,8.25,8,0.04779,-1.6666702079210545,-1.6666702079210545,5
QST_teacher_total,8.5,8,0.04779,-1.6666702079210545,-1.6666702079210545,5
QST_teacher_total,8.75,9,0.04779,-1.6666702079210545,-1.6666702079210545,5
QST_teacher_total,9,9,0.04779,-1.6666702079210545,-1.6666702079210545,5
QST_teacher_total,9.25,9,0.04779,-1.6666702079210545,-1.6666702079210545,5
QST_teacher_total,9.5,10,0.04779,-1.6666702079210545,-1.6666702079210545,5
QST_teacher_total,9.75,10,0.04779,-1.6666702079210545,-1.6666702079210545,5
QST_teacher_total,10,10,0.04779,-1.6666702079210545,-1.6666702079210545,5
QST_teacher_total,10.25,10,0.04779,-1.6666702079210545,-1.6666702079210545,5
QST_teacher_total,10.5,10,0.04779,-1.6666702079210545,-1.6666702079210545,5
QST_teacher_total,10.75,9,0.04779,-1.6666702079210545,-1.6666702079210545,5
QST_teacher_total,11,9,0.04779,-1.6666702079210545,-1.6666702079210545,5
QST_teacher_total,11.25,8,0.04779,-1.6666702079210545,-1.6666702079210545,5
QST_teacher_total,11.5,8,0.04779,-1.6666702079210545,-1.6666702079210545,5
QST_teacher_total,11.75,8,0.04779,-1.6666702079210545,-1.6666702079210545,5
QST_teacher_total,12,8,0.04779,-1.6666702079210545,-1.6666702079210545,5
QST_teacher_total,6,7,0.09121,-1.3333407702662026,-1.3333407702662026,6
QST_teacher_total,6.25,7,0.09121,-1.3333407702662026,-1.3333407702662026,6
QST_teacher_total,6.5,8,0.09121,-1.3333407702662026,-1.3333407702662026,6
QST_teacher_total,6.75,8,0.09121,-1.3333407702662026,-1.3333407702662026,6
QST_teacher_total,7,8,0.09121,-1.3333407702662026,-1.3333407702662026,6
QST_teacher_total,7.25,8,0.09121,-1.3333407702662026,-1.3333407702662026,6
QST_teacher_total,7.5,9,0.09121,-1.3333407702662026,-1.3333407702662026,6
QST_teacher_total,7.75,9,0.09121,-1.3333407702662026,-1.3333407702662026,6
QST_teacher_total,8,9,0.09121,-1.3333407702662026,-1.3333407702662026,6
QST_teacher_total,8.25,10,0.09121,-1.3333407702662026,-1.3333407702662026,6
QST_teacher_total,8.5,10,0.09121,-1.3333407702662026,-1.3333407702662026,6
QST_teacher_total,8.75,10,0.09121,-1.3333407702662026,-1.3333407702662026,6
QST_teacher_total,9,11,0.09121,-1.3333407702662026,-1.3333407702662026,6
QST_teacher_total,9.25,11,0.09121,-1.3333407702662026,-1.3333407702662026,6
QST_teacher_total,9.5,11,0.09121,-1.3333407702662026,-1.3333407702662026,6
QST_teacher_total,9.75,11,0.09121,-1.3333407702662026,-1.3333407702662026,6
QST_teacher_total,10,12,0.09121,-1.3333407702662026,-1.3333407702662026,6
QST_teacher_total,10.25,12,0.09121,-1.3333407702662026,-1.3333407702662026,6
QST_teacher_total,10.5,12,0.09121,-1.3333407702662026,-1.3333407702662026,6
QST_teacher_total,10.75,11,0.09121,-1.3333407702662026,-1.3333407702662026,6
QST_teacher_total,11,11,0.09121,-1.3333407702662026,-1.3333407702662026,6
QST_teacher_total,11.25,10,0.09121,-1.3333407702662026,-1.3333407702662026,6
QST_teacher_total,11.5,10,0.09121,-1.3333407702662026,-1.3333407702662026,6
QST_teacher_total,11.75,11,0.09121,-1.3333407702662026,-1.3333407702662026,6
QST_teacher_total,12,11,0.09121,-1.3333407702662026,-1.3333407702662026,6
QST_teacher_total,6,9,0.15866,-0.9999803859660789,-0.9999803859660789,7
QST_teacher_total,6.25,9,0.15866,-0.9999803859660789,-0.9999803859660789,7
QST_teacher_total,6.5,9,0.15866,-0.9999803859660789,-0.9999803859660789,7
QST_teacher_total,6.75,9,0.15866,-0.9999803859660789,-0.9999803859660789,7
QST_teacher_total,7,10,0.15866,-0.9999803859660789,-0.9999803859660789,7
QST_teacher_total,7.25,10,0.15866,-0.9999803859660789,-0.9999803859660789,7
QST_teacher_total,7.5,10,0.15866,-0.9999803859660789,-0.9999803859660789,7
QST_teacher_total,7.75,11,0.15866,-0.9999803859660789,-0.9999803859660789,7
QST_teacher_total,8,11,0.15866,-0.9999803859660789,-0.9999803859660789,7
QST_teacher_total,8.25,11,0.15866,-0.9999803859660789,-0.9999803859660789,7
QST_teacher_total,8.5,12,0.15866,-0.9999803859660789,-0.9999803859660789,7
QST_teacher_total,8.75,12,0.15866,-0.9999803859660789,-0.9999803859660789,7
QST_teacher_total,9,12,0.15866,-0.9999803859660789,-0.9999803859660789,7
QST_teacher_total,9.25,13,0.15866,-0.9999803859660789,-0.9999803859660789,7
QST_teacher_total,9.5,13,0.15866,-0.9999803859660789,-0.9999803859660789,7
QST_teacher_total,9.75,13,0.15866,-0.9999803859660789,-0.9999803859660789,7
QST_teacher_total,10,13,0.15866,-0.9999803859660789,-0.9999803859660789,7
QST_teacher_total,10.25,14,0.15866,-0.9999803859660789,-0.9999803859660789,7
QST_teacher_total,10.5,14,0.15866,-0.9999803859660789,-0.9999803859660789,7
QST_teacher_total,10.75,13,0.15866,-0.9999803859660789,-0.9999803859660789,7
QST_teacher_total,11,13,0.15866,-0.9999803859660789,-0.9999803859660789,7
QST_teacher_total,11.25,13,0.15866,-0.9999803859660789,-0.9999803859660789,7
QST_teacher_total,11.5,13,0.15866,-0.9999803859660789,-0.9999803859660789,7
QST_teacher_total,11.75,13,0.15866,-0.9999803859660789,-0.9999803859660789,7
QST_teacher_total,12,14,0.15866,-0.9999803859660789,-0.9999803859660789,7
QST_teacher_total,6,10,0.25249,-0.6666746102242979,-0.6666746102242979,8
QST_teacher_total,6.25,10,0.25249,-0.6666746102242979,-0.6666746102242979,8
QST_teacher_total,6.5,11,0.25249,-0.6666746102242979,-0.6666746102242979,8
QST_teacher_total,6.75,11,0.25249,-0.6666746102242979,-0.6666746102242979,8
QST_teacher_total,7,11,0.25249,-0.6666746102242979,-0.6666746102242979,8
QST_teacher_total,7.25,12,0.25249,-0.6666746102242979,-0.6666746102242979,8
QST_teacher_total,7.5,12,0.25249,-0.6666746102242979,-0.6666746102242979,8
QST_teacher_total,7.75,12,0.25249,-0.6666746102242979,-0.6666746102242979,8
QST_teacher_total,8,13,0.25249,-0.6666746102242979,-0.6666746102242979,8
QST_teacher_total,8.25,13,0.25249,-0.6666746102242979,-0.6666746102242979,8
QST_teacher_total,8.5,13,0.25249,-0.6666746102242979,-0.6666746102242979,8
QST_teacher_total,8.75,14,0.25249,-0.6666746102242979,-0.6666746102242979,8
QST_teacher_total,9,14,0.25249,-0.6666746102242979,-0.6666746102242979,8
QST_teacher_total,9.25,14,0.25249,-0.6666746102242979,-0.6666746102242979,8
QST_teacher_total,9.5,15,0.25249,-0.6666746102242979,-0.6666746102242979,8
QST_teacher_total,9.75,15,0.25249,-0.6666746102242979,-0.6666746102242979,8
QST_teacher_total,10,15,0.25249,-0.6666746102242979,-0.6666746102242979,8
QST_teacher_total,10.25,16,0.25249,-0.6666746102242979,-0.6666746102242979,8
QST_teacher_total,10.5,16,0.25249,-0.6666746102242979,-0.6666746102242979,8
QST_teacher_total,10.75,16,0.25249,-0.6666746102242979,-0.6666746102242979,8
QST_teacher_total,11,15,0.25249,-0.6666746102242979,-0.6666746102242979,8
QST_teacher_total,11.25,15,0.25249,-0.6666746102242979,-0.6666746102242979,8
QST_teacher_total,11.5,16,0.25249,-0.6666746102242979,-0.6666746102242979,8
QST_teacher_total,11.75,16,0.25249,-0.6666746102242979,-0.6666746102242979,8
QST_teacher_total,12,16,0.25249,-0.6666746102242979,-0.6666746102242979,8
QST_teacher_total,6,12,0.36944,-0.33333688458431254,-0.33333688458431254,9
QST_teacher_total,6.25,12,0.36944,-0.33333688458431254,-0.33333688458431254,9
QST_teacher_total,6.5,12,0.36944,-0.33333688458431254,-0.33333688458431254,9
QST_teacher_total,6.75,13,0.36944,-0.33333688458431254,-0.33333688458431254,9
QST_teacher_total,7,13,0.36944,-0.33333688458431254,-0.33333688458431254,9
QST_teacher_total,7.25,13,0.36944,-0.33333688458431254,-0.33333688458431254,9
QST_teacher_total,7.5,14,0.36944,-0.33333688458431254,-0.33333688458431254,9
QST_teacher_total,7.75,14,0.36944,-0.33333688458431254,-0.33333688458431254,9
QST_teacher_total,8,14,0.36944,-0.33333688458431254,-0.33333688458431254,9
QST_teacher_total,8.25,15,0.36944,-0.33333688458431254,-0.33333688458431254,9
QST_teacher_total,8.5,15,0.36944,-0.33333688458431254,-0.33333688458431254,9
QST_teacher_total,8.75,15,0.36944,-0.33333688458431254,-0.33333688458431254,9
QST_teacher_total,9,16,0.36944,-0.33333688458431254,-0.33333688458431254,9
QST_teacher_total,9.25,16,0.36944,-0.33333688458431254,-0.33333688458431254,9
QST_teacher_total,9.5,16,0.36944,-0.33333688458431254,-0.33333688458431254,9
QST_teacher_total,9.75,17,0.36944,-0.33333688458431254,-0.33333688458431254,9
QST_teacher_total,10,17,0.36944,-0.33333688458431254,-0.33333688458431254,9
QST_teacher_total,10.25,17,0.36944,-0.33333688458431254,-0.33333688458431254,9
QST_teacher_total,10.5,17,0.36944,-0.33333688458431254,-0.33333688458431254,9
QST_teacher_total,10.75,18,0.36944,-0.33333688458431254,-0.33333688458431254,9
QST_teacher_total,11,18,0.36944,-0.33333688458431254,-0.33333688458431254,9
QST_teacher_total,11.25,18,0.36944,-0.33333688458431254,-0.33333688458431254,9
QST_teacher_total,11.5,18,0.36944,-0.33333688458431254,-0.33333688458431254,9
QST_teacher_total,11.75,19,0.36944,-0.33333688458431254,-0.33333688458431254,9
QST_teacher_total,12,19,0.36944,-0.33333688458431254,-0.33333688458431254,9
QST_teacher_total,6,14,0.5,0,0,10
QST_teacher_total,6.25,14,0.5,0,0,10
QST_teacher_total,6.5,14,0.5,0,0,10
QST_teacher_total,6.75,15,0.5,0,0,10
QST_teacher_total,7,15,0.5,0,0,10
QST_teacher_total,7.25,15,0.5,0,0,10
QST_teacher_total,7.5,15,0.5,0,0,10
QST_teacher_total,7.75,16,0.5,0,0,10
QST_teacher_total,8,16,0.5,0,0,10
QST_teacher_total,8.25,16,0.5,0,0,10
QST_teacher_total,8.5,17,0.5,0,0,10
QST_teacher_total,8.75,17,0.5,0,0,10
QST_teacher_total,9,17,0.5,0,0,10
QST_teacher_total,9.25,18,0.5,0,0,10
QST_teacher_total,9.5,18,0.5,0,0,10
QST_teacher_total,9.75,18,0.5,0,0,10
QST_teacher_total,10,19,0.5,0,0,10
QST_teacher_total,10.25,19,0.5,0,0,10
QST_teacher_total,10.5,19,0.5,0,0,10
QST_teacher_total,10.75,20,0.5,0,0,10
QST_teacher_total,11,20,0.5,0,0,10
QST_teacher_total,11.25,21,0.5,0,0,10
QST_teacher_total,11.5,21,0.5,0,0,10
QST_teacher_total,11.75,21,0.5,0,0,10
QST_teacher_total,12,22,0.5,0,0,10
QST_teacher_total,6,15,0.63056,0.33333688458431254,0.33333688458431254,11
QST_teacher_total,6.25,16,0.63056,0.33333688458431254,0.33333688458431254,11
QST_teacher_total,6.5,16,0.63056,0.33333688458431254,0.33333688458431254,11
QST_teacher_total,6.75,16,0.63056,0.33333688458431254,0.33333688458431254,11
QST_teacher_total,7,17,0.63056,0.33333688458431254,0.33333688458431254,11
QST_teacher_total,7.25,17,0.63056,0.33333688458431254,0.33333688458431254,11
QST_teacher_total,7.5,17,0.63056,0.33333688458431254,0.33333688458431254,11
QST_teacher_total,7.75,18,0.63056,0.33333688458431254,0.33333688458431254,11
QST_teacher_total,8,18,0.63056,0.33333688458431254,0.33333688458431254,11
QST_teacher_total,8.25,18,0.63056,0.33333688458431254,0.33333688458431254,11
QST_teacher_total,8.5,18,0.63056,0.33333688458431254,0.33333688458431254,11
QST_teacher_total,8.75,19,0.63056,0.33333688458431254,0.33333688458431254,11
QST_teacher_total,9,19,0.63056,0.33333688458431254,0.33333688458431254,11
QST_teacher_total,9.25,19,0.63056,0.33333688458431254,0.33333688458431254,11
QST_teacher_total,9.5,20,0.63056,0.33333688458431254,0.33333688458431254,11
QST_teacher_total,9.75,20,0.63056,0.33333688458431254,0.33333688458431254,11
QST_teacher_total,10,20,0.63056,0.33333688458431254,0.33333688458431254,11
QST_teacher_total,10.25,21,0.63056,0.33333688458431254,0.33333688458431254,11
QST_teacher_total,10.5,21,0.63056,0.33333688458431254,0.33333688458431254,11
QST_teacher_total,10.75,22,0.63056,0.33333688458431254,0.33333688458431254,11
QST_teacher_total,11,22,0.63056,0.33333688458431254,0.33333688458431254,11
QST_teacher_total,11.25,23,0.63056,0.33333688458431254,0.33333688458431254,11
QST_teacher_total,11.5,23,0.63056,0.33333688458431254,0.33333688458431254,11
QST_teacher_total,11.75,24,0.63056,0.33333688458431254,0.33333688458431254,11
QST_teacher_total,12,24,0.63056,0.33333688458431254,0.33333688458431254,11
QST_teacher_total,6,17,0.74751,0.6666746102242979,0.6666746102242979,12
QST_teacher_total,6.25,17,0.74751,0.6666746102242979,0.6666746102242979,12
QST_teacher_total,6.5,18,0.74751,0.6666746102242979,0.6666746102242979,12
QST_teacher_total,6.75,18,0.74751,0.6666746102242979,0.6666746102242979,12
QST_teacher_total,7,18,0.74751,0.6666746102242979,0.6666746102242979,12
QST_teacher_total,7.25,19,0.74751,0.6666746102242979,0.6666746102242979,12
QST_teacher_total,7.5,19,0.74751,0.6666746102242979,0.6666746102242979,12
QST_teacher_total,7.75,19,0.74751,0.6666746102242979,0.6666746102242979,12
QST_teacher_total,8,20,0.74751,0.6666746102242979,0.6666746102242979,12
QST_teacher_total,8.25,20,0.74751,0.6666746102242979,0.6666746102242979,12
QST_teacher_total,8.5,20,0.74751,0.6666746102242979,0.6666746102242979,12
QST_teacher_total,8.75,20,0.74751,0.6666746102242979,0.6666746102242979,12
QST_teacher_total,9,21,0.74751,0.6666746102242979,0.6666746102242979,12
QST_teacher_total,9.25,21,0.74751,0.6666746102242979,0.6666746102242979,12
QST_teacher_total,9.5,21,0.74751,0.6666746102242979,0.6666746102242979,12
QST_teacher_total,9.75,22,0.74751,0.6666746102242979,0.6666746102242979,12
QST_teacher_total,10,22,0.74751,0.6666746102242979,0.6666746102242979,12
QST_teacher_total,10.25,22,0.74751,0.6666746102242979,0.6666746102242979,12
QST_teacher_total,10.5,23,0.74751,0.6666746102242979,0.6666746102242979,12
QST_teacher_total,10.75,23,0.74751,0.6666746102242979,0.6666746102242979,12
QST_teacher_total,11,24,0.74751,0.6666746102242979,0.6666746102242979,12
QST_teacher_total,11.25,25,0.74751,0.6666746102242979,0.6666746102242979,12
QST_teacher_total,11.5,25,0.74751,0.6666746102242979,0.6666746102242979,12
QST_teacher_total,11.75,26,0.74751,0.6666746102242979,0.6666746102242979,12
QST_teacher_total,12,26,0.74751,0.6666746102242979,0.6666746102242979,12
QST_teacher_total,6,19,0.84134,0.9999803859660789,0.9999803859660789,13
QST_teacher_total,6.25,19,0.84134,0.9999803859660789,0.9999803859660789,13
QST_teacher_total,6.5,19,0.84134,0.9999803859660789,0.9999803859660789,13
QST_teacher_total,6.75,20,0.84134,0.9999803859660789,0.9999803859660789,13
QST_teacher_total,7,20,0.84134,0.9999803859660789,0.9999803859660789,13
QST_teacher_total,7.25,20,0.84134,0.9999803859660789,0.9999803859660789,13
QST_teacher_total,7.5,21,0.84134,0.9999803859660789,0.9999803859660789,13
QST_teacher_total,7.75,21,0.84134,0.9999803859660789,0.9999803859660789,13
QST_teacher_total,8,21,0.84134,0.9999803859660789,0.9999803859660789,13
QST_teacher_total,8.25,21,0.84134,0.9999803859660789,0.9999803859660789,13
QST_teacher_total,8.5,22,0.84134,0.9999803859660789,0.9999803859660789,13
QST_teacher_total,8.75,22,0.84134,0.9999803859660789,0.9999803859660789,13
QST_teacher_total,9,22,0.84134,0.9999803859660789,0.9999803859660789,13
QST_teacher_total,9.25,23,0.84134,0.9999803859660789,0.9999803859660789,13
QST_teacher_total,9.5,23,0.84134,0.9999803859660789,0.9999803859660789,13
QST_teacher_total,9.75,23,0.84134,0.9999803859660789,0.9999803859660789,13
QST_teacher_total,10,23,0.84134,0.9999803859660789,0.9999803859660789,13
QST_teacher_total,10.25,24,0.84134,0.9999803859660789,0.9999803859660789,13
QST_teacher_total,10.5,24,0.84134,0.9999803859660789,0.9999803859660789,13
QST_teacher_total,10.75,25,0.84134,0.9999803859660789,0.9999803859660789,13
QST_teacher_total,11,26,0.84134,0.9999803859660789,0.9999803859660789,13
QST_teacher_total,11.25,27,0.84134,0.9999803859660789,0.9999803859660789,13
QST_teacher_total,11.5,27,0.84134,0.9999803859660789,0.9999803859660789,13
QST_teacher_total,11.75,27,0.84134,0.9999803859660789,0.9999803859660789,13
QST_teacher_total,12,27,0.84134,0.9999803859660789,0.9999803859660789,13
QST_teacher_total,6,20,0.90879,1.3333407702662026,1.3333407702662026,14
QST_teacher_total,6.25,21,0.90879,1.3333407702662026,1.3333407702662026,14
QST_teacher_total,6.5,21,0.90879,1.3333407702662026,1.3333407702662026,14
QST_teacher_total,6.75,21,0.90879,1.3333407702662026,1.3333407702662026,14
QST_teacher_total,7,21,0.90879,1.3333407702662026,1.3333407702662026,14
QST_teacher_total,7.25,22,0.90879,1.3333407702662026,1.3333407702662026,14
QST_teacher_total,7.5,22,0.90879,1.3333407702662026,1.3333407702662026,14
QST_teacher_total,7.75,22,0.90879,1.3333407702662026,1.3333407702662026,14
QST_teacher_total,8,23,0.90879,1.3333407702662026,1.3333407702662026,14
QST_teacher_total,8.25,23,0.90879,1.3333407702662026,1.3333407702662026,14
QST_teacher_total,8.5,23,0.90879,1.3333407702662026,1.3333407702662026,14
QST_teacher_total,8.75,23,0.90879,1.3333407702662026,1.3333407702662026,14
QST_teacher_total,9,24,0.90879,1.3333407702662026,1.3333407702662026,14
QST_teacher_total,9.25,24,0.90879,1.3333407702662026,1.3333407702662026,14
QST_teacher_total,9.5,24,0.90879,1.3333407702662026,1.3333407702662026,14
QST_teacher_total,9.75,24,0.90879,1.3333407702662026,1.3333407702662026,14
QST_teacher_total,10,25,0.90879,1.3333407702662026,1.3333407702662026,14
QST_teacher_total,10.25,25,0.90879,1.3333407702662026,1.3333407702662026,14
QST_teacher_total,10.5,25,0.90879,1.3333407702662026,1.3333407702662026,14
QST_teacher_total,10.75,26,0.90879,1.3333407702662026,1.3333407702662026,14
QST_teacher_total,11,27,0.90879,1.3333407702662026,1.3333407702662026,14
QST_teacher_total,11.25,28,0.90879,1.3333407702662026,1.3333407702662026,14
QST_teacher_total,11.5,28,0.90879,1.3333407702662026,1.3333407702662026,14
QST_teacher_total,11.75,28,0.90879,1.3333407702662026,1.3333407702662026,14
QST_teacher_total,12,29,0.90879,1.3333407702662026,1.3333407702662026,14
QST_teacher_total,6,22,0.95221,1.6666702079210545,1.6666702079210545,15
QST_teacher_total,6.25,22,0.95221,1.6666702079210545,1.6666702079210545,15
QST_teacher_total,6.5,22,0.95221,1.6666702079210545,1.6666702079210545,15
QST_teacher_total,6.75,23,0.95221,1.6666702079210545,1.6666702079210545,15
QST_teacher_total,7,23,0.95221,1.6666702079210545,1.6666702079210545,15
QST_teacher_total,7.25,23,0.95221,1.6666702079210545,1.6666702079210545,15
QST_teacher_total,7.5,24,0.95221,1.6666702079210545,1.6666702079210545,15
QST_teacher_total,7.75,24,0.95221,1.6666702079210545,1.6666702079210545,15
QST_teacher_total,8,24,0.95221,1.6666702079210545,1.6666702079210545,15
QST_teacher_total,8.25,24,0.95221,1.6666702079210545,1.6666702079210545,15
QST_teacher_total,8.5,25,0.95221,1.6666702079210545,1.6666702079210545,15
QST_teacher_total,8.75,25,0.95221,1.6666702079210545,1.6666702079210545,15
QST_teacher_total,9,25,0.95221,1.6666702079210545,1.6666702079210545,15
QST_teacher_total,9.25,25,0.95221,1.6666702079210545,1.6666702079210545,15
QST_teacher_total,9.5,25,0.95221,1.6666702079210545,1.6666702079210545,15
QST_teacher_total,9.75,26,0.95221,1.6666702079210545,1.6666702079210545,15
QST_teacher_total,10,26,0.95221,1.6666702079210545,1.6666702079210545,15
QST_teacher_total,10.25,26,0.95221,1.6666702079210545,1.6666702079210545,15
QST_teacher_total,10.5,27,0.95221,1.6666702079210545,1.6666702079210545,15
QST_teacher_total,10.75,28,0.95221,1.6666702079210545,1.6666702079210545,15
QST_teacher_total,11,28,0.95221,1.6666702079210545,1.6666702079210545,15
QST_teacher_total,11.25,29,0.95221,1.6666702079210545,1.6666702079210545,15
QST_teacher_total,11.5,29,0.95221,1.6666702079210545,1.6666702079210545,15
QST_teacher_total,11.75,29,0.95221,1.6666702079210545,1.6666702079210545,15
QST_teacher_total,12,29,0.95221,1.6666702079210545,1.6666702079210545,15
QST_teacher_total,6,23,0.97725,2.0000024438996027,2.0000024438996027,16
QST_teacher_total,6.25,24,0.97725,2.0000024438996027,2.0000024438996027,16
QST_teacher_total,6.5,24,0.97725,2.0000024438996027,2.0000024438996027,16
QST_teacher_total,6.75,24,0.97725,2.0000024438996027,2.0000024438996027,16
QST_teacher_total,7,24,0.97725,2.0000024438996027,2.0000024438996027,16
QST_teacher_total,7.25,25,0.97725,2.0000024438996027,2.0000024438996027,16
QST_teacher_total,7.5,25,0.97725,2.0000024438996027,2.0000024438996027,16
QST_teacher_total,7.75,25,0.97725,2.0000024438996027,2.0000024438996027,16
QST_teacher_total,8,25,0.97725,2.0000024438996027,2.0000024438996027,16
QST_teacher_total,8.25,26,0.97725,2.0000024438996027,2.0000024438996027,16
QST_teacher_total,8.5,26,0.97725,2.0000024438996027,2.0000024438996027,16
QST_teacher_total,8.75,26,0.97725,2.0000024438996027,2.0000024438996027,16
QST_teacher_total,9,26,0.97725,2.0000024438996027,2.0000024438996027,16
QST_teacher_total,9.25,26,0.97725,2.0000024438996027,2.0000024438996027,16
QST_teacher_total,9.5,27,0.97725,2.0000024438996027,2.0000024438996027,16
QST_teacher_total,9.75,27,0.97725,2.0000024438996027,2.0000024438996027,16
QST_teacher_total,10,27,0.97725,2.0000024438996027,2.0000024438996027,16
QST_teacher_total,10.25,27,0.97725,2.0000024438996027,2.0000024438996027,16
QST_teacher_total,10.5,28,0.97725,2.0000024438996027,2.0000024438996027,16
QST_teacher_total,10.75,28,0.97725,2.0000024438996027,2.0000024438996027,16
QST_teacher_total,11,29,0.97725,2.0000024438996027,2.0000024438996027,16
QST_teacher_total,11.25,30,0.97725,2.0000024438996027,2.0000024438996027,16
QST_teacher_total,11.5,30,0.97725,2.0000024438996027,2.0000024438996027,16
QST_teacher_total,11.75,30,0.97725,2.0000024438996027,2.0000024438996027,16
QST_teacher_total,12,30,0.97725,2.0000024438996027,2.0000024438996027,16
QST_teacher_total,6,25,0.99018,2.3331552225672416,2.3331552225672416,17
QST_teacher_total,6.25,25,0.99018,2.3331552225672416,2.3331552225672416,17
QST_teacher_total,6.5,25,0.99018,2.3331552225672416,2.3331552225672416,17
QST_teacher_total,6.75,25,0.99018,2.3331552225672416,2.3331552225672416,17
QST_teacher_total,7,26,0.99018,2.3331552225672416,2.3331552225672416,17
QST_teacher_total,7.25,26,0.99018,2.3331552225672416,2.3331552225672416,17
QST_teacher_total,7.5,26,0.99018,2.3331552225672416,2.3331552225672416,17
QST_teacher_total,7.75,26,0.99018,2.3331552225672416,2.3331552225672416,17
QST_teacher_total,8,26,0.99018,2.3331552225672416,2.3331552225672416,17
QST_teacher_total,8.25,27,0.99018,2.3331552225672416,2.3331552225672416,17
QST_teacher_total,8.5,27,0.99018,2.3331552225672416,2.3331552225672416,17
QST_teacher_total,8.75,27,0.99018,2.3331552225672416,2.3331552225672416,17
QST_teacher_total,9,27,0.99018,2.3331552225672416,2.3331552225672416,17
QST_teacher_total,9.25,27,0.99018,2.3331552225672416,2.3331552225672416,17
QST_teacher_total,9.5,28,0.99018,2.3331552225672416,2.3331552225672416,17
QST_teacher_total,9.75,28,0.99018,2.3331552225672416,2.3331552225672416,17
QST_teacher_total,10,28,0.99018,2.3331552225672416,2.3331552225672416,17
QST_teacher_total,10.25,28,0.99018,2.3331552225672416,2.3331552225672416,17
QST_teacher_total,10.5,29,0.99018,2.3331552225672416,2.3331552225672416,17
QST_teacher_total,10.75,29,0.99018,2.3331552225672416,2.3331552225672416,17
QST_teacher_total,11,30,0.99018,2.3331552225672416,2.3331552225672416,17
QST_teacher_total,11.25,30,0.99018,2.3331552225672416,2.3331552225672416,17
QST_teacher_total,11.5,30,0.99018,2.3331552225672416,2.3331552225672416,17
QST_teacher_total,11.75,30,0.99018,2.3331552225672416,2.3331552225672416,17
QST_teacher_total,12,30,0.99018,2.3331552225672416,2.3331552225672416,17
QST_teacher_total,6,26,0.99617,2.6667000630340683,2.6667000630340683,18
QST_teacher_total,6.25,26,0.99617,2.6667000630340683,2.6667000630340683,18
QST_teacher_total,6.5,26,0.99617,2.6667000630340683,2.6667000630340683,18
QST_teacher_total,6.75,27,0.99617,2.6667000630340683,2.6667000630340683,18
QST_teacher_total,7,27,0.99617,2.6667000630340683,2.6667000630340683,18
QST_teacher_total,7.25,27,0.99617,2.6667000630340683,2.6667000630340683,18
QST_teacher_total,7.5,27,0.99617,2.6667000630340683,2.6667000630340683,18
QST_teacher_total,7.75,27,0.99617,2.6667000630340683,2.6667000630340683,18
QST_teacher_total,8,28,0.99617,2.6667000630340683,2.6667000630340683,18
QST_teacher_total,8.25,28,0.99617,2.6667000630340683,2.6667000630340683,18
QST_teacher_total,8.5,28,0.99617,2.6667000630340683,2.6667000630340683,18
QST_teacher_total,8.75,28,0.99617,2.6667000630340683,2.6667000630340683,18
QST_teacher_total,9,28,0.99617,2.6667000630340683,2.6667000630340683,18
QST_teacher_total,9.25,28,0.99617,2.6667000630340683,2.6667000630340683,18
QST_teacher_total,9.5,28,0.99617,2.6667000630340683,2.6667000630340683,18
QST_teacher_total,9.75,29,0.99617,2.6667000630340683,2.6667000630340683,18
QST_teacher_total,10,29,0.99617,2.6667000630340683,2.6667000630340683,18
QST_teacher_total,10.25,29,0.99617,2.6667000630340683,2.6667000630340683,18
QST_teacher_total,10.5,29,0.99617,2.6667000630340683,2.6667000630340683,18
QST_teacher_total,10.75,30,0.99617,2.6667000630340683,2.6667000630340683,18
QST_teacher_total,11,30,0.99617,2.6667000630340683,2.6667000630340683,18
QST_teacher_total,11.25,30,0.99617,2.6667000630340683,2.6667000630340683,18
QST_teacher_total,11.5,30,0.99617,2.6667000630340683,2.6667000630340683,18
QST_teacher_total,11.75,30,0.99617,2.6667000630340683,2.6667000630340683,18
QST_teacher_total,12,30,0.99617,2.6667000630340683,2.6667000630340683,18
QST_teacher_total,6,27,0.99865,2.999976992703401,2.999976992703401,19
QST_teacher_total,6.25,27,0.99865,2.999976992703401,2.999976992703401,19
QST_teacher_total,6.5,27,0.99865,2.999976992703401,2.999976992703401,19
QST_teacher_total,6.75,28,0.99865,2.999976992703401,2.999976992703401,19
QST_teacher_total,7,28,0.99865,2.999976992703401,2.999976992703401,19
QST_teacher_total,7.25,28,0.99865,2.999976992703401,2.999976992703401,19
QST_teacher_total,7.5,28,0.99865,2.999976992703401,2.999976992703401,19
QST_teacher_total,7.75,28,0.99865,2.999976992703401,2.999976992703401,19
QST_teacher_total,8,28,0.99865,2.999976992703401,2.999976992703401,19
QST_teacher_total,8.25,29,0.99865,2.999976992703401,2.999976992703401,19
QST_teacher_total,8.5,29,0.99865,2.999976992703401,2.999976992703401,19
QST_teacher_total,8.75,29,0.99865,2.999976992703401,2.999976992703401,19
QST_teacher_total,9,29,0.99865,2.999976992703401,2.999976992703401,19
QST_teacher_total,9.25,29,0.99865,2.999976992703401,2.999976992703401,19
QST_teacher_total,9.5,29,0.99865,2.999976992703401,2.999976992703401,19
QST_teacher_total,9.75,29,0.99865,2.999976992703401,2.999976992703401,19
QST_teacher_total,10,29,0.99865,2.999976992703401,2.999976992703401,19
QST_teacher_total,10.25,30,0.99865,2.999976992703401,2.999976992703401,19
QST_teacher_total,10.5,30,0.99865,2.999976992703401,2.999976992703401,19
QST_teacher_total,10.75,30,0.99865,2.999976992703401,2.999976992703401,19
QST_teacher_total,11,30,0.99865,2.999976992703401,2.999976992703401,19
QST_teacher_total,11.25,30,0.99865,2.999976992703401,2.999976992703401,19
QST_teacher_total,11.5,30,0.99865,2.999976992703401,2.999976992703401,19
QST_teacher_total,11.75,30,0.99865,2.999976992703401,2.999976992703401,19
QST_teacher_total,12,30,0.99865,2.999976992703401,2.999976992703401,19
TD,6,1.0294607573479024,0.00135,-2.999976992703393,2.999976992703393,19
TD,6.25,1.0265347966501002,0.00135,-2.999976992703393,2.999976992703393,19
TD,6.5,1.0238958442407302,0.00135,-2.999976992703393,2.999976992703393,19
TD,6.75,1.0215217747350296,0.00135,-2.999976992703393,2.999976992703393,19
TD,7,1.0193918041426355,0.00135,-2.999976992703393,2.999976992703393,19
TD,7.25,1.0174869734920444,0.00135,-2.999976992703393,2.999976992703393,19
TD,7.5,1.0157944165225459,0.00135,-2.999976992703393,2.999976992703393,19
TD,7.75,1.0143074322072025,0.00135,-2.999976992703393,2.999976992703393,19
TD,8,1.0130206569594729,0.00135,-2.999976992703393,2.999976992703393,19
TD,8.25,1.0119209594431382,0.00135,-2.999976992703393,2.999976992703393,19
TD,8.5,1.0109803007431288,0.00135,-2.999976992703393,2.999976992703393,19
TD,8.75,1.0101711070937025,0.00135,-2.999976992703393,2.999976992703393,19
TD,9,1.0094706086423406,0.00135,-2.999976992703393,2.999976992703393,19
TD,9.25,1.0088579234339126,0.00135,-2.999976992703393,2.999976992703393,19
TD,9.5,1.0083098972175795,0.00135,-2.999976992703393,2.999976992703393,19
TD,9.75,1.007808472921031,0.00135,-2.999976992703393,2.999976992703393,19
TD,10,1.0073413664059157,0.00135,-2.999976992703393,2.999976992703393,19
TD,10.25,1.0069011361201248,0.00135,-2.999976992703393,2.999976992703393,19
TD,10.5,1.0064837431253009,0.00135,-2.999976992703393,2.999976992703393,19
TD,10.75,1.0060860171217092,0.00135,-2.999976992703393,2.999976992703393,19
TD,11,1.005704457674315,0.00135,-2.999976992703393,2.999976992703393,19
TD,11.25,1.0053367838903935,0.00135,-2.999976992703393,2.999976992703393,19
TD,11.5,1.0049841816867218,0.00135,-2.999976992703393,2.999976992703393,19
TD,11.75,1.0046486092074276,0.00135,-2.999976992703393,2.999976992703393,19
TD,12,1.0043316897730954,0.00135,-2.999976992703393,2.999976992703393,19
TD,6,1.0488166339676228,0.00383,-2.6667000630340683,2.6667000630340683,18
TD,6.25,1.0441326086038578,0.00383,-2.6667000630340683,2.6667000630340683,18
TD,6.5,1.0398936251970878,0.00383,-2.6667000630340683,2.6667000630340683,18
TD,6.75,1.0360673466625752,0.00383,-2.6667000630340683,2.6667000630340683,18
TD,7,1.032623257070508,0.00383,-2.6667000630340683,2.6667000630340683,18
TD,7.25,1.0295335059448594,0.00383,-2.6667000630340683,2.6667000630340683,18
TD,7.5,1.026780191564835,0.00383,-2.6667000630340683,2.6667000630340683,18
TD,7.75,1.0243556807906429,0.00383,-2.6667000630340683,2.6667000630340683,18
TD,8,1.022254560582906,0.00383,-2.6667000630340683,2.6667000630340683,18
TD,8.25,1.0204580534827128,0.00383,-2.6667000630340683,2.6667000630340683,18
TD,8.5,1.0189214349745073,0.00383,-2.6667000630340683,2.6667000630340683,18
TD,8.75,1.017600090969752,0.00383,-2.6667000630340683,2.6667000630340683,18
TD,9,1.0164570481617219,0.00383,-2.6667000630340683,2.6667000630340683,18
TD,9.25,1.0154580336021013,0.00383,-2.6667000630340683,2.6667000630340683,18
TD,9.5,1.014564227700233,0.00383,-2.6667000630340683,2.6667000630340683,18
TD,9.75,1.0137451282044212,0.00383,-2.6667000630340683,2.6667000630340683,18
TD,10,1.012979921686656,0.00383,-2.6667000630340683,2.6667000630340683,18
TD,10.25,1.0122560402931282,0.00383,-2.6667000630340683,2.6667000630340683,18
TD,10.5,1.0115667717540089,0.00383,-2.6667000630340683,2.6667000630340683,18
TD,10.75,1.0109068447078793,0.00383,-2.6667000630340683,2.6667000630340683,18
TD,11,1.010270300260215,0.00383,-2.6667000630340683,2.6667000630340683,18
TD,11.25,1.0096532779654912,0.00383,-2.6667000630340683,2.6667000630340683,18
TD,11.5,1.0090581491927053,0.00383,-2.6667000630340683,2.6667000630340683,18
TD,11.75,1.0084887443154578,0.00383,-2.6667000630340683,2.6667000630340683,18
TD,12,1.0079483573799066,0.00383,-2.6667000630340683,2.6667000630340683,18
TD,6,1.0775153561562512,0.00982,-2.3331552225672434,2.3331552225672434,17
TD,6.25,1.0702967962165617,0.00982,-2.3331552225672434,2.3331552225672434,17
TD,6.5,1.063745314189625,0.00982,-2.3331552225672434,2.3331552225672434,17
TD,6.75,1.0578150376980877,0.00982,-2.3331552225672434,2.3331552225672434,17
TD,7,1.0524625044395035,0.00982,-2.3331552225672434,2.3331552225672434,17
TD,7.25,1.0476480547401477,0.00982,-2.3331552225672434,2.3331552225672434,17
TD,7.5,1.0433476777385096,0.00982,-2.3331552225672434,2.3331552225672434,17
TD,7.75,1.039553789003002,0.00982,-2.3331552225672434,2.3331552225672434,17
TD,8,1.0362623868166665,0.00982,-2.3331552225672434,2.3331552225672434,17
TD,8.25,1.033447628692288,0.00982,-2.3331552225672434,2.3331552225672434,17
TD,8.5,1.0310408131748068,0.00982,-2.3331552225672434,2.3331552225672434,17
TD,8.75,1.0289725348202154,0.00982,-2.3331552225672434,2.3331552225672434,17
TD,9,1.0271850982826534,0.00982,-2.3331552225672434,2.3331552225672434,17
TD,9.25,1.0256245169422755,0.00982,-2.3331552225672434,2.3331552225672434,17
TD,9.5,1.0242285059267595,0.00982,-2.3331552225672434,2.3331552225672434,17
TD,9.75,1.0229477994821559,0.00982,-2.3331552225672434,2.3331552225672434,17
TD,10,1.0217486771852702,0.00982,-2.3331552225672434,2.3331552225672434,17
TD,10.25,1.020610812581402,0.00982,-2.3331552225672434,2.3331552225672434,17
TD,10.5,1.0195234774727664,0.00982,-2.3331552225672434,2.3331552225672434,17
TD,10.75,1.0184782323195765,0.00982,-2.3331552225672434,2.3331552225672434,17
TD,11,1.0174653453835418,0.00982,-2.3331552225672434,2.3331552225672434,17
TD,11.25,1.016478522793368,0.00982,-2.3331552225672434,2.3331552225672434,17
TD,11.5,1.0155220573032233,0.00982,-2.3331552225672434,2.3331552225672434,17
TD,11.75,1.0146028215772822,0.00982,-2.3331552225672434,2.3331552225672434,17
TD,12,1.0137268737208975,0.00982,-2.3331552225672434,2.3331552225672434,17
TD,6,1.118643476762777,0.02275,-2.000002443899604,2.000002443899604,16
TD,6.25,1.1078800893624774,0.02275,-2.000002443899604,2.000002443899604,16
TD,6.5,1.0980874181661409,0.02275,-2.000002443899604,2.000002443899604,16
TD,6.75,1.0892020627057952,0.02275,-2.000002443899604,2.000002443899604,16
TD,7,1.081163741281391,0.02275,-2.000002443899604,2.000002443899604,16
TD,7.25,1.0739174845490869,0.02275,-2.000002443899604,2.000002443899604,16
TD,7.5,1.0674321320023772,0.02275,-2.000002443899604,2.000002443899604,16
TD,7.75,1.0617018776145928,0.02275,-2.000002443899604,2.000002443899604,16
TD,8,1.056726530885275,0.02275,-2.000002443899604,2.000002443899604,16
TD,8.25,1.0524717082270514,0.02275,-2.000002443899604,2.000002443899604,16
TD,8.5,1.0488352724140884,0.02275,-2.000002443899604,2.000002443899604,16
TD,8.75,1.0457128659414128,0.02275,-2.000002443899604,2.000002443899604,16
TD,9,1.0430175083218758,0.02275,-2.000002443899604,2.000002443899604,16
TD,9.25,1.0406671325027386,0.02275,-2.000002443899604,2.000002443899604,16
TD,9.5,1.0385655254554058,0.02275,-2.000002443899604,2.000002443899604,16
TD,9.75,1.036636137762314,0.02275,-2.000002443899604,2.000002443899604,16
TD,10,1.0348264177642825,0.02275,-2.000002443899604,2.000002443899604,16
TD,10.25,1.033104711750866,0.02275,-2.000002443899604,2.000002443899604,16
TD,10.5,1.031454458719692,0.02275,-2.000002443899604,2.000002443899604,16
TD,10.75,1.029862599384437,0.02275,-2.000002443899604,2.000002443899604,16
TD,11,1.028313820299904,0.02275,-2.000002443899604,2.000002443899604,16
TD,11.25,1.0267982094179013,0.02275,-2.000002443899604,2.000002443899604,16
TD,11.5,1.0253230045812014,0.02275,-2.000002443899604,2.000002443899604,16
TD,11.75,1.023899762126586,0.02275,-2.000002443899604,2.000002443899604,16
TD,12,1.0225388542655744,0.02275,-2.000002443899604,2.000002443899604,16
TD,6,1.1760990663039927,0.04779,-1.6666702079210545,1.6666702079210545,15
TD,6.25,1.1604882042535665,0.04779,-1.6666702079210545,1.6666702079210545,15
TD,6.5,1.1462551360170437,0.04779,-1.6666702079210545,1.6666702079210545,15
TD,6.75,1.1333141353176546,0.04779,-1.6666702079210545,1.6666702079210545,15
TD,7,1.121583435700931,0.04779,-1.6666702079210545,1.6666702079210545,15
TD,7.25,1.1109885605521237,0.04779,-1.6666702079210545,1.6666702079210545,15
TD,7.5,1.101490243313433,0.04779,-1.6666702079210545,1.6666702079210545,15
TD,7.75,1.0930871816952814,0.04779,-1.6666702079210545,1.6666702079210545,15
TD,8,1.0857866395044686,0.04779,-1.6666702079210545,1.6666702079210545,15
TD,8.25,1.0795441975953113,0.04779,-1.6666702079210545,1.6666702079210545,15
TD,8.5,1.0742121186824622,0.04779,-1.6666702079210545,1.6666702079210545,15
TD,8.75,1.069637909581029,0.04779,-1.6666702079210545,1.6666702079210545,15
TD,9,1.0656941746229183,0.04779,-1.6666702079210545,1.6666702079210545,15
TD,9.25,1.062259824263189,0.04779,-1.6666702079210545,1.6666702079210545,15
TD,9.5,1.059190877941499,0.04779,-1.6666702079210545,1.6666702079210545,15
TD,9.75,1.0563721831954722,0.04779,-1.6666702079210545,1.6666702079210545,15
TD,10,1.0537244626084277,0.04779,-1.6666702079210545,1.6666702079210545,15
TD,10.25,1.0511999714208689,0.04779,-1.6666702079210545,1.6666702079210545,15
TD,10.5,1.0487738926058796,0.04779,-1.6666702079210545,1.6666702079210545,15
TD,10.75,1.0464266021934951,0.04779,-1.6666702079210545,1.6666702079210545,15
TD,11,1.0441347588913026,0.04779,-1.6666702079210545,1.6666702079210545,15
TD,11.25,1.0418832184266944,0.04779,-1.6666702079210545,1.6666702079210545,15
TD,11.5,1.0396835546808134,0.04779,-1.6666702079210545,1.6666702079210545,15
TD,11.75,1.0375542552078556,0.04779,-1.6666702079210545,1.6666702079210545,15
TD,12,1.0355121465526997,0.04779,-1.6666702079210545,1.6666702079210545,15
TD,6,1.254475443918686,0.09121,-1.3333407702662026,1.3333407702662026,14
TD,6.25,1.2323757137077704,0.09121,-1.3333407702662026,1.3333407702662026,14
TD,6.5,1.2121891926773296,0.09121,-1.3333407702662026,1.3333407702662026,14
TD,6.75,1.193802177203363,0.09121,-1.3333407702662026,1.3333407702662026,14
TD,7,1.1771059074940415,0.09121,-1.3333407702662026,1.3333407702662026,14
TD,7.25,1.1620014674871626,0.09121,-1.3333407702662026,1.3333407702662026,14
TD,7.5,1.148440718086028,0.09121,-1.3333407702662026,1.3333407702662026,14
TD,7.75,1.1364308621131114,0.09121,-1.3333407702662026,1.3333407702662026,14
TD,8,1.1259918395296369,0.09121,-1.3333407702662026,1.3333407702662026,14
TD,8.25,1.1170677842756789,0.09121,-1.3333407702662026,1.3333407702662026,14
TD,8.5,1.1094500685342648,0.09121,-1.3333407702662026,1.3333407702662026,14
TD,8.75,1.102921356794053,0.09121,-1.3333407702662026,1.3333407702662026,14
TD,9,1.0972997120556478,0.09121,-1.3333407702662026,1.3333407702662026,14
TD,9.25,1.0924110574378219,0.09121,-1.3333407702662026,1.3333407702662026,14
TD,9.5,1.0880458028873141,0.09121,-1.3333407702662026,1.3333407702662026,14
TD,9.75,1.0840355426587318,0.09121,-1.3333407702662026,1.3333407702662026,14
TD,10,1.0802640280744962,0.09121,-1.3333407702662026,1.3333407702662026,14
TD,10.25,1.0766612305889303,0.09121,-1.3333407702662026,1.3333407702662026,14
TD,10.5,1.0731909284285057,0.09121,-1.3333407702662026,1.3333407702662026,14
TD,10.75,1.0698243949903246,0.09121,-1.3333407702662026,1.3333407702662026,14
TD,11,1.0665270439610695,0.09121,-1.3333407702662026,1.3333407702662026,14
TD,11.25,1.0632763615848004,0.09121,-1.3333407702662026,1.3333407702662026,14
TD,11.5,1.0600900907941748,0.09121,-1.3333407702662026,1.3333407702662026,14
TD,11.75,1.0569966335014398,0.09121,-1.3333407702662026,1.3333407702662026,14
TD,12,1.054022131342242,0.09121,-1.3333407702662026,1.3333407702662026,14
TD,6,1.3592537232813735,0.15866,-0.9999803859660789,0.9999803859660789,13
TD,6.25,1.3286239113707452,0.15866,-0.9999803859660789,0.9999803859660789,13
TD,6.5,1.300600162155618,0.15866,-0.9999803859660789,0.9999803859660789,13
TD,6.75,1.275034190790787,0.15866,-0.9999803859660789,0.9999803859660789,13
TD,7,1.2517837935693654,0.15866,-0.9999803859660789,0.9999803859660789,13
TD,7.25,1.2307198686480785,0.15866,-0.9999803859660789,0.9999803859660789,13
TD,7.5,1.211784930868844,0.15866,-0.9999803859660789,0.9999803859660789,13
TD,7.75,1.1950002888456366,0.15866,-0.9999803859660789,0.9999803859660789,13
TD,8,1.180405750716631,0.15866,-0.9999803859660789,0.9999803859660789,13
TD,8.25,1.1679327716319332,0.15866,-0.9999803859660789,0.9999803859660789,13
TD,8.5,1.1572928599018153,0.15866,-0.9999803859660789,0.9999803859660789,13
TD,8.75,1.1481829572622728,0.15866,-0.9999803859660789,0.9999803859660789,13
TD,9,1.1403489063748922,0.15866,-0.9999803859660789,0.9999803859660789,13
TD,9.25,1.133546080404915,0.15866,-0.9999803859660789,0.9999803859660789,13
TD,9.5,1.1274766425417933,0.15866,-0.9999803859660789,0.9999803859660789,13
TD,9.75,1.1219002827217766,0.15866,-0.9999803859660789,0.9999803859660789,13
TD,10,1.1166507061286761,0.15866,-0.9999803859660789,0.9999803859660789,13
TD,10.25,1.1116276852414104,0.15866,-0.9999803859660789,0.9999803859660789,13
TD,10.5,1.1067795693470628,0.15866,-0.9999803859660789,0.9999803859660789,13
TD,10.75,1.1020652732676415,0.15866,-0.9999803859660789,0.9999803859660789,13
TD,11,1.0974348110970782,0.15866,-0.9999803859660789,0.9999803859660789,13
TD,11.25,1.09285552269924,0.15866,-0.9999803859660789,0.9999803859660789,13
TD,11.5,1.0883536868989114,0.15866,-0.9999803859660789,0.9999803859660789,13
TD,11.75,1.0839714971353136,0.15866,-0.9999803859660789,0.9999803859660789,13
TD,12,1.079748150253081,0.15866,-0.9999803859660789,0.9999803859660789,13
TD,6,1.4968180613359916,0.25249,-0.6666746102242979,0.6666746102242979,12
TD,6.25,1.4551565166076026,0.25249,-0.6666746102242979,0.6666746102242979,12
TD,6.5,1.416984483992849,0.25249,-0.6666746102242979,0.6666746102242979,12
TD,6.75,1.382111465613369,0.25249,-0.6666746102242979,0.6666746102242979,12
TD,7,1.3503543443181851,0.25249,-0.6666746102242979,0.6666746102242979,12
TD,7.25,1.3215472136450788,0.25249,-0.6666746102242979,0.6666746102242979,12
TD,7.5,1.295623190289678,0.25249,-0.6666746102242979,0.6666746102242979,12
TD,7.75,1.2726252442972148,0.25249,-0.6666746102242979,0.6666746102242979,12
TD,8,1.2526226421024704,0.25249,-0.6666746102242979,0.6666746102242979,12
TD,8.25,1.235533233166117,0.25249,-0.6666746102242979,0.6666746102242979,12
TD,8.5,1.2209654556960081,0.25249,-0.6666746102242979,0.6666746102242979,12
TD,8.75,1.2085048228150057,0.25249,-0.6666746102242979,0.6666746102242979,12
TD,9,1.1978031662378503,0.25249,-0.6666746102242979,0.6666746102242979,12
TD,9.25,1.1885235670742966,0.25249,-0.6666746102242979,0.6666746102242979,12
TD,9.5,1.180251696596095,0.25249,-0.6666746102242979,0.6666746102242979,12
TD,9.75,1.1726519986100858,0.25249,-0.6666746102242979,0.6666746102242979,12
TD,10,1.1654917335528974,0.25249,-0.6666746102242979,0.6666746102242979,12
TD,10.25,1.1586305332458287,0.25249,-0.6666746102242979,0.6666746102242979,12
TD,10.5,1.151996262863404,0.25249,-0.6666746102242979,0.6666746102242979,12
TD,10.75,1.1455313744393412,0.25249,-0.6666746102242979,0.6666746102242979,12
TD,11,1.139165215870083,0.25249,-0.6666746102242979,0.6666746102242979,12
TD,11.25,1.1328514409651638,0.25249,-0.6666746102242979,0.6666746102242979,12
TD,11.5,1.1266278608015592,0.25249,-0.6666746102242979,0.6666746102242979,12
TD,11.75,1.1205553982471925,0.25249,-0.6666746102242979,0.6666746102242979,12
TD,12,1.114691092966556,0.25249,-0.6666746102242979,0.6666746102242979,12
TD,6,1.6746498327994037,0.36944,-0.33333688458431254,0.33333688458431254,11
TD,6.25,1.6189197752819289,0.36944,-0.33333688458431254,0.33333688458431254,11
TD,6.5,1.5677915247844927,0.36944,-0.33333688458431254,0.33333688458431254,11
TD,6.75,1.521023599244897,0.36944,-0.33333688458431254,0.33333688458431254,11
TD,7,1.4783833676886566,0.36944,-0.33333688458431254,0.33333688458431254,11
TD,7.25,1.4396605394055122,0.36944,-0.33333688458431254,0.33333688458431254,11
TD,7.5,1.404779340675655,0.36944,-0.33333688458431254,0.33333688458431254,11
TD,7.75,1.373814326278656,0.36944,-0.33333688458431254,0.33333688458431254,11
TD,8,1.3468767082057655,0.36944,-0.33333688458431254,0.33333688458431254,11
TD,8.25,1.3238702419441593,0.36944,-0.33333688458431254,0.33333688458431254,11
TD,8.5,1.304272177153652,0.36944,-0.33333688458431254,0.33333688458431254,11
TD,8.75,1.287525268370623,0.36944,-0.33333688458431254,0.33333688458431254,11
TD,9,1.27316075029092,0.36944,-0.33333688458431254,0.33333688458431254,11
TD,9.25,1.2607227815578275,0.36944,-0.33333688458431254,0.33333688458431254,11
TD,9.5,1.2496457051165517,0.36944,-0.33333688458431254,0.33333688458431254,11
TD,9.75,1.2394698529851835,0.36944,-0.33333688458431254,0.33333688458431254,11
TD,10,1.2298757224740853,0.36944,-0.33333688458431254,0.33333688458431254,11
TD,10.25,1.2206704702289963,0.36944,-0.33333688458431254,0.33333688458431254,11
TD,10.5,1.2117552036312071,0.36944,-0.33333688458431254,0.33333688458431254,11
TD,10.75,1.2030508026226951,0.36944,-0.33333688458431254,0.33333688458431254,11
TD,11,1.1944593608460221,0.36944,-0.33333688458431254,0.33333688458431254,11
TD,11.25,1.1859163962237542,0.36944,-0.33333688458431254,0.33333688458431254,11
TD,11.5,1.1774749921835188,0.36944,-0.33333688458431254,0.33333688458431254,11
TD,11.75,1.1692209983174466,0.36944,-0.33333688458431254,0.33333688458431254,11
TD,12,1.1612353321169713,0.36944,-0.33333688458431254,0.33333688458431254,11
TD,6,1.9013135681505897,0.5,0,-0,10
TD,6.25,1.8278711988979242,0.5,0,-0,10
TD,6.5,1.7604147891975952,0.5,0,-0,10
TD,6.75,1.6986418821349556,0.5,0,-0,10
TD,7,1.6422605197255886,0.5,0,-0,10
TD,7.25,1.5910074268858423,0.5,0,-0,10
TD,7.5,1.544799172430288,0.5,0,-0,10
TD,7.75,1.5037546270181907,0.5,0,-0,10
TD,8,1.4680428616792383,0.5,0,-0,10
TD,8.25,1.4375536538349274,0.5,0,-0,10
TD,8.5,1.4115993832052673,0.5,0,-0,10
TD,8.75,1.3894423158120193,0.5,0,-0,10
TD,9,1.3704610419848293,0.5,0,-0,10
TD,9.25,1.3540485833098068,0.5,0,-0,10
TD,9.5,1.339445548280036,0.5,0,-0,10
TD,9.75,1.3260329346909132,0.5,0,-0,10
TD,10,1.3133796405966476,0.5,0,-0,10
TD,10.25,1.3012252516547724,0.5,0,-0,10
TD,10.5,1.289436436437267,0.5,0,-0,10
TD,10.75,1.277906229653606,0.5,0,-0,10
TD,11,1.2665013477149683,0.5,0,-0,10
TD,11.25,1.2551336612939452,0.5,0,-0,10
TD,11.5,1.2438761256024382,0.5,0,-0,10
TD,11.75,1.2328471765618945,0.5,0,-0,10
TD,12,1.2221590973113634,0.5,0,-0,10
TD,6,2.18660847596818,0.63056,0.33333688458431254,-0.33333688458431254,9
TD,6.25,2.09112057700556,0.63056,0.33333688458431254,-0.33333688458431254,9
TD,6.5,2.0033231625265384,0.63056,0.33333688458431254,-0.33333688458431254,9
TD,6.75,1.922841490000952,0.63056,0.33333688458431254,-0.33333688458431254,9
TD,7,1.8493131464396708,0.63056,0.33333688458431254,-0.33333688458431254,9
TD,7.25,1.7824121756606957,0.63056,0.33333688458431254,-0.33333688458431254,9
TD,7.5,1.7220496276401553,0.63056,0.33333688458431254,-0.33333688458431254,9
TD,7.75,1.668404720960258,0.63056,0.33333688458431254,-0.33333688458431254,9
TD,8,1.6217243192964943,0.63056,0.33333688458431254,-0.33333688458431254,9
TD,8.25,1.5818851226622854,0.63056,0.33333688458431254,-0.33333688458431254,9
TD,8.5,1.5479946499693722,0.63056,0.33333688458431254,-0.33333688458431254,9
TD,8.75,1.519089661508668,0.63056,0.33333688458431254,-0.33333688458431254,9
TD,9,1.4943578335639705,0.63056,0.33333688458431254,-0.33333688458431254,9
TD,9.25,1.47300245783079,0.63056,0.33333688458431254,-0.33333688458431254,9
TD,9.5,1.4540193187987682,0.63056,0.33333688458431254,-0.33333688458431254,9
TD,9.75,1.4365875535220778,0.63056,0.33333688458431254,-0.33333688458431254,9
TD,10,1.4201344271074623,0.63056,0.33333688458431254,-0.33333688458431254,9
TD,10.25,1.4043136782678611,0.63056,0.33333688458431254,-0.33333688458431254,9
TD,10.5,1.3889482336280807,0.63056,0.33333688458431254,-0.33333688458431254,9
TD,10.75,1.373895665191521,0.63056,0.33333688458431254,-0.33333688458431254,9
TD,11,1.3589774118610554,0.63056,0.33333688458431254,-0.33333688458431254,9
TD,11.25,1.3440749523281519,0.63056,0.33333688458431254,-0.33333688458431254,9
TD,11.5,1.3292867031214837,0.63056,0.33333688458431254,-0.33333688458431254,9
TD,11.75,1.314773037998489,0.63056,0.33333688458431254,-0.33333688458431254,9
TD,12,1.300686778665093,0.63056,0.33333688458431254,-0.33333688458431254,9
TD,6,2.5416538164928397,0.74751,0.6666746102242979,-0.6666746102242979,8
TD,6.25,2.4190102330480623,0.74751,0.6666746102242979,-0.6666746102242979,8
TD,6.5,2.3061363513561313,0.74751,0.6666746102242979,-0.6666746102242979,8
TD,6.75,2.2025724132013353,0.74751,0.6666746102242979,-0.6666746102242979,8
TD,7,2.107873006807745,0.74751,0.6666746102242979,-0.6666746102242979,8
TD,7.25,2.021638628102502,0.74751,0.6666746102242979,-0.6666746102242979,8
TD,7.5,1.9437780539527867,0.74751,0.6666746102242979,-0.6666746102242979,8
TD,7.75,1.8745507208928716,0.74751,0.6666746102242979,-0.6666746102242979,8
TD,8,1.814305885272735,0.74751,0.6666746102242979,-0.6666746102242979,8
TD,8.25,1.7629090587838792,0.74751,0.6666746102242979,-0.6666746102242979,8
TD,8.5,1.7192158073590948,0.74751,0.6666746102242979,-0.6666746102242979,8
TD,8.75,1.68198413640763,0.74751,0.6666746102242979,-0.6666746102242979,8
TD,9,1.6501655054972881,0.74751,0.6666746102242979,-0.6666746102242979,8
TD,9.25,1.6227276576643432,0.74751,0.6666746102242979,-0.6666746102242979,8
TD,9.5,1.5983605871251148,0.74751,0.6666746102242979,-0.6666746102242979,8
TD,9.75,1.5759907232066488,0.74751,0.6666746102242979,-0.6666746102242979,8
TD,10,1.5548677366823567,0.74751,0.6666746102242979,-0.6666746102242979,8
TD,10.25,1.5345376129713761,0.74751,0.6666746102242979,-0.6666746102242979,8
TD,10.5,1.514768380430549,0.74751,0.6666746102242979,-0.6666746102242979,8
TD,10.75,1.4953729920465149,0.74751,0.6666746102242979,-0.6666746102242979,8
TD,11,1.476115669981584,0.74751,0.6666746102242979,-0.6666746102242979,8
TD,11.25,1.4568393368585517,0.74751,0.6666746102242979,-0.6666746102242979,8
TD,11.5,1.4376745906792532,0.74751,0.6666746102242979,-0.6666746102242979,8
TD,11.75,1.4188350340298,0.74751,0.6666746102242979,-0.6666746102242979,8
TD,12,1.4005251361538031,0.74751,0.6666746102242979,-0.6666746102242979,8
TD,6,2.9789399795330285,0.84134,0.9999803859660789,-0.9999803859660789,7
TD,6.25,2.8231635454207797,0.84134,0.9999803859660789,-0.9999803859660789,7
TD,6.5,2.6796709594945005,0.84134,0.9999803859660789,-0.9999803859660789,7
TD,6.75,2.547903207597222,0.84134,0.9999803859660789,-0.9999803859660789,7
TD,7,2.427317826495644,0.84134,0.9999803859660789,-0.9999803859660789,7
TD,7.25,2.317429662546589,0.84134,0.9999803859660789,-0.9999803859660789,7
TD,7.5,2.21814979385208,0.84134,0.9999803859660789,-0.9999803859660789,7
TD,7.75,2.129842155097343,0.84134,0.9999803859660789,-0.9999803859660789,7
TD,8,2.052988349294483,0.84134,0.9999803859660789,-0.9999803859660789,7
TD,8.25,1.9874458040825558,0.84134,0.9999803859660789,-0.9999803859660789,7
TD,8.5,1.9317631255017296,0.84134,0.9999803859660789,-0.9999803859660789,7
TD,8.75,1.8843571075516121,0.84134,0.9999803859660789,-0.9999803859660789,7
TD,9,1.8438898196887012,0.84134,0.9999803859660789,-0.9999803859660789,7
TD,9.25,1.8090395328980615,0.84134,0.9999803859660789,-0.9999803859660789,7
TD,9.5,1.7781183650226404,0.84134,0.9999803859660789,-0.9999803859660789,7
TD,9.75,1.7497398094622016,0.84134,0.9999803859660789,-0.9999803859660789,7
TD,10,1.7229332905323178,0.84134,0.9999803859660789,-0.9999803859660789,7
TD,10.25,1.6971110325408736,0.84134,0.9999803859660789,-0.9999803859660789,7
TD,10.5,1.671972914108959,0.84134,0.9999803859660789,-0.9999803859660789,7
TD,10.75,1.6472763699257917,0.84134,0.9999803859660789,-0.9999803859660789,7
TD,11,1.622714151960291,0.84134,0.9999803859660789,-0.9999803859660789,7
TD,11.25,1.5980808470170302,0.84134,0.9999803859660789,-0.9999803859660789,7
TD,11.5,1.5735472323965025,0.84134,0.9999803859660789,-0.9999803859660789,7
TD,11.75,1.5493936301940527,0.84134,0.9999803859660789,-0.9999803859660789,7
TD,12,1.5258894665878522,0.84134,0.9999803859660789,-0.9999803859660789,7
TD,6,3.512647525662989,0.90879,1.3333407702662026,-1.3333407702662026,6
TD,6.25,3.3167812362518503,0.90879,1.3333407702662026,-1.3333407702662026,6
TD,6.5,3.1362156611849215,0.90879,1.3333407702662026,-1.3333407702662026,6
TD,6.75,2.9702766383136305,0.90879,1.3333407702662026,-1.3333407702662026,6
TD,7,2.8183089483736494,0.90879,1.3333407702662026,-1.3333407702662026,6
TD,7.25,2.6797283445456967,0.90879,1.3333407702662026,-1.3333407702662026,6
TD,7.5,2.5544543538264217,0.90879,1.3333407702662026,-1.3333407702662026,6
TD,7.75,2.442984772657023,0.90879,1.3333407702662026,-1.3333407702662026,6
TD,8,2.3459696706706823,0.90879,1.3333407702662026,-1.3333407702662026,6
TD,8.25,2.2632629577510714,0.90879,1.3333407702662026,-1.3333407702662026,6
TD,8.5,2.193042336394785,0.90879,1.3333407702662026,-1.3333407702662026,6
TD,8.75,2.133310510694368,0.90879,1.3333407702662026,-1.3333407702662026,6
TD,9,2.082378074271368,0.90879,1.3333407702662026,-1.3333407702662026,6
TD,9.25,2.0385707112020395,0.90879,1.3333407702662026,-1.3333407702662026,6
TD,9.5,1.9997379320889024,0.90879,1.3333407702662026,-1.3333407702662026,6
TD,9.75,1.9641093875041657,0.90879,1.3333407702662026,-1.3333407702662026,6
TD,10,1.9304439809673988,0.90879,1.3333407702662026,-1.3333407702662026,6
TD,10.25,1.8979894921265366,0.90879,1.3333407702662026,-1.3333407702662026,6
TD,10.5,1.8663620084107344,0.90879,1.3333407702662026,-1.3333407702662026,6
TD,10.75,1.835250555952322,0.90879,1.3333407702662026,-1.3333407702662026,6
TD,11,1.8042595157939,0.90879,1.3333407702662026,-1.3333407702662026,6
TD,11.25,1.773123506928826,0.90879,1.3333407702662026,-1.3333407702662026,6
TD,11.5,1.7420629398055345,0.90879,1.3333407702662026,-1.3333407702662026,6
TD,11.75,1.7114408604988032,0.90879,1.3333407702662026,-1.3333407702662026,6
TD,12,1.6816074800162406,0.90879,1.3333407702662026,-1.3333407702662026,6
TD,6,4.158331940733887,0.95221,1.6666702079210545,-1.6666702079210545,5
TD,6.25,3.9143512840359027,0.95221,1.6666702079210545,-1.6666702079210545,5
TD,6.5,3.6892642844943526,0.95221,1.6666702079210545,-1.6666702079210545,5
TD,6.75,3.482264037088969,0.95221,1.6666702079210545,-1.6666702079210545,5
TD,7,3.292565155370287,0.95221,1.6666702079210545,-1.6666702079210545,5
TD,7.25,3.1194694863876054,0.95221,1.6666702079210545,-1.6666702079210545,5
TD,7.5,2.962912989094953,0.95221,1.6666702079210545,-1.6666702079210545,5
TD,7.75,2.8235623886775834,0.95221,1.6666702079210545,-1.6666702079210545,5
TD,8,2.702279248861821,0.95221,1.6666702079210545,-1.6666702079210545,5
TD,8.25,2.598920266055235,0.95221,1.6666702079210545,-1.6666702079210545,5
TD,8.5,2.5112185719321367,0.95221,1.6666702079210545,-1.6666702079210545,5
TD,8.75,2.4366785203999237,0.95221,1.6666702079210545,-1.6666702079210545,5
TD,9,2.3731874047579433,0.95221,1.6666702079210545,-1.6666702079210545,5
TD,9.25,2.3186451404365975,0.95221,1.6666702079210545,-1.6666702079210545,5
TD,9.5,2.270339997100713,0.95221,1.6666702079210545,-1.6666702079210545,5
TD,9.75,2.226035117372197,0.95221,1.6666702079210545,-1.6666702079210545,5
TD,10,2.184160207684938,0.95221,1.6666702079210545,-1.6666702079210545,5
TD,10.25,2.1437627607953145,0.95221,1.6666702079210545,-1.6666702079210545,5
TD,10.5,2.1043567928649045,0.95221,1.6666702079210545,-1.6666702079210545,5
TD,10.75,2.065547829123056,0.95221,1.6666702079210545,-1.6666702079210545,5
TD,11,2.0268320449338466,0.95221,1.6666702079210545,-1.6666702079210545,5
TD,11.25,1.987870400870273,0.95221,1.6666702079210545,-1.6666702079210545,5
TD,11.5,1.9489440015141883,0.95221,1.6666702079210545,-1.6666702079210545,5
TD,11.75,1.910517405850103,0.95221,1.6666702079210545,-1.6666702079210545,5
TD,12,1.873040233021265,0.95221,1.6666702079210545,-1.6666702079210545,5
TD,6,4.933456955283944,0.97725,2.0000024438996027,-2.0000024438996027,4
TD,6.25,4.632143429172057,0.97725,2.0000024438996027,-2.0000024438996027,4
TD,6.5,4.35397434692546,0.97725,2.0000024438996027,-2.0000024438996027,4
TD,6.75,4.097990615342906,0.97725,2.0000024438996027,-2.0000024438996027,4
TD,7,3.8632574135909237,0.97725,2.0000024438996027,-2.0000024438996027,4
TD,7.25,3.648946391254608,0.97725,2.0000024438996027,-2.0000024438996027,4
TD,7.5,3.455020046829878,0.97725,2.0000024438996027,-2.0000024438996027,4
TD,7.75,3.282355579944525,0.97725,2.0000024438996027,-2.0000024438996027,4
TD,8,3.132076917713825,0.97725,2.0000024438996027,-2.0000024438996027,4
TD,8.25,3.0040518805949903,0.97725,2.0000024438996027,-2.0000024438996027,4
TD,8.5,2.895484494555049,0.97725,2.0000024438996027,-2.0000024438996027,4
TD,8.75,2.803283756289553,0.97725,2.0000024438996027,-2.0000024438996027,4
TD,9,2.7248309242947304,0.97725,2.0000024438996027,-2.0000024438996027,4
TD,9.25,2.657515671691571,0.97725,2.0000024438996027,-2.0000024438996027,4
TD,9.5,2.597950764894205,0.97725,2.0000024438996027,-2.0000024438996027,4
TD,9.75,2.543336944625083,0.97725,2.0000024438996027,-2.0000024438996027,4
TD,10,2.4917065849883375,0.97725,2.0000024438996027,-2.0000024438996027,4
TD,10.25,2.441865238601813,0.97725,2.0000024438996027,-2.0000024438996027,4
TD,10.5,2.3932035964076452,0.97725,2.0000024438996027,-2.0000024438996027,4
TD,10.75,2.3452261057342003,0.97725,2.0000024438996027,-2.0000024438996027,4
TD,11,2.2972975872975137,0.97725,2.0000024438996027,-2.0000024438996027,4
TD,11.25,2.2489893231282663,0.97725,2.0000024438996027,-2.0000024438996027,4
TD,11.5,2.200655982439212,0.97725,2.0000024438996027,-2.0000024438996027,4
TD,11.75,2.152885568421107,0.97725,2.0000024438996027,-2.0000024438996027,4
TD,12,2.1062488902751495,0.97725,2.0000024438996027,-2.0000024438996027,4
TD,6,5.856727254071335,0.99018,2.3331552225672416,-2.3331552225672416,3
TD,6.25,5.487592429737857,0.99018,2.3331552225672416,-2.3331552225672416,3
TD,6.5,5.14659703530545,0.99018,2.3331552225672416,-2.3331552225672416,3
TD,6.75,4.832608494689653,0.99018,2.3331552225672416,-2.3331552225672416,3
TD,7,4.54452142564893,0.99018,2.3331552225672416,-2.3331552225672416,3
TD,7.25,4.281359530244135,0.99018,2.3331552225672416,-2.3331552225672416,3
TD,7.5,4.04312436260766,0.99018,2.3331552225672416,-2.3331552225672416,3
TD,7.75,3.8309522359346726,0.99018,2.3331552225672416,-2.3331552225672416,3
TD,8,3.646288883593809,0.99018,2.3331552225672416,-2.3331552225672416,3
TD,8.25,3.4890239283297397,0.99018,2.3331552225672416,-2.3331552225672416,3
TD,8.5,3.3557362123559615,0.99018,2.3331552225672416,-2.3331552225672416,3
TD,8.75,3.2426287771839823,0.99018,2.3331552225672416,-2.3331552225672416,3
TD,9,3.146482472573192,0.99018,2.3331552225672416,-2.3331552225672416,3
TD,9.25,3.0640801805331344,0.99018,2.3331552225672416,-2.3331552225672416,3
TD,9.5,2.991228123836701,0.99018,2.3331552225672416,-2.3331552225672416,3
TD,9.75,2.9244545249085325,0.99018,2.3331552225672416,-2.3331552225672416,3
TD,10,2.8613161097458373,0.99018,2.3331552225672416,-2.3331552225672416,3
TD,10.25,2.800328577681508,0.99018,2.3331552225672416,-2.3331552225672416,3
TD,10.5,2.7407348347502776,0.99018,2.3331552225672416,-2.3331552225672416,3
TD,10.75,2.6819179902134227,0.99018,2.3331552225672416,-2.3331552225672416,3
TD,11,2.6230847749041146,0.99018,2.3331552225672416,-2.3331552225672416,3
TD,11.25,2.5636982445767504,0.99018,2.3331552225672416,-2.3331552225672416,3
TD,11.5,2.5042014537118242,0.99018,2.3331552225672416,-2.3331552225672416,3
TD,11.75,2.4453311793639703,0.99018,2.3331552225672416,-2.3331552225672416,3
TD,12,2.3878046255164076,0.99018,2.3331552225672416,-2.3331552225672416,3
TD,6,6.951083205062615,0.99617,2.6667000630340683,-2.6667000630340683,2
TD,6.25,6.502074663301726,0.99617,2.6667000630340683,-2.6667000630340683,2
TD,6.5,6.087051623582075,0.99617,2.6667000630340683,-2.6667000630340683,2
TD,6.75,5.7046843496057456,0.99617,2.6667000630340683,-2.6667000630340683,2
TD,7,5.353673381251847,0.99617,2.6667000630340683,-2.6667000630340683,2
TD,7.25,5.032874830599698,0.99617,2.6667000630340683,-2.6667000630340683,2
TD,7.5,4.7423446708681265,0.99617,2.6667000630340683,-2.6667000630340683,2
TD,7.75,4.483535549027993,0.99617,2.6667000630340683,-2.6667000630340683,2
TD,8,4.258284833213915,0.99617,2.6667000630340683,-2.6667000630340683,2
TD,8.25,4.06651737957742,0.99617,2.6667000630340683,-2.6667000630340683,2
TD,8.5,3.904076542103494,0.99617,2.6667000630340683,-2.6667000630340683,2
TD,8.75,3.766332096967991,0.99617,2.6667000630340683,-2.6667000630340683,2
TD,9,3.649355804355244,0.99617,2.6667000630340683,-2.6667000630340683,2
TD,9.25,3.5492123837921876,0.99617,2.6667000630340683,-2.6667000630340683,2
TD,9.5,3.4607499223619644,0.99617,2.6667000630340683,-2.6667000630340683,2
TD,9.75,3.379696599336368,0.99617,2.6667000630340683,-2.6667000630340683,2
TD,10,3.3030427217981515,0.99617,2.6667000630340683,-2.6667000630340683,2
TD,10.25,3.2289585663965994,0.99617,2.6667000630340683,-2.6667000630340683,2
TD,10.5,3.1565108735103022,0.99617,2.6667000630340683,-2.6667000630340683,2
TD,10.75,3.084937874523411,0.99617,2.6667000630340683,-2.6667000630340683,2
TD,11,3.0132570966959604,0.99617,2.6667000630340683,-2.6667000630340683,2
TD,11.25,2.9408017384952405,0.99617,2.6667000630340683,-2.6667000630340683,2
TD,11.5,2.8681204403827483,0.99617,2.6667000630340683,-2.6667000630340683,2
TD,11.75,2.7961282266866267,0.99617,2.6667000630340683,-2.6667000630340683,2
TD,12,2.7257180709733406,0.99617,2.6667000630340683,-2.6667000630340683,2
TD,6,8.237714951958896,0.99865,2.999976992703401,-2.999976992703401,1
TD,6.25,7.695361435479034,0.99865,2.999976992703401,-2.999976992703401,1
TD,6.5,7.193785695265645,0.99865,2.999976992703401,-2.999976992703401,1
TD,6.75,6.731435356017534,0.99865,2.999976992703401,-2.999976992703401,1
TD,7,6.306791540362432,0.99865,2.999976992703401,-2.999976992703401,1
TD,7.25,5.91852175205875,0.99865,2.999976992703401,-2.999976992703401,1
TD,7.5,5.566754770847328,0.99865,2.999976992703401,-2.999976992703401,1
TD,7.75,5.25332517688015,0.99865,2.999976992703401,-2.999976992703401,1
TD,8,4.980541902830945,0.99865,2.999976992703401,-2.999976992703401,1
TD,8.25,4.748381484160419,0.99865,2.999976992703401,-2.999976992703401,1
TD,8.5,4.5518286205689735,0.99865,2.999976992703401,-2.999976992703401,1
TD,8.75,4.385277253098442,0.99865,2.999976992703401,-2.999976992703401,1
TD,9,4.243968287571975,0.99865,2.999976992703401,-2.999976992703401,1
TD,9.25,4.123123272811797,0.99865,2.999976992703401,-2.999976992703401,1
TD,9.5,4.016461473790887,0.99865,2.999976992703401,-2.999976992703401,1
TD,9.75,3.9187672697469944,0.99865,2.999976992703401,-2.999976992703401,1
TD,10,3.8263621342115726,0.99865,2.999976992703401,-2.999976992703401,1
TD,10.25,3.7370081795409105,0.99865,2.999976992703401,-2.999976992703401,1
TD,10.5,3.6495639218858487,0.99865,2.999976992703401,-2.999976992703401,1
TD,10.75,3.5630960859131515,0.99865,2.999976992703401,-2.999976992703401,1
TD,11,3.4763977368450067,0.99865,2.999976992703401,-2.999976992703401,1
TD,11.25,3.3886476482227734,0.99865,2.999976992703401,-2.999976992703401,1
TD,11.5,3.3005194830293867,0.99865,2.999976992703401,-2.999976992703401,1
TD,11.75,3.213139908988437,0.99865,2.999976992703401,-2.999976992703401,1
TD,12,3.1276110102519232,0.99865,2.999976992703401,-2.999976992703401,1
TE_Barca_dd,6,0,0.00135,-2.999976992703393,2.999976992703393,19
TE_Barca_dd,6.25,0,0.00135,-2.999976992703393,2.999976992703393,19
TE_Barca_dd,6.5,0,0.00135,-2.999976992703393,2.999976992703393,19
TE_Barca_dd,6.75,0,0.00135,-2.999976992703393,2.999976992703393,19
TE_Barca_dd,7,0,0.00135,-2.999976992703393,2.999976992703393,19
TE_Barca_dd,7.25,0,0.00135,-2.999976992703393,2.999976992703393,19
TE_Barca_dd,7.5,0,0.00135,-2.999976992703393,2.999976992703393,19
TE_Barca_dd,7.75,0,0.00135,-2.999976992703393,2.999976992703393,19
TE_Barca_dd,8,0,0.00135,-2.999976992703393,2.999976992703393,19
TE_Barca_dd,8.25,0,0.00135,-2.999976992703393,2.999976992703393,19
TE_Barca_dd,8.5,0,0.00135,-2.999976992703393,2.999976992703393,19
TE_Barca_dd,8.75,0,0.00135,-2.999976992703393,2.999976992703393,19
TE_Barca_dd,9,0,0.00135,-2.999976992703393,2.999976992703393,19
TE_Barca_dd,9.25,0,0.00135,-2.999976992703393,2.999976992703393,19
TE_Barca_dd,9.5,0,0.00135,-2.999976992703393,2.999976992703393,19
TE_Barca_dd,9.75,0,0.00135,-2.999976992703393,2.999976992703393,19
TE_Barca_dd,10,0,0.00135,-2.999976992703393,2.999976992703393,19
TE_Barca_dd,10.25,0,0.00135,-2.999976992703393,2.999976992703393,19
TE_Barca_dd,10.5,0,0.00135,-2.999976992703393,2.999976992703393,19
TE_Barca_dd,10.75,0,0.00135,-2.999976992703393,2.999976992703393,19
TE_Barca_dd,11,0,0.00135,-2.999976992703393,2.999976992703393,19
TE_Barca_dd,11.25,0,0.00135,-2.999976992703393,2.999976992703393,19
TE_Barca_dd,11.5,0,0.00135,-2.999976992703393,2.999976992703393,19
TE_Barca_dd,11.75,0,0.00135,-2.999976992703393,2.999976992703393,19
TE_Barca_dd,12,0,0.00135,-2.999976992703393,2.999976992703393,19
TE_Barca_dd,6,0,0.00383,-2.6667000630340683,2.6667000630340683,18
TE_Barca_dd,6.25,0,0.00383,-2.6667000630340683,2.6667000630340683,18
TE_Barca_dd,6.5,0,0.00383,-2.6667000630340683,2.6667000630340683,18
TE_Barca_dd,6.75,0,0.00383,-2.6667000630340683,2.6667000630340683,18
TE_Barca_dd,7,0,0.00383,-2.6667000630340683,2.6667000630340683,18
TE_Barca_dd,7.25,0,0.00383,-2.6667000630340683,2.6667000630340683,18
TE_Barca_dd,7.5,0,0.00383,-2.6667000630340683,2.6667000630340683,18
TE_Barca_dd,7.75,0,0.00383,-2.6667000630340683,2.6667000630340683,18
TE_Barca_dd,8,0,0.00383,-2.6667000630340683,2.6667000630340683,18
TE_Barca_dd,8.25,0,0.00383,-2.6667000630340683,2.6667000630340683,18
TE_Barca_dd,8.5,0,0.00383,-2.6667000630340683,2.6667000630340683,18
TE_Barca_dd,8.75,0,0.00383,-2.6667000630340683,2.6667000630340683,18
TE_Barca_dd,9,0,0.00383,-2.6667000630340683,2.6667000630340683,18
TE_Barca_dd,9.25,0,0.00383,-2.6667000630340683,2.6667000630340683,18
TE_Barca_dd,9.5,0,0.00383,-2.6667000630340683,2.6667000630340683,18
TE_Barca_dd,9.75,0,0.00383,-2.6667000630340683,2.6667000630340683,18
TE_Barca_dd,10,0,0.00383,-2.6667000630340683,2.6667000630340683,18
TE_Barca_dd,10.25,0,0.00383,-2.6667000630340683,2.6667000630340683,18
TE_Barca_dd,10.5,0,0.00383,-2.6667000630340683,2.6667000630340683,18
TE_Barca_dd,10.75,0,0.00383,-2.6667000630340683,2.6667000630340683,18
TE_Barca_dd,11,0,0.00383,-2.6667000630340683,2.6667000630340683,18
TE_Barca_dd,11.25,0,0.00383,-2.6667000630340683,2.6667000630340683,18
TE_Barca_dd,11.5,0,0.00383,-2.6667000630340683,2.6667000630340683,18
TE_Barca_dd,11.75,0,0.00383,-2.6667000630340683,2.6667000630340683,18
TE_Barca_dd,12,0,0.00383,-2.6667000630340683,2.6667000630340683,18
TE_Barca_dd,6,0,0.00982,-2.3331552225672434,2.3331552225672434,17
TE_Barca_dd,6.25,0,0.00982,-2.3331552225672434,2.3331552225672434,17
TE_Barca_dd,6.5,0,0.00982,-2.3331552225672434,2.3331552225672434,17
TE_Barca_dd,6.75,0,0.00982,-2.3331552225672434,2.3331552225672434,17
TE_Barca_dd,7,0,0.00982,-2.3331552225672434,2.3331552225672434,17
TE_Barca_dd,7.25,0,0.00982,-2.3331552225672434,2.3331552225672434,17
TE_Barca_dd,7.5,0,0.00982,-2.3331552225672434,2.3331552225672434,17
TE_Barca_dd,7.75,0,0.00982,-2.3331552225672434,2.3331552225672434,17
TE_Barca_dd,8,0,0.00982,-2.3331552225672434,2.3331552225672434,17
TE_Barca_dd,8.25,0,0.00982,-2.3331552225672434,2.3331552225672434,17
TE_Barca_dd,8.5,0,0.00982,-2.3331552225672434,2.3331552225672434,17
TE_Barca_dd,8.75,0,0.00982,-2.3331552225672434,2.3331552225672434,17
TE_Barca_dd,9,0,0.00982,-2.3331552225672434,2.3331552225672434,17
TE_Barca_dd,9.25,0,0.00982,-2.3331552225672434,2.3331552225672434,17
TE_Barca_dd,9.5,0,0.00982,-2.3331552225672434,2.3331552225672434,17
TE_Barca_dd,9.75,0,0.00982,-2.3331552225672434,2.3331552225672434,17
TE_Barca_dd,10,0,0.00982,-2.3331552225672434,2.3331552225672434,17
TE_Barca_dd,10.25,0,0.00982,-2.3331552225672434,2.3331552225672434,17
TE_Barca_dd,10.5,0,0.00982,-2.3331552225672434,2.3331552225672434,17
TE_Barca_dd,10.75,0,0.00982,-2.3331552225672434,2.3331552225672434,17
TE_Barca_dd,11,0,0.00982,-2.3331552225672434,2.3331552225672434,17
TE_Barca_dd,11.25,0,0.00982,-2.3331552225672434,2.3331552225672434,17
TE_Barca_dd,11.5,0,0.00982,-2.3331552225672434,2.3331552225672434,17
TE_Barca_dd,11.75,0,0.00982,-2.3331552225672434,2.3331552225672434,17
TE_Barca_dd,12,0,0.00982,-2.3331552225672434,2.3331552225672434,17
TE_Barca_dd,6,0,0.02275,-2.000002443899604,2.000002443899604,16
TE_Barca_dd,6.25,0,0.02275,-2.000002443899604,2.000002443899604,16
TE_Barca_dd,6.5,0,0.02275,-2.000002443899604,2.000002443899604,16
TE_Barca_dd,6.75,0,0.02275,-2.000002443899604,2.000002443899604,16
TE_Barca_dd,7,0,0.02275,-2.000002443899604,2.000002443899604,16
TE_Barca_dd,7.25,0,0.02275,-2.000002443899604,2.000002443899604,16
TE_Barca_dd,7.5,0,0.02275,-2.000002443899604,2.000002443899604,16
TE_Barca_dd,7.75,0,0.02275,-2.000002443899604,2.000002443899604,16
TE_Barca_dd,8,0,0.02275,-2.000002443899604,2.000002443899604,16
TE_Barca_dd,8.25,0,0.02275,-2.000002443899604,2.000002443899604,16
TE_Barca_dd,8.5,0,0.02275,-2.000002443899604,2.000002443899604,16
TE_Barca_dd,8.75,0,0.02275,-2.000002443899604,2.000002443899604,16
TE_Barca_dd,9,0,0.02275,-2.000002443899604,2.000002443899604,16
TE_Barca_dd,9.25,0,0.02275,-2.000002443899604,2.000002443899604,16
TE_Barca_dd,9.5,0,0.02275,-2.000002443899604,2.000002443899604,16
TE_Barca_dd,9.75,0,0.02275,-2.000002443899604,2.000002443899604,16
TE_Barca_dd,10,0,0.02275,-2.000002443899604,2.000002443899604,16
TE_Barca_dd,10.25,0,0.02275,-2.000002443899604,2.000002443899604,16
TE_Barca_dd,10.5,0,0.02275,-2.000002443899604,2.000002443899604,16
TE_Barca_dd,10.75,0,0.02275,-2.000002443899604,2.000002443899604,16
TE_Barca_dd,11,0,0.02275,-2.000002443899604,2.000002443899604,16
TE_Barca_dd,11.25,0,0.02275,-2.000002443899604,2.000002443899604,16
TE_Barca_dd,11.5,0,0.02275,-2.000002443899604,2.000002443899604,16
TE_Barca_dd,11.75,0,0.02275,-2.000002443899604,2.000002443899604,16
TE_Barca_dd,12,0,0.02275,-2.000002443899604,2.000002443899604,16
TE_Barca_dd,6,0,0.04779,-1.6666702079210545,1.6666702079210545,15
TE_Barca_dd,6.25,0,0.04779,-1.6666702079210545,1.6666702079210545,15
TE_Barca_dd,6.5,0,0.04779,-1.6666702079210545,1.6666702079210545,15
TE_Barca_dd,6.75,0,0.04779,-1.6666702079210545,1.6666702079210545,15
TE_Barca_dd,7,0,0.04779,-1.6666702079210545,1.6666702079210545,15
TE_Barca_dd,7.25,0,0.04779,-1.6666702079210545,1.6666702079210545,15
TE_Barca_dd,7.5,0,0.04779,-1.6666702079210545,1.6666702079210545,15
TE_Barca_dd,7.75,0,0.04779,-1.6666702079210545,1.6666702079210545,15
TE_Barca_dd,8,0,0.04779,-1.6666702079210545,1.6666702079210545,15
TE_Barca_dd,8.25,0,0.04779,-1.6666702079210545,1.6666702079210545,15
TE_Barca_dd,8.5,0,0.04779,-1.6666702079210545,1.6666702079210545,15
TE_Barca_dd,8.75,0,0.04779,-1.6666702079210545,1.6666702079210545,15
TE_Barca_dd,9,0,0.04779,-1.6666702079210545,1.6666702079210545,15
TE_Barca_dd,9.25,0,0.04779,-1.6666702079210545,1.6666702079210545,15
TE_Barca_dd,9.5,0,0.04779,-1.6666702079210545,1.6666702079210545,15
TE_Barca_dd,9.75,0,0.04779,-1.6666702079210545,1.6666702079210545,15
TE_Barca_dd,10,0,0.04779,-1.6666702079210545,1.6666702079210545,15
TE_Barca_dd,10.25,0,0.04779,-1.6666702079210545,1.6666702079210545,15
TE_Barca_dd,10.5,0,0.04779,-1.6666702079210545,1.6666702079210545,15
TE_Barca_dd,10.75,0,0.04779,-1.6666702079210545,1.6666702079210545,15
TE_Barca_dd,11,0,0.04779,-1.6666702079210545,1.6666702079210545,15
TE_Barca_dd,11.25,0,0.04779,-1.6666702079210545,1.6666702079210545,15
TE_Barca_dd,11.5,0,0.04779,-1.6666702079210545,1.6666702079210545,15
TE_Barca_dd,11.75,0,0.04779,-1.6666702079210545,1.6666702079210545,15
TE_Barca_dd,12,0,0.04779,-1.6666702079210545,1.6666702079210545,15
TE_Barca_dd,6,0,0.09121,-1.3333407702662026,1.3333407702662026,14
TE_Barca_dd,6.25,0,0.09121,-1.3333407702662026,1.3333407702662026,14
TE_Barca_dd,6.5,0,0.09121,-1.3333407702662026,1.3333407702662026,14
TE_Barca_dd,6.75,0,0.09121,-1.3333407702662026,1.3333407702662026,14
TE_Barca_dd,7,0,0.09121,-1.3333407702662026,1.3333407702662026,14
TE_Barca_dd,7.25,0,0.09121,-1.3333407702662026,1.3333407702662026,14
TE_Barca_dd,7.5,0,0.09121,-1.3333407702662026,1.3333407702662026,14
TE_Barca_dd,7.75,0,0.09121,-1.3333407702662026,1.3333407702662026,14
TE_Barca_dd,8,0,0.09121,-1.3333407702662026,1.3333407702662026,14
TE_Barca_dd,8.25,0,0.09121,-1.3333407702662026,1.3333407702662026,14
TE_Barca_dd,8.5,0,0.09121,-1.3333407702662026,1.3333407702662026,14
TE_Barca_dd,8.75,0,0.09121,-1.3333407702662026,1.3333407702662026,14
TE_Barca_dd,9,0,0.09121,-1.3333407702662026,1.3333407702662026,14
TE_Barca_dd,9.25,0,0.09121,-1.3333407702662026,1.3333407702662026,14
TE_Barca_dd,9.5,0,0.09121,-1.3333407702662026,1.3333407702662026,14
TE_Barca_dd,9.75,0,0.09121,-1.3333407702662026,1.3333407702662026,14
TE_Barca_dd,10,0,0.09121,-1.3333407702662026,1.3333407702662026,14
TE_Barca_dd,10.25,0,0.09121,-1.3333407702662026,1.3333407702662026,14
TE_Barca_dd,10.5,0,0.09121,-1.3333407702662026,1.3333407702662026,14
TE_Barca_dd,10.75,0,0.09121,-1.3333407702662026,1.3333407702662026,14
TE_Barca_dd,11,0,0.09121,-1.3333407702662026,1.3333407702662026,14
TE_Barca_dd,11.25,0,0.09121,-1.3333407702662026,1.3333407702662026,14
TE_Barca_dd,11.5,0,0.09121,-1.3333407702662026,1.3333407702662026,14
TE_Barca_dd,11.75,0,0.09121,-1.3333407702662026,1.3333407702662026,14
TE_Barca_dd,12,0,0.09121,-1.3333407702662026,1.3333407702662026,14
TE_Barca_dd,6,4.435487078620116,0.15866,-0.9999803859660789,0.9999803859660789,13
TE_Barca_dd,6.25,3.8511122374583824,0.15866,-0.9999803859660789,0.9999803859660789,13
TE_Barca_dd,6.5,3.3154565216215883,0.15866,-0.9999803859660789,0.9999803859660789,13
TE_Barca_dd,6.75,2.8294004251615896,0.15866,-0.9999803859660789,0.9999803859660789,13
TE_Barca_dd,7,2.3964364684191617,0.15866,-0.9999803859660789,0.9999803859660789,13
TE_Barca_dd,7.25,2.0202437610888633,0.15866,-0.9999803859660789,0.9999803859660789,13
TE_Barca_dd,7.5,1.7008876755819253,0.15866,-0.9999803859660789,0.9999803859660789,13
TE_Barca_dd,7.75,1.433409871821348,0.15866,-0.9999803859660789,0.9999803859660789,13
TE_Barca_dd,8,1.2154973024760465,0.15866,-0.9999803859660789,0.9999803859660789,13
TE_Barca_dd,8.25,1.0475335028828485,0.15866,-0.9999803859660789,0.9999803859660789,13
TE_Barca_dd,8.5,0.9287686999777945,0.15866,-0.9999803859660789,0.9999803859660789,13
TE_Barca_dd,8.75,0.8555952517298229,0.15866,-0.9999803859660789,0.9999803859660789,13
TE_Barca_dd,9,0.8101592645564641,0.15866,-0.9999803859660789,0.9999803859660789,13
TE_Barca_dd,9.25,0.770363706013356,0.15866,-0.9999803859660789,0.9999803859660789,13
TE_Barca_dd,9.5,0.7317279652404367,0.15866,-0.9999803859660789,0.9999803859660789,13
TE_Barca_dd,9.75,0.6939842092189974,0.15866,-0.9999803859660789,0.9999803859660789,13
TE_Barca_dd,10,0.6574396583511856,0.15866,-0.9999803859660789,0.9999803859660789,13
TE_Barca_dd,10.25,0.6223054494361081,0.15866,-0.9999803859660789,0.9999803859660789,13
TE_Barca_dd,10.5,0.5887029764494265,0.15866,-0.9999803859660789,0.9999803859660789,13
TE_Barca_dd,10.75,0.5566818862322211,0.15866,-0.9999803859660789,0.9999803859660789,13
TE_Barca_dd,11,0.5262475562506401,0.15866,-0.9999803859660789,0.9999803859660789,13
TE_Barca_dd,11.25,0.49738422567762947,0.15866,-0.9999803859660789,0.9999803859660789,13
TE_Barca_dd,11.5,0.4700544768590135,0.15866,-0.9999803859660789,0.9999803859660789,13
TE_Barca_dd,11.75,0.44420485904699986,0.15866,-0.9999803859660789,0.9999803859660789,13
TE_Barca_dd,12,0.4197609767673778,0.15866,-0.9999803859660789,0.9999803859660789,13
TE_Barca_dd,6,8.480852476155285,0.25249,-0.6666746102242979,0.6666746102242979,12
TE_Barca_dd,6.25,7.697773308676544,0.25249,-0.6666746102242979,0.6666746102242979,12
TE_Barca_dd,6.5,6.954226245037018,0.25249,-0.6666746102242979,0.6666746102242979,12
TE_Barca_dd,6.75,6.25238939250575,0.25249,-0.6666746102242979,0.6666746102242979,12
TE_Barca_dd,7,5.598538593455935,0.25249,-0.6666746102242979,0.6666746102242979,12
TE_Barca_dd,7.25,5.00081200613931,0.25249,-0.6666746102242979,0.6666746102242979,12
TE_Barca_dd,7.5,4.464182017499601,0.25249,-0.6666746102242979,0.6666746102242979,12
TE_Barca_dd,7.75,3.9872355913793154,0.25249,-0.6666746102242979,0.6666746102242979,12
TE_Barca_dd,8,3.5728159919296023,0.25249,-0.6666746102242979,0.6666746102242979,12
TE_Barca_dd,8.25,3.229068098328343,0.25249,-0.6666746102242979,0.6666746102242979,12
TE_Barca_dd,8.5,2.962861557358585,0.25249,-0.6666746102242979,0.6666746102242979,12
TE_Barca_dd,8.75,2.7746663843030266,0.25249,-0.6666746102242979,0.6666746102242979,12
TE_Barca_dd,9,2.6358219471944215,0.25249,-0.6666746102242979,0.6666746102242979,12
TE_Barca_dd,9.25,2.507266007414499,0.25249,-0.6666746102242979,0.6666746102242979,12
TE_Barca_dd,9.5,2.3815228943916322,0.25249,-0.6666746102242979,0.6666746102242979,12
TE_Barca_dd,9.75,2.2586799385984175,0.25249,-0.6666746102242979,0.6666746102242979,12
TE_Barca_dd,10,2.1397399841119795,0.25249,-0.6666746102242979,0.6666746102242979,12
TE_Barca_dd,10.25,2.025390210190829,0.25249,-0.6666746102242979,0.6666746102242979,12
TE_Barca_dd,10.5,1.9160257129492646,0.25249,-0.6666746102242979,0.6666746102242979,12
TE_Barca_dd,10.75,1.8118080747455283,0.25249,-0.6666746102242979,0.6666746102242979,12
TE_Barca_dd,11,1.712754796585915,0.25249,-0.6666746102242979,0.6666746102242979,12
TE_Barca_dd,11.25,1.6188145820763489,0.25249,-0.6666746102242979,0.6666746102242979,12
TE_Barca_dd,11.5,1.5298656490899236,0.25249,-0.6666746102242979,0.6666746102242979,12
TE_Barca_dd,11.75,1.4457340335915911,0.25249,-0.6666746102242979,0.6666746102242979,12
TE_Barca_dd,12,1.3661776039068034,0.25249,-0.6666746102242979,0.6666746102242979,12
TE_Barca_dd,6,12.45327680939431,0.36944,-0.33333688458431254,0.33333688458431254,11
TE_Barca_dd,6.25,11.572302742734875,0.36944,-0.33333688458431254,0.33333688458431254,11
TE_Barca_dd,6.5,10.722128375493744,0.36944,-0.33333688458431254,0.33333688458431254,11
TE_Barca_dd,6.75,9.904827126821658,0.36944,-0.33333688458431254,0.33333688458431254,11
TE_Barca_dd,7,9.1267427493374491,0.36944,-0.33333688458431254,0.33333688458431254,11
TE_Barca_dd,7.25,8.396755219272451,0.36944,-0.33333688458431254,0.33333688458431254,11
TE_Barca_dd,7.5,7.72139708170469,0.36944,-0.33333688458431254,0.33333688458431254,11
TE_Barca_dd,7.75,7.101055861880611,0.36944,-0.33333688458431254,0.33333688458431254,11
TE_Barca_dd,8,6.541001602250067,0.36944,-0.33333688458431254,0.33333688458431254,11
TE_Barca_dd,8.25,6.05331479412098,0.36944,-0.33333688458431254,0.33333688458431254,11
TE_Barca_dd,8.5,5.649609260677512,0.36944,-0.33333688458431254,0.33333688458431254,11
TE_Barca_dd,8.75,5.334005625151574,0.36944,-0.33333688458431254,0.33333688458431254,11
TE_Barca_dd,9,5.0752015315740735,0.36944,-0.33333688458431254,0.33333688458431254,11
TE_Barca_dd,9.25,4.828545038352406,0.36944,-0.33333688458431254,0.33333688458431254,11
TE_Barca_dd,9.5,4.586388993837146,0.36944,-0.33333688458431254,0.33333688458431254,11
TE_Barca_dd,9.75,4.349815327691118,0.36944,-0.33333688458431254,0.33333688458431254,11
TE_Barca_dd,10,4.120758147897421,0.36944,-0.33333688458431254,0.33333688458431254,11
TE_Barca_dd,10.25,3.90054084084569,0.36944,-0.33333688458431254,0.33333688458431254,11
TE_Barca_dd,10.5,3.6899242917408914,0.36944,-0.33333688458431254,0.33333688458431254,11
TE_Barca_dd,10.75,3.4892196784426317,0.36944,-0.33333688458431254,0.33333688458431254,11
TE_Barca_dd,11,3.2984607040131184,0.36944,-0.33333688458431254,0.33333688458431254,11
TE_Barca_dd,11.25,3.117548580425352,0.36944,-0.33333688458431254,0.33333688458431254,11
TE_Barca_dd,11.5,2.9462487764846803,0.36944,-0.33333688458431254,0.33333688458431254,11
TE_Barca_dd,11.75,2.784226268217902,0.36944,-0.33333688458431254,0.33333688458431254,11
TE_Barca_dd,12,2.6310147531483716,0.36944,-0.33333688458431254,0.33333688458431254,11
TE_Barca_dd,6,16.826811585452834,0.5,0,-0,10
TE_Barca_dd,6.25,15.901615672918433,0.5,0,-0,10
TE_Barca_dd,6.5,14.999980138478877,0.5,0,-0,10
TE_Barca_dd,6.75,14.123335548145773,0.5,0,-0,10
TE_Barca_dd,7,13.276605066410749,0.5,0,-0,10
TE_Barca_dd,7.25,12.467029217216604,0.5,0,-0,10
TE_Barca_dd,7.5,11.700269458261491,0.5,0,-0,10
TE_Barca_dd,7.75,10.976944238971006,0.5,0,-0,10
TE_Barca_dd,8,10.302004186613253,0.5,0,-0,10
TE_Barca_dd,8.25,9.687239449216746,0.5,0,-0,10
TE_Barca_dd,8.5,9.145043413976925,0.5,0,-0,10
TE_Barca_dd,8.75,8.681367259670582,0.5,0,-0,10
TE_Barca_dd,9,8.268991606221242,0.5,0,-0,10
TE_Barca_dd,9.25,7.868068822945744,0.5,0,-0,10
TE_Barca_dd,9.5,7.473480718452265,0.5,0,-0,10
TE_Barca_dd,9.75,7.087985990379465,0.5,0,-0,10
TE_Barca_dd,10,6.714739311981826,0.5,0,-0,10
TE_Barca_dd,10.25,6.3558971314430845,0.5,0,-0,10
TE_Barca_dd,10.5,6.012699305031897,0.5,0,-0,10
TE_Barca_dd,10.75,5.68565289327002,0.5,0,-0,10
TE_Barca_dd,11,5.374812814174725,0.5,0,-0,10
TE_Barca_dd,11.25,5.080018093186345,0.5,0,-0,10
TE_Barca_dd,11.5,4.8008865632256335,0.5,0,-0,10
TE_Barca_dd,11.75,4.536872305419869,0.5,0,-0,10
TE_Barca_dd,12,4.287215483975837,0.5,0,-0,10
TE_Barca_dd,6,21.75906991660255,0.63056,0.33333688458431254,-0.33333688458431254,9
TE_Barca_dd,6.25,20.83591326383749,0.63056,0.33333688458431254,-0.33333688458431254,9
TE_Barca_dd,6.5,19.93100520928835,0.63056,0.33333688458431254,-0.33333688458431254,9
TE_Barca_dd,6.75,19.044805359829226,0.63056,0.33333688458431254,-0.33333688458431254,9
TE_Barca_dd,7,18.179559710842856,0.63056,0.33333688458431254,-0.33333688458431254,9
TE_Barca_dd,7.25,17.338673020378728,0.63056,0.33333688458431254,-0.33333688458431254,9
TE_Barca_dd,7.5,16.524566348860034,0.63056,0.33333688458431254,-0.33333688458431254,9
TE_Barca_dd,7.75,15.736449180861497,0.63056,0.33333688458431254,-0.33333688458431254,9
TE_Barca_dd,8,14.975922409277866,0.63056,0.33333688458431254,-0.33333688458431254,9
TE_Barca_dd,8.25,14.249621822567093,0.63056,0.33333688458431254,-0.33333688458431254,9
TE_Barca_dd,8.5,13.565842565458569,0.63056,0.33333688458431254,-0.33333688458431254,9
TE_Barca_dd,8.75,12.929750555468445,0.63056,0.33333688458431254,-0.33333688458431254,9
TE_Barca_dd,9,12.32525512229204,0.63056,0.33333688458431254,-0.33333688458431254,9
TE_Barca_dd,9.25,11.728707598659106,0.63056,0.33333688458431254,-0.33333688458431254,9
TE_Barca_dd,9.5,11.140509447213079,0.63056,0.33333688458431254,-0.33333688458431254,9
TE_Barca_dd,9.75,10.56586318758335,0.63056,0.33333688458431254,-0.33333688458431254,9
TE_Barca_dd,10,10.009474755344941,0.63056,0.33333688458431254,-0.33333688458431254,9
TE_Barca_dd,10.25,9.474558709515104,0.63056,0.33333688458431254,-0.33333688458431254,9
TE_Barca_dd,10.5,8.962963269817012,0.63056,0.33333688458431254,-0.33333688458431254,9
TE_Barca_dd,10.75,8.475444296061585,0.63056,0.33333688458431254,-0.33333688458431254,9
TE_Barca_dd,11,8.01208365210059,0.63056,0.33333688458431254,-0.33333688458431254,9
TE_Barca_dd,11.25,7.5726413772775505,0.63056,0.33333688458431254,-0.33333688458431254,9
TE_Barca_dd,11.5,7.15654778517424,0.63056,0.33333688458431254,-0.33333688458431254,9
TE_Barca_dd,11.75,6.76298908947605,0.63056,0.33333688458431254,-0.33333688458431254,9
TE_Barca_dd,12,6.390832624151689,0.63056,0.33333688458431254,-0.33333688458431254,9
TE_Barca_dd,6,27.337539084309057,0.74751,0.6666746102242979,-0.6666746102242979,8
TE_Barca_dd,6.25,26.462175485373397,0.74751,0.6666746102242979,-0.6666746102242979,8
TE_Barca_dd,6.5,25.60202911472193,0.74751,0.6666746102242979,-0.6666746102242979,8
TE_Barca_dd,6.75,24.756345305464205,0.74751,0.6666746102242979,-0.6666746102242979,8
TE_Barca_dd,7,23.923481762319675,0.74751,0.6666746102242979,-0.6666746102242979,8
TE_Barca_dd,7.25,23.100781633001475,0.74751,0.6666746102242979,-0.6666746102242979,8
TE_Barca_dd,7.5,22.284955986415046,0.74751,0.6666746102242979,-0.6666746102242979,8
TE_Barca_dd,7.75,21.47204094804243,0.74751,0.6666746102242979,-0.6666746102242979,8
TE_Barca_dd,8,20.656944680672982,0.74751,0.6666746102242979,-0.6666746102242979,8
TE_Barca_dd,8.25,19.835677581611293,0.74751,0.6666746102242979,-0.6666746102242979,8
TE_Barca_dd,8.5,19.006794928466398,0.74751,0.6666746102242979,-0.6666746102242979,8
TE_Barca_dd,8.75,18.17147912531574,0.74751,0.6666746102242979,-0.6666746102242979,8
TE_Barca_dd,9,17.332376881972387,0.74751,0.6666746102242979,-0.6666746102242979,8
TE_Barca_dd,9.25,16.494609124683993,0.74751,0.6666746102242979,-0.6666746102242979,8
TE_Barca_dd,9.5,15.667403028463086,0.74751,0.6666746102242979,-0.6666746102242979,8
TE_Barca_dd,9.75,14.859251954048567,0.74751,0.6666746102242979,-0.6666746102242979,8
TE_Barca_dd,10,14.076777690390072,0.74751,0.6666746102242979,-0.6666746102242979,8
TE_Barca_dd,10.25,13.324501019378086,0.74751,0.6666746102242979,-0.6666746102242979,8
TE_Barca_dd,10.5,12.605021176698035,0.74751,0.6666746102242979,-0.6666746102242979,8
TE_Barca_dd,10.75,11.919401160964934,0.74751,0.6666746102242979,-0.6666746102242979,8
TE_Barca_dd,11,11.267756100043213,0.74751,0.6666746102242979,-0.6666746102242979,8
TE_Barca_dd,11.25,10.649748525997678,0.74751,0.6666746102242979,-0.6666746102242979,8
TE_Barca_dd,11.5,10.064577262364523,0.74751,0.6666746102242979,-0.6666746102242979,8
TE_Barca_dd,11.75,9.511097844305333,0.74751,0.6666746102242979,-0.6666746102242979,8
TE_Barca_dd,12,8.987717352290549,0.74751,0.6666746102242979,-0.6666746102242979,8
TE_Barca_dd,6,33.62104842317506,0.84134,0.9999803859660789,-0.9999803859660789,7
TE_Barca_dd,6.25,32.840528679755465,0.84134,0.9999803859660789,-0.9999803859660789,7
TE_Barca_dd,6.5,32.074753725045824,0.84134,0.9999803859660789,-0.9999803859660789,7
TE_Barca_dd,6.75,31.32154850874804,0.84134,0.9999803859660789,-0.9999803859660789,7
TE_Barca_dd,7,30.574157741363184,0.84134,0.9999803859660789,-0.9999803859660789,7
TE_Barca_dd,7.25,29.821551505471895,0.84134,0.9999803859660789,-0.9999803859660789,7
TE_Barca_dd,7.5,29.052129353689534,0.84134,0.9999803859660789,-0.9999803859660789,7
TE_Barca_dd,7.75,28.256866359017806,0.84134,0.9999803859660789,-0.9999803859660789,7
TE_Barca_dd,8,27.420362155684526,0.84134,0.9999803859660789,-0.9999803859660789,7
TE_Barca_dd,8.25,26.522032268428244,0.84134,0.9999803859660789,-0.9999803859660789,7
TE_Barca_dd,8.5,25.544459711063034,0.84134,0.9999803859660789,-0.9999803859660789,7
TE_Barca_dd,8.75,24.4812265431292,0.84134,0.9999803859660789,-0.9999803859660789,7
TE_Barca_dd,9,23.361862684607992,0.84134,0.9999803859660789,-0.9999803859660789,7
TE_Barca_dd,9.25,22.233853223717677,0.84134,0.9999803859660789,-0.9999803859660789,7
TE_Barca_dd,9.5,21.118827167908762,0.84134,0.9999803859660789,-0.9999803859660789,7
TE_Barca_dd,9.75,20.029482428993713,0.84134,0.9999803859660789,-0.9999803859660789,7
TE_Barca_dd,10,18.974748668456105,0.84134,0.9999803859660789,-0.9999803859660789,7
TE_Barca_dd,10.25,17.960719662245943,0.84134,0.9999803859660789,-0.9999803859660789,7
TE_Barca_dd,10.5,16.990899042630566,0.84134,0.9999803859660789,-0.9999803859660789,7
TE_Barca_dd,10.75,16.06671967393485,0.84134,0.9999803859660789,-0.9999803859660789,7
TE_Barca_dd,11,15.188336741366912,0.84134,0.9999803859660789,-0.9999803859660789,7
TE_Barca_dd,11.25,14.35529535565376,0.84134,0.9999803859660789,-0.9999803859660789,7
TE_Barca_dd,11.5,13.566515572782736,0.84134,0.9999803859660789,-0.9999803859660789,7
TE_Barca_dd,11.75,12.820454714633069,0.84134,0.9999803859660789,-0.9999803859660789,7
TE_Barca_dd,12,12.1149656102942,0.84134,0.9999803859660789,-0.9999803859660789,7
TE_Barca_dd,6,40.655962201577964,0.90879,1.3333407702662026,-1.3333407702662026,6
TE_Barca_dd,6.25,40.01909097127073,0.90879,1.3333407702662026,-1.3333407702662026,6
TE_Barca_dd,6.5,39.39925689686337,0.90879,1.3333407702662026,-1.3333407702662026,6
TE_Barca_dd,6.75,38.792670916125125,0.90879,1.3333407702662026,-1.3333407702662026,6
TE_Barca_dd,7,38.1862023708591,0.90879,1.3333407702662026,-1.3333407702662026,6
TE_Barca_dd,7.25,37.558036839143035,0.90879,1.3333407702662026,-1.3333407702662026,6
TE_Barca_dd,7.5,36.88553084107259,0.90879,1.3333407702662026,-1.3333407702662026,6
TE_Barca_dd,7.75,36.1526026097891,0.90879,1.3333407702662026,-1.3333407702662026,6
TE_Barca_dd,8,35.32970442759104,0.90879,1.3333407702662026,-1.3333407702662026,6
TE_Barca_dd,8.25,34.37329722796272,0.90879,1.3333407702662026,-1.3333407702662026,6
TE_Barca_dd,8.5,33.243318404746695,0.90879,1.3333407702662026,-1.3333407702662026,6
TE_Barca_dd,8.75,31.921840496065748,0.90879,1.3333407702662026,-1.3333407702662026,6
TE_Barca_dd,9,30.473884758628536,0.90879,1.3333407702662026,-1.3333407702662026,6
TE_Barca_dd,9.25,29.003728136279918,0.90879,1.3333407702662026,-1.3333407702662026,6
TE_Barca_dd,9.5,27.549197170157182,0.90879,1.3333407702662026,-1.3333407702662026,6
TE_Barca_dd,9.75,26.128163083576815,0.90879,1.3333407702662026,-1.3333407702662026,6
TE_Barca_dd,10,24.752278506796443,0.90879,1.3333407702662026,-1.3333407702662026,6
TE_Barca_dd,10.25,23.429492682426197,0.90879,1.3333407702662026,-1.3333407702662026,6
TE_Barca_dd,10.5,22.164376047493494,0.90879,1.3333407702662026,-1.3333407702662026,6
TE_Barca_dd,10.75,20.958797750869152,0.90879,1.3333407702662026,-1.3333407702662026,6
TE_Barca_dd,11,19.81296022827158,0.90879,1.3333407702662026,-1.3333407702662026,6
TE_Barca_dd,11.25,18.726270082944172,0.90879,1.3333407702662026,-1.3333407702662026,6
TE_Barca_dd,11.5,17.69731854319874,0.90879,1.3333407702662026,-1.3333407702662026,6
TE_Barca_dd,11.75,16.72409320796469,0.90879,1.3333407702662026,-1.3333407702662026,6
TE_Barca_dd,12,15.803793124613058,0.90879,1.3333407702662026,-1.3333407702662026,6
TE_Barca_dd,6,48.475935100569295,0.95221,1.6666702079210545,-1.6666702079210545,5
TE_Barca_dd,6.25,48.033161029922766,0.95221,1.6666702079210545,-1.6666702079210545,5
TE_Barca_dd,6.5,47.61262297841358,0.95221,1.6666702079210545,-1.6666702079210545,5
TE_Barca_dd,6.75,47.20872408719878,0.95221,1.6666702079210545,-1.6666702079210545,5
TE_Barca_dd,7,46.80065422602722,0.95221,1.6666702079210545,-1.6666702079210545,5
TE_Barca_dd,7.25,46.35331341588269,0.95221,1.6666702079210545,-1.6666702079210545,5
TE_Barca_dd,7.5,45.83017586609054,0.95221,1.6666702079210545,-1.6666702079210545,5
TE_Barca_dd,7.75,45.206023278848775,0.95221,1.6666702079210545,-1.6666702079210545,5
TE_Barca_dd,8,44.43315672913,0.95221,1.6666702079210545,-1.6666702079210545,5
TE_Barca_dd,8.25,43.438443326858156,0.95221,1.6666702079210545,-1.6666702079210545,5
TE_Barca_dd,8.5,42.15219757317267,0.95221,1.6666702079210545,-1.6666702079210545,5
TE_Barca_dd,8.75,40.54088344313006,0.95221,1.6666702079210545,-1.6666702079210545,5
TE_Barca_dd,9,38.71397534654731,0.95221,1.6666702079210545,-1.6666702079210545,5
TE_Barca_dd,9.25,36.847583199228666,0.95221,1.6666702079210545,-1.6666702079210545,5
TE_Barca_dd,9.5,34.99968845348456,0.95221,1.6666702079210545,-1.6666702079210545,5
TE_Barca_dd,9.75,33.194345438362,0.95221,1.6666702079210545,-1.6666702079210545,5
TE_Barca_dd,10,31.446362309370475,0.95221,1.6666702079210545,-1.6666702079210545,5
TE_Barca_dd,10.25,29.765838129454504,0.95221,1.6666702079210545,-1.6666702079210545,5
TE_Barca_dd,10.5,28.158579379626456,0.95221,1.6666702079210545,-1.6666702079210545,5
TE_Barca_dd,10.75,26.626960705779787,0.95221,1.6666702079210545,-1.6666702079210545,5
TE_Barca_dd,11,25.17123928986126,0.95221,1.6666702079210545,-1.6666702079210545,5
TE_Barca_dd,11.25,23.790661254580858,0.95221,1.6666702079210545,-1.6666702079210545,5
TE_Barca_dd,11.5,22.48343683487022,0.95221,1.6666702079210545,-1.6666702079210545,5
TE_Barca_dd,11.75,21.247009389275,0.95221,1.6666702079210545,-1.6666702079210545,5
TE_Barca_dd,12,20.077820466767342,0.95221,1.6666702079210545,-1.6666702079210545,5
TE_Barca_dd,6,57.11059205434556,0.97725,2.0000024438996027,-2.0000024438996027,4
TE_Barca_dd,6.25,56.91385112333137,0.97725,2.0000024438996027,-2.0000024438996027,4
TE_Barca_dd,6.5,56.747542347008256,0.97725,2.0000024438996027,-2.0000024438996027,4
TE_Barca_dd,6.75,56.60405928863731,0.97725,2.0000024438996027,-2.0000024438996027,4
TE_Barca_dd,7,56.453564391178396,0.97725,2.0000024438996027,-2.0000024438996027,4
TE_Barca_dd,7.25,56.245089260079006,0.97725,2.0000024438996027,-2.0000024438996027,4
TE_Barca_dd,7.5,55.92529494870429,0.97725,2.0000024438996027,-2.0000024438996027,4
TE_Barca_dd,7.75,55.45768066944083,0.97725,2.0000024438996027,-2.0000024438996027,4
TE_Barca_dd,8,54.77226646951661,0.97725,2.0000024438996027,-2.0000024438996027,4
TE_Barca_dd,8.25,53.75947970466527,0.97725,2.0000024438996027,-2.0000024438996027,4
TE_Barca_dd,8.5,52.312820007482024,0.97725,2.0000024438996027,-2.0000024438996027,4
TE_Barca_dd,8.75,50.378920153625444,0.97725,2.0000024438996027,-2.0000024438996027,4
TE_Barca_dd,9,48.12095291982208,0.97725,2.0000024438996027,-2.0000024438996027,4
TE_Barca_dd,9.25,45.80237425357072,0.97725,2.0000024438996027,-2.0000024438996027,4
TE_Barca_dd,9.5,43.5054035618071,0.97725,2.0000024438996027,-2.0000024438996027,4
TE_Barca_dd,9.75,41.261321388700225,0.97725,2.0000024438996027,-2.0000024438996027,4
TE_Barca_dd,10,39.08853885142541,0.97725,2.0000024438996027,-2.0000024438996027,4
TE_Barca_dd,10.25,36.9996093156928,0.97725,2.0000024438996027,-2.0000024438996027,4
TE_Barca_dd,10.5,35.00175036927367,0.97725,2.0000024438996027,-2.0000024438996027,4
TE_Barca_dd,10.75,33.09791374917552,0.97725,2.0000024438996027,-2.0000024438996027,4
TE_Barca_dd,11,31.28841913722148,0.97725,2.0000024438996027,-2.0000024438996027,4
TE_Barca_dd,11.25,29.57232944644251,0.97725,2.0000024438996027,-2.0000024438996027,4
TE_Barca_dd,11.5,27.94741995765562,0.97725,2.0000024438996027,-2.0000024438996027,4
TE_Barca_dd,11.75,26.410512707431778,0.97725,2.0000024438996027,-2.0000024438996027,4
TE_Barca_dd,12,24.957184460755382,0.97725,2.0000024438996027,-2.0000024438996027,4
TE_Barca_dd,6,66.57868466012988,0.99018,2.3331552225672416,-2.3331552225672416,3
TE_Barca_dd,6.25,66.68097338580505,0.99018,2.3331552225672416,-2.3331552225672416,3
TE_Barca_dd,6.5,66.82493232920628,0.99018,2.3331552225672416,-2.3331552225672416,3
TE_Barca_dd,6.75,67.00073361243962,0.99018,2.3331552225672416,-2.3331552225672416,3
TE_Barca_dd,7,67.1681304217415,0.99018,2.3331552225672416,-2.3331552225672416,3
TE_Barca_dd,7.25,67.25764588388947,0.99018,2.3331552225672416,-2.3331552225672416,3
TE_Barca_dd,7.5,67.19613670562902,0.99018,2.3331552225672416,-2.3331552225672416,3
TE_Barca_dd,7.75,66.93363289133596,0.99018,2.3331552225672416,-2.3331552225672416,3
TE_Barca_dd,8,66.37366905674143,0.99018,2.3331552225672416,-2.3331552225672416,3
TE_Barca_dd,8.25,65.36326856586007,0.99018,2.3331552225672416,-2.3331552225672416,3
TE_Barca_dd,8.5,63.75180762456413,0.99018,2.3331552225672416,-2.3331552225672416,3
TE_Barca_dd,8.75,61.46180498053634,0.99018,2.3331552225672416,-2.3331552225672416,3
TE_Barca_dd,9,58.71955327750424,0.99018,2.3331552225672416,-2.3331552225672416,3
TE_Barca_dd,9.25,55.891649598707005,0.99018,2.3331552225672416,-2.3331552225672416,3
TE_Barca_dd,9.5,53.08870986991533,0.99018,2.3331552225672416,-2.3331552225672416,3
TE_Barca_dd,9.75,50.350304562378554,0.99018,2.3331552225672416,-2.3331552225672416,3
TE_Barca_dd,10,47.698904670935555,0.99018,2.3331552225672416,-2.3331552225672416,3
TE_Barca_dd,10.25,45.14982880054553,0.99018,2.3331552225672416,-2.3331552225672416,3
TE_Barca_dd,10.5,42.711884419283834,0.99018,2.3331552225672416,-2.3331552225672416,3
TE_Barca_dd,10.75,40.388673466930925,0.99018,2.3331552225672416,-2.3331552225672416,3
TE_Barca_dd,11,38.18058604318825,0.99018,2.3331552225672416,-2.3331552225672416,3
TE_Barca_dd,11.25,36.08647864047731,0.99018,2.3331552225672416,-2.3331552225672416,3
TE_Barca_dd,11.5,34.10363648097168,0.99018,2.3331552225672416,-2.3331552225672416,3
TE_Barca_dd,11.75,32.22818156379349,0.99018,2.3331552225672416,-2.3331552225672416,3
TE_Barca_dd,12,30.45471631023872,0.99018,2.3331552225672416,-2.3331552225672416,3
TE_Barca_dd,6,76.91770287474924,0.99617,2.6667000630340683,-2.6667000630340683,2
TE_Barca_dd,6.25,77.37359438093068,0.99617,2.6667000630340683,-2.6667000630340683,2
TE_Barca_dd,6.5,77.8854815171925,0.99617,2.6667000630340683,-2.6667000630340683,2
TE_Barca_dd,6.75,78.44108653165785,0.99617,2.6667000630340683,-2.6667000630340683,2
TE_Barca_dd,7,78.98831710985642,0.99617,2.6667000630340683,-2.6667000630340683,2
TE_Barca_dd,7.25,79.43645772308282,0.99617,2.6667000630340683,-2.6667000630340683,2
TE_Barca_dd,7.5,79.689476737726,0.99617,2.6667000630340683,-2.6667000630340683,2
TE_Barca_dd,7.75,79.68168790324277,0.99617,2.6667000630340683,-2.6667000630340683,2
TE_Barca_dd,8,79.2858225904058,0.99617,2.6667000630340683,-2.6667000630340683,2
TE_Barca_dd,8.25,78.2983554589923,0.99617,2.6667000630340683,-2.6667000630340683,2
TE_Barca_dd,8.5,76.51705477510217,0.99617,2.6667000630340683,-2.6667000630340683,2
TE_Barca_dd,8.75,73.83595451640883,0.99617,2.6667000630340683,-2.6667000630340683,2
TE_Barca_dd,9,70.55416693003788,0.99617,2.6667000630340683,-2.6667000630340683,2
TE_Barca_dd,9.25,67.15766674751195,0.99617,2.6667000630340683,-2.6667000630340683,2
TE_Barca_dd,9.5,63.789745711117796,0.99617,2.6667000630340683,-2.6667000630340683,2
TE_Barca_dd,9.75,60.49936288964051,0.99617,2.6667000630340683,-2.6667000630340683,2
TE_Barca_dd,10,57.313523076535475,0.99617,2.6667000630340683,-2.6667000630340683,2
TE_Barca_dd,10.25,54.2506326343116,0.99617,2.6667000630340683,-2.6667000630340683,2
TE_Barca_dd,10.5,51.32127434388395,0.99617,2.6667000630340683,-2.6667000630340683,2
TE_Barca_dd,10.75,48.52977618274764,0.99617,2.6667000630340683,-2.6667000630340683,2
TE_Barca_dd,11,45.87660688141956,0.99617,2.6667000630340683,-2.6667000630340683,2
TE_Barca_dd,11.25,43.36039243621759,0.99617,2.6667000630340683,-2.6667000630340683,2
TE_Barca_dd,11.5,40.97787085360095,0.99617,2.6667000630340683,-2.6667000630340683,2
TE_Barca_dd,11.75,38.724382447760235,0.99617,2.6667000630340683,-2.6667000630340683,2
TE_Barca_dd,12,36.59344165570054,0.99617,2.6667000630340683,-2.6667000630340683,2
TE_Barca_dd,6,88.12513603977958,0.99865,2.999976992703401,-2.999976992703401,1
TE_Barca_dd,6.25,88.98934788188342,0.99865,2.999976992703401,-2.999976992703401,1
TE_Barca_dd,6.5,89.92694493264726,0.99865,2.999976992703401,-2.999976992703401,1
TE_Barca_dd,6.75,90.92296348236826,0.99865,2.999976992703401,-2.999976992703401,1
TE_Barca_dd,7,91.91202197818626,0.99865,2.999976992703401,-2.999976992703401,1
TE_Barca_dd,7.25,92.77943160610482,0.99865,2.999976992703401,-2.999976992703401,1
TE_Barca_dd,7.5,93.40318923502885,0.99865,2.999976992703401,-2.999976992703401,1
TE_Barca_dd,7.75,93.69965056257585,0.99865,2.999976992703401,-2.999976992703401,1
TE_Barca_dd,8,93.5064400263912,0.99865,2.999976992703401,-2.999976992703401,1
TE_Barca_dd,8.25,92.56236767874073,0.99865,2.999976992703401,-2.999976992703401,1
TE_Barca_dd,8.5,90.60614825176154,0.99865,2.999976992703401,-2.999976992703401,1
TE_Barca_dd,8.75,87.49899256885993,0.99865,2.999976992703401,-2.999976992703401,1
TE_Barca_dd,9,83.62251409633332,0.99865,2.999976992703401,-2.999976992703401,1
TE_Barca_dd,9.25,79.59825467076483,0.99865,2.999976992703401,-2.999976992703401,1
TE_Barca_dd,9.5,75.60644892911266,0.99865,2.999976992703401,-2.999976992703401,1
TE_Barca_dd,9.75,71.7065405836995,0.99865,2.999976992703401,-2.999976992703401,1
TE_Barca_dd,10,67.93054127134988,0.99865,2.999976992703401,-2.999976992703401,1
TE_Barca_dd,10.25,64.30026703539134,0.99865,2.999976992703401,-2.999976992703401,1
TE_Barca_dd,10.5,60.82826106000006,0.99865,2.999976992703401,-2.999976992703401,1
TE_Barca_dd,10.75,57.519653055416526,0.99865,2.999976992703401,-2.999976992703401,1
TE_Barca_dd,11,54.374998580758195,0.99865,2.999976992703401,-2.999976992703401,1
TE_Barca_dd,11.25,51.39266910516335,0.99865,2.999976992703401,-2.999976992703401,1
TE_Barca_dd,11.5,48.56879836775846,0.99865,2.999976992703401,-2.999976992703401,1
TE_Barca_dd,11.75,45.8978635009555,0.99865,2.999976992703401,-2.999976992703401,1
TE_Barca_dd,12,43.37217752652757,0.99865,2.999976992703401,-2.999976992703401,1
TE_Ladro_dd,6,0,0.00135,-2.999976992703393,2.999976992703393,19
TE_Ladro_dd,6.25,0,0.00135,-2.999976992703393,2.999976992703393,19
TE_Ladro_dd,6.5,0,0.00135,-2.999976992703393,2.999976992703393,19
TE_Ladro_dd,6.75,0,0.00135,-2.999976992703393,2.999976992703393,19
TE_Ladro_dd,7,0,0.00135,-2.999976992703393,2.999976992703393,19
TE_Ladro_dd,7.25,0,0.00135,-2.999976992703393,2.999976992703393,19
TE_Ladro_dd,7.5,0,0.00135,-2.999976992703393,2.999976992703393,19
TE_Ladro_dd,7.75,0,0.00135,-2.999976992703393,2.999976992703393,19
TE_Ladro_dd,8,0,0.00135,-2.999976992703393,2.999976992703393,19
TE_Ladro_dd,8.25,0,0.00135,-2.999976992703393,2.999976992703393,19
TE_Ladro_dd,8.5,0,0.00135,-2.999976992703393,2.999976992703393,19
TE_Ladro_dd,8.75,0,0.00135,-2.999976992703393,2.999976992703393,19
TE_Ladro_dd,9,0,0.00135,-2.999976992703393,2.999976992703393,19
TE_Ladro_dd,9.25,0,0.00135,-2.999976992703393,2.999976992703393,19
TE_Ladro_dd,9.5,0,0.00135,-2.999976992703393,2.999976992703393,19
TE_Ladro_dd,9.75,0,0.00135,-2.999976992703393,2.999976992703393,19
TE_Ladro_dd,10,0,0.00135,-2.999976992703393,2.999976992703393,19
TE_Ladro_dd,10.25,0,0.00135,-2.999976992703393,2.999976992703393,19
TE_Ladro_dd,10.5,0,0.00135,-2.999976992703393,2.999976992703393,19
TE_Ladro_dd,10.75,0,0.00135,-2.999976992703393,2.999976992703393,19
TE_Ladro_dd,11,0,0.00135,-2.999976992703393,2.999976992703393,19
TE_Ladro_dd,11.25,0,0.00135,-2.999976992703393,2.999976992703393,19
TE_Ladro_dd,11.5,0,0.00135,-2.999976992703393,2.999976992703393,19
TE_Ladro_dd,11.75,0,0.00135,-2.999976992703393,2.999976992703393,19
TE_Ladro_dd,12,0,0.00135,-2.999976992703393,2.999976992703393,19
TE_Ladro_dd,6,0,0.00383,-2.6667000630340683,2.6667000630340683,18
TE_Ladro_dd,6.25,0,0.00383,-2.6667000630340683,2.6667000630340683,18
TE_Ladro_dd,6.5,0,0.00383,-2.6667000630340683,2.6667000630340683,18
TE_Ladro_dd,6.75,0,0.00383,-2.6667000630340683,2.6667000630340683,18
TE_Ladro_dd,7,0,0.00383,-2.6667000630340683,2.6667000630340683,18
TE_Ladro_dd,7.25,0,0.00383,-2.6667000630340683,2.6667000630340683,18
TE_Ladro_dd,7.5,0,0.00383,-2.6667000630340683,2.6667000630340683,18
TE_Ladro_dd,7.75,0,0.00383,-2.6667000630340683,2.6667000630340683,18
TE_Ladro_dd,8,0,0.00383,-2.6667000630340683,2.6667000630340683,18
TE_Ladro_dd,8.25,0,0.00383,-2.6667000630340683,2.6667000630340683,18
TE_Ladro_dd,8.5,0,0.00383,-2.6667000630340683,2.6667000630340683,18
TE_Ladro_dd,8.75,0,0.00383,-2.6667000630340683,2.6667000630340683,18
TE_Ladro_dd,9,0,0.00383,-2.6667000630340683,2.6667000630340683,18
TE_Ladro_dd,9.25,0,0.00383,-2.6667000630340683,2.6667000630340683,18
TE_Ladro_dd,9.5,0,0.00383,-2.6667000630340683,2.6667000630340683,18
TE_Ladro_dd,9.75,0,0.00383,-2.6667000630340683,2.6667000630340683,18
TE_Ladro_dd,10,0,0.00383,-2.6667000630340683,2.6667000630340683,18
TE_Ladro_dd,10.25,0,0.00383,-2.6667000630340683,2.6667000630340683,18
TE_Ladro_dd,10.5,0,0.00383,-2.6667000630340683,2.6667000630340683,18
TE_Ladro_dd,10.75,0,0.00383,-2.6667000630340683,2.6667000630340683,18
TE_Ladro_dd,11,0,0.00383,-2.6667000630340683,2.6667000630340683,18
TE_Ladro_dd,11.25,0,0.00383,-2.6667000630340683,2.6667000630340683,18
TE_Ladro_dd,11.5,0,0.00383,-2.6667000630340683,2.6667000630340683,18
TE_Ladro_dd,11.75,0,0.00383,-2.6667000630340683,2.6667000630340683,18
TE_Ladro_dd,12,0,0.00383,-2.6667000630340683,2.6667000630340683,18
TE_Ladro_dd,6,0,0.00982,-2.3331552225672434,2.3331552225672434,17
TE_Ladro_dd,6.25,0,0.00982,-2.3331552225672434,2.3331552225672434,17
TE_Ladro_dd,6.5,0,0.00982,-2.3331552225672434,2.3331552225672434,17
TE_Ladro_dd,6.75,0,0.00982,-2.3331552225672434,2.3331552225672434,17
TE_Ladro_dd,7,0,0.00982,-2.3331552225672434,2.3331552225672434,17
TE_Ladro_dd,7.25,0,0.00982,-2.3331552225672434,2.3331552225672434,17
TE_Ladro_dd,7.5,0,0.00982,-2.3331552225672434,2.3331552225672434,17
TE_Ladro_dd,7.75,0,0.00982,-2.3331552225672434,2.3331552225672434,17
TE_Ladro_dd,8,0,0.00982,-2.3331552225672434,2.3331552225672434,17
TE_Ladro_dd,8.25,0,0.00982,-2.3331552225672434,2.3331552225672434,17
TE_Ladro_dd,8.5,0,0.00982,-2.3331552225672434,2.3331552225672434,17
TE_Ladro_dd,8.75,0,0.00982,-2.3331552225672434,2.3331552225672434,17
TE_Ladro_dd,9,0,0.00982,-2.3331552225672434,2.3331552225672434,17
TE_Ladro_dd,9.25,0,0.00982,-2.3331552225672434,2.3331552225672434,17
TE_Ladro_dd,9.5,0,0.00982,-2.3331552225672434,2.3331552225672434,17
TE_Ladro_dd,9.75,0,0.00982,-2.3331552225672434,2.3331552225672434,17
TE_Ladro_dd,10,0,0.00982,-2.3331552225672434,2.3331552225672434,17
TE_Ladro_dd,10.25,0,0.00982,-2.3331552225672434,2.3331552225672434,17
TE_Ladro_dd,10.5,0,0.00982,-2.3331552225672434,2.3331552225672434,17
TE_Ladro_dd,10.75,0,0.00982,-2.3331552225672434,2.3331552225672434,17
TE_Ladro_dd,11,0,0.00982,-2.3331552225672434,2.3331552225672434,17
TE_Ladro_dd,11.25,0,0.00982,-2.3331552225672434,2.3331552225672434,17
TE_Ladro_dd,11.5,0,0.00982,-2.3331552225672434,2.3331552225672434,17
TE_Ladro_dd,11.75,0,0.00982,-2.3331552225672434,2.3331552225672434,17
TE_Ladro_dd,12,0,0.00982,-2.3331552225672434,2.3331552225672434,17
TE_Ladro_dd,6,0,0.02275,-2.000002443899604,2.000002443899604,16
TE_Ladro_dd,6.25,0,0.02275,-2.000002443899604,2.000002443899604,16
TE_Ladro_dd,6.5,0,0.02275,-2.000002443899604,2.000002443899604,16
TE_Ladro_dd,6.75,0,0.02275,-2.000002443899604,2.000002443899604,16
TE_Ladro_dd,7,0,0.02275,-2.000002443899604,2.000002443899604,16
TE_Ladro_dd,7.25,0,0.02275,-2.000002443899604,2.000002443899604,16
TE_Ladro_dd,7.5,0,0.02275,-2.000002443899604,2.000002443899604,16
TE_Ladro_dd,7.75,0,0.02275,-2.000002443899604,2.000002443899604,16
TE_Ladro_dd,8,0,0.02275,-2.000002443899604,2.000002443899604,16
TE_Ladro_dd,8.25,0,0.02275,-2.000002443899604,2.000002443899604,16
TE_Ladro_dd,8.5,0,0.02275,-2.000002443899604,2.000002443899604,16
TE_Ladro_dd,8.75,0,0.02275,-2.000002443899604,2.000002443899604,16
TE_Ladro_dd,9,0,0.02275,-2.000002443899604,2.000002443899604,16
TE_Ladro_dd,9.25,0,0.02275,-2.000002443899604,2.000002443899604,16
TE_Ladro_dd,9.5,0,0.02275,-2.000002443899604,2.000002443899604,16
TE_Ladro_dd,9.75,0,0.02275,-2.000002443899604,2.000002443899604,16
TE_Ladro_dd,10,0,0.02275,-2.000002443899604,2.000002443899604,16
TE_Ladro_dd,10.25,0,0.02275,-2.000002443899604,2.000002443899604,16
TE_Ladro_dd,10.5,0,0.02275,-2.000002443899604,2.000002443899604,16
TE_Ladro_dd,10.75,0,0.02275,-2.000002443899604,2.000002443899604,16
TE_Ladro_dd,11,0,0.02275,-2.000002443899604,2.000002443899604,16
TE_Ladro_dd,11.25,0,0.02275,-2.000002443899604,2.000002443899604,16
TE_Ladro_dd,11.5,0,0.02275,-2.000002443899604,2.000002443899604,16
TE_Ladro_dd,11.75,0,0.02275,-2.000002443899604,2.000002443899604,16
TE_Ladro_dd,12,0,0.02275,-2.000002443899604,2.000002443899604,16
TE_Ladro_dd,6,0,0.04779,-1.6666702079210545,1.6666702079210545,15
TE_Ladro_dd,6.25,0,0.04779,-1.6666702079210545,1.6666702079210545,15
TE_Ladro_dd,6.5,0,0.04779,-1.6666702079210545,1.6666702079210545,15
TE_Ladro_dd,6.75,0,0.04779,-1.6666702079210545,1.6666702079210545,15
TE_Ladro_dd,7,0,0.04779,-1.6666702079210545,1.6666702079210545,15
TE_Ladro_dd,7.25,0,0.04779,-1.6666702079210545,1.6666702079210545,15
TE_Ladro_dd,7.5,0,0.04779,-1.6666702079210545,1.6666702079210545,15
TE_Ladro_dd,7.75,0,0.04779,-1.6666702079210545,1.6666702079210545,15
TE_Ladro_dd,8,0,0.04779,-1.6666702079210545,1.6666702079210545,15
TE_Ladro_dd,8.25,0,0.04779,-1.6666702079210545,1.6666702079210545,15
TE_Ladro_dd,8.5,0,0.04779,-1.6666702079210545,1.6666702079210545,15
TE_Ladro_dd,8.75,0,0.04779,-1.6666702079210545,1.6666702079210545,15
TE_Ladro_dd,9,0,0.04779,-1.6666702079210545,1.6666702079210545,15
TE_Ladro_dd,9.25,0,0.04779,-1.6666702079210545,1.6666702079210545,15
TE_Ladro_dd,9.5,0,0.04779,-1.6666702079210545,1.6666702079210545,15
TE_Ladro_dd,9.75,0,0.04779,-1.6666702079210545,1.6666702079210545,15
TE_Ladro_dd,10,0,0.04779,-1.6666702079210545,1.6666702079210545,15
TE_Ladro_dd,10.25,0,0.04779,-1.6666702079210545,1.6666702079210545,15
TE_Ladro_dd,10.5,0,0.04779,-1.6666702079210545,1.6666702079210545,15
TE_Ladro_dd,10.75,0,0.04779,-1.6666702079210545,1.6666702079210545,15
TE_Ladro_dd,11,0,0.04779,-1.6666702079210545,1.6666702079210545,15
TE_Ladro_dd,11.25,0,0.04779,-1.6666702079210545,1.6666702079210545,15
TE_Ladro_dd,11.5,0,0.04779,-1.6666702079210545,1.6666702079210545,15
TE_Ladro_dd,11.75,0,0.04779,-1.6666702079210545,1.6666702079210545,15
TE_Ladro_dd,12,0,0.04779,-1.6666702079210545,1.6666702079210545,15
TE_Ladro_dd,6,0,0.09121,-1.3333407702662026,1.3333407702662026,14
TE_Ladro_dd,6.25,0,0.09121,-1.3333407702662026,1.3333407702662026,14
TE_Ladro_dd,6.5,0,0.09121,-1.3333407702662026,1.3333407702662026,14
TE_Ladro_dd,6.75,0,0.09121,-1.3333407702662026,1.3333407702662026,14
TE_Ladro_dd,7,0,0.09121,-1.3333407702662026,1.3333407702662026,14
TE_Ladro_dd,7.25,0,0.09121,-1.3333407702662026,1.3333407702662026,14
TE_Ladro_dd,7.5,0,0.09121,-1.3333407702662026,1.3333407702662026,14
TE_Ladro_dd,7.75,0,0.09121,-1.3333407702662026,1.3333407702662026,14
TE_Ladro_dd,8,0,0.09121,-1.3333407702662026,1.3333407702662026,14
TE_Ladro_dd,8.25,0,0.09121,-1.3333407702662026,1.3333407702662026,14
TE_Ladro_dd,8.5,0,0.09121,-1.3333407702662026,1.3333407702662026,14
TE_Ladro_dd,8.75,0,0.09121,-1.3333407702662026,1.3333407702662026,14
TE_Ladro_dd,9,0,0.09121,-1.3333407702662026,1.3333407702662026,14
TE_Ladro_dd,9.25,0,0.09121,-1.3333407702662026,1.3333407702662026,14
TE_Ladro_dd,9.5,0,0.09121,-1.3333407702662026,1.3333407702662026,14
TE_Ladro_dd,9.75,0,0.09121,-1.3333407702662026,1.3333407702662026,14
TE_Ladro_dd,10,0,0.09121,-1.3333407702662026,1.3333407702662026,14
TE_Ladro_dd,10.25,0,0.09121,-1.3333407702662026,1.3333407702662026,14
TE_Ladro_dd,10.5,0,0.09121,-1.3333407702662026,1.3333407702662026,14
TE_Ladro_dd,10.75,0,0.09121,-1.3333407702662026,1.3333407702662026,14
TE_Ladro_dd,11,0,0.09121,-1.3333407702662026,1.3333407702662026,14
TE_Ladro_dd,11.25,0,0.09121,-1.3333407702662026,1.3333407702662026,14
TE_Ladro_dd,11.5,0,0.09121,-1.3333407702662026,1.3333407702662026,14
TE_Ladro_dd,11.75,0,0.09121,-1.3333407702662026,1.3333407702662026,14
TE_Ladro_dd,12,0,0.09121,-1.3333407702662026,1.3333407702662026,14
TE_Ladro_dd,6,1.8862693967185182,0.15866,-0.9999803859660789,0.9999803859660789,13
TE_Ladro_dd,6.25,1.82229658833395,0.15866,-0.9999803859660789,0.9999803859660789,13
TE_Ladro_dd,6.5,1.7604982509036653,0.15866,-0.9999803859660789,0.9999803859660789,13
TE_Ladro_dd,6.75,1.7008053502050444,0.15866,-0.9999803859660789,0.9999803859660789,13
TE_Ladro_dd,7,1.643151992412742,0.15866,-0.9999803859660789,0.9999803859660789,13
TE_Ladro_dd,7.25,1.5874741593132522,0.15866,-0.9999803859660789,0.9999803859660789,13
TE_Ladro_dd,7.5,1.5337098692003395,0.15866,-0.9999803859660789,0.9999803859660789,13
TE_Ladro_dd,7.75,1.4817976773379253,0.15866,-0.9999803859660789,0.9999803859660789,13
TE_Ladro_dd,8,1.4316783853352684,0.15866,-0.9999803859660789,0.9999803859660789,13
TE_Ladro_dd,8.25,1.383294990847943,0.15866,-0.9999803859660789,0.9999803859660789,13
TE_Ladro_dd,8.5,1.336592089978366,0.15866,-0.9999803859660789,0.9999803859660789,13
TE_Ladro_dd,8.75,1.2915136445697801,0.15866,-0.9999803859660789,0.9999803859660789,13
TE_Ladro_dd,9,1.2479980051408301,0.15866,-0.9999803859660789,0.9999803859660789,13
TE_Ladro_dd,9.25,1.2059793757637713,0.15866,-0.9999803859660789,0.9999803859660789,13
TE_Ladro_dd,9.5,1.1653948230607063,0.15866,-0.9999803859660789,0.9999803859660789,13
TE_Ladro_dd,9.75,1.1261866089844392,0.15866,-0.9999803859660789,0.9999803859660789,13
TE_Ladro_dd,10,1.0883021715822092,0.15866,-0.9999803859660789,0.9999803859660789,13
TE_Ladro_dd,10.25,1.0516936066574178,0.15866,-0.9999803859660789,0.9999803859660789,13
TE_Ladro_dd,10.5,1.0163168152256863,0.15866,-0.9999803859660789,0.9999803859660789,13
TE_Ladro_dd,10.75,0.982130520004615,0.15866,-0.9999803859660789,0.9999803859660789,13
TE_Ladro_dd,11,0.9490948970227246,0.15866,-0.9999803859660789,0.9999803859660789,13
TE_Ladro_dd,11.25,0.9171711438478263,0.15866,-0.9999803859660789,0.9999803859660789,13
TE_Ladro_dd,11.5,0.8863217822781743,0.15866,-0.9999803859660789,0.9999803859660789,13
TE_Ladro_dd,11.75,0.8565103658818858,0.15866,-0.9999803859660789,0.9999803859660789,13
TE_Ladro_dd,12,0.8277018659706259,0.15866,-0.9999803859660789,0.9999803859660789,13
TE_Ladro_dd,6,4.983291340143296,0.25249,-0.6666746102242979,0.6666746102242979,12
TE_Ladro_dd,6.25,4.815400757494037,0.25249,-0.6666746102242979,0.6666746102242979,12
TE_Ladro_dd,6.5,4.65317385971183,0.25249,-0.6666746102242979,0.6666746102242979,12
TE_Ladro_dd,6.75,4.496427012051954,0.25249,-0.6666746102242979,0.6666746102242979,12
TE_Ladro_dd,7,4.344983837959379,0.25249,-0.6666746102242979,0.6666746102242979,12
TE_Ladro_dd,7.25,4.198673157878398,0.25249,-0.6666746102242979,0.6666746102242979,12
TE_Ladro_dd,7.5,4.057329181902903,0.25249,-0.6666746102242979,0.6666746102242979,12
TE_Ladro_dd,7.75,3.9207893875427238,0.25249,-0.6666746102242979,0.6666746102242979,12
TE_Ladro_dd,8,3.7888969255603264,0.25249,-0.6666746102242979,0.6666746102242979,12
TE_Ladro_dd,8.25,3.661500357377908,0.25249,-0.6666746102242979,0.6666746102242979,12
TE_Ladro_dd,8.5,3.5384526199993993,0.25249,-0.6666746102242979,0.6666746102242979,12
TE_Ladro_dd,8.75,3.419608005593905,0.25249,-0.6666746102242979,0.6666746102242979,12
TE_Ladro_dd,9,3.3048151959165613,0.25249,-0.6666746102242979,0.6666746102242979,12
TE_Ladro_dd,9.25,3.193919278105534,0.25249,-0.6666746102242979,0.6666746102242979,12
TE_Ladro_dd,9.5,3.0867715247169736,0.25249,-0.6666746102242979,0.6666746102242979,12
TE_Ladro_dd,9.75,2.983232492434949,0.25249,-0.6666746102242979,0.6666746102242979,12
TE_Ladro_dd,10,2.883172088455238,0.25249,-0.6666746102242979,0.6666746102242979,12
TE_Ladro_dd,10.25,2.7864688578172827,0.25249,-0.6666746102242979,0.6666746102242979,12
TE_Ladro_dd,10.5,2.6930086938651847,0.25249,-0.6666746102242979,0.6666746102242979,12
TE_Ladro_dd,10.75,2.602683292725846,0.25249,-0.6666746102242979,0.6666746102242979,12
TE_Ladro_dd,11,2.5153880944918847,0.25249,-0.6666746102242979,0.6666746102242979,12
TE_Ladro_dd,11.25,2.4310215938475546,0.25249,-0.6666746102242979,0.6666746102242979,12
TE_Ladro_dd,11.5,2.349485670813856,0.25249,-0.6666746102242979,0.6666746102242979,12
TE_Ladro_dd,11.75,2.27068496759504,0.25249,-0.6666746102242979,0.6666746102242979,12
TE_Ladro_dd,12,2.1945275645595337,0.25249,-0.6666746102242979,0.6666746102242979,12
TE_Ladro_dd,6,9.080004032979604,0.36944,-0.33333688458431254,0.33333688458431254,11
TE_Ladro_dd,6.25,8.775220267074452,0.36944,-0.33333688458431254,0.33333688458431254,11
TE_Ladro_dd,6.5,8.480674868156704,0.36944,-0.33333688458431254,0.33333688458431254,11
TE_Ladro_dd,6.75,8.196031923603282,0.36944,-0.33333688458431254,0.33333688458431254,11
TE_Ladro_dd,7,7.920967692706982,0.36944,-0.33333688458431254,0.33333688458431254,11
TE_Ladro_dd,7.25,7.655168143589877,0.36944,-0.33333688458431254,0.33333688458431254,11
TE_Ladro_dd,7.5,7.398329070253889,0.36944,-0.33333688458431254,0.33333688458431254,11
TE_Ladro_dd,7.75,7.150154086583098,0.36944,-0.33333688458431254,0.33333688458431254,11
TE_Ladro_dd,8,6.910356879044288,0.36944,-0.33333688458431254,0.33333688458431254,11
TE_Ladro_dd,8.25,6.678660597463716,0.36944,-0.33333688458431254,0.33333688458431254,11
TE_Ladro_dd,8.5,6.454796519837881,0.36944,-0.33333688458431254,0.33333688458431254,11
TE_Ladro_dd,8.75,6.23850146376842,0.36944,-0.33333688458431254,0.33333688458431254,11
TE_Ladro_dd,9,6.029511359130709,0.36944,-0.33333688458431254,0.33333688458431254,11
TE_Ladro_dd,9.25,5.827563051641961,0.36944,-0.33333688458431254,0.33333688458431254,11
TE_Ladro_dd,9.5,5.63240327832099,0.36944,-0.33333688458431254,0.33333688458431254,11
TE_Ladro_dd,9.75,5.443791206307963,0.36944,-0.33333688458431254,0.33333688458431254,11
TE_Ladro_dd,10,5.261498667855732,0.36944,-0.33333688458431254,0.33333688458431254,11
TE_Ladro_dd,10.25,5.085309523426849,0.36944,-0.33333688458431254,0.33333688458431254,11
TE_Ladro_dd,10.5,4.915018284827208,0.36944,-0.33333688458431254,0.33333688458431254,11
TE_Ladro_dd,10.75,4.750428364151017,0.36944,-0.33333688458431254,0.33333688458431254,11
TE_Ladro_dd,11,4.591349898851206,0.36944,-0.33333688458431254,0.33333688458431254,11
TE_Ladro_dd,11.25,4.437598953144908,0.36944,-0.33333688458431254,0.33333688458431254,11
TE_Ladro_dd,11.5,4.288997645434395,0.36944,-0.33333688458431254,0.33333688458431254,11
TE_Ladro_dd,11.75,4.145373164398549,0.36944,-0.33333688458431254,0.33333688458431254,11
TE_Ladro_dd,12,4.006558652091002,0.36944,-0.33333688458431254,0.33333688458431254,11
TE_Ladro_dd,6,14.397526755717212,0.5,0,-0,10
TE_Ladro_dd,6.25,13.915490277406112,0.5,0,-0,10
TE_Ladro_dd,6.5,13.449598986902604,0.5,0,-0,10
TE_Ladro_dd,6.75,12.999318780319182,0.5,0,-0,10
TE_Ladro_dd,7,12.56413369490324,0.5,0,-0,10
TE_Ladro_dd,7.25,12.143543422365497,0.5,0,-0,10
TE_Ladro_dd,7.5,11.737063238065145,0.5,0,-0,10
TE_Ladro_dd,7.75,11.344222865287744,0.5,0,-0,10
TE_Ladro_dd,8,10.96456770777633,0.5,0,-0,10
TE_Ladro_dd,8.25,10.597657740327199,0.5,0,-0,10
TE_Ladro_dd,8.5,10.243065997455934,0.5,0,-0,10
TE_Ladro_dd,8.75,9.900377674149693,0.5,0,-0,10
TE_Ladro_dd,9,9.569186824533205,0.5,0,-0,10
TE_Ladro_dd,9.25,9.249097171339018,0.5,0,-0,10
TE_Ladro_dd,9.5,8.939726614430917,0.5,0,-0,10
TE_Ladro_dd,9.75,8.640707837179507,0.5,0,-0,10
TE_Ladro_dd,10,8.351688801579982,0.5,0,-0,10
TE_Ladro_dd,10.25,8.072332463762573,0.5,0,-0,10
TE_Ladro_dd,10.5,7.80231565906214,0.5,0,-0,10
TE_Ladro_dd,10.75,7.541327495847313,0.5,0,-0,10
TE_Ladro_dd,11,7.289067640472117,0.5,0,-0,10
TE_Ladro_dd,11.25,7.045245554342628,0.5,0,-0,10
TE_Ladro_dd,11.5,6.809580173207367,0.5,0,-0,10
TE_Ladro_dd,11.75,6.581798513750781,0.5,0,-0,10
TE_Ladro_dd,12,6.361636690231628,0.5,0,-0,10
TE_Ladro_dd,6,21.107420274704065,0.63056,0.33333688458431254,-0.33333688458431254,9
TE_Ladro_dd,6.25,20.402090030585097,0.63056,0.33333688458431254,-0.33333688458431254,9
TE_Ladro_dd,6.5,19.7203318800798,0.63056,0.33333688458431254,-0.33333688458431254,9
TE_Ladro_dd,6.75,19.0613611694561,0.63056,0.33333688458431254,-0.33333688458431254,9
TE_Ladro_dd,7,18.424418567793847,0.63056,0.33333688458431254,-0.33333688458431254,9
TE_Ladro_dd,7.25,17.808767977043573,0.63056,0.33333688458431254,-0.33333688458431254,9
TE_Ladro_dd,7.5,17.213696147386365,0.63056,0.33333688458431254,-0.33333688458431254,9
TE_Ladro_dd,7.75,16.638513256080625,0.63056,0.33333688458431254,-0.33333688458431254,9
TE_Ladro_dd,8,16.082552149300515,0.63056,0.33333688458431254,-0.33333688458431254,9
TE_Ladro_dd,8.25,15.545166558570294,0.63056,0.33333688458431254,-0.33333688458431254,9
TE_Ladro_dd,8.5,15.025729550093226,0.63056,0.33333688458431254,-0.33333688458431254,9
TE_Ladro_dd,8.75,14.523635724680895,0.63056,0.33333688458431254,-0.33333688458431254,9
TE_Ladro_dd,9,14.038303941779137,0.63056,0.33333688458431254,-0.33333688458431254,9
TE_Ladro_dd,9.25,13.56917625949808,0.63056,0.33333688458431254,-0.33333688458431254,9
TE_Ladro_dd,9.5,13.115713873326447,0.63056,0.33333688458431254,-0.33333688458431254,9
TE_Ladro_dd,9.75,12.677394250179765,0.63056,0.33333688458431254,-0.33333688458431254,9
TE_Ladro_dd,10,12.253711986634329,0.63056,0.33333688458431254,-0.33333688458431254,9
TE_Ladro_dd,10.25,11.844179186530432,0.63056,0.33333688458431254,-0.33333688458431254,9
TE_Ladro_dd,10.5,11.448324997991248,0.63056,0.33333688458431254,-0.33333688458431254,9
TE_Ladro_dd,10.75,11.065694542796756,0.63056,0.33333688458431254,-0.33333688458431254,9
TE_Ladro_dd,11,10.695848305024153,0.63056,0.33333688458431254,-0.33333688458431254,9
TE_Ladro_dd,11.25,10.338361565240785,0.63056,0.33333688458431254,-0.33333688458431254,9
TE_Ladro_dd,11.5,9.992823356390918,0.63056,0.33333688458431254,-0.33333688458431254,9
TE_Ladro_dd,11.75,9.658834604046609,0.63056,0.33333688458431254,-0.33333688458431254,9
TE_Ladro_dd,12,9.336009195531437,0.63056,0.33333688458431254,-0.33333688458431254,9
TE_Ladro_dd,6,29.350033483984266,0.74751,0.6666746102242979,-0.6666746102242979,8
TE_Ladro_dd,6.25,28.370731184885603,0.74751,0.6666746102242979,-0.6666746102242979,8
TE_Ladro_dd,6.5,27.424100952434816,0.74751,0.6666746102242979,-0.6666746102242979,8
TE_Ladro_dd,6.75,26.509049939755563,0.74751,0.6666746102242979,-0.6666746102242979,8
TE_Ladro_dd,7,25.624519135415923,0.74751,0.6666746102242979,-0.6666746102242979,8
TE_Ladro_dd,7.25,24.76948213710101,0.74751,0.6666746102242979,-0.6666746102242979,8
TE_Ladro_dd,7.5,23.942944313771157,0.74751,0.6666746102242979,-0.6666746102242979,8
TE_Ladro_dd,7.75,23.143946034750776,0.74751,0.6666746102242979,-0.6666746102242979,8
TE_Ladro_dd,8,22.371558845570238,0.74751,0.6666746102242979,-0.6666746102242979,8
TE_Ladro_dd,8.25,21.624882818308606,0.74751,0.6666746102242979,-0.6666746102242979,8
TE_Ladro_dd,8.5,20.903045114086584,0.74751,0.6666746102242979,-0.6666746102242979,8
TE_Ladro_dd,8.75,20.205206844164383,0.74751,0.6666746102242979,-0.6666746102242979,8
TE_Ladro_dd,9,19.5305750326179,0.74751,0.6666746102242979,-0.6666746102242979,8
TE_Ladro_dd,9.25,18.878398717445958,0.74751,0.6666746102242979,-0.6666746102242979,8
TE_Ladro_dd,9.5,18.247951772875314,0.74751,0.6666746102242979,-0.6666746102242979,8
TE_Ladro_dd,9.75,17.638524865061548,0.74751,0.6666746102242979,-0.6666746102242979,8
TE_Ladro_dd,10,17.049426786920048,0.74751,0.6666746102242979,-0.6666746102242979,8
TE_Ladro_dd,10.25,16.47998584078055,0.74751,0.6666746102242979,-0.6666746102242979,8
TE_Ladro_dd,10.5,15.929550459885837,0.74751,0.6666746102242979,-0.6666746102242979,8
TE_Ladro_dd,10.75,15.397489106936318,0.74751,0.6666746102242979,-0.6666746102242979,8
TE_Ladro_dd,11,14.883191480553627,0.74751,0.6666746102242979,-0.6666746102242979,8
TE_Ladro_dd,11.25,14.38606832593906,0.74751,0.6666746102242979,-0.6666746102242979,8
TE_Ladro_dd,11.5,13.905549362684441,0.74751,0.6666746102242979,-0.6666746102242979,8
TE_Ladro_dd,11.75,13.44108089663483,0.74751,0.6666746102242979,-0.6666746102242979,8
TE_Ladro_dd,12,12.992126851044198,0.74751,0.6666746102242979,-0.6666746102242979,8
TE_Ladro_dd,6,39.23907500925822,0.84134,0.9999803859660789,-0.9999803859660789,7
TE_Ladro_dd,6.25,37.931367358839715,0.84134,0.9999803859660789,-0.9999803859660789,7
TE_Ladro_dd,6.5,36.66722861084498,0.84134,0.9999803859660789,-0.9999803859660789,7
TE_Ladro_dd,6.75,35.44519579841344,0.84134,0.9999803859660789,-0.9999803859660789,7
TE_Ladro_dd,7,34.26384972788886,0.84134,0.9999803859660789,-0.9999803859660789,7
TE_Ladro_dd,7.25,33.12181512302032,0.84134,0.9999803859660789,-0.9999803859660789,7
TE_Ladro_dd,7.5,32.01775918324971,0.84134,0.9999803859660789,-0.9999803859660789,7
TE_Ladro_dd,7.75,30.950398476032444,0.84134,0.9999803859660789,-0.9999803859660789,7
TE_Ladro_dd,8,29.91849088269496,0.84134,0.9999803859660789,-0.9999803859660789,7
TE_Ladro_dd,8.25,28.920831875979292,0.84134,0.9999803859660789,-0.9999803859660789,7
TE_Ladro_dd,8.5,27.956253361879988,0.84134,0.9999803859660789,-0.9999803859660789,7
TE_Ladro_dd,8.75,27.023636892269646,0.84134,0.9999803859660789,-0.9999803859660789,7
TE_Ladro_dd,9,26.121938344821384,0.84134,0.9999803859660789,-0.9999803859660789,7
TE_Ladro_dd,9.25,25.25018013608631,0.84134,0.9999803859660789,-0.9999803859660789,7
TE_Ladro_dd,9.5,24.407416005739883,0.84134,0.9999803859660789,-0.9999803859660789,7
TE_Ladro_dd,9.75,23.592715947899276,0.84134,0.9999803859660789,-0.9999803859660789,7
TE_Ladro_dd,10,22.80516814477237,0.84134,0.9999803859660789,-0.9999803859660789,7
TE_Ladro_dd,10.25,22.043881725475394,0.84134,0.9999803859660789,-0.9999803859660789,7
TE_Ladro_dd,10.5,21.307988940715752,0.84134,0.9999803859660789,-0.9999803859660789,7
TE_Ladro_dd,10.75,20.59664650082055,0.84134,0.9999803859660789,-0.9999803859660789,7
TE_Ladro_dd,11,19.90903937389935,0.84134,0.9999803859660789,-0.9999803859660789,7
TE_Ladro_dd,11.25,19.244381167586944,0.84134,0.9999803859660789,-0.9999803859660789,7
TE_Ladro_dd,11.5,18.60191069945649,0.84134,0.9999803859660789,-0.9999803859660789,7
TE_Ladro_dd,11.75,17.980889014499386,0.84134,0.9999803859660789,-0.9999803859660789,7
TE_Ladro_dd,12,17.380600279637886,0.84134,0.9999803859660789,-0.9999803859660789,7
TE_Ladro_dd,6,50.87061576569702,0.90879,1.3333407702662026,-1.3333407702662026,6
TE_Ladro_dd,6.25,49.17689549258329,0.90879,1.3333407702662026,-1.3333407702662026,6
TE_Ladro_dd,6.5,47.53954251177895,0.90879,1.3333407702662026,-1.3333407702662026,6
TE_Ladro_dd,6.75,45.9566581926827,0.90879,1.3333407702662026,-1.3333407702662026,6
TE_Ladro_dd,7,44.426399121736175,0.90879,1.3333407702662026,-1.3333407702662026,6
TE_Ladro_dd,7.25,42.946979156256134,0.90879,1.3333407702662026,-1.3333407702662026,6
TE_Ladro_dd,7.5,41.516667218929506,0.90879,1.3333407702662026,-1.3333407702662026,6
TE_Ladro_dd,7.75,40.133798929283785,0.90879,1.3333407702662026,-1.3333407702662026,6
TE_Ladro_dd,8,38.7967630833434,0.90879,1.3333407702662026,-1.3333407702662026,6
TE_Ladro_dd,8.25,37.50399663934701,0.90879,1.3333407702662026,-1.3333407702662026,6
TE_Ladro_dd,8.5,36.253984015948575,0.90879,1.3333407702662026,-1.3333407702662026,6
TE_Ladro_dd,8.75,35.04527845139793,0.90879,1.3333407702662026,-1.3333407702662026,6
TE_Ladro_dd,9,33.87654309529309,0.90879,1.3333407702662026,-1.3333407702662026,6
TE_Ladro_dd,9.25,32.74653821957691,0.90879,1.3333407702662026,-1.3333407702662026,6
TE_Ladro_dd,9.5,31.654062737647877,0.90879,1.3333407702662026,-1.3333407702662026,6
TE_Ladro_dd,9.75,30.59793015104181,0.90879,1.3333407702662026,-1.3333407702662026,6
TE_Ladro_dd,10,29.576971211410065,0.90879,1.3333407702662026,-1.3333407702662026,6
TE_Ladro_dd,10.25,28.590038449578948,0.90879,1.3333407702662026,-1.3333407702662026,6
TE_Ladro_dd,10.5,27.636010401445795,0.90879,1.3333407702662026,-1.3333407702662026,6
TE_Ladro_dd,10.75,26.713794885432712,0.90879,1.3333407702662026,-1.3333407702662026,6
TE_Ladro_dd,11,25.82233621464764,0.90879,1.3333407702662026,-1.3333407702662026,6
TE_Ladro_dd,11.25,24.960616356641065,0.90879,1.3333407702662026,-1.3333407702662026,6
TE_Ladro_dd,11.5,24.127649796894296,0.90879,1.3333407702662026,-1.3333407702662026,6
TE_Ladro_dd,11.75,23.322479892386824,0.90879,1.3333407702662026,-1.3333407702662026,6
TE_Ladro_dd,12,22.54417952430336,0.90879,1.3333407702662026,-1.3333407702662026,6
TE_Ladro_dd,6,64.31751029381742,0.95221,1.6666702079210545,-1.6666702079210545,5
TE_Ladro_dd,6.25,62.17776246468556,0.95221,1.6666702079210545,-1.6666702079210545,5
TE_Ladro_dd,6.5,60.10916131237904,0.95221,1.6666702079210545,-1.6666702079210545,5
TE_Ladro_dd,6.75,58.10930425704204,0.95221,1.6666702079210545,-1.6666702079210545,5
TE_Ladro_dd,7,56.17585694785816,0.95221,1.6666702079210545,-1.6666702079210545,5
TE_Ladro_dd,7.25,54.306557789214516,0.95221,1.6666702079210545,-1.6666702079210545,5
TE_Ladro_dd,7.5,52.499214804608556,0.95221,1.6666702079210545,-1.6666702079210545,5
TE_Ladro_dd,7.75,50.75172312971507,0.95221,1.6666702079210545,-1.6666702079210545,5
TE_Ladro_dd,8,49.06204473619235,0.95221,1.6666702079210545,-1.6666702079210545,5
TE_Ladro_dd,8.25,47.428201897279784,0.95221,1.6666702079210545,-1.6666702079210545,5
TE_Ladro_dd,8.5,45.848277127245765,0.95221,1.6666702079210545,-1.6666702079210545,5
TE_Ladro_dd,8.75,44.32044455963988,0.95221,1.6666702079210545,-1.6666702079210545,5
TE_Ladro_dd,9,42.843031305184326,0.95221,1.6666702079210545,-1.6666702079210545,5
TE_Ladro_dd,9.25,41.41449849854678,0.95221,1.6666702079210545,-1.6666702079210545,5
TE_Ladro_dd,9.5,40.03335409931864,0.95221,1.6666702079210545,-1.6666702079210545,5
TE_Ladro_dd,9.75,38.69811780922771,0.95221,1.6666702079210545,-1.6666702079210545,5
TE_Ladro_dd,10,37.40732459743935,0.95221,1.6666702079210545,-1.6666702079210545,5
TE_Ladro_dd,10.25,36.159531410945604,0.95221,1.6666702079210545,-1.6666702079210545,5
TE_Ladro_dd,10.5,34.95332397132653,0.95221,1.6666702079210545,-1.6666702079210545,5
TE_Ladro_dd,10.75,33.78732251335645,0.95221,1.6666702079210545,-1.6666702079210545,5
TE_Ladro_dd,11,32.66019326916337,0.95221,1.6666702079210545,-1.6666702079210545,5
TE_Ladro_dd,11.25,31.570650621965775,0.95221,1.6666702079210545,-1.6666702079210545,5
TE_Ladro_dd,11.5,30.517449898096082,0.95221,1.6666702079210545,-1.6666702079210545,5
TE_Ladro_dd,11.75,29.49938298434618,0.95221,1.6666702079210545,-1.6666702079210545,5
TE_Ladro_dd,12,28.515278629014933,0.95221,1.6666702079210545,-1.6666702079210545,5
TE_Ladro_dd,6,79.64219816052493,0.97725,2.0000024438996027,-2.0000024438996027,4
TE_Ladro_dd,6.25,76.99434231854701,0.97725,2.0000024438996027,-2.0000024438996027,4
TE_Ladro_dd,6.5,74.43446176172056,0.97725,2.0000024438996027,-2.0000024438996027,4
TE_Ladro_dd,6.75,71.95957932836102,0.97725,2.0000024438996027,-2.0000024438996027,4
TE_Ladro_dd,7,69.56680072113825,0.97725,2.0000024438996027,-2.0000024438996027,4
TE_Ladro_dd,7.25,67.25332208614222,0.97725,2.0000024438996027,-2.0000024438996027,4
TE_Ladro_dd,7.5,65.01642577393574,0.97725,2.0000024438996027,-2.0000024438996027,4
TE_Ladro_dd,7.75,62.853504853124306,0.97725,2.0000024438996027,-2.0000024438996027,4
TE_Ladro_dd,8,60.76203474675364,0.97725,2.0000024438996027,-2.0000024438996027,4
TE_Ladro_dd,8.25,58.739564941792636,0.97725,2.0000024438996027,-2.0000024438996027,4
TE_Ladro_dd,8.5,56.78371976043247,0.97725,2.0000024438996027,-2.0000024438996027,4
TE_Ladro_dd,8.75,54.89224169095871,0.97725,2.0000024438996027,-2.0000024438996027,4
TE_Ladro_dd,9,53.06307699140441,0.97725,2.0000024438996027,-2.0000024438996027,4
TE_Ladro_dd,9.25,51.29434937212397,0.97725,2.0000024438996027,-2.0000024438996027,4
TE_Ladro_dd,9.5,49.58423844830968,0.97725,2.0000024438996027,-2.0000024438996027,4
TE_Ladro_dd,9.75,47.930931516176486,0.97725,2.0000024438996027,-2.0000024438996027,4
TE_Ladro_dd,10,46.33262808110425,0.97725,2.0000024438996027,-2.0000024438996027,4
TE_Ladro_dd,10.25,44.78754917382761,0.97725,2.0000024438996027,-2.0000024438996027,4
TE_Ladro_dd,10.5,43.29394725446884,0.97725,2.0000024438996027,-2.0000024438996027,4
TE_Ladro_dd,10.75,41.85011495073971,0.97725,2.0000024438996027,-2.0000024438996027,4
TE_Ladro_dd,11,40.45440169978509,0.97725,2.0000024438996027,-2.0000024438996027,4
TE_Ladro_dd,11.25,39.10521711876392,0.97725,2.0000024438996027,-2.0000024438996027,4
TE_Ladro_dd,11.5,37.80102134887995,0.97725,2.0000024438996027,-2.0000024438996027,4
TE_Ladro_dd,11.75,36.5403198615335,0.97725,2.0000024438996027,-2.0000024438996027,4
TE_Ladro_dd,12,35.32166329448169,0.97725,2.0000024438996027,-2.0000024438996027,4
TE_Ladro_dd,6,96.88455272817468,0.99018,2.3331552225672416,-2.3331552225672416,3
TE_Ladro_dd,6.25,93.66518872976918,0.99018,2.3331552225672416,-2.3331552225672416,3
TE_Ladro_dd,6.5,90.55272146566297,0.99018,2.3331552225672416,-2.3331552225672416,3
TE_Ladro_dd,6.75,87.54352706188887,0.99018,2.3331552225672416,-2.3331552225672416,3
TE_Ladro_dd,7,84.63408080332881,0.99018,2.3331552225672416,-2.3331552225672416,3
TE_Ladro_dd,7.25,81.82096835690193,0.99018,2.3331552225672416,-2.3331552225672416,3
TE_Ladro_dd,7.5,79.1008802541394,0.99018,2.3331552225672416,-2.3331552225672416,3
TE_Ladro_dd,7.75,76.47064460633781,0.99018,2.3331552225672416,-2.3331552225672416,3
TE_Ladro_dd,8,73.9271892964821,0.99018,2.3331552225672416,-2.3331552225672416,3
TE_Ladro_dd,8.25,71.46753169177673,0.99018,2.3331552225672416,-2.3331552225672416,3
TE_Ladro_dd,8.5,69.08878044072257,0.99018,2.3331552225672416,-2.3331552225672416,3
TE_Ladro_dd,8.75,66.78819272738706,0.99018,2.3331552225672416,-2.3331552225672416,3
TE_Ladro_dd,9,64.56328817670529,0.99018,2.3331552225672416,-2.3331552225672416,3
TE_Ladro_dd,9.25,62.41181394981031,0.99018,2.3331552225672416,-2.3331552225672416,3
TE_Ladro_dd,9.5,60.33158310979872,0.99018,2.3331552225672416,-2.3331552225672416,3
TE_Ladro_dd,9.75,58.32041110459304,0.99018,2.3331552225672416,-2.3331552225672416,3
TE_Ladro_dd,10,56.37612144027961,0.99018,2.3331552225672416,-2.3331552225672416,3
TE_Ladro_dd,10.25,54.496558035733464,0.99018,2.3331552225672416,-2.3331552225672416,3
TE_Ladro_dd,10.5,52.67959878045265,0.99018,2.3331552225672416,-2.3331552225672416,3
TE_Ladro_dd,10.75,50.92316782084025,0.99018,2.3331552225672416,-2.3331552225672416,3
TE_Ladro_dd,11,49.225258262153154,0.99018,2.3331552225672416,-2.3331552225672416,3
TE_Ladro_dd,11.25,47.583936982920534,0.99018,2.3331552225672416,-2.3331552225672416,3
TE_Ladro_dd,11.5,45.99733214708448,0.99018,2.3331552225672416,-2.3331552225672416,3
TE_Ladro_dd,11.75,44.463627122194325,0.99018,2.3331552225672416,-2.3331552225672416,3
TE_Ladro_dd,12,42.98105973550805,0.99018,2.3331552225672416,-2.3331552225672416,3
TE_Ladro_dd,6,116.11663417293894,0.99617,2.6667000630340683,-2.6667000630340683,2
TE_Ladro_dd,6.25,112.25997403367808,0.99617,2.6667000630340683,-2.6667000630340683,2
TE_Ladro_dd,6.5,108.53130394962709,0.99617,2.6667000630340683,-2.6667000630340683,2
TE_Ladro_dd,6.75,104.92627850064956,0.99617,2.6667000630340683,-2.6667000630340683,2
TE_Ladro_dd,7,101.44066944664624,0.99617,2.6667000630340683,-2.6667000630340683,2
TE_Ladro_dd,7.25,98.07038120204491,0.99617,2.6667000630340683,-2.6667000630340683,2
TE_Ladro_dd,7.5,94.81144385879759,0.99617,2.6667000630340683,-2.6667000630340683,2
TE_Ladro_dd,7.75,91.66005531951653,0.99617,2.6667000630340683,-2.6667000630340683,2
TE_Ladro_dd,8,88.6125326471857,0.99617,2.6667000630340683,-2.6667000630340683,2
TE_Ladro_dd,8.25,85.66529953148246,0.99617,2.6667000630340683,-2.6667000630340683,2
TE_Ladro_dd,8.5,82.814889310154,0.99617,2.6667000630340683,-2.6667000630340683,2
TE_Ladro_dd,8.75,80.05801817727895,0.99617,2.6667000630340683,-2.6667000630340683,2
TE_Ladro_dd,9,77.3917315678756,0.99617,2.6667000630340683,-2.6667000630340683,2
TE_Ladro_dd,9.25,74.81335940599632,0.99617,2.6667000630340683,-2.6667000630340683,2
TE_Ladro_dd,9.5,72.32030847297709,0.99617,2.6667000630340683,-2.6667000630340683,2
TE_Ladro_dd,9.75,69.9099813790406,0.99617,2.6667000630340683,-2.6667000630340683,2
TE_Ladro_dd,10,67.579783529043155,0.99617,2.6667000630340683,-2.6667000630340683,2
TE_Ladro_dd,10.25,65.32713896124172,0.99617,2.6667000630340683,-2.6667000630340683,2
TE_Ladro_dd,10.5,63.14950812127786,0.99617,2.6667000630340683,-2.6667000630340683,2
TE_Ladro_dd,10.75,61.04440426044892,0.99617,2.6667000630340683,-2.6667000630340683,2
TE_Ladro_dd,11,59.00942312638945,0.99617,2.6667000630340683,-2.6667000630340683,2
TE_Ladro_dd,11.25,57.04224945460895,0.99617,2.6667000630340683,-2.6667000630340683,2
TE_Ladro_dd,11.5,55.14064125274537,0.99617,2.6667000630340683,-2.6667000630340683,2
TE_Ladro_dd,11.75,53.30242275041146,0.99617,2.6667000630340683,-2.6667000630340683,2
TE_Ladro_dd,12,51.525482957448105,0.99617,2.6667000630340683,-2.6667000630340683,2
TE_Ladro_dd,6,137.3347831618779,0.99865,2.999976992703401,-2.999976992703401,1
TE_Ladro_dd,6.25,132.7751594438079,0.99865,2.999976992703401,-2.999976992703401,1
TE_Ladro_dd,6.5,128.36678700987738,0.99865,2.999976992703401,-2.999976992703401,1
TE_Ladro_dd,6.75,124.10452419823663,0.99865,2.999976992703401,-2.999976992703401,1
TE_Ladro_dd,7,119.98336627221714,0.99865,2.999976992703401,-2.999976992703401,1
TE_Ladro_dd,7.25,115.99846575167312,0.99865,2.999976992703401,-2.999976992703401,1
TE_Ladro_dd,7.5,112.14512379572433,0.99865,2.999976992703401,-2.999976992703401,1
TE_Ladro_dd,7.75,108.41884296728293,0.99865,2.999976992703401,-2.999976992703401,1
TE_Ladro_dd,8,104.8152663462341,0.99865,2.999976992703401,-2.999976992703401,1
TE_Ladro_dd,8.25,101.3301625008003,0.99865,2.999976992703401,-2.999976992703401,1
TE_Ladro_dd,8.5,97.95942993114707,0.99865,2.999976992703401,-2.999976992703401,1
TE_Ladro_dd,8.75,94.69918825730147,0.99865,2.999976992703401,-2.999976992703401,1
TE_Ladro_dd,9,91.5459612504674,0.99865,2.999976992703401,-2.999976992703401,1
TE_Ladro_dd,9.25,88.49662097693884,0.99865,2.999976992703401,-2.999976992703401,1
TE_Ladro_dd,9.5,85.54812827254489,0.99865,2.999976992703401,-2.999976992703401,1
TE_Ladro_dd,9.75,82.69743199042502,0.99865,2.999976992703401,-2.999976992703401,1
TE_Ladro_dd,10,79.94147740610033,0.99865,2.999976992703401,-2.999976992703401,1
TE_Ladro_dd,10.25,77.27722598501423,0.99865,2.999976992703401,-2.999976992703401,1
TE_Ladro_dd,10.5,74.70167793359084,0.99865,2.999976992703401,-2.999976992703401,1
TE_Ladro_dd,10.75,72.21189327193616,0.99865,2.999976992703401,-2.999976992703401,1
TE_Ladro_dd,11,69.80502943952516,0.99865,2.999976992703401,-2.999976992703401,1
TE_Ladro_dd,11.25,67.47834969652237,0.99865,2.999976992703401,-2.999976992703401,1
TE_Ladro_dd,11.5,65.22920378507546,0.99865,2.999976992703401,-2.999976992703401,1
TE_Ladro_dd,11.75,63.05501983050842,0.99865,2.999976992703401,-2.999976992703401,1
TE_Ladro_dd,12,60.953302084298784,0.99865,2.999976992703401,-2.999976992703401,1
TEdd_Mean,6,0,0.00135,-2.999976992703393,2.999976992703393,19
TEdd_Mean,6.25,0,0.00135,-2.999976992703393,2.999976992703393,19
TEdd_Mean,6.5,0,0.00135,-2.999976992703393,2.999976992703393,19
TEdd_Mean,6.75,0,0.00135,-2.999976992703393,2.999976992703393,19
TEdd_Mean,7,0,0.00135,-2.999976992703393,2.999976992703393,19
TEdd_Mean,7.25,0,0.00135,-2.999976992703393,2.999976992703393,19
TEdd_Mean,7.5,0,0.00135,-2.999976992703393,2.999976992703393,19
TEdd_Mean,7.75,0,0.00135,-2.999976992703393,2.999976992703393,19
TEdd_Mean,8,0,0.00135,-2.999976992703393,2.999976992703393,19
TEdd_Mean,8.25,0,0.00135,-2.999976992703393,2.999976992703393,19
TEdd_Mean,8.5,0,0.00135,-2.999976992703393,2.999976992703393,19
TEdd_Mean,8.75,0,0.00135,-2.999976992703393,2.999976992703393,19
TEdd_Mean,9,0,0.00135,-2.999976992703393,2.999976992703393,19
TEdd_Mean,9.25,0,0.00135,-2.999976992703393,2.999976992703393,19
TEdd_Mean,9.5,0,0.00135,-2.999976992703393,2.999976992703393,19
TEdd_Mean,9.75,0,0.00135,-2.999976992703393,2.999976992703393,19
TEdd_Mean,10,0,0.00135,-2.999976992703393,2.999976992703393,19
TEdd_Mean,10.25,0,0.00135,-2.999976992703393,2.999976992703393,19
TEdd_Mean,10.5,0,0.00135,-2.999976992703393,2.999976992703393,19
TEdd_Mean,10.75,0,0.00135,-2.999976992703393,2.999976992703393,19
TEdd_Mean,11,0,0.00135,-2.999976992703393,2.999976992703393,19
TEdd_Mean,11.25,0,0.00135,-2.999976992703393,2.999976992703393,19
TEdd_Mean,11.5,0,0.00135,-2.999976992703393,2.999976992703393,19
TEdd_Mean,11.75,0,0.00135,-2.999976992703393,2.999976992703393,19
TEdd_Mean,12,0,0.00135,-2.999976992703393,2.999976992703393,19
TEdd_Mean,6,0,0.00383,-2.6667000630340683,2.6667000630340683,18
TEdd_Mean,6.25,0,0.00383,-2.6667000630340683,2.6667000630340683,18
TEdd_Mean,6.5,0,0.00383,-2.6667000630340683,2.6667000630340683,18
TEdd_Mean,6.75,0,0.00383,-2.6667000630340683,2.6667000630340683,18
TEdd_Mean,7,0,0.00383,-2.6667000630340683,2.6667000630340683,18
TEdd_Mean,7.25,0,0.00383,-2.6667000630340683,2.6667000630340683,18
TEdd_Mean,7.5,0,0.00383,-2.6667000630340683,2.6667000630340683,18
TEdd_Mean,7.75,0,0.00383,-2.6667000630340683,2.6667000630340683,18
TEdd_Mean,8,0,0.00383,-2.6667000630340683,2.6667000630340683,18
TEdd_Mean,8.25,0,0.00383,-2.6667000630340683,2.6667000630340683,18
TEdd_Mean,8.5,0,0.00383,-2.6667000630340683,2.6667000630340683,18
TEdd_Mean,8.75,0,0.00383,-2.6667000630340683,2.6667000630340683,18
TEdd_Mean,9,0,0.00383,-2.6667000630340683,2.6667000630340683,18
TEdd_Mean,9.25,0,0.00383,-2.6667000630340683,2.6667000630340683,18
TEdd_Mean,9.5,0,0.00383,-2.6667000630340683,2.6667000630340683,18
TEdd_Mean,9.75,0,0.00383,-2.6667000630340683,2.6667000630340683,18
TEdd_Mean,10,0,0.00383,-2.6667000630340683,2.6667000630340683,18
TEdd_Mean,10.25,0,0.00383,-2.6667000630340683,2.6667000630340683,18
TEdd_Mean,10.5,0,0.00383,-2.6667000630340683,2.6667000630340683,18
TEdd_Mean,10.75,0,0.00383,-2.6667000630340683,2.6667000630340683,18
TEdd_Mean,11,0,0.00383,-2.6667000630340683,2.6667000630340683,18
TEdd_Mean,11.25,0,0.00383,-2.6667000630340683,2.6667000630340683,18
TEdd_Mean,11.5,0,0.00383,-2.6667000630340683,2.6667000630340683,18
TEdd_Mean,11.75,0,0.00383,-2.6667000630340683,2.6667000630340683,18
TEdd_Mean,12,0,0.00383,-2.6667000630340683,2.6667000630340683,18
TEdd_Mean,6,0,0.00982,-2.3331552225672434,2.3331552225672434,17
TEdd_Mean,6.25,0,0.00982,-2.3331552225672434,2.3331552225672434,17
TEdd_Mean,6.5,0,0.00982,-2.3331552225672434,2.3331552225672434,17
TEdd_Mean,6.75,0,0.00982,-2.3331552225672434,2.3331552225672434,17
TEdd_Mean,7,0,0.00982,-2.3331552225672434,2.3331552225672434,17
TEdd_Mean,7.25,0,0.00982,-2.3331552225672434,2.3331552225672434,17
TEdd_Mean,7.5,0,0.00982,-2.3331552225672434,2.3331552225672434,17
TEdd_Mean,7.75,0,0.00982,-2.3331552225672434,2.3331552225672434,17
TEdd_Mean,8,0,0.00982,-2.3331552225672434,2.3331552225672434,17
TEdd_Mean,8.25,0,0.00982,-2.3331552225672434,2.3331552225672434,17
TEdd_Mean,8.5,0,0.00982,-2.3331552225672434,2.3331552225672434,17
TEdd_Mean,8.75,0,0.00982,-2.3331552225672434,2.3331552225672434,17
TEdd_Mean,9,0,0.00982,-2.3331552225672434,2.3331552225672434,17
TEdd_Mean,9.25,0,0.00982,-2.3331552225672434,2.3331552225672434,17
TEdd_Mean,9.5,0,0.00982,-2.3331552225672434,2.3331552225672434,17
TEdd_Mean,9.75,0,0.00982,-2.3331552225672434,2.3331552225672434,17
TEdd_Mean,10,0,0.00982,-2.3331552225672434,2.3331552225672434,17
TEdd_Mean,10.25,0,0.00982,-2.3331552225672434,2.3331552225672434,17
TEdd_Mean,10.5,0,0.00982,-2.3331552225672434,2.3331552225672434,17
TEdd_Mean,10.75,0,0.00982,-2.3331552225672434,2.3331552225672434,17
TEdd_Mean,11,0,0.00982,-2.3331552225672434,2.3331552225672434,17
TEdd_Mean,11.25,0,0.00982,-2.3331552225672434,2.3331552225672434,17
TEdd_Mean,11.5,0,0.00982,-2.3331552225672434,2.3331552225672434,17
TEdd_Mean,11.75,0,0.00982,-2.3331552225672434,2.3331552225672434,17
TEdd_Mean,12,0,0.00982,-2.3331552225672434,2.3331552225672434,17
TEdd_Mean,6,0,0.02275,-2.000002443899604,2.000002443899604,16
TEdd_Mean,6.25,0,0.02275,-2.000002443899604,2.000002443899604,16
TEdd_Mean,6.5,0,0.02275,-2.000002443899604,2.000002443899604,16
TEdd_Mean,6.75,0,0.02275,-2.000002443899604,2.000002443899604,16
TEdd_Mean,7,0,0.02275,-2.000002443899604,2.000002443899604,16
TEdd_Mean,7.25,0,0.02275,-2.000002443899604,2.000002443899604,16
TEdd_Mean,7.5,0,0.02275,-2.000002443899604,2.000002443899604,16
TEdd_Mean,7.75,0,0.02275,-2.000002443899604,2.000002443899604,16
TEdd_Mean,8,0,0.02275,-2.000002443899604,2.000002443899604,16
TEdd_Mean,8.25,0,0.02275,-2.000002443899604,2.000002443899604,16
TEdd_Mean,8.5,0,0.02275,-2.000002443899604,2.000002443899604,16
TEdd_Mean,8.75,0,0.02275,-2.000002443899604,2.000002443899604,16
TEdd_Mean,9,0,0.02275,-2.000002443899604,2.000002443899604,16
TEdd_Mean,9.25,0,0.02275,-2.000002443899604,2.000002443899604,16
TEdd_Mean,9.5,0,0.02275,-2.000002443899604,2.000002443899604,16
TEdd_Mean,9.75,0,0.02275,-2.000002443899604,2.000002443899604,16
TEdd_Mean,10,0,0.02275,-2.000002443899604,2.000002443899604,16
TEdd_Mean,10.25,0,0.02275,-2.000002443899604,2.000002443899604,16
TEdd_Mean,10.5,0,0.02275,-2.000002443899604,2.000002443899604,16
TEdd_Mean,10.75,0,0.02275,-2.000002443899604,2.000002443899604,16
TEdd_Mean,11,0,0.02275,-2.000002443899604,2.000002443899604,16
TEdd_Mean,11.25,0,0.02275,-2.000002443899604,2.000002443899604,16
TEdd_Mean,11.5,0,0.02275,-2.000002443899604,2.000002443899604,16
TEdd_Mean,11.75,0,0.02275,-2.000002443899604,2.000002443899604,16
TEdd_Mean,12,0,0.02275,-2.000002443899604,2.000002443899604,16
TEdd_Mean,6,0.6436296396385107,0.04779,-1.6666702079210545,1.6666702079210545,15
TEdd_Mean,6.25,0.5890307426422899,0.04779,-1.6666702079210545,1.6666702079210545,15
TEdd_Mean,6.5,0.5384716220994855,0.04779,-1.6666702079210545,1.6666702079210545,15
TEdd_Mean,6.75,0.4916785133842137,0.04779,-1.6666702079210545,1.6666702079210545,15
TEdd_Mean,7,0.4483777371155707,0.04779,-1.6666702079210545,1.6666702079210545,15
TEdd_Mean,7.25,0.40829844768312695,0.04779,-1.6666702079210545,1.6666702079210545,15
TEdd_Mean,7.5,0.37117442747411167,0.04779,-1.6666702079210545,1.6666702079210545,15
TEdd_Mean,7.75,0.3367656011461656,0.04779,-1.6666702079210545,1.6666702079210545,15
TEdd_Mean,8,0.304847902749096,0.04779,-1.6666702079210545,1.6666702079210545,15
TEdd_Mean,8.25,0.27521729483850094,0.04779,-1.6666702079210545,1.6666702079210545,15
TEdd_Mean,8.5,0.24769705031282235,0.04779,-1.6666702079210545,1.6666702079210545,15
TEdd_Mean,8.75,0.22216577936425064,0.04779,-1.6666702079210545,1.6666702079210545,15
TEdd_Mean,9,0.1985852142812086,0.04779,-1.6666702079210545,1.6666702079210545,15
TEdd_Mean,9.25,0.1769579987711868,0.04779,-1.6666702079210545,1.6666702079210545,15
TEdd_Mean,9.5,0.15725639409146272,0.04779,-1.6666702079210545,1.6666702079210545,15
TEdd_Mean,9.75,0.13941015877476817,0.04779,-1.6666702079210545,1.6666702079210545,15
TEdd_Mean,10,0.12331991915578734,0.04779,-1.6666702079210545,1.6666702079210545,15
TEdd_Mean,10.25,0.10886894197233825,0.04779,-1.6666702079210545,1.6666702079210545,15
TEdd_Mean,10.5,0.09593233538715774,0.04779,-1.6666702079210545,1.6666702079210545,15
TEdd_Mean,10.75,0.08438258000689002,0.04779,-1.6666702079210545,1.6666702079210545,15
TEdd_Mean,11,0.07409617626614422,0.04779,-1.6666702079210545,1.6666702079210545,15
TEdd_Mean,11.25,0.06495659031640014,0.04779,-1.6666702079210545,1.6666702079210545,15
TEdd_Mean,11.5,0.05685351092923191,0.04779,-1.6666702079210545,1.6666702079210545,15
TEdd_Mean,11.75,0.04968133151439606,0.04779,-1.6666702079210545,1.6666702079210545,15
TEdd_Mean,12,0.04334274956257564,0.04779,-1.6666702079210545,1.6666702079210545,15
TEdd_Mean,6,2.8684846236011836,0.09121,-1.3333407702662026,1.3333407702662026,14
TEdd_Mean,6.25,2.6925307743774596,0.09121,-1.3333407702662026,1.3333407702662026,14
TEdd_Mean,6.5,2.525907605805503,0.09121,-1.3333407702662026,1.3333407702662026,14
TEdd_Mean,6.75,2.3680874119468767,0.09121,-1.3333407702662026,1.3333407702662026,14
TEdd_Mean,7,2.218484442507203,0.09121,-1.3333407702662026,1.3333407702662026,14
TEdd_Mean,7.25,2.0764613163407906,0.09121,-1.3333407702662026,1.3333407702662026,14
TEdd_Mean,7.5,1.9413313685050775,0.09121,-1.3333407702662026,1.3333407702662026,14
TEdd_Mean,7.75,1.812469562495034,0.09121,-1.3333407702662026,1.3333407702662026,14
TEdd_Mean,8,1.6892639878441293,0.09121,-1.3333407702662026,1.3333407702662026,14
TEdd_Mean,8.25,1.5711408023108429,0.09121,-1.3333407702662026,1.3333407702662026,14
TEdd_Mean,8.5,1.4576138370345308,0.09121,-1.3333407702662026,1.3333407702662026,14
TEdd_Mean,8.75,1.348471220505299,0.09121,-1.3333407702662026,1.3333407702662026,14
TEdd_Mean,9,1.2439994858108927,0.09121,-1.3333407702662026,1.3333407702662026,14
TEdd_Mean,9.25,1.144789458815727,0.09121,-1.3333407702662026,1.3333407702662026,14
TEdd_Mean,9.5,1.0513011001955055,0.09121,-1.3333407702662026,1.3333407702662026,14
TEdd_Mean,9.75,0.963752433544939,0.09121,-1.3333407702662026,1.3333407702662026,14
TEdd_Mean,10,0.8821709766952298,0.09121,-1.3333407702662026,1.3333407702662026,14
TEdd_Mean,10.25,0.8064457384846893,0.09121,-1.3333407702662026,1.3333407702662026,14
TEdd_Mean,10.5,0.736372067237459,0.09121,-1.3333407702662026,1.3333407702662026,14
TEdd_Mean,10.75,0.6716788738892074,0.09121,-1.3333407702662026,1.3333407702662026,14
TEdd_Mean,11,0.6120722206788248,0.09121,-1.3333407702662026,1.3333407702662026,14
TEdd_Mean,11.25,0.5572570652317376,0.09121,-1.3333407702662026,1.3333407702662026,14
TEdd_Mean,11.5,0.506931069858537,0.09121,-1.3333407702662026,1.3333407702662026,14
TEdd_Mean,11.75,0.46077025120245113,0.09121,-1.3333407702662026,1.3333407702662026,14
TEdd_Mean,12,0.4184601467789153,0.09121,-1.3333407702662026,1.3333407702662026,14
TEdd_Mean,6,5.254218781897258,0.15866,-0.9999803859660789,0.9999803859660789,13
TEdd_Mean,6.25,4.9775200277888905,0.15866,-0.9999803859660789,0.9999803859660789,13
TEdd_Mean,6.5,4.7135092138699495,0.15866,-0.9999803859660789,0.9999803859660789,13
TEdd_Mean,6.75,4.46147655370739,0.15866,-0.9999803859660789,0.9999803859660789,13
TEdd_Mean,7,4.220580777468046,0.15866,-0.9999803859660789,0.9999803859660789,13
TEdd_Mean,7.25,3.9898546548459617,0.15866,-0.9999803859660789,0.9999803859660789,13
TEdd_Mean,7.5,3.768202506339016,0.15866,-0.9999803859660789,0.9999803859660789,13
TEdd_Mean,7.75,3.5546115223798607,0.15866,-0.9999803859660789,0.9999803859660789,13
TEdd_Mean,8,3.3480576727773648,0.15866,-0.9999803859660789,0.9999803859660789,13
TEdd_Mean,8.25,3.14755363829161,0.15866,-0.9999803859660789,0.9999803859660789,13
TEdd_Mean,8.5,2.9522502968607993,0.15866,-0.9999803859660789,0.9999803859660789,13
TEdd_Mean,8.75,2.76182702232285,0.15866,-0.9999803859660789,0.9999803859660789,13
TEdd_Mean,9,2.5769893885681743,0.15866,-0.9999803859660789,0.9999803859660789,13
TEdd_Mean,9.25,2.399120794301892,0.15866,-0.9999803859660789,0.9999803859660789,13
TEdd_Mean,9.5,2.229395723579238,0.15866,-0.9999803859660789,0.9999803859660789,13
TEdd_Mean,9.75,2.068528712409133,0.15866,-0.9999803859660789,0.9999803859660789,13
TEdd_Mean,10,1.9168591935722306,0.15866,-0.9999803859660789,0.9999803859660789,13
TEdd_Mean,10.25,1.7744432100832426,0.15866,-0.9999803859660789,0.9999803859660789,13
TEdd_Mean,10.5,1.6411356258990886,0.15866,-0.9999803859660789,0.9999803859660789,13
TEdd_Mean,10.75,1.5166389899846402,0.15866,-0.9999803859660789,0.9999803859660789,13
TEdd_Mean,11,1.4005936641213266,0.15866,-0.9999803859660789,0.9999803859660789,13
TEdd_Mean,11.25,1.292623876590365,0.15866,-0.9999803859660789,0.9999803859660789,13
TEdd_Mean,11.5,1.1923214357998153,0.15866,-0.9999803859660789,0.9999803859660789,13
TEdd_Mean,11.75,1.0992088295415656,0.15866,-0.9999803859660789,0.9999803859660789,13
TEdd_Mean,12,1.0128087279305344,0.15866,-0.9999803859660789,0.9999803859660789,13
TEdd_Mean,6,8.207379620556535,0.25249,-0.6666746102242979,0.6666746102242979,12
TEdd_Mean,6.25,7.823683323674221,0.25249,-0.6666746102242979,0.6666746102242979,12
TEdd_Mean,6.5,7.455786190567854,0.25249,-0.6666746102242979,0.6666746102242979,12
TEdd_Mean,6.75,7.10278176321515,0.25249,-0.6666746102242979,0.6666746102242979,12
TEdd_Mean,7,6.763534631480549,0.25249,-0.6666746102242979,0.6666746102242979,12
TEdd_Mean,7.25,6.436681491892528,0.25249,-0.6666746102242979,0.6666746102242979,12
TEdd_Mean,7.5,6.120618690819082,0.25249,-0.6666746102242979,0.6666746102242979,12
TEdd_Mean,7.75,5.813840016584238,0.25249,-0.6666746102242979,0.6666746102242979,12
TEdd_Mean,8,5.5147825906748285,0.25249,-0.6666746102242979,0.6666746102242979,12
TEdd_Mean,8.25,5.221902681242891,0.25249,-0.6666746102242979,0.6666746102242979,12
TEdd_Mean,8.5,4.933844737462631,0.25249,-0.6666746102242979,0.6666746102242979,12
TEdd_Mean,8.75,4.650105728724515,0.25249,-0.6666746102242979,0.6666746102242979,12
TEdd_Mean,9,4.371915471073695,0.25249,-0.6666746102242979,0.6666746102242979,12
TEdd_Mean,9.25,4.101706810988071,0.25249,-0.6666746102242979,0.6666746102242979,12
TEdd_Mean,9.5,3.841630804201848,0.25249,-0.6666746102242979,0.6666746102242979,12
TEdd_Mean,9.75,3.5931099478998236,0.25249,-0.6666746102242979,0.6666746102242979,12
TEdd_Mean,10,3.3569592361268272,0.25249,-0.6666746102242979,0.6666746102242979,12
TEdd_Mean,10.25,3.1335243595601763,0.25249,-0.6666746102242979,0.6666746102242979,12
TEdd_Mean,10.5,2.922809137187249,0.25249,-0.6666746102242979,0.6666746102242979,12
TEdd_Mean,10.75,2.7245495178086196,0.25249,-0.6666746102242979,0.6666746102242979,12
TEdd_Mean,11,2.5383660831037655,0.25249,-0.6666746102242979,0.6666746102242979,12
TEdd_Mean,11.25,2.363843193563405,0.25249,-0.6666746102242979,0.6666746102242979,12
TEdd_Mean,11.5,2.200496808674024,0.25249,-0.6666746102242979,0.6666746102242979,12
TEdd_Mean,11.75,2.0477023461261954,0.25249,-0.6666746102242979,0.6666746102242979,12
TEdd_Mean,12,1.904817799501248,0.25249,-0.6666746102242979,0.6666746102242979,12
TEdd_Mean,6,11.88528603643275,0.36944,-0.33333688458431254,0.33333688458431254,11
TEdd_Mean,6.25,11.383530964892739,0.36944,-0.33333688458431254,0.33333688458431254,11
TEdd_Mean,6.5,10.900690174823513,0.36944,-0.33333688458431254,0.33333688458431254,11
TEdd_Mean,6.75,10.435630385149537,0.36944,-0.33333688458431254,0.33333688458431254,11
TEdd_Mean,7,9.986862274895504,0.36944,-0.33333688458431254,0.33333688458431254,11
TEdd_Mean,7.25,9.552532901051158,0.36944,-0.33333688458431254,0.33333688458431254,11
TEdd_Mean,7.5,9.130397099692486,0.36944,-0.33333688458431254,0.33333688458431254,11
TEdd_Mean,7.75,8.718314400561878,0.36944,-0.33333688458431254,0.33333688458431254,11
TEdd_Mean,8,8.314016664537283,0.36944,-0.33333688458431254,0.33333688458431254,11
TEdd_Mean,8.25,7.915217672373153,0.36944,-0.33333688458431254,0.33333688458431254,11
TEdd_Mean,8.5,7.519868787992489,0.36944,-0.33333688458431254,0.33333688458431254,11
TEdd_Mean,8.75,7.127183986963256,0.36944,-0.33333688458431254,0.33333688458431254,11
TEdd_Mean,9,6.7390368805556635,0.36944,-0.33333688458431254,0.33333688458431254,11
TEdd_Mean,9.25,6.359215003827879,0.36944,-0.33333688458431254,0.33333688458431254,11
TEdd_Mean,9.5,5.991155804816869,0.36944,-0.33333688458431254,0.33333688458431254,11
TEdd_Mean,9.75,5.637235987154099,0.36944,-0.33333688458431254,0.33333688458431254,11
TEdd_Mean,10,5.298932992088704,0.36944,-0.33333688458431254,0.33333688458431254,11
TEdd_Mean,10.25,4.97701856196062,0.36944,-0.33333688458431254,0.33333688458431254,11
TEdd_Mean,10.5,4.671741409569544,0.36944,-0.33333688458431254,0.33333688458431254,11
TEdd_Mean,10.75,4.382930822348124,0.36944,-0.33333688458431254,0.33333688458431254,11
TEdd_Mean,11,4.110231233531132,0.36944,-0.33333688458431254,0.33333688458431254,11
TEdd_Mean,11.25,3.853225429148463,0.36944,-0.33333688458431254,0.33333688458431254,11
TEdd_Mean,11.5,3.611379308122075,0.36944,-0.33333688458431254,0.33333688458431254,11
TEdd_Mean,11.75,3.383918604341148,0.36944,-0.33333688458431254,0.33333688458431254,11
TEdd_Mean,12,3.170024457158729,0.36944,-0.33333688458431254,0.33333688458431254,11
TEdd_Mean,6,16.401511089735042,0.5,0,-0,10
TEdd_Mean,6.25,15.768716388545702,0.5,0,-0,10
TEdd_Mean,6.5,15.158042777286797,0.5,0,-0,10
TEdd_Mean,6.75,14.568092110943647,0.5,0,-0,10
TEdd_Mean,7,13.996948888042095,0.5,0,-0,10
TEdd_Mean,7.25,13.44215911924583,0.5,0,-0,10
TEdd_Mean,7.5,12.900678307237914,0.5,0,-0,10
TEdd_Mean,7.75,12.369565068938257,0.5,0,-0,10
TEdd_Mean,8,11.845649208336065,0.5,0,-0,10
TEdd_Mean,8.25,11.325681624554685,0.5,0,-0,10
TEdd_Mean,8.5,10.806698412088778,0.5,0,-0,10
TEdd_Mean,8.75,10.287506878494113,0.5,0,-0,10
TEdd_Mean,9,9.77075528721275,0.5,0,-0,10
TEdd_Mean,9.25,9.261932412574202,0.5,0,-0,10
TEdd_Mean,9.5,8.766114834475648,0.5,0,-0,10
TEdd_Mean,9.75,8.286913328944381,0.5,0,-0,10
TEdd_Mean,10,7.8266795709285955,0.5,0,-0,10
TEdd_Mean,10.25,7.386765228004741,0.5,0,-0,10
TEdd_Mean,10.5,6.96777135141097,0.5,0,-0,10
TEdd_Mean,10.75,6.569686596625893,0.5,0,-0,10
TEdd_Mean,11,6.192226769544223,0.5,0,-0,10
TEdd_Mean,11.25,5.8350149218468275,0.5,0,-0,10
TEdd_Mean,11.5,5.497494593263268,0.5,0,-0,10
TEdd_Mean,11.75,5.178736500866776,0.5,0,-0,10
TEdd_Mean,12,4.87772851738469,0.5,0,-0,10
TEdd_Mean,6,21.848274509138264,0.63056,0.33333688458431254,-0.33333688458431254,9
TEdd_Mean,6.25,21.07039725362422,0.63056,0.33333688458431254,-0.33333688458431254,9
TEdd_Mean,6.5,20.317980154949314,0.63056,0.33333688458431254,-0.33333688458431254,9
TEdd_Mean,6.75,19.589316796255886,0.63056,0.33333688458431254,-0.33333688458431254,9
TEdd_Mean,7,18.881983936728165,0.63056,0.33333688458431254,-0.33333688458431254,9
TEdd_Mean,7.25,18.1928012358775,0.63056,0.33333688458431254,-0.33333688458431254,9
TEdd_Mean,7.5,17.5177475259009,0.63056,0.33333688458431254,-0.33333688458431254,9
TEdd_Mean,7.75,16.85289279634749,0.63056,0.33333688458431254,-0.33333688458431254,9
TEdd_Mean,8,16.193942794450436,0.63056,0.33333688458431254,-0.33333688458431254,9
TEdd_Mean,8.25,15.536436308125852,0.63056,0.33333688458431254,-0.33333688458431254,9
TEdd_Mean,8.5,14.876241815349202,0.63056,0.33333688458431254,-0.33333688458431254,9
TEdd_Mean,8.75,14.21161647918969,0.63056,0.33333688458431254,-0.33333688458431254,9
TEdd_Mean,9,13.546123663379113,0.63056,0.33333688458431254,-0.33333688458431254,9
TEdd_Mean,9.25,12.887335616653164,0.63056,0.33333688458431254,-0.33333688458431254,9
TEdd_Mean,9.5,12.242358423456373,0.63056,0.33333688458431254,-0.33333688458431254,9
TEdd_Mean,9.75,11.616346900438748,0.63056,0.33333688458431254,-0.33333688458431254,9
TEdd_Mean,10,11.012761642518582,0.63056,0.33333688458431254,-0.33333688458431254,9
TEdd_Mean,10.25,10.433704787566853,0.63056,0.33333688458431254,-0.33333688458431254,9
TEdd_Mean,10.5,9.88024877721524,0.63056,0.33333688458431254,-0.33333688458431254,9
TEdd_Mean,10.75,9.35261460760847,0.63056,0.33333688458431254,-0.33333688458431254,9
TEdd_Mean,11,8.850642001297446,0.63056,0.33333688458431254,-0.33333688458431254,9
TEdd_Mean,11.25,8.374040813523555,0.63056,0.33333688458431254,-0.33333688458431254,9
TEdd_Mean,11.5,7.9222631572356494,0.63056,0.33333688458431254,-0.33333688458431254,9
TEdd_Mean,11.75,7.494218521838359,0.63056,0.33333688458431254,-0.33333688458431254,9
TEdd_Mean,12,7.088682816100412,0.63056,0.33333688458431254,-0.33333688458431254,9
TEdd_Mean,6,28.302235437580748,0.74751,0.6666746102242979,-0.6666746102242979,8
TEdd_Mean,6.25,27.36449923935769,0.74751,0.6666746102242979,-0.6666746102242979,8
TEdd_Mean,6.5,26.455715719210946,0.74751,0.6666746102242979,-0.6666746102242979,8
TEdd_Mean,6.75,25.57382270423531,0.74751,0.6666746102242979,-0.6666746102242979,8
TEdd_Mean,7,24.715800267440006,0.74751,0.6666746102242979,-0.6666746102242979,8
TEdd_Mean,7.25,23.877605119029983,0.74751,0.6666746102242979,-0.6666746102242979,8
TEdd_Mean,7.5,23.054046022978238,0.74751,0.6666746102242979,-0.6666746102242979,8
TEdd_Mean,7.75,22.239999208005898,0.74751,0.6666746102242979,-0.6666746102242979,8
TEdd_Mean,8,21.429803410848365,0.74751,0.6666746102242979,-0.6666746102242979,8
TEdd_Mean,8.25,20.617512023485833,0.74751,0.6666746102242979,-0.6666746102242979,8
TEdd_Mean,8.5,19.797548357979238,0.74751,0.6666746102242979,-0.6666746102242979,8
TEdd_Mean,8.75,18.967459492681325,0.74751,0.6666746102242979,-0.6666746102242979,8
TEdd_Mean,9,18.131872738538828,0.74751,0.6666746102242979,-0.6666746102242979,8
TEdd_Mean,9.25,17.30085659809135,0.74751,0.6666746102242979,-0.6666746102242979,8
TEdd_Mean,9.5,16.483969343211598,0.74751,0.6666746102242979,-0.6666746102242979,8
TEdd_Mean,9.75,15.688245828338442,0.74751,0.6666746102242979,-0.6666746102242979,8
TEdd_Mean,10,14.918510238505826,0.74751,0.6666746102242979,-0.6666746102242979,8
TEdd_Mean,10.25,14.177800459334035,0.74751,0.6666746102242979,-0.6666746102242979,8
TEdd_Mean,10.5,13.467789820236641,0.74751,0.6666746102242979,-0.6666746102242979,8
TEdd_Mean,10.75,12.789011115780166,0.74751,0.6666746102242979,-0.6666746102242979,8
TEdd_Mean,11,12.141485366598028,0.74751,0.6666746102242979,-0.6666746102242979,8
TEdd_Mean,11.25,11.525060302559005,0.74751,0.6666746102242979,-0.6666746102242979,8
TEdd_Mean,11.5,10.939230803341573,0.74751,0.6666746102242979,-0.6666746102242979,8
TEdd_Mean,11.75,10.382738678324282,0.74751,0.6666746102242979,-0.6666746102242979,8
TEdd_Mean,12,9.854127717620118,0.74751,0.6666746102242979,-0.6666746102242979,8
TEdd_Mean,6,35.82669841345518,0.84134,0.9999803859660789,-0.9999803859660789,7
TEdd_Mean,6.25,34.713747716270284,0.84134,0.9999803859660789,-0.9999803859660789,7
TEdd_Mean,6.5,33.633407214303794,0.84134,0.9999803859660789,-0.9999803859660789,7
TEdd_Mean,6.75,32.58320829212124,0.84134,0.9999803859660789,-0.9999803859660789,7
TEdd_Mean,7,31.559439445871888,0.84134,0.9999803859660789,-0.9999803859660789,7
TEdd_Mean,7.25,30.557048664238682,0.84134,0.9999803859660789,-0.9999803859660789,7
TEdd_Mean,7.5,29.569468133883863,0.84134,0.9999803859660789,-0.9999803859660789,7
TEdd_Mean,7.75,28.590160968695695,0.84134,0.9999803859660789,-0.9999803859660789,7
TEdd_Mean,8,27.611838824183735,0.84134,0.9999803859660789,-0.9999803859660789,7
TEdd_Mean,8.25,26.62677677289486,0.84134,0.9999803859660789,-0.9999803859660789,7
TEdd_Mean,8.5,25.62765488449733,0.84134,0.9999803859660789,-0.9999803859660789,7
TEdd_Mean,8.75,24.61113697684989,0.84134,0.9999803859660789,-0.9999803859660789,7
TEdd_Mean,9,23.58307050949738,0.84134,0.9999803859660789,-0.9999803859660789,7
TEdd_Mean,9.25,22.556458665684726,0.84134,0.9999803859660789,-0.9999803859660789,7
TEdd_Mean,9.5,21.543761664540217,0.84134,0.9999803859660789,-0.9999803859660789,7
TEdd_Mean,9.75,20.55425224979811,0.84134,0.9999803859660789,-0.9999803859660789,7
TEdd_Mean,10,19.594389693486605,0.84134,0.9999803859660789,-0.9999803859660789,7
TEdd_Mean,10.25,18.668345364336766,0.84134,0.9999803859660789,-0.9999803859660789,7
TEdd_Mean,10.5,17.778531867565395,0.84134,0.9999803859660789,-0.9999803859660789,7
TEdd_Mean,10.75,16.92587885469608,0.84134,0.9999803859660789,-0.9999803859660789,7
TEdd_Mean,11,16.11065024255993,0.84134,0.9999803859660789,-0.9999803859660789,7
TEdd_Mean,11.25,15.332886642267592,0.84134,0.9999803859660789,-0.9999803859660789,7
TEdd_Mean,11.5,14.59216275603513,0.84134,0.9999803859660789,-0.9999803859660789,7
TEdd_Mean,11.75,13.887046233235004,0.84134,0.9999803859660789,-0.9999803859660789,7
TEdd_Mean,12,13.215827556826772,0.84134,0.9999803859660789,-0.9999803859660789,7
TEdd_Mean,6,44.47740299517847,0.90879,1.3333407702662026,-1.3333407702662026,6
TEdd_Mean,6.25,43.17330021635203,0.90879,1.3333407702662026,-1.3333407702662026,6
TEdd_Mean,6.5,41.90563827565052,0.90879,1.3333407702662026,-1.3333407702662026,6
TEdd_Mean,6.75,40.67148868230616,0.90879,1.3333407702662026,-1.3333407702662026,6
TEdd_Mean,7,39.466348334365136,0.90879,1.3333407702662026,-1.3333407702662026,6
TEdd_Mean,7.25,38.28400280479142,0.90879,1.3333407702662026,-1.3333407702662026,6
TEdd_Mean,7.5,37.11628988919931,0.90879,1.3333407702662026,-1.3333407702662026,6
TEdd_Mean,7.75,35.9550280401052,0.90879,1.3333407702662026,-1.3333407702662026,6
TEdd_Mean,8,34.791027143585794,0.90879,1.3333407702662026,-1.3333407702662026,6
TEdd_Mean,8.25,33.614474343449224,0.90879,1.3333407702662026,-1.3333407702662026,6
TEdd_Mean,8.5,32.41599108168865,0.90879,1.3333407702662026,-1.3333407702662026,6
TEdd_Mean,8.75,31.191173897391884,0.90879,1.3333407702662026,-1.3333407702662026,6
TEdd_Mean,9,29.94725363726293,0.90879,1.3333407702662026,-1.3333407702662026,6
TEdd_Mean,9.25,28.70062935255533,0.90879,1.3333407702662026,-1.3333407702662026,6
TEdd_Mean,9.5,27.467136798577574,0.90879,1.3333407702662026,-1.3333407702662026,6
TEdd_Mean,9.75,26.25866363046075,0.90879,1.3333407702662026,-1.3333407702662026,6
TEdd_Mean,10,25.083590419887315,0.90879,1.3333407702662026,-1.3333407702662026,6
TEdd_Mean,10.25,23.947430616643373,0.90879,1.3333407702662026,-1.3333407702662026,6
TEdd_Mean,10.5,22.853482218521837,0.90879,1.3333407702662026,-1.3333407702662026,6
TEdd_Mean,10.75,21.803161652815813,0.90879,1.3333407702662026,-1.3333407702662026,6
TEdd_Mean,11,20.797040965478146,0.90879,1.3333407702662026,-1.3333407702662026,6
TEdd_Mean,11.25,19.835412008381976,0.90879,1.3333407702662026,-1.3333407702662026,6
TEdd_Mean,11.5,18.91796876668466,0.90879,1.3333407702662026,-1.3333407702662026,6
TEdd_Mean,11.75,18.043098187436815,0.90879,1.3333407702662026,-1.3333407702662026,6
TEdd_Mean,12,17.20881534265883,0.90879,1.3333407702662026,-1.3333407702662026,6
TEdd_Mean,6,54.29724042742205,0.95221,1.6666702079210545,-1.6666702079210545,5
TEdd_Mean,6.25,52.78559586675484,0.95221,1.6666702079210545,-1.6666702079210545,5
TEdd_Mean,6.5,51.314399695055236,0.95221,1.6666702079210545,-1.6666702079210545,5
TEdd_Mean,6.75,49.880208065624004,0.95221,1.6666702079210545,-1.6666702079210545,5
TEdd_Mean,7,48.477622377806426,0.95221,1.6666702079210545,-1.6666702079210545,5
TEdd_Mean,7.25,47.099106075294486,0.95221,1.6666702079210545,-1.6666702079210545,5
TEdd_Mean,7.5,45.73467614217565,0.95221,1.6666702079210545,-1.6666702079210545,5
TEdd_Mean,7.75,44.37426555410906,0.95221,1.6666702079210545,-1.6666702079210545,5
TEdd_Mean,8,43.00649663620798,0.95221,1.6666702079210545,-1.6666702079210545,5
TEdd_Mean,8.25,41.619146341940976,0.95221,1.6666702079210545,-1.6666702079210545,5
TEdd_Mean,8.5,40.20044901974414,0.95221,1.6666702079210545,-1.6666702079210545,5
TEdd_Mean,8.75,38.74474184254559,0.95221,1.6666702079210545,-1.6666702079210545,5
TEdd_Mean,9,37.26080794594814,0.95221,1.6666702079210545,-1.6666702079210545,5
TEdd_Mean,9.25,35.76892112832573,0.95221,1.6666702079210545,-1.6666702079210545,5
TEdd_Mean,9.5,34.28878473830051,0.95221,1.6666702079210545,-1.6666702079210545,5
TEdd_Mean,9.75,32.83529322415764,0.95221,1.6666702079210545,-1.6666702079210545,5
TEdd_Mean,10,31.419046083694113,0.95221,1.6666702079210545,-1.6666702079210545,5
TEdd_Mean,10.25,30.047115881824215,0.95221,1.6666702079210545,-1.6666702079210545,5
TEdd_Mean,10.5,28.723838142033685,0.95221,1.6666702079210545,-1.6666702079210545,5
TEdd_Mean,10.75,27.45120979365982,0.95221,1.6666702079210545,-1.6666702079210545,5
TEdd_Mean,11,26.230179099454034,0.95221,1.6666702079210545,-1.6666702079210545,5
TEdd_Mean,11.25,25.061350132044424,0.95221,1.6666702079210545,-1.6666702079210545,5
TEdd_Mean,11.5,23.94457750169111,0.95221,1.6666702079210545,-1.6666702079210545,5
TEdd_Mean,11.75,22.878060909794694,0.95221,1.6666702079210545,-1.6666702079210545,5
TEdd_Mean,12,21.859517261700777,0.95221,1.6666702079210545,-1.6666702079210545,5
TEdd_Mean,6,65.32483240258355,0.97725,2.0000024438996027,-2.0000024438996027,4
TEdd_Mean,6.25,63.588765721228825,0.97725,2.0000024438996027,-2.0000024438996027,4
TEdd_Mean,6.5,61.89733587048268,0.97725,2.0000024438996027,-2.0000024438996027,4
TEdd_Mean,6.75,60.24652634215008,0.97725,2.0000024438996027,-2.0000024438996027,4
TEdd_Mean,7,58.629935694616144,0.97725,2.0000024438996027,-2.0000024438996027,4
TEdd_Mean,7.25,57.038540214917695,0.97725,2.0000024438996027,-2.0000024438996027,4
TEdd_Mean,7.5,55.46030209535972,0.97725,2.0000024438996027,-2.0000024438996027,4
TEdd_Mean,7.75,53.88301994586263,0.97725,2.0000024438996027,-2.0000024438996027,4
TEdd_Mean,8,52.292833128226526,0.97725,2.0000024438996027,-2.0000024438996027,4
TEdd_Mean,8.25,50.67477527166163,0.97725,2.0000024438996027,-2.0000024438996027,4
TEdd_Mean,8.5,49.0143540381951,0.97725,2.0000024438996027,-2.0000024438996027,4
TEdd_Mean,8.75,47.304448543489244,0.97725,2.0000024438996027,-2.0000024438996027,4
TEdd_Mean,9,45.55556859862253,0.97725,2.0000024438996027,-2.0000024438996027,4
TEdd_Mean,9.25,43.79235755824615,0.97725,2.0000024438996027,-2.0000024438996027,4
TEdd_Mean,9.5,42.03889487322249,0.97725,2.0000024438996027,-2.0000024438996027,4
TEdd_Mean,9.75,40.313486824381435,0.97725,2.0000024438996027,-2.0000024438996027,4
TEdd_Mean,10,38.629259504116185,0.97725,2.0000024438996027,-2.0000024438996027,4
TEdd_Mean,10.25,36.995068994575114,0.97725,2.0000024438996027,-2.0000024438996027,4
TEdd_Mean,10.5,35.41644568578848,0.97725,2.0000024438996027,-2.0000024438996027,4
TEdd_Mean,10.75,33.89606399029414,0.97725,2.0000024438996027,-2.0000024438996027,4
TEdd_Mean,11,32.435318875603926,0.97725,2.0000024438996027,-2.0000024438996027,4
TEdd_Mean,11.25,31.035189783450907,0.97725,2.0000024438996027,-2.0000024438996027,4
TEdd_Mean,11.5,29.695734801307974,0.97725,2.0000024438996027,-2.0000024438996027,4
TEdd_Mean,11.75,28.414959731639875,0.97725,2.0000024438996027,-2.0000024438996027,4
TEdd_Mean,12,27.190259894441535,0.97725,2.0000024438996027,-2.0000024438996027,4
TEdd_Mean,6,77.5849544860019,0.99018,2.3331552225672416,-2.3331552225672416,3
TEdd_Mean,6.25,75.6072773148347,0.99018,2.3331552225672416,-2.3331552225672416,3
TEdd_Mean,6.5,73.67860700969334,0.99018,2.3331552225672416,-2.3331552225672416,3
TEdd_Mean,6.75,71.79429598202915,0.99018,2.3331552225672416,-2.3331552225672416,3
TEdd_Mean,7,69.94683045491944,0.99018,2.3331552225672416,-2.3331552225672416,3
TEdd_Mean,7.25,68.1255311774645,0.99018,2.3331552225672416,-2.3331552225672416,3
TEdd_Mean,7.5,66.31606677640184,0.99018,2.3331552225672416,-2.3331552225672416,3
TEdd_Mean,7.75,64.50384748906238,0.99018,2.3331552225672416,-2.3331552225672416,3
TEdd_Mean,8,62.6722282160733,0.99018,2.3331552225672416,-2.3331552225672416,3
TEdd_Mean,8.25,60.803159237751075,0.99018,2.3331552225672416,-2.3331552225672416,3
TEdd_Mean,8.5,58.879074902736214,0.99018,2.3331552225672416,-2.3331552225672416,3
TEdd_Mean,8.75,56.89119346847726,0.99018,2.3331552225672416,-2.3331552225672416,3
TEdd_Mean,9,54.85192946525813,0.99018,2.3331552225672416,-2.3331552225672416,3
TEdd_Mean,9.25,52.790800964809115,0.99018,2.3331552225672416,-2.3331552225672416,3
TEdd_Mean,9.5,50.73678270271329,0.99018,2.3331552225672416,-2.3331552225672416,3
TEdd_Mean,9.75,48.712006379680474,0.99018,2.3331552225672416,-2.3331552225672416,3
TEdd_Mean,10,46.73243888866469,0.99018,2.3331552225672416,-2.3331552225672416,3
TEdd_Mean,10.25,44.80894904292963,0.99018,2.3331552225672416,-2.3331552225672416,3
TEdd_Mean,10.5,42.94842285728256,0.99018,2.3331552225672416,-2.3331552225672416,3
TEdd_Mean,10.75,41.154311367353976,0.99018,2.3331552225672416,-2.3331552225672416,3
TEdd_Mean,11,39.42852833623057,0.99018,2.3331552225672416,-2.3331552225672416,3
TEdd_Mean,11.25,37.77249316715051,0.99018,2.3331552225672416,-2.3331552225672416,3
TEdd_Mean,11.5,36.186511291249126,0.99018,2.3331552225672416,-2.3331552225672416,3
TEdd_Mean,11.75,34.66838793551597,0.99018,2.3331552225672416,-2.3331552225672416,3
TEdd_Mean,12,33.21517303733328,0.99018,2.3331552225672416,-2.3331552225672416,3
TEdd_Mean,6,91.12669474780472,0.99617,2.6667000630340683,-2.6667000630340683,2
TEdd_Mean,6.25,88.88937108269558,0.99617,2.6667000630340683,-2.6667000630340683,2
TEdd_Mean,6.5,86.70561662006031,0.99617,2.6667000630340683,-2.6667000630340683,2
TEdd_Mean,6.75,84.57009190595205,0.99617,2.6667000630340683,-2.6667000630340683,2
TEdd_Mean,7,82.47405699717423,0.99617,2.6667000630340683,-2.6667000630340683,2
TEdd_Mean,7.25,80.40500214541345,0.99617,2.6667000630340683,-2.6667000630340683,2
TEdd_Mean,7.5,78.34605441116244,0.99617,2.6667000630340683,-2.6667000630340683,2
TEdd_Mean,7.75,76.27997196614533,0.99617,2.6667000630340683,-2.6667000630340683,2
TEdd_Mean,8,74.18701237543911,0.99617,2.6667000630340683,-2.6667000630340683,2
TEdd_Mean,8.25,72.04568986384041,0.99617,2.6667000630340683,-2.6667000630340683,2
TEdd_Mean,8.5,69.83500611147855,0.99617,2.6667000630340683,-2.6667000630340683,2
TEdd_Mean,8.75,67.54430870718612,0.99617,2.6667000630340683,-2.6667000630340683,2
TEdd_Mean,9,65.1881025754762,0.99617,2.6667000630340683,-2.6667000630340683,2
TEdd_Mean,9.25,62.801305620124324,0.99617,2.6667000630340683,-2.6667000630340683,2
TEdd_Mean,9.5,60.41832724562865,0.99617,2.6667000630340683,-2.6667000630340683,2
TEdd_Mean,9.75,58.06555408957996,0.99617,2.6667000630340683,-2.6667000630340683,2
TEdd_Mean,10,55.762120014933004,0.99617,2.6667000630340683,-2.6667000630340683,2
TEdd_Mean,10.25,53.52114438541564,0.99617,2.6667000630340683,-2.6667000630340683,2
TEdd_Mean,10.5,51.35103552347359,0.99617,2.6667000630340683,-2.6667000630340683,2
TEdd_Mean,10.75,49.25612377264387,0.99617,2.6667000630340683,-2.6667000630340683,2
TEdd_Mean,11,47.238916266010456,0.99617,2.6667000630340683,-2.6667000630340683,2
TEdd_Mean,11.25,45.301339120046904,0.99617,2.6667000630340683,-2.6667000630340683,2
TEdd_Mean,11.5,43.44399033196751,0.99617,2.6667000630340683,-2.6667000630340683,2
TEdd_Mean,11.75,41.66446735674952,0.99617,2.6667000630340683,-2.6667000630340683,2
TEdd_Mean,12,39.95944981172173,0.99617,2.6667000630340683,-2.6667000630340683,2
TEdd_Mean,6,105.94672873981851,0.99865,2.999976992703401,-2.999976992703401,1
TEdd_Mean,6.25,103.43183948398642,0.99865,2.999976992703401,-2.999976992703401,1
TEdd_Mean,6.5,100.97526822768396,0.99865,2.999976992703401,-2.999976992703401,1
TEdd_Mean,6.75,98.57092317428717,0.99865,2.999976992703401,-2.999976992703401,1
TEdd_Mean,7,96.20872480357457,0.99865,2.999976992703401,-2.999976992703401,1
TEdd_Mean,7.25,93.8741584524073,0.99865,2.999976992703401,-2.999976992703401,1
TEdd_Mean,7.5,91.54756229625511,0.99865,2.999976992703401,-2.999976992703401,1
TEdd_Mean,7.75,89.20877943238976,0.99865,2.999976992703401,-2.999976992703401,1
TEdd_Mean,8,86.83465797923307,0.99865,2.999976992703401,-2.999976992703401,1
TEdd_Mean,8.25,84.399924219897,0.99865,2.999976992703401,-2.999976992703401,1
TEdd_Mean,8.5,81.87978861951397,0.99865,2.999976992703401,-2.999976992703401,1
TEdd_Mean,8.75,79.26151876173843,0.99865,2.999976992703401,-2.999976992703401,1
TEdd_Mean,9,76.5618952929769,0.99865,2.999976992703401,-2.999976992703401,1
TEdd_Mean,9.25,73.82176006021936,0.99865,2.999976992703401,-2.999976992703401,1
TEdd_Mean,9.5,71.08149555615402,0.99865,2.999976992703401,-2.999976992703401,1
TEdd_Mean,9.75,68.37217218653484,0.99865,2.999976992703401,-2.999976992703401,1
TEdd_Mean,10,65.71641651204042,0.99865,2.999976992703401,-2.999976992703401,1
TEdd_Mean,10.25,63.1298360210326,0.99865,2.999976992703401,-2.999976992703401,1
TEdd_Mean,10.5,60.62252793089565,0.99865,2.999976992703401,-2.999976992703401,1
TEdd_Mean,10.75,58.19980460964026,0.99865,2.999976992703401,-2.999976992703401,1
TEdd_Mean,11,55.86484121663605,0.99865,2.999976992703401,-2.999976992703401,1
TEdd_Mean,11.25,53.62013742162082,0.99865,2.999976992703401,-2.999976992703401,1
TEdd_Mean,11.5,51.46662913044168,0.99865,2.999976992703401,-2.999976992703401,1
TEdd_Mean,11.75,49.401699042411174,0.99865,2.999976992703401,-2.999976992703401,1
TEdd_Mean,12,47.42163175369557,0.99865,2.999976992703401,-2.999976992703401,1
PercDevAbs_TR_2,6,4.546122875509186e-5,0.00135,-2.999976992703393,2.999976992703393,19
PercDevAbs_TR_2,6.25,5.332936507476396e-5,0.00135,-2.999976992703393,2.999976992703393,19
PercDevAbs_TR_2,6.5,6.256340761836741e-5,0.00135,-2.999976992703393,2.999976992703393,19
PercDevAbs_TR_2,6.75,7.339595908662002e-5,0.00135,-2.999976992703393,2.999976992703393,19
PercDevAbs_TR_2,7,8.609750478260627e-5,0.00135,-2.999976992703393,2.999976992703393,19
PercDevAbs_TR_2,7.25,1.0098219046995654e-4,0.00135,-2.999976992703393,2.999976992703393,19
PercDevAbs_TR_2,7.5,1.1841427974741486e-4,0.00135,-2.999976992703393,2.999976992703393,19
PercDevAbs_TR_2,7.75,1.3881527795499155e-4,0.00135,-2.999976992703393,2.999976992703393,19
PercDevAbs_TR_2,8,1.626718266909361e-4,0.00135,-2.999976992703393,2.999976992703393,19
PercDevAbs_TR_2,8.25,1.9054459592674427e-4,0.00135,-2.999976992703393,2.999976992703393,19
PercDevAbs_TR_2,8.5,2.2307838348102898e-4,0.00135,-2.999976992703393,2.999976992703393,19
PercDevAbs_TR_2,8.75,2.6101318298615795e-4,0.00135,-2.999976992703393,2.999976992703393,19
PercDevAbs_TR_2,9,3.05195768386425e-4,0.00135,-2.999976992703393,2.999976992703393,19
PercDevAbs_TR_2,9.25,3.5659284808867164e-4,0.00135,-2.999976992703393,2.999976992703393,19
PercDevAbs_TR_2,9.5,4.1630657590232303e-4,0.00135,-2.999976992703393,2.999976992703393,19
PercDevAbs_TR_2,9.75,4.855908988325503e-4,0.00135,-2.999976992703393,2.999976992703393,19
PercDevAbs_TR_2,10,5.658676216653624e-4,0.00135,-2.999976992703393,2.999976992703393,19
PercDevAbs_TR_2,10.25,6.587432273828957e-4,0.00135,-2.999976992703393,2.999976992703393,19
PercDevAbs_TR_2,10.5,7.660269191563512e-4,0.00135,-2.999976992703393,2.999976992703393,19
PercDevAbs_TR_2,10.75,8.897500362160229e-4,0.00135,-2.999976992703393,2.999976992703393,19
PercDevAbs_TR_2,11,0.0010321868236594716,0.00135,-2.999976992703393,2.999976992703393,19
PercDevAbs_TR_2,11.25,0.0011958752883230196,0.00135,-2.999976992703393,2.999976992703393,19
PercDevAbs_TR_2,11.5,0.0013836370808078106,0.00135,-2.999976992703393,2.999976992703393,19
PercDevAbs_TR_2,11.75,0.00159859628430627,0.00135,-2.999976992703393,2.999976992703393,19
PercDevAbs_TR_2,12,0.0018441991876247846,0.00135,-2.999976992703393,2.999976992703393,19
PercDevAbs_TR_2,6,0.0026000272638287184,0.00383,-2.6667000630340683,2.6667000630340683,18
PercDevAbs_TR_2,6.25,0.0029550082140740105,0.00383,-2.6667000630340683,2.6667000630340683,18
PercDevAbs_TR_2,6.5,0.003355677712426604,0.00383,-2.6667000630340683,2.6667000630340683,18
PercDevAbs_TR_2,6.75,0.0038072585636461497,0.00383,-2.6667000630340683,2.6667000630340683,18
PercDevAbs_TR_2,7,0.004315446005272901,0.00383,-2.6667000630340683,2.6667000630340683,18
PercDevAbs_TR_2,7.25,0.004886432994474937,0.00383,-2.6667000630340683,2.6667000630340683,18
PercDevAbs_TR_2,7.5,0.005526930134455894,0.00383,-2.6667000630340683,2.6667000630340683,18
PercDevAbs_TR_2,7.75,0.006244177379656539,0.00383,-2.6667000630340683,2.6667000630340683,18
PercDevAbs_TR_2,8,0.007045949841374167,0.00383,-2.6667000630340683,2.6667000630340683,18
PercDevAbs_TR_2,8.25,0.007940563047968707,0.00383,-2.6667000630340683,2.6667000630340683,18
PercDevAbs_TR_2,8.5,0.008936880670990632,0.00383,-2.6667000630340683,2.6667000630340683,18
PercDevAbs_TR_2,8.75,0.010044313469744043,0.00383,-2.6667000630340683,2.6667000630340683,18
PercDevAbs_TR_2,9,0.011272795560916177,0.00383,-2.6667000630340683,2.6667000630340683,18
PercDevAbs_TR_2,9.25,0.012632769931881614,0.00383,-2.6667000630340683,2.6667000630340683,18
PercDevAbs_TR_2,9.5,0.014135197622674782,0.00383,-2.6667000630340683,2.6667000630340683,18
PercDevAbs_TR_2,9.75,0.01579154312582613,0.00383,-2.6667000630340683,2.6667000630340683,18
PercDevAbs_TR_2,10,0.017613714733932334,0.00383,-2.6667000630340683,2.6667000630340683,18
PercDevAbs_TR_2,10.25,0.019613995222445495,0.00383,-2.6667000630340683,2.6667000630340683,18
PercDevAbs_TR_2,10.5,0.021804975811934753,0.00383,-2.6667000630340683,2.6667000630340683,18
PercDevAbs_TR_2,10.75,0.024199495397434427,0.00383,-2.6667000630340683,2.6667000630340683,18
PercDevAbs_TR_2,11,0.026810584441958794,0.00383,-2.6667000630340683,2.6667000630340683,18
PercDevAbs_TR_2,11.25,0.029651390487144567,0.00383,-2.6667000630340683,2.6667000630340683,18
PercDevAbs_TR_2,11.5,0.03273507538958963,0.00383,-2.6667000630340683,2.6667000630340683,18
PercDevAbs_TR_2,11.75,0.03607469593021565,0.00383,-2.6667000630340683,2.6667000630340683,18
PercDevAbs_TR_2,12,0.03968311046300325,0.00383,-2.6667000630340683,2.6667000630340683,18
PercDevAbs_TR_2,6,0.05060357180052712,0.00982,-2.3331552225672434,2.3331552225672434,17
PercDevAbs_TR_2,6.25,0.055284050518724634,0.00982,-2.3331552225672434,2.3331552225672434,17
PercDevAbs_TR_2,6.5,0.06032321471295512,0.00982,-2.3331552225672434,2.3331552225672434,17
PercDevAbs_TR_2,6.75,0.06573856480764223,0.00982,-2.3331552225672434,2.3331552225672434,17
PercDevAbs_TR_2,7,0.07154734383611672,0.00982,-2.3331552225672434,2.3331552225672434,17
PercDevAbs_TR_2,7.25,0.07776644942722269,0.00982,-2.3331552225672434,2.3331552225672434,17
PercDevAbs_TR_2,7.5,0.08441229784102734,0.00982,-2.3331552225672434,2.3331552225672434,17
PercDevAbs_TR_2,7.75,0.09150062929036236,0.00982,-2.3331552225672434,2.3331552225672434,17
PercDevAbs_TR_2,8,0.09904630774136057,0.00982,-2.3331552225672434,2.3331552225672434,17
PercDevAbs_TR_2,8.25,0.10706317356280312,0.00982,-2.3331552225672434,2.3331552225672434,17
PercDevAbs_TR_2,8.5,0.11556396779997838,0.00982,-2.3331552225672434,2.3331552225672434,17
PercDevAbs_TR_2,8.75,0.1245602231559407,0.00982,-2.3331552225672434,2.3331552225672434,17
PercDevAbs_TR_2,9,0.1340620230019086,0.00982,-2.3331552225672434,2.3331552225672434,17
PercDevAbs_TR_2,9.25,0.14407792112068557,0.00982,-2.3331552225672434,2.3331552225672434,17
PercDevAbs_TR_2,9.5,0.1546150873911289,0.00982,-2.3331552225672434,2.3331552225672434,17
PercDevAbs_TR_2,9.75,0.1656792846613405,0.00982,-2.3331552225672434,2.3331552225672434,17
PercDevAbs_TR_2,10,0.1772745912049176,0.00982,-2.3331552225672434,2.3331552225672434,17
PercDevAbs_TR_2,10.25,0.1894031730185348,0.00982,-2.3331552225672434,2.3331552225672434,17
PercDevAbs_TR_2,10.5,0.20206517789566508,0.00982,-2.3331552225672434,2.3331552225672434,17
PercDevAbs_TR_2,10.75,0.2152587253869828,0.00982,-2.3331552225672434,2.3331552225672434,17
PercDevAbs_TR_2,11,0.22897997329803504,0.00982,-2.3331552225672434,2.3331552225672434,17
PercDevAbs_TR_2,11.25,0.24322311437119373,0.00982,-2.3331552225672434,2.3331552225672434,17
PercDevAbs_TR_2,11.5,0.25798027139471047,0.00982,-2.3331552225672434,2.3331552225672434,17
PercDevAbs_TR_2,11.75,0.27324138234487044,0.00982,-2.3331552225672434,2.3331552225672434,17
PercDevAbs_TR_2,12,0.2889942839325616,0.00982,-2.3331552225672434,2.3331552225672434,17
PercDevAbs_TR_2,6,0.38181004660189144,0.02275,-2.000002443899604,2.000002443899604,16
PercDevAbs_TR_2,6.25,0.40287593195131105,0.02275,-2.000002443899604,2.000002443899604,16
PercDevAbs_TR_2,6.5,0.42465096763061294,0.02275,-2.000002443899604,2.000002443899604,16
PercDevAbs_TR_2,6.75,0.4471225510063256,0.02275,-2.000002443899604,2.000002443899604,16
PercDevAbs_TR_2,7,0.47027549205649116,0.02275,-2.000002443899604,2.000002443899604,16
PercDevAbs_TR_2,7.25,0.49409220819531624,0.02275,-2.000002443899604,2.000002443899604,16
PercDevAbs_TR_2,7.5,0.5185527154030097,0.02275,-2.000002443899604,2.000002443899604,16
PercDevAbs_TR_2,7.75,0.5436344130264709,0.02275,-2.000002443899604,2.000002443899604,16
PercDevAbs_TR_2,8,0.5693119470545598,0.02275,-2.000002443899604,2.000002443899604,16
PercDevAbs_TR_2,8.25,0.5955573196584426,0.02275,-2.000002443899604,2.000002443899604,16
PercDevAbs_TR_2,8.5,0.6223402454032477,0.02275,-2.000002443899604,2.000002443899604,16
PercDevAbs_TR_2,8.75,0.6496283718995536,0.02275,-2.000002443899604,2.000002443899604,16
PercDevAbs_TR_2,9,0.6773870467468757,0.02275,-2.000002443899604,2.000002443899604,16
PercDevAbs_TR_2,9.25,0.705579639523352,0.02275,-2.000002443899604,2.000002443899604,16
PercDevAbs_TR_2,9.5,0.7341684892117025,0.02275,-2.000002443899604,2.000002443899604,16
PercDevAbs_TR_2,9.75,0.7631151958397814,0.02275,-2.000002443899604,2.000002443899604,16
PercDevAbs_TR_2,10,0.7923801729280014,0.02275,-2.000002443899604,2.000002443899604,16
PercDevAbs_TR_2,10.25,0.8219224223608226,0.02275,-2.000002443899604,2.000002443899604,16
PercDevAbs_TR_2,10.5,0.8516996638851958,0.02275,-2.000002443899604,2.000002443899604,16
PercDevAbs_TR_2,10.75,0.8816686416281767,0.02275,-2.000002443899604,2.000002443899604,16
PercDevAbs_TR_2,11,0.9117855715610097,0.02275,-2.000002443899604,2.000002443899604,16
PercDevAbs_TR_2,11.25,0.9420063336141441,0.02275,-2.000002443899604,2.000002443899604,16
PercDevAbs_TR_2,11.5,0.9722863776720438,0.02275,-2.000002443899604,2.000002443899604,16
PercDevAbs_TR_2,11.75,1.0025806271847888,0.02275,-2.000002443899604,2.000002443899604,16
PercDevAbs_TR_2,12,1.0328438574051924,0.02275,-2.000002443899604,2.000002443899604,16
PercDevAbs_TR_2,6,1.4920330039168817,0.04779,-1.6666702079210545,1.6666702079210545,15
PercDevAbs_TR_2,6.25,1.5352208162625327,0.04779,-1.6666702079210545,1.6666702079210545,15
PercDevAbs_TR_2,6.5,1.5784879575647597,0.04779,-1.6666702079210545,1.6666702079210545,15
PercDevAbs_TR_2,6.75,1.6217734023897004,0.04779,-1.6666702079210545,1.6666702079210545,15
PercDevAbs_TR_2,7,1.6650161110694504,0.04779,-1.6666702079210545,1.6666702079210545,15
PercDevAbs_TR_2,7.25,1.7081556088521666,0.04779,-1.6666702079210545,1.6666702079210545,15
PercDevAbs_TR_2,7.5,1.7511320007569937,0.04779,-1.6666702079210545,1.6666702079210545,15
PercDevAbs_TR_2,7.75,1.7938854921648377,0.04779,-1.6666702079210545,1.6666702079210545,15
PercDevAbs_TR_2,8,1.8363562121284713,0.04779,-1.6666702079210545,1.6666702079210545,15
PercDevAbs_TR_2,8.25,1.8784845192691588,0.04779,-1.6666702079210545,1.6666702079210545,15
PercDevAbs_TR_2,8.5,1.9202117002080894,0.04779,-1.6666702079210545,1.6666702079210545,15
PercDevAbs_TR_2,8.75,1.9614803851312126,0.04779,-1.6666702079210545,1.6666702079210545,15
PercDevAbs_TR_2,9,2.0022340453631977,0.04779,-1.6666702079210545,1.6666702079210545,15
PercDevAbs_TR_2,9.25,2.0424175127718702,0.04779,-1.6666702079210545,1.6666702079210545,15
PercDevAbs_TR_2,9.5,2.0819784984210714,0.04779,-1.6666702079210545,1.6666702079210545,15
PercDevAbs_TR_2,9.75,2.1208678187484558,0.04779,-1.6666702079210545,1.6666702079210545,15
PercDevAbs_TR_2,10,2.159038438907229,0.04779,-1.6666702079210545,1.6666702079210545,15
PercDevAbs_TR_2,10.25,2.196444986119633,0.04779,-1.6666702079210545,1.6666702079210545,15
PercDevAbs_TR_2,10.5,2.2330438447462093,0.04779,-1.6666702079210545,1.6666702079210545,15
PercDevAbs_TR_2,10.75,2.2687933835156096,0.04779,-1.6666702079210545,1.6666702079210545,15
PercDevAbs_TR_2,11,2.303654402563422,0.04779,-1.6666702079210545,1.6666702079210545,15
PercDevAbs_TR_2,11.25,2.3375901385042344,0.04779,-1.6666702079210545,1.6666702079210545,15
PercDevAbs_TR_2,11.5,2.370565831647712,0.04779,-1.6666702079210545,1.6666702079210545,15
PercDevAbs_TR_2,11.75,2.402548378042232,0.04779,-1.6666702079210545,1.6666702079210545,15
PercDevAbs_TR_2,12,2.433506765458424,0.04779,-1.6666702079210545,1.6666702079210545,15
PercDevAbs_TR_2,6,3.8678696474229675,0.09121,-1.3333407702662026,1.3333407702662026,14
PercDevAbs_TR_2,6.25,3.91192253009104,0.09121,-1.3333407702662026,1.3333407702662026,14
PercDevAbs_TR_2,6.5,3.954630338931962,0.09121,-1.3333407702662026,1.3333407702662026,14
PercDevAbs_TR_2,6.75,3.9959452981260437,0.09121,-1.3333407702662026,1.3333407702662026,14
PercDevAbs_TR_2,7,4.035823350533633,0.09121,-1.3333407702662026,1.3333407702662026,14
PercDevAbs_TR_2,7.25,4.074224669928906,0.09121,-1.3333407702662026,1.3333407702662026,14
PercDevAbs_TR_2,7.5,4.111113231997217,0.09121,-1.3333407702662026,1.3333407702662026,14
PercDevAbs_TR_2,7.75,4.146455622075835,0.09121,-1.3333407702662026,1.3333407702662026,14
PercDevAbs_TR_2,8,4.180220613764353,0.09121,-1.3333407702662026,1.3333407702662026,14
PercDevAbs_TR_2,8.25,4.212379388056516,0.09121,-1.3333407702662026,1.3333407702662026,14
PercDevAbs_TR_2,8.5,4.242906178149969,0.09121,-1.3333407702662026,1.3333407702662026,14
PercDevAbs_TR_2,8.75,4.271778676697871,0.09121,-1.3333407702662026,1.3333407702662026,14
PercDevAbs_TR_2,9,4.298977179551097,0.09121,-1.3333407702662026,1.3333407702662026,14
PercDevAbs_TR_2,9.25,4.324485013471486,0.09121,-1.3333407702662026,1.3333407702662026,14
PercDevAbs_TR_2,9.5,4.348290107698894,0.09121,-1.3333407702662026,1.3333407702662026,14
PercDevAbs_TR_2,9.75,4.370384943340256,0.09121,-1.3333407702662026,1.3333407702662026,14
PercDevAbs_TR_2,10,4.390765307092552,0.09121,-1.3333407702662026,1.3333407702662026,14
PercDevAbs_TR_2,10.25,4.409429671546938,0.09121,-1.3333407702662026,1.3333407702662026,14
PercDevAbs_TR_2,10.5,4.426379193086843,0.09121,-1.3333407702662026,1.3333407702662026,14
PercDevAbs_TR_2,10.75,4.441617576248879,0.09121,-1.3333407702662026,1.3333407702662026,14
PercDevAbs_TR_2,11,4.455151285699032,0.09121,-1.3333407702662026,1.3333407702662026,14
PercDevAbs_TR_2,11.25,4.466989264763211,0.09121,-1.3333407702662026,1.3333407702662026,14
PercDevAbs_TR_2,11.5,4.477142194174895,0.09121,-1.3333407702662026,1.3333407702662026,14
PercDevAbs_TR_2,11.75,4.485622000630518,0.09121,-1.3333407702662026,1.3333407702662026,14
PercDevAbs_TR_2,12,4.492442370109104,0.09121,-1.3333407702662026,1.3333407702662026,14
PercDevAbs_TR_2,6,7.820740310448349,0.15866,-0.9999803859660789,0.9999803859660789,13
PercDevAbs_TR_2,6.25,7.8155408691908885,0.15866,-0.9999803859660789,0.9999803859660789,13
PercDevAbs_TR_2,6.5,7.808222682123536,0.15866,-0.9999803859660789,0.9999803859660789,13
PercDevAbs_TR_2,6.75,7.798797448707795,0.15866,-0.9999803859660789,0.9999803859660789,13
PercDevAbs_TR_2,7,7.78728099984386,0.15866,-0.9999803859660789,0.9999803859660789,13
PercDevAbs_TR_2,7.25,7.77369355265828,0.15866,-0.9999803859660789,0.9999803859660789,13
PercDevAbs_TR_2,7.5,7.758058793817501,0.15866,-0.9999803859660789,0.9999803859660789,13
PercDevAbs_TR_2,7.75,7.740402032678307,0.15866,-0.9999803859660789,0.9999803859660789,13
PercDevAbs_TR_2,8,7.7207498151937095,0.15866,-0.9999803859660789,0.9999803859660789,13
PercDevAbs_TR_2,8.25,7.6991300832075416,0.15866,-0.9999803859660789,0.9999803859660789,13
PercDevAbs_TR_2,8.5,7.6755725780716375,0.15866,-0.9999803859660789,0.9999803859660789,13
PercDevAbs_TR_2,8.75,7.650109394574314,0.15866,-0.9999803859660789,0.9999803859660789,13
PercDevAbs_TR_2,9,7.622774185601065,0.15866,-0.9999803859660789,0.9999803859660789,13
PercDevAbs_TR_2,9.25,7.593602432693261,0.15866,-0.9999803859660789,0.9999803859660789,13
PercDevAbs_TR_2,9.5,7.562632614754091,0.15866,-0.9999803859660789,0.9999803859660789,13
PercDevAbs_TR_2,9.75,7.529906030163864,0.15866,-0.9999803859660789,0.9999803859660789,13
PercDevAbs_TR_2,10,7.495466018619327,0.15866,-0.9999803859660789,0.9999803859660789,13
PercDevAbs_TR_2,10.25,7.459357681866673,0.15866,-0.9999803859660789,0.9999803859660789,13
PercDevAbs_TR_2,10.5,7.421627904817492,0.15866,-0.9999803859660789,0.9999803859660789,13
PercDevAbs_TR_2,10.75,7.38232468533083,0.15866,-0.9999803859660789,0.9999803859660789,13
PercDevAbs_TR_2,11,7.34149699107213,0.15866,-0.9999803859660789,0.9999803859660789,13
PercDevAbs_TR_2,11.25,7.299194262987319,0.15866,-0.9999803859660789,0.9999803859660789,13
PercDevAbs_TR_2,11.5,7.2554655892416795,0.15866,-0.9999803859660789,0.9999803859660789,13
PercDevAbs_TR_2,11.75,7.210359336596531,0.15866,-0.9999803859660789,0.9999803859660789,13
PercDevAbs_TR_2,12,7.163923835505974,0.15866,-0.9999803859660789,0.9999803859660789,13
PercDevAbs_TR_2,6,13.586131748860815,0.25249,-0.6666746102242979,0.6666746102242979,12
PercDevAbs_TR_2,6.25,13.45860446587953,0.25249,-0.6666746102242979,0.6666746102242979,12
PercDevAbs_TR_2,6.5,13.330454287618803,0.25249,-0.6666746102242979,0.6666746102242979,12
PercDevAbs_TR_2,6.75,13.201718678548067,0.25249,-0.6666746102242979,0.6666746102242979,12
PercDevAbs_TR_2,7,13.072437902003509,0.25249,-0.6666746102242979,0.6666746102242979,12
PercDevAbs_TR_2,7.25,12.94265493898731,0.25249,-0.6666746102242979,0.6666746102242979,12
PercDevAbs_TR_2,7.5,12.812414245937841,0.25249,-0.6666746102242979,0.6666746102242979,12
PercDevAbs_TR_2,7.75,12.681759541483043,0.25249,-0.6666746102242979,0.6666746102242979,12
PercDevAbs_TR_2,8,12.550733917500503,0.25249,-0.6666746102242979,0.6666746102242979,12
PercDevAbs_TR_2,8.25,12.419380006060743,0.25249,-0.6666746102242979,0.6666746102242979,12
PercDevAbs_TR_2,8.5,12.287739920774495,0.25249,-0.6666746102242979,0.6666746102242979,12
PercDevAbs_TR_2,8.75,12.155856176965543,0.25249,-0.6666746102242979,0.6666746102242979,12
PercDevAbs_TR_2,9,12.023771513732658,0.25249,-0.6666746102242979,0.6666746102242979,12
PercDevAbs_TR_2,9.25,11.891528896967932,0.25249,-0.6666746102242979,0.6666746102242979,12
PercDevAbs_TR_2,9.5,11.759171692293794,0.25249,-0.6666746102242979,0.6666746102242979,12
PercDevAbs_TR_2,9.75,11.626743561881538,0.25249,-0.6666746102242979,0.6666746102242979,12
PercDevAbs_TR_2,10,11.494289060445498,0.25249,-0.6666746102242979,0.6666746102242979,12
PercDevAbs_TR_2,10.25,11.36185419095656,0.25249,-0.6666746102242979,0.6666746102242979,12
PercDevAbs_TR_2,10.5,11.22948649627496,0.25249,-0.6666746102242979,0.6666746102242979,12
PercDevAbs_TR_2,10.75,11.097233575364307,0.25249,-0.6666746102242979,0.6666746102242979,12
PercDevAbs_TR_2,11,10.965142370917112,0.25249,-0.6666746102242979,0.6666746102242979,12
PercDevAbs_TR_2,11.25,10.833258473754187,0.25249,-0.6666746102242979,0.6666746102242979,12
PercDevAbs_TR_2,11.5,10.70162539588261,0.25249,-0.6666746102242979,0.6666746102242979,12
PercDevAbs_TR_2,11.75,10.570284536976354,0.25249,-0.6666746102242979,0.6666746102242979,12
PercDevAbs_TR_2,12,10.439276046481183,0.25249,-0.6666746102242979,0.6666746102242979,12
PercDevAbs_TR_2,6,21.502410126830917,0.36944,-0.33333688458431254,0.33333688458431254,11
PercDevAbs_TR_2,6.25,21.156587550385982,0.36944,-0.33333688458431254,0.33333688458431254,11
PercDevAbs_TR_2,6.5,20.815481602945443,0.36944,-0.33333688458431254,0.33333688458431254,11
PercDevAbs_TR_2,6.75,20.479024911496857,0.36944,-0.33333688458431254,0.33333688458431254,11
PercDevAbs_TR_2,7,20.14715467050242,0.36944,-0.33333688458431254,0.33333688458431254,11
PercDevAbs_TR_2,7.25,19.819811935879397,0.36944,-0.33333688458431254,0.33333688458431254,11
PercDevAbs_TR_2,7.5,19.4969401037557,0.36944,-0.33333688458431254,0.33333688458431254,11
PercDevAbs_TR_2,7.75,19.1784825347229,0.36944,-0.33333688458431254,0.33333688458431254,11
PercDevAbs_TR_2,8,18.864383532658948,0.36944,-0.33333688458431254,0.33333688458431254,11
PercDevAbs_TR_2,8.25,18.5545883808517,0.36944,-0.33333688458431254,0.33333688458431254,11
PercDevAbs_TR_2,8.5,18.24904233822954,0.36944,-0.33333688458431254,0.33333688458431254,11
PercDevAbs_TR_2,8.75,17.9476920013044,0.36944,-0.33333688458431254,0.33333688458431254,11
PercDevAbs_TR_2,9,17.650486239883353,0.36944,-0.33333688458431254,0.33333688458431254,11
PercDevAbs_TR_2,9.25,17.35737560034077,0.36944,-0.33333688458431254,0.33333688458431254,11
PercDevAbs_TR_2,9.5,17.06831058908691,0.36944,-0.33333688458431254,0.33333688458431254,11
PercDevAbs_TR_2,9.75,16.783241740087725,0.36944,-0.33333688458431254,0.33333688458431254,11
PercDevAbs_TR_2,10,16.502122507107607,0.36944,-0.33333688458431254,0.33333688458431254,11
PercDevAbs_TR_2,10.25,16.224911059709054,0.36944,-0.33333688458431254,0.33333688458431254,11
PercDevAbs_TR_2,10.5,15.951570319832841,0.36944,-0.33333688458431254,0.33333688458431254,11
PercDevAbs_TR_2,10.75,15.682065174147008,0.36944,-0.33333688458431254,0.33333688458431254,11
PercDevAbs_TR_2,11,15.41636079371131,0.36944,-0.33333688458431254,0.33333688458431254,11
PercDevAbs_TR_2,11.25,15.15442162066023,0.36944,-0.33333688458431254,0.33333688458431254,11
PercDevAbs_TR_2,11.5,14.896210819090488,0.36944,-0.33333688458431254,0.33333688458431254,11
PercDevAbs_TR_2,11.75,14.641690686393638,0.36944,-0.33333688458431254,0.33333688458431254,11
PercDevAbs_TR_2,12,14.390823569264452,0.36944,-0.33333688458431254,0.33333688458431254,11
PercDevAbs_TR_2,6,32.17645169925028,0.5,0,-0,10
PercDevAbs_TR_2,6.25,31.48372498999521,0.5,0,-0,10
PercDevAbs_TR_2,6.5,30.80683503245551,0.5,0,-0,10
PercDevAbs_TR_2,6.75,30.145361898239486,0.5,0,-0,10
PercDevAbs_TR_2,7,29.4989018718831,0.5,0,-0,10
PercDevAbs_TR_2,7.25,28.867065390390074,0.5,0,-0,10
PercDevAbs_TR_2,7.5,28.249474988181813,0.5,0,-0,10
PercDevAbs_TR_2,7.75,27.645762721313563,0.5,0,-0,10
PercDevAbs_TR_2,8,27.055572180459606,0.5,0,-0,10
PercDevAbs_TR_2,8.25,26.47855790566672,0.5,0,-0,10
PercDevAbs_TR_2,8.5,25.91438252531746,0.5,0,-0,10
PercDevAbs_TR_2,8.75,25.362718394619964,0.5,0,-0,10
PercDevAbs_TR_2,9,24.823250034158377,0.5,0,-0,10
PercDevAbs_TR_2,9.25,24.2956722624435,0.5,0,-0,10
PercDevAbs_TR_2,9.5,23.77968522959545,0.5,0,-0,10
PercDevAbs_TR_2,9.75,23.274994585492653,0.5,0,-0,10
PercDevAbs_TR_2,10,22.781317644472246,0.5,0,-0,10
PercDevAbs_TR_2,10.25,22.298386733870274,0.5,0,-0,10
PercDevAbs_TR_2,10.5,21.825948824412396,0.5,0,-0,10
PercDevAbs_TR_2,10.75,21.363760645434382,0.5,0,-0,10
PercDevAbs_TR_2,11,20.911585377541677,0.5,0,-0,10
PercDevAbs_TR_2,11.25,20.469191026578024,0.5,0,-0,10
PercDevAbs_TR_2,11.5,20.03635001035602,0.5,0,-0,10
PercDevAbs_TR_2,11.75,19.612840017311544,0.5,0,-0,10
PercDevAbs_TR_2,12,19.198444700646053,0.5,0,-0,10
PercDevAbs_TR_2,6,46.69865154188817,0.63056,0.33333688458431254,-0.33333688458431254,9
PercDevAbs_TR_2,6.25,45.475066028976265,0.63056,0.33333688458431254,-0.33333688458431254,9
PercDevAbs_TR_2,6.5,44.28725417008277,0.63056,0.33333688458431254,-0.33333688458431254,9
PercDevAbs_TR_2,6.75,43.134021201887045,0.63056,0.33333688458431254,-0.33333688458431254,9
PercDevAbs_TR_2,7,42.014220282387086,0.63056,0.33333688458431254,-0.33333688458431254,9
PercDevAbs_TR_2,7.25,40.92674760688886,0.63056,0.33333688458431254,-0.33333688458431254,9
PercDevAbs_TR_2,7.5,39.87053906292681,0.63056,0.33333688458431254,-0.33333688458431254,9
PercDevAbs_TR_2,7.75,38.844567025702574,0.63056,0.33333688458431254,-0.33333688458431254,9
PercDevAbs_TR_2,8,37.84784326542153,0.63056,0.33333688458431254,-0.33333688458431254,9
PercDevAbs_TR_2,8.25,36.87941669458526,0.63056,0.33333688458431254,-0.33333688458431254,9
PercDevAbs_TR_2,8.5,35.938367044519914,0.63056,0.33333688458431254,-0.33333688458431254,9
PercDevAbs_TR_2,8.75,35.02380625096756,0.63056,0.33333688458431254,-0.33333688458431254,9
PercDevAbs_TR_2,9,34.1348826573893,0.63056,0.33333688458431254,-0.33333688458431254,9
PercDevAbs_TR_2,9.25,33.27077667345189,0.63056,0.33333688458431254,-0.33333688458431254,9
PercDevAbs_TR_2,9.5,32.430690429636684,0.63056,0.33333688458431254,-0.33333688458431254,9
PercDevAbs_TR_2,9.75,31.613847735311943,0.63056,0.33333688458431254,-0.33333688458431254,9
PercDevAbs_TR_2,10,30.81950465587619,0.63056,0.33333688458431254,-0.33333688458431254,9
PercDevAbs_TR_2,10.25,30.046954634432566,0.63056,0.33333688458431254,-0.33333688458431254,9
PercDevAbs_TR_2,10.5,29.295527032804717,0.63056,0.33333688458431254,-0.33333688458431254,9
PercDevAbs_TR_2,10.75,28.564578875788516,0.63056,0.33333688458431254,-0.33333688458431254,9
PercDevAbs_TR_2,11,27.853488848007757,0.63056,0.33333688458431254,-0.33333688458431254,9
PercDevAbs_TR_2,11.25,27.161654500238313,0.63056,0.33333688458431254,-0.33333688458431254,9
PercDevAbs_TR_2,11.5,26.488491772116387,0.63056,0.33333688458431254,-0.33333688458431254,9
PercDevAbs_TR_2,11.75,25.83343616740701,0.63056,0.33333688458431254,-0.33333688458431254,9
PercDevAbs_TR_2,12,25.195942728431834,0.63056,0.33333688458431254,-0.33333688458431254,9
PercDevAbs_TR_2,6,67.005529473478,0.74751,0.6666746102242979,-0.6666746102242979,8
PercDevAbs_TR_2,6.25,64.96792927785619,0.74751,0.6666746102242979,-0.6666746102242979,8
PercDevAbs_TR_2,6.5,63.00024769400152,0.74751,0.6666746102242979,-0.6666746102242979,8
PercDevAbs_TR_2,6.75,61.099786390522816,0.74751,0.6666746102242979,-0.6666746102242979,8
PercDevAbs_TR_2,7,59.26396464283467,0.74751,0.6666746102242979,-0.6666746102242979,8
PercDevAbs_TR_2,7.25,57.490308817009875,0.74751,0.6666746102242979,-0.6666746102242979,8
PercDevAbs_TR_2,7.5,55.77644607454612,0.74751,0.6666746102242979,-0.6666746102242979,8
PercDevAbs_TR_2,7.75,54.12009941291393,0.74751,0.6666746102242979,-0.6666746102242979,8
PercDevAbs_TR_2,8,52.51909078386625,0.74751,0.6666746102242979,-0.6666746102242979,8
PercDevAbs_TR_2,8.25,50.97133513661018,0.74751,0.6666746102242979,-0.6666746102242979,8
PercDevAbs_TR_2,8.5,49.47482778887732,0.74751,0.6666746102242979,-0.6666746102242979,8
PercDevAbs_TR_2,8.75,48.027644384774945,0.74751,0.6666746102242979,-0.6666746102242979,8
PercDevAbs_TR_2,9,46.62794691322235,0.74751,0.6666746102242979,-0.6666746102242979,8
PercDevAbs_TR_2,9.25,45.273974744914504,0.74751,0.6666746102242979,-0.6666746102242979,8
PercDevAbs_TR_2,9.5,43.96402540314838,0.74751,0.6666746102242979,-0.6666746102242979,8
PercDevAbs_TR_2,9.75,42.69645358354453,0.74751,0.6666746102242979,-0.6666746102242979,8
PercDevAbs_TR_2,10,41.469687600628404,0.74751,0.6666746102242979,-0.6666746102242979,8
PercDevAbs_TR_2,10.25,40.28223635882782,0.74751,0.6666746102242979,-0.6666746102242979,8
PercDevAbs_TR_2,10.5,39.13268554091317,0.74751,0.6666746102242979,-0.6666746102242979,8
PercDevAbs_TR_2,10.75,38.019683860400285,0.74751,0.6666746102242979,-0.6666746102242979,8
PercDevAbs_TR_2,11,36.94193257152523,0.74751,0.6666746102242979,-0.6666746102242979,8
PercDevAbs_TR_2,11.25,35.89818050235429,0.74751,0.6666746102242979,-0.6666746102242979,8
PercDevAbs_TR_2,11.5,34.887223048593526,0.74751,0.6666746102242979,-0.6666746102242979,8
PercDevAbs_TR_2,11.75,33.9079033122373,0.74751,0.6666746102242979,-0.6666746102242979,8
PercDevAbs_TR_2,12,32.95911046982586,0.74751,0.6666746102242979,-0.6666746102242979,8
PercDevAbs_TR_2,6,96.59061524144745,0.84134,0.9999803859660789,-0.9999803859660789,7
PercDevAbs_TR_2,6.25,93.27156471795784,0.84134,0.9999803859660789,-0.9999803859660789,7
PercDevAbs_TR_2,6.5,90.0810072500369,0.84134,0.9999803859660789,-0.9999803859660789,7
PercDevAbs_TR_2,6.75,87.0134214323805,0.84134,0.9999803859660789,-0.9999803859660789,7
PercDevAbs_TR_2,7,84.06354629469759,0.84134,0.9999803859660789,-0.9999803859660789,7
PercDevAbs_TR_2,7.25,81.22635968999394,0.84134,0.9999803859660789,-0.9999803859660789,7
PercDevAbs_TR_2,7.5,78.49706557130291,0.84134,0.9999803859660789,-0.9999803859660789,7
PercDevAbs_TR_2,7.75,75.87108473601285,0.84134,0.9999803859660789,-0.9999803859660789,7
PercDevAbs_TR_2,8,73.34405633151307,0.84134,0.9999803859660789,-0.9999803859660789,7
PercDevAbs_TR_2,8.25,70.91182419611725,0.84134,0.9999803859660789,-0.9999803859660789,7
PercDevAbs_TR_2,8.5,68.57041267624619,0.84134,0.9999803859660789,-0.9999803859660789,7
PercDevAbs_TR_2,8.75,66.3160226804915,0.84134,0.9999803859660789,-0.9999803859660789,7
PercDevAbs_TR_2,9,64.14503908142996,0.84134,0.9999803859660789,-0.9999803859660789,7
PercDevAbs_TR_2,9.25,62.054013149683755,0.84134,0.9999803859660789,-0.9999803859660789,7
PercDevAbs_TR_2,9.5,60.039628315863816,0.84134,0.9999803859660789,-0.9999803859660789,7
PercDevAbs_TR_2,9.75,58.098696686674735,0.84134,0.9999803859660789,-0.9999803859660789,7
PercDevAbs_TR_2,10,56.22818333417466,0.84134,0.9999803859660789,-0.9999803859660789,7
PercDevAbs_TR_2,10.25,54.425214856721794,0.84134,0.9999803859660789,-0.9999803859660789,7
PercDevAbs_TR_2,10.5,52.68707081993374,0.84134,0.9999803859660789,-0.9999803859660789,7
PercDevAbs_TR_2,10.75,51.01116078999406,0.84134,0.9999803859660789,-0.9999803859660789,7
PercDevAbs_TR_2,11,49.39500619141199,0.84134,0.9999803859660789,-0.9999803859660789,7
PercDevAbs_TR_2,11.25,47.83623129198471,0.84134,0.9999803859660789,-0.9999803859660789,7
PercDevAbs_TR_2,11.5,46.3325606776459,0.84134,0.9999803859660789,-0.9999803859660789,7
PercDevAbs_TR_2,11.75,44.881819551887446,0.84134,0.9999803859660789,-0.9999803859660789,7
PercDevAbs_TR_2,12,43.48192885564724,0.84134,0.9999803859660789,-0.9999803859660789,7
PercDevAbs_TR_2,6,142.02889775548778,0.90879,1.3333407702662026,-1.3333407702662026,6
PercDevAbs_TR_2,6.25,136.6018495017327,0.90879,1.3333407702662026,-1.3333407702662026,6
PercDevAbs_TR_2,6.5,131.40683534800192,0.90879,1.3333407702662026,-1.3333407702662026,6
PercDevAbs_TR_2,6.75,126.43297048022147,0.90879,1.3333407702662026,-1.3333407702662026,6
PercDevAbs_TR_2,7,121.66992117861226,0.90879,1.3333407702662026,-1.3333407702662026,6
PercDevAbs_TR_2,7.25,117.10786096689492,0.90879,1.3333407702662026,-1.3333407702662026,6
PercDevAbs_TR_2,7.5,112.73744400207856,0.90879,1.3333407702662026,-1.3333407702662026,6
PercDevAbs_TR_2,7.75,108.54978582821953,0.90879,1.3333407702662026,-1.3333407702662026,6
PercDevAbs_TR_2,8,104.53645880904556,0.90879,1.3333407702662026,-1.3333407702662026,6
PercDevAbs_TR_2,8.25,100.68946256402577,0.90879,1.3333407702662026,-1.3333407702662026,6
PercDevAbs_TR_2,8.5,97.00117796220069,0.90879,1.3333407702662026,-1.3333407702662026,6
PercDevAbs_TR_2,8.75,93.46435393800475,0.90879,1.3333407702662026,-1.3333407702662026,6
PercDevAbs_TR_2,9,90.0721146069272,0.90879,1.3333407702662026,-1.3333407702662026,6
PercDevAbs_TR_2,9.25,86.81792528282134,0.90879,1.3333407702662026,-1.3333407702662026,6
PercDevAbs_TR_2,9.5,83.69553179438326,0.90879,1.3333407702662026,-1.3333407702662026,6
PercDevAbs_TR_2,9.75,80.69895109286435,0.90879,1.3333407702662026,-1.3333407702662026,6
PercDevAbs_TR_2,10,77.8225061150061,0.90879,1.3333407702662026,-1.3333407702662026,6
PercDevAbs_TR_2,10.25,75.06083479583943,0.90879,1.3333407702662026,-1.3333407702662026,6
PercDevAbs_TR_2,10.5,72.40887198101635,0.90879,1.3333407702662026,-1.3333407702662026,6
PercDevAbs_TR_2,10.75,69.86181026022646,0.90879,1.3333407702662026,-1.3333407702662026,6
PercDevAbs_TR_2,11,67.41506821276532,0.90879,1.3333407702662026,-1.3333407702662026,6
PercDevAbs_TR_2,11.25,65.06427365664167,0.90879,1.3333407702662026,-1.3333407702662026,6
PercDevAbs_TR_2,11.5,62.80525746861909,0.90879,1.3333407702662026,-1.3333407702662026,6
PercDevAbs_TR_2,11.75,60.63405124069663,0.90879,1.3333407702662026,-1.3333407702662026,6
PercDevAbs_TR_2,12,58.54687592860767,0.90879,1.3333407702662026,-1.3333407702662026,6
PercDevAbs_TR_2,6,216.33525888145343,0.95221,1.6666702079210545,-1.6666702079210545,5
PercDevAbs_TR_2,6.25,207.23530027570584,0.95221,1.6666702079210545,-1.6666702079210545,5
PercDevAbs_TR_2,6.5,198.55961530837203,0.95221,1.6666702079210545,-1.6666702079210545,5
PercDevAbs_TR_2,6.75,190.28672905265532,0.95221,1.6666702079210545,-1.6666702079210545,5
PercDevAbs_TR_2,7,182.39632574313802,0.95221,1.6666702079210545,-1.6666702079210545,5
PercDevAbs_TR_2,7.25,174.869158535343,0.95221,1.6666702079210545,-1.6666702079210545,5
PercDevAbs_TR_2,7.5,167.68699219867372,0.95221,1.6666702079210545,-1.6666702079210545,5
PercDevAbs_TR_2,7.75,160.83256064203968,0.95221,1.6666702079210545,-1.6666702079210545,5
PercDevAbs_TR_2,8,154.28954530303199,0.95221,1.6666702079210545,-1.6666702079210545,5
PercDevAbs_TR_2,8.25,148.0425118341878,0.95221,1.6666702079210545,-1.6666702079210545,5
PercDevAbs_TR_2,8.5,142.07682080912528,0.95221,1.6666702079210545,-1.6666702079210545,5
PercDevAbs_TR_2,8.75,136.37859324985592,0.95221,1.6666702079210545,-1.6666702079210545,5
PercDevAbs_TR_2,9,130.93471245681135,0.95221,1.6666702079210545,-1.6666702079210545,5
PercDevAbs_TR_2,9.25,125.73275724105503,0.95221,1.6666702079210545,-1.6666702079210545,5
PercDevAbs_TR_2,9.5,120.7608919039476,0.95221,1.6666702079210545,-1.6666702079210545,5
PercDevAbs_TR_2,9.75,116.00784319940556,0.95221,1.6666702079210545,-1.6666702079210545,5
PercDevAbs_TR_2,10,111.46294941311803,0.95221,1.6666702079210545,-1.6666702079210545,5
PercDevAbs_TR_2,10.25,107.11616630205722,0.95221,1.6666702079210545,-1.6666702079210545,5
PercDevAbs_TR_2,10.5,102.95802932294586,0.95221,1.6666702079210545,-1.6666702079210545,5
PercDevAbs_TR_2,10.75,98.97958426440269,0.95221,1.6666702079210545,-1.6666702079210545,5
PercDevAbs_TR_2,11,95.17232986522531,0.95221,1.6666702079210545,-1.6666702079210545,5
PercDevAbs_TR_2,11.25,91.52818559866708,0.95221,1.6666702079210545,-1.6666702079210545,5
PercDevAbs_TR_2,11.5,88.03947702367564,0.95221,1.6666702079210545,-1.6666702079210545,5
PercDevAbs_TR_2,11.75,84.69892661310696,0.95221,1.6666702079210545,-1.6666702079210545,5
PercDevAbs_TR_2,12,81.49962918498902,0.95221,1.6666702079210545,-1.6666702079210545,5
PercDevAbs_TR_2,6,347.1621217781412,0.97725,2.0000024438996027,-2.0000024438996027,4
PercDevAbs_TR_2,6.25,331.1936532253772,0.97725,2.0000024438996027,-2.0000024438996027,4
PercDevAbs_TR_2,6.5,316.0305261642152,0.97725,2.0000024438996027,-2.0000024438996027,4
PercDevAbs_TR_2,6.75,301.6290867220254,0.97725,2.0000024438996027,-2.0000024438996027,4
PercDevAbs_TR_2,7,287.94818028878507,0.97725,2.0000024438996027,-2.0000024438996027,4
PercDevAbs_TR_2,7.25,274.94895860873675,0.97725,2.0000024438996027,-2.0000024438996027,4
PercDevAbs_TR_2,7.5,262.5947513082571,0.97725,2.0000024438996027,-2.0000024438996027,4
PercDevAbs_TR_2,7.75,250.8509675510745,0.97725,2.0000024438996027,-2.0000024438996027,4
PercDevAbs_TR_2,8,239.68502926559444,0.97725,2.0000024438996027,-2.0000024438996027,4
PercDevAbs_TR_2,8.25,229.06623241439496,0.97725,2.0000024438996027,-2.0000024438996027,4
PercDevAbs_TR_2,8.5,218.9655660168548,0.97725,2.0000024438996027,-2.0000024438996027,4
PercDevAbs_TR_2,8.75,209.35562739267783,0.97725,2.0000024438996027,-2.0000024438996027,4
PercDevAbs_TR_2,9,200.21060436616034,0.97725,2.0000024438996027,-2.0000024438996027,4
PercDevAbs_TR_2,9.25,191.50613875253285,0.97725,2.0000024438996027,-2.0000024438996027,4
PercDevAbs_TR_2,9.5,183.21911746215758,0.97725,2.0000024438996027,-2.0000024438996027,4
PercDevAbs_TR_2,9.75,175.3276171198099,0.97725,2.0000024438996027,-2.0000024438996027,4
PercDevAbs_TR_2,10,167.8109714055547,0.97725,2.0000024438996027,-2.0000024438996027,4
PercDevAbs_TR_2,10.25,160.6497636867276,0.97725,2.0000024438996027,-2.0000024438996027,4
PercDevAbs_TR_2,10.5,153.8257463772006,0.97725,2.0000024438996027,-2.0000024438996027,4
PercDevAbs_TR_2,10.75,147.3217110189293,0.97725,2.0000024438996027,-2.0000024438996027,4
PercDevAbs_TR_2,11,141.1213791048246,0.97725,2.0000024438996027,-2.0000024438996027,4
PercDevAbs_TR_2,11.25,135.20933695535683,0.97725,2.0000024438996027,-2.0000024438996027,4
PercDevAbs_TR_2,11.5,129.57100106874645,0.97725,2.0000024438996027,-2.0000024438996027,4
PercDevAbs_TR_2,11.75,124.19259188182157,0.97725,2.0000024438996027,-2.0000024438996027,4
PercDevAbs_TR_2,12,119.06108079613226,0.97725,2.0000024438996027,-2.0000024438996027,4
PercDevAbs_TR_2,6,597.8794698640991,0.99018,2.3331552225672416,-2.3331552225672416,3
PercDevAbs_TR_2,6.25,567.9576307855157,0.99018,2.3331552225672416,-2.3331552225672416,3
PercDevAbs_TR_2,6.5,539.6588210774139,0.99018,2.3331552225672416,-2.3331552225672416,3
PercDevAbs_TR_2,6.75,512.8893276252081,0.99018,2.3331552225672416,-2.3331552225672416,3
PercDevAbs_TR_2,7,487.56110475060717,0.99018,2.3331552225672416,-2.3331552225672416,3
PercDevAbs_TR_2,7.25,463.5913364438894,0.99018,2.3331552225672416,-2.3331552225672416,3
PercDevAbs_TR_2,7.5,440.90213158687726,0.99018,2.3331552225672416,-2.3331552225672416,3
PercDevAbs_TR_2,7.75,419.4202832731256,0.99018,2.3331552225672416,-2.3331552225672416,3
PercDevAbs_TR_2,8,399.0770803470395,0.99018,2.3331552225672416,-2.3331552225672416,3
PercDevAbs_TR_2,8.25,379.8079879490506,0.99018,2.3331552225672416,-2.3331552225672416,3
PercDevAbs_TR_2,8.5,361.5522562625828,0.99018,2.3331552225672416,-2.3331552225672416,3
PercDevAbs_TR_2,8.75,344.2527103842353,0.99018,2.3331552225672416,-2.3331552225672416,3
PercDevAbs_TR_2,9,327.85567093726047,0.99018,2.3331552225672416,-2.3331552225672416,3
PercDevAbs_TR_2,9.25,312.31065717308775,0.99018,2.3331552225672416,-2.3331552225672416,3
PercDevAbs_TR_2,9.5,297.5699624688574,0.99018,2.3331552225672416,-2.3331552225672416,3
PercDevAbs_TR_2,9.75,283.58851801772676,0.99018,2.3331552225672416,-2.3331552225672416,3
PercDevAbs_TR_2,10,270.32397916565253,0.99018,2.3331552225672416,-2.3331552225672416,3
PercDevAbs_TR_2,10.25,257.7366747049509,0.99018,2.3331552225672416,-2.3331552225672416,3
PercDevAbs_TR_2,10.5,245.78942602801243,0.99018,2.3331552225672416,-2.3331552225672416,3
PercDevAbs_TR_2,10.75,234.44728504632323,0.99018,2.3331552225672416,-2.3331552225672416,3
PercDevAbs_TR_2,11,223.67731120400782,0.99018,2.3331552225672416,-2.3331552225672416,3
PercDevAbs_TR_2,11.25,213.44843073494994,0.99018,2.3331552225672416,-2.3331552225672416,3
PercDevAbs_TR_2,11.5,203.73135233079927,0.99018,2.3331552225672416,-2.3331552225672416,3
PercDevAbs_TR_2,11.75,194.49849708021068,0.99018,2.3331552225672416,-2.3331552225672416,3
PercDevAbs_TR_2,12,185.7238800477312,0.99018,2.3331552225672416,-2.3331552225672416,3
PercDevAbs_TR_2,6,1129.29380939015,0.99617,2.6667000630340683,-2.6667000630340683,2
PercDevAbs_TR_2,6.25,1068.0681954662405,0.99617,2.6667000630340683,-2.6667000630340683,2
PercDevAbs_TR_2,6.5,1010.3979815392767,0.99617,2.6667000630340683,-2.6667000630340683,2
PercDevAbs_TR_2,6.75,956.0654352758278,0.99617,2.6667000630340683,-2.6667000630340683,2
PercDevAbs_TR_2,7,904.8666840896358,0.99617,2.6667000630340683,-2.6667000630340683,2
PercDevAbs_TR_2,7.25,856.6106366603811,0.99617,2.6667000630340683,-2.6667000630340683,2
PercDevAbs_TR_2,7.5,811.1182020504351,0.99617,2.6667000630340683,-2.6667000630340683,2
PercDevAbs_TR_2,7.75,768.2216562290848,0.99617,2.6667000630340683,-2.6667000630340683,2
PercDevAbs_TR_2,8,727.7641060524114,0.99617,2.6667000630340683,-2.6667000630340683,2
PercDevAbs_TR_2,8.25,689.598696261238,0.99617,2.6667000630340683,-2.6667000630340683,2
PercDevAbs_TR_2,8.5,653.5876869999444,0.99617,2.6667000630340683,-2.6667000630340683,2
PercDevAbs_TR_2,8.75,619.6019053755159,0.99617,2.6667000630340683,-2.6667000630340683,2
PercDevAbs_TR_2,9,587.5204743589672,0.99617,2.6667000630340683,-2.6667000630340683,2
PercDevAbs_TR_2,9.25,557.2301101946653,0.99617,2.6667000630340683,-2.6667000630340683,2
PercDevAbs_TR_2,9.5,528.6241778119233,0.99617,2.6667000630340683,-2.6667000630340683,2
PercDevAbs_TR_2,9.75,501.6023354368697,0.99617,2.6667000630340683,-2.6667000630340683,2
PercDevAbs_TR_2,10,476.0706199302111,0.99617,2.6667000630340683,-2.6667000630340683,2
PercDevAbs_TR_2,10.25,451.9412598518951,0.99617,2.6667000630340683,-2.6667000630340683,2
PercDevAbs_TR_2,10.5,429.13223832146224,0.99617,2.6667000630340683,-2.6667000630340683,2
PercDevAbs_TR_2,10.75,407.5667117798516,0.99617,2.6667000630340683,-2.6667000630340683,2
PercDevAbs_TR_2,11,387.1725106452619,0.99617,2.6667000630340683,-2.6667000630340683,2
PercDevAbs_TR_2,11.25,367.88180762759237,0.99617,2.6667000630340683,-2.6667000630340683,2
PercDevAbs_TR_2,11.5,349.6309001899696,0.99617,2.6667000630340683,-2.6667000630340683,2
PercDevAbs_TR_2,11.75,332.36002057958365,0.99617,2.6667000630340683,-2.6667000630340683,2
PercDevAbs_TR_2,12,316.0130525060373,0.99617,2.6667000630340683,-2.6667000630340683,2
PercDevAbs_TR_2,6,2388.460293605493,0.99865,2.999976992703401,-2.999976992703401,1
PercDevAbs_TR_2,6.25,2248.871866963914,0.99865,2.999976992703401,-2.999976992703401,1
PercDevAbs_TR_2,6.5,2117.9205533999316,0.99865,2.999976992703401,-2.999976992703401,1
PercDevAbs_TR_2,6.75,1995.047776978981,0.99865,2.999976992703401,-2.999976992703401,1
PercDevAbs_TR_2,7,1879.7322456040988,0.99865,2.999976992703401,-2.999976992703401,1
PercDevAbs_TR_2,7.25,1771.4870150495115,0.99865,2.999976992703401,-2.999976992703401,1
PercDevAbs_TR_2,7.5,1669.8572912953584,0.99865,2.999976992703401,-2.999976992703401,1
PercDevAbs_TR_2,7.75,1574.4186082258009,0.99865,2.999976992703401,-2.999976992703401,1
PercDevAbs_TR_2,8,1484.7752168504799,0.99865,2.999976992703401,-2.999976992703401,1
PercDevAbs_TR_2,8.25,1400.5579208340596,0.99865,2.999976992703401,-2.999976992703401,1
PercDevAbs_TR_2,8.5,1321.421661616394,0.99865,2.999976992703401,-2.999976992703401,1
PercDevAbs_TR_2,8.75,1247.043968290838,0.99865,2.999976992703401,-2.999976992703401,1
PercDevAbs_TR_2,9,1177.1240610745401,0.99865,2.999976992703401,-2.999976992703401,1
PercDevAbs_TR_2,9.25,1111.3810088477908,0.99865,2.999976992703401,-2.999976992703401,1
PercDevAbs_TR_2,9.5,1049.5513834928697,0.99865,2.999976992703401,-2.999976992703401,1
PercDevAbs_TR_2,9.75,991.3882541638137,0.99865,2.999976992703401,-2.999976992703401,1
PercDevAbs_TR_2,10,936.6611540272719,0.99865,2.999976992703401,-2.999976992703401,1
PercDevAbs_TR_2,10.25,885.1554491288048,0.99865,2.999976992703401,-2.999976992703401,1
PercDevAbs_TR_2,10.5,836.6711761049512,0.99865,2.999976992703401,-2.999976992703401,1
PercDevAbs_TR_2,10.75,791.0216003346916,0.99865,2.999976992703401,-2.999976992703401,1
PercDevAbs_TR_2,11,748.0319680304436,0.99865,2.999976992703401,-2.999976992703401,1
PercDevAbs_TR_2,11.25,707.5386395627371,0.99865,2.999976992703401,-2.999976992703401,1
PercDevAbs_TR_2,11.5,669.3884808269377,0.99865,2.999976992703401,-2.999976992703401,1
PercDevAbs_TR_2,11.75,633.4383167445271,0.99865,2.999976992703401,-2.999976992703401,1
PercDevAbs_TR_2,12,599.5541883934475,0.99865,2.999976992703401,-2.999976992703401,1
PercDevAbs_TR_3,6,6.830612428674559e-5,0.00135,-2.999976992703393,2.999976992703393,19
PercDevAbs_TR_3,6.25,1.312914103465396e-4,0.00135,-2.999976992703393,2.999976992703393,19
PercDevAbs_TR_3,6.5,2.4625034955415396e-4,0.00135,-2.999976992703393,2.999976992703393,19
PercDevAbs_TR_3,6.75,4.367711655733875e-4,0.00135,-2.999976992703393,2.999976992703393,19
PercDevAbs_TR_3,7,7.116901219870246e-4,0.00135,-2.999976992703393,2.999976992703393,19
PercDevAbs_TR_3,7.25,0.0010444309863737063,0.00135,-2.999976992703393,2.999976992703393,19
PercDevAbs_TR_3,7.5,0.0013668569106808947,0.00135,-2.999976992703393,2.999976992703393,19
PercDevAbs_TR_3,7.75,0.0015969164653288506,0.00135,-2.999976992703393,2.999976992703393,19
PercDevAbs_TR_3,8,0.0016755279695553013,0.00135,-2.999976992703393,2.999976992703393,19
PercDevAbs_TR_3,8.25,0.001596227775838433,0.00135,-2.999976992703393,2.999976992703393,19
PercDevAbs_TR_3,8.5,0.001412833720966322,0.00135,-2.999976992703393,2.999976992703393,19
PercDevAbs_TR_3,8.75,0.001206537029087633,0.00135,-2.999976992703393,2.999976992703393,19
PercDevAbs_TR_3,9,0.0010303676763441817,0.00135,-2.999976992703393,2.999976992703393,19
PercDevAbs_TR_3,9.25,8.9826755044796e-4,0.00135,-2.999976992703393,2.999976992703393,19
PercDevAbs_TR_3,9.5,8.01282466715168e-4,0.00135,-2.999976992703393,2.999976992703393,19
PercDevAbs_TR_3,9.75,7.334757839194949e-4,0.00135,-2.999976992703393,2.999976992703393,19
PercDevAbs_TR_3,10,6.849704381772578e-4,0.00135,-2.999976992703393,2.999976992703393,19
PercDevAbs_TR_3,10.25,6.410811859974395e-4,0.00135,-2.999976992703393,2.999976992703393,19
PercDevAbs_TR_3,10.5,5.889870959321794e-4,0.00135,-2.999976992703393,2.999976992703393,19
PercDevAbs_TR_3,10.75,5.267740878262631e-4,0.00135,-2.999976992703393,2.999976992703393,19
PercDevAbs_TR_3,11,4.6107676297751986e-4,0.00135,-2.999976992703393,2.999976992703393,19
PercDevAbs_TR_3,11.25,3.997807625225275e-4,0.00135,-2.999976992703393,2.999976992703393,19
PercDevAbs_TR_3,11.5,3.462130140388323e-4,0.00135,-2.999976992703393,2.999976992703393,19
PercDevAbs_TR_3,11.75,3.00829417388623e-4,0.00135,-2.999976992703393,2.999976992703393,19
PercDevAbs_TR_3,12,2.626958279563094e-4,0.00135,-2.999976992703393,2.999976992703393,19
PercDevAbs_TR_3,6,0.0030493347466691756,0.00383,-2.6667000630340683,2.6667000630340683,18
PercDevAbs_TR_3,6.25,0.005126390495779249,0.00383,-2.6667000630340683,2.6667000630340683,18
PercDevAbs_TR_3,6.5,0.008325591912723784,0.00383,-2.6667000630340683,2.6667000630340683,18
PercDevAbs_TR_3,6.75,0.012771089088854593,0.00383,-2.6667000630340683,2.6667000630340683,18
PercDevAbs_TR_3,7,0.018169375602230003,0.00383,-2.6667000630340683,2.6667000630340683,18
PercDevAbs_TR_3,7.25,0.023735166333778812,0.00383,-2.6667000630340683,2.6667000630340683,18
PercDevAbs_TR_3,7.5,0.02839018301430524,0.00383,-2.6667000630340683,2.6667000630340683,18
PercDevAbs_TR_3,7.75,0.031222528156656923,0.00383,-2.6667000630340683,2.6667000630340683,18
PercDevAbs_TR_3,8,0.03177290927355156,0.00383,-2.6667000630340683,2.6667000630340683,18
PercDevAbs_TR_3,8.25,0.03018182707147988,0.00383,-2.6667000630340683,2.6667000630340683,18
PercDevAbs_TR_3,8.5,0.02720742478751754,0.00383,-2.6667000630340683,2.6667000630340683,18
PercDevAbs_TR_3,8.75,0.02390341759204676,0.00383,-2.6667000630340683,2.6667000630340683,18
PercDevAbs_TR_3,9,0.02099485102981823,0.00383,-2.6667000630340683,2.6667000630340683,18
PercDevAbs_TR_3,9.25,0.01871140372910157,0.00383,-2.6667000630340683,2.6667000630340683,18
PercDevAbs_TR_3,9.5,0.016952220467167798,0.00383,-2.6667000630340683,2.6667000630340683,18
PercDevAbs_TR_3,9.75,0.01564690121029936,0.00383,-2.6667000630340683,2.6667000630340683,18
PercDevAbs_TR_3,10,0.014652339854388548,0.00383,-2.6667000630340683,2.6667000630340683,18
PercDevAbs_TR_3,10.25,0.013742819063776533,0.00383,-2.6667000630340683,2.6667000630340683,18
PercDevAbs_TR_3,10.5,0.012717851610690662,0.00383,-2.6667000630340683,2.6667000630340683,18
PercDevAbs_TR_3,10.75,0.011541697863281292,0.00383,-2.6667000630340683,2.6667000630340683,18
PercDevAbs_TR_3,11,0.010310214144198042,0.00383,-2.6667000630340683,2.6667000630340683,18
PercDevAbs_TR_3,11.25,0.00914529998858088,0.00383,-2.6667000630340683,2.6667000630340683,18
PercDevAbs_TR_3,11.5,0.0081030834076608,0.00383,-2.6667000630340683,2.6667000630340683,18
PercDevAbs_TR_3,11.75,0.00719580282025568,0.00383,-2.6667000630340683,2.6667000630340683,18
PercDevAbs_TR_3,12,0.006412275989716375,0.00383,-2.6667000630340683,2.6667000630340683,18
PercDevAbs_TR_3,6,0.051008533592859374,0.00982,-2.3331552225672434,2.3331552225672434,17
PercDevAbs_TR_3,6.25,0.07321602610072776,0.00982,-2.3331552225672434,2.3331552225672434,17
PercDevAbs_TR_3,6.5,0.10161406295549158,0.00982,-2.3331552225672434,2.3331552225672434,17
PercDevAbs_TR_3,6.75,0.13454877737881876,0.00982,-2.3331552225672434,2.3331552225672434,17
PercDevAbs_TR_3,7,0.16832257644744472,0.00982,-2.3331552225672434,2.3331552225672434,17
PercDevAbs_TR_3,7.25,0.19809355996310413,0.00982,-2.3331552225672434,2.3331552225672434,17
PercDevAbs_TR_3,7.5,0.21931010400413303,0.00982,-2.3331552225672434,2.3331552225672434,17
PercDevAbs_TR_3,7.75,0.2293151012537678,0.00982,-2.3331552225672434,2.3331552225672434,17
PercDevAbs_TR_3,8,0.22757265511876093,0.00982,-2.3331552225672434,2.3331552225672434,17
PercDevAbs_TR_3,8.25,0.21566767133812034,0.00982,-2.3331552225672434,2.3331552225672434,17
PercDevAbs_TR_3,8.5,0.19734568191347845,0.00982,-2.3331552225672434,2.3331552225672434,17
PercDevAbs_TR_3,8.75,0.17748811927189298,0.00982,-2.3331552225672434,2.3331552225672434,17
PercDevAbs_TR_3,9,0.15958713131549357,0.00982,-2.3331552225672434,2.3331552225672434,17
PercDevAbs_TR_3,9.25,0.14489648956782664,0.00982,-2.3331552225672434,2.3331552225672434,17
PercDevAbs_TR_3,9.5,0.13301318881487006,0.00982,-2.3331552225672434,2.3331552225672434,17
PercDevAbs_TR_3,9.75,0.12364178570842801,0.00982,-2.3331552225672434,2.3331552225672434,17
PercDevAbs_TR_3,10,0.11605457914086184,0.00982,-2.3331552225672434,2.3331552225672434,17
PercDevAbs_TR_3,10.25,0.10904958319216848,0.00982,-2.3331552225672434,2.3331552225672434,17
PercDevAbs_TR_3,10.5,0.10154421300397869,0.00982,-2.3331552225672434,2.3331552225672434,17
PercDevAbs_TR_3,10.75,0.09331711857445048,0.00982,-2.3331552225672434,2.3331552225672434,17
PercDevAbs_TR_3,11,0.08484435900997289,0.00982,-2.3331552225672434,2.3331552225672434,17
PercDevAbs_TR_3,11.25,0.07676899218166888,0.00982,-2.3331552225672434,2.3331552225672434,17
PercDevAbs_TR_3,11.5,0.06940568919130603,0.00982,-2.3331552225672434,2.3331552225672434,17
PercDevAbs_TR_3,11.75,0.06283998448400224,0.00982,-2.3331552225672434,2.3331552225672434,17
PercDevAbs_TR_3,12,0.057025644736436995,0.00982,-2.3331552225672434,2.3331552225672434,17
PercDevAbs_TR_3,6,0.36415208410052086,0.02275,-2.000002443899604,2.000002443899604,16
PercDevAbs_TR_3,6.25,0.4572510669468731,0.02275,-2.000002443899604,2.000002443899604,16
PercDevAbs_TR_3,6.5,0.5597383221203247,0.02275,-2.000002443899604,2.000002443899604,16
PercDevAbs_TR_3,6.75,0.6627903870459305,0.02275,-2.000002443899604,2.000002443899604,16
PercDevAbs_TR_3,7,0.7549196925958628,0.02275,-2.000002443899604,2.000002443899604,16
PercDevAbs_TR_3,7.25,0.8252280660574587,0.02275,-2.000002443899604,2.000002443899604,16
PercDevAbs_TR_3,7.5,0.8660094894939325,0.02275,-2.000002443899604,2.000002443899604,16
PercDevAbs_TR_3,7.75,0.8748638689027434,0.02275,-2.000002443899604,2.000002443899604,16
PercDevAbs_TR_3,8,0.8535927378113422,0.02275,-2.000002443899604,2.000002443899604,16
PercDevAbs_TR_3,8.25,0.8076532817570243,0.02275,-2.000002443899604,2.000002443899604,16
PercDevAbs_TR_3,8.5,0.7465517684066729,0.02275,-2.000002443899604,2.000002443899604,16
PercDevAbs_TR_3,8.75,0.6821814997152851,0.02275,-2.000002443899604,2.000002443899604,16
PercDevAbs_TR_3,9,0.623254814856444,0.02275,-2.000002443899604,2.000002443899604,16
PercDevAbs_TR_3,9.25,0.5731255920945165,0.02275,-2.000002443899604,2.000002443899604,16
PercDevAbs_TR_3,9.5,0.5309031685307083,0.02275,-2.000002443899604,2.000002443899604,16
PercDevAbs_TR_3,9.75,0.4959063443313767,0.02275,-2.000002443899604,2.000002443899604,16
PercDevAbs_TR_3,10,0.4662285549701797,0.02275,-2.000002443899604,2.000002443899604,16
PercDevAbs_TR_3,10.25,0.4386393309480424,0.02275,-2.000002443899604,2.000002443899604,16
PercDevAbs_TR_3,10.5,0.41020256675946276,0.02275,-2.000002443899604,2.000002443899604,16
PercDevAbs_TR_3,10.75,0.3802558120098247,0.02275,-2.000002443899604,2.000002443899604,16
PercDevAbs_TR_3,11,0.34999278752805735,0.02275,-2.000002443899604,2.000002443899604,16
PercDevAbs_TR_3,11.25,0.3211019343304535,0.02275,-2.000002443899604,2.000002443899604,16
PercDevAbs_TR_3,11.5,0.29443486625511073,0.02275,-2.000002443899604,2.000002443899604,16
PercDevAbs_TR_3,11.75,0.2702428741730485,0.02275,-2.000002443899604,2.000002443899604,16
PercDevAbs_TR_3,12,0.2484155324699651,0.02275,-2.000002443899604,2.000002443899604,16
PercDevAbs_TR_3,6,1.4377889919995417,0.04779,-1.6666702079210545,1.6666702079210545,15
PercDevAbs_TR_3,6.25,1.6405965791792776,0.04779,-1.6666702079210545,1.6666702079210545,15
PercDevAbs_TR_3,6.5,1.84040049960413,0.04779,-1.6666702079210545,1.6666702079210545,15
PercDevAbs_TR_3,6.75,2.019642367748263,0.04779,-1.6666702079210545,1.6666702079210545,15
PercDevAbs_TR_3,7,2.1602685306885556,0.04779,-1.6666702079210545,1.6666702079210545,15
PercDevAbs_TR_3,7.25,2.2486984328755963,0.04779,-1.6666702079210545,1.6666702079210545,15
PercDevAbs_TR_3,7.5,2.278108538495997,0.04779,-1.6666702079210545,1.6666702079210545,15
PercDevAbs_TR_3,7.75,2.249983555644213,0.04779,-1.6666702079210545,1.6666702079210545,15
PercDevAbs_TR_3,8,2.1709939549460118,0.04779,-1.6666702079210545,1.6666702079210545,15
PercDevAbs_TR_3,8.25,2.052016432065272,0.04779,-1.6666702079210545,1.6666702079210545,15
PercDevAbs_TR_3,8.5,1.9093746496479542,0.04779,-1.6666702079210545,1.6666702079210545,15
PercDevAbs_TR_3,8.75,1.7629951563995727,0.04779,-1.6666702079210545,1.6666702079210545,15
PercDevAbs_TR_3,9,1.6276747883776783,0.04779,-1.6666702079210545,1.6666702079210545,15
PercDevAbs_TR_3,9.25,1.5093148906733953,0.04779,-1.6666702079210545,1.6666702079210545,15
PercDevAbs_TR_3,9.5,1.406461788553138,0.04779,-1.6666702079210545,1.6666702079210545,15
PercDevAbs_TR_3,9.75,1.3179612692738942,0.04779,-1.6666702079210545,1.6666702079210545,15
PercDevAbs_TR_3,10,1.2404060036616469,0.04779,-1.6666702079210545,1.6666702079210545,15
PercDevAbs_TR_3,10.25,1.1679721499556688,0.04779,-1.6666702079210545,1.6666702079210545,15
PercDevAbs_TR_3,10.5,1.0953358408779266,0.04779,-1.6666702079210545,1.6666702079210545,15
PercDevAbs_TR_3,10.75,1.0211947009586597,0.04779,-1.6666702079210545,1.6666702079210545,15
PercDevAbs_TR_3,11,0.9475453005451343,0.04779,-1.6666702079210545,1.6666702079210545,15
PercDevAbs_TR_3,11.25,0.8773202227699664,0.04779,-1.6666702079210545,1.6666702079210545,15
PercDevAbs_TR_3,11.5,0.8120097215377944,0.04779,-1.6666702079210545,1.6666702079210545,15
PercDevAbs_TR_3,11.75,0.7520521582623034,0.04779,-1.6666702079210545,1.6666702079210545,15
PercDevAbs_TR_3,12,0.6972342657443742,0.04779,-1.6666702079210545,1.6666702079210545,15
PercDevAbs_TR_3,6,3.8949092332890993,0.09121,-1.3333407702662026,1.3333407702662026,14
PercDevAbs_TR_3,6.25,4.1617540608713,0.09121,-1.3333407702662026,1.3333407702662026,14
PercDevAbs_TR_3,6.5,4.399258941906369,0.09121,-1.3333407702662026,1.3333407702662026,14
PercDevAbs_TR_3,6.75,4.5853511372878435,0.09121,-1.3333407702662026,1.3333407702662026,14
PercDevAbs_TR_3,7,4.700693996032844,0.09121,-1.3333407702662026,1.3333407702662026,14
PercDevAbs_TR_3,7.25,4.734004343890727,0.09121,-1.3333407702662026,1.3333407702662026,14
PercDevAbs_TR_3,7.5,4.683001962982544,0.09121,-1.3333407702662026,1.3333407702662026,14
PercDevAbs_TR_3,7.75,4.555007835936201,0.09121,-1.3333407702662026,1.3333407702662026,14
PercDevAbs_TR_3,8,4.362115155465074,0.09121,-1.3333407702662026,1.3333407702662026,14
PercDevAbs_TR_3,8.25,4.120151335722164,0.09121,-1.3333407702662026,1.3333407702662026,14
PercDevAbs_TR_3,8.5,3.850976047674013,0.09121,-1.3333407702662026,1.3333407702662026,14
PercDevAbs_TR_3,8.75,3.580888109442962,0.09121,-1.3333407702662026,1.3333407702662026,14
PercDevAbs_TR_3,9,3.3295597113772386,0.09121,-1.3333407702662026,1.3333407702662026,14
PercDevAbs_TR_3,9.25,3.104940597255208,0.09121,-1.3333407702662026,1.3333407702662026,14
PercDevAbs_TR_3,9.5,2.9050123937518944,0.09121,-1.3333407702662026,1.3333407702662026,14
PercDevAbs_TR_3,9.75,2.728116331555534,0.09121,-1.3333407702662026,1.3333407702662026,14
PercDevAbs_TR_3,10,2.5694282478951314,0.09121,-1.3333407702662026,1.3333407702662026,14
PercDevAbs_TR_3,10.25,2.4207419063812115,0.09121,-1.3333407702662026,1.3333407702662026,14
PercDevAbs_TR_3,10.5,2.274525863685975,0.09121,-1.3333407702662026,1.3333407702662026,14
PercDevAbs_TR_3,10.75,2.128782436728764,0.09121,-1.3333407702662026,1.3333407702662026,14
PercDevAbs_TR_3,11,1.9860676192033033,0.09121,-1.3333407702662026,1.3333407702662026,14
PercDevAbs_TR_3,11.25,1.8502828496434987,0.09121,-1.3333407702662026,1.3333407702662026,14
PercDevAbs_TR_3,11.5,1.72338555283238,0.09121,-1.3333407702662026,1.3333407702662026,14
PercDevAbs_TR_3,11.75,1.6059013247528464,0.09121,-1.3333407702662026,1.3333407702662026,14
PercDevAbs_TR_3,12,1.4974541504000545,0.09121,-1.3333407702662026,1.3333407702662026,14
PercDevAbs_TR_3,6,8.337900690683659,0.15866,-0.9999803859660789,0.9999803859660789,13
PercDevAbs_TR_3,6.25,8.507804205717902,0.15866,-0.9999803859660789,0.9999803859660789,13
PercDevAbs_TR_3,6.5,8.625655614080465,0.15866,-0.9999803859660789,0.9999803859660789,13
PercDevAbs_TR_3,6.75,8.670251537629744,0.15866,-0.9999803859660789,0.9999803859660789,13
PercDevAbs_TR_3,7,8.625561355914588,0.15866,-0.9999803859660789,0.9999803859660789,13
PercDevAbs_TR_3,7.25,8.485389754397843,0.15866,-0.9999803859660789,0.9999803859660789,13
PercDevAbs_TR_3,7.5,8.252867670746998,0.15866,-0.9999803859660789,0.9999803859660789,13
PercDevAbs_TR_3,7.75,7.940231411673935,0.15866,-0.9999803859660789,0.9999803859660789,13
PercDevAbs_TR_3,8,7.563173584577922,0.15866,-0.9999803859660789,0.9999803859660789,13
PercDevAbs_TR_3,8.25,7.140049791957357,0.15866,-0.9999803859660789,0.9999803859660789,13
PercDevAbs_TR_3,8.5,6.694999584768234,0.15866,-0.9999803859660789,0.9999803859660789,13
PercDevAbs_TR_3,8.75,6.256847029319778,0.15866,-0.9999803859660789,0.9999803859660789,13
PercDevAbs_TR_3,9,5.847207441917908,0.15866,-0.9999803859660789,0.9999803859660789,13
PercDevAbs_TR_3,9.25,5.4747508301170695,0.15866,-0.9999803859660789,0.9999803859660789,13
PercDevAbs_TR_3,9.5,5.136925122395954,0.15866,-0.9999803859660789,0.9999803859660789,13
PercDevAbs_TR_3,9.75,4.831562484237112,0.15866,-0.9999803859660789,0.9999803859660789,13
PercDevAbs_TR_3,10,4.5528528594644335,0.15866,-0.9999803859660789,0.9999803859660789,13
PercDevAbs_TR_3,10.25,4.291102173110026,0.15866,-0.9999803859660789,0.9999803859660789,13
PercDevAbs_TR_3,10.5,4.037386152697141,0.15866,-0.9999803859660789,0.9999803859660789,13
PercDevAbs_TR_3,10.75,3.789094357696391,0.15866,-0.9999803859660789,0.9999803859660789,13
PercDevAbs_TR_3,11,3.5488238678125716,0.15866,-0.9999803859660789,0.9999803859660789,13
PercDevAbs_TR_3,11.25,3.3207579442460897,0.15866,-0.9999803859660789,0.9999803859660789,13
PercDevAbs_TR_3,11.5,3.106906107078722,0.15866,-0.9999803859660789,0.9999803859660789,13
PercDevAbs_TR_3,11.75,2.9076679071909184,0.15866,-0.9999803859660789,0.9999803859660789,13
PercDevAbs_TR_3,12,2.7224203080862144,0.15866,-0.9999803859660789,0.9999803859660789,13
PercDevAbs_TR_3,6,15.364047686122724,0.25249,-0.6666746102242979,0.6666746102242979,12
PercDevAbs_TR_3,6.25,15.156297136332753,0.25249,-0.6666746102242979,0.6666746102242979,12
PercDevAbs_TR_3,6.5,14.90104001971039,0.25249,-0.6666746102242979,0.6666746102242979,12
PercDevAbs_TR_3,6.75,14.581201662321375,0.25249,-0.6666746102242979,0.6666746102242979,12
PercDevAbs_TR_3,7,14.185649290474608,0.25249,-0.6666746102242979,0.6666746102242979,12
PercDevAbs_TR_3,7.25,13.712605432597027,0.25249,-0.6666746102242979,0.6666746102242979,12
PercDevAbs_TR_3,7.5,13.168195391492072,0.25249,-0.6666746102242979,0.6666746102242979,12
PercDevAbs_TR_3,7.75,12.565763827892308,0.25249,-0.6666746102242979,0.6666746102242979,12
PercDevAbs_TR_3,8,11.920580328622327,0.25249,-0.6666746102242979,0.6666746102242979,12
PercDevAbs_TR_3,8.25,11.249401467856453,0.25249,-0.6666746102242979,0.6666746102242979,12
PercDevAbs_TR_3,8.5,10.573738035306336,0.25249,-0.6666746102242979,0.6666746102242979,12
PercDevAbs_TR_3,8.75,9.919285412969279,0.25249,-0.6666746102242979,0.6666746102242979,12
PercDevAbs_TR_3,9,9.305235704082982,0.25249,-0.6666746102242979,0.6666746102242979,12
PercDevAbs_TR_3,9.25,8.738946247808201,0.25249,-0.6666746102242979,0.6666746102242979,12
PercDevAbs_TR_3,9.5,8.217375385730055,0.25249,-0.6666746102242979,0.6666746102242979,12
PercDevAbs_TR_3,9.75,7.7378528704618565,0.25249,-0.6666746102242979,0.6666746102242979,12
PercDevAbs_TR_3,10,7.29429866875924,0.25249,-0.6666746102242979,0.6666746102242979,12
PercDevAbs_TR_3,10.25,6.876998096863935,0.25249,-0.6666746102242979,0.6666746102242979,12
PercDevAbs_TR_3,10.5,6.476981812870928,0.25249,-0.6666746102242979,0.6666746102242979,12
PercDevAbs_TR_3,10.75,6.091224685146011,0.25249,-0.6666746102242979,0.6666746102242979,12
PercDevAbs_TR_3,11,5.7216144410435605,0.25249,-0.6666746102242979,0.6666746102242979,12
PercDevAbs_TR_3,11.25,5.371579205210961,0.25249,-0.6666746102242979,0.6666746102242979,12
PercDevAbs_TR_3,11.5,5.042555282964768,0.25249,-0.6666746102242979,0.6666746102242979,12
PercDevAbs_TR_3,11.75,4.734501644670562,0.25249,-0.6666746102242979,0.6666746102242979,12
PercDevAbs_TR_3,12,4.446438384260897,0.25249,-0.6666746102242979,0.6666746102242979,12
PercDevAbs_TR_3,6,25.689037209386957,0.36944,-0.33333688458431254,0.33333688458431254,11
PercDevAbs_TR_3,6.25,24.691686191560205,0.36944,-0.33333688458431254,0.33333688458431254,11
PercDevAbs_TR_3,6.5,23.705330178613313,0.36944,-0.33333688458431254,0.33333688458431254,11
PercDevAbs_TR_3,6.75,22.716805432116068,0.36944,-0.33333688458431254,0.33333688458431254,11
PercDevAbs_TR_3,7,21.717681052457703,0.36944,-0.33333688458431254,0.33333688458431254,11
PercDevAbs_TR_3,7.25,20.70608956936792,0.36944,-0.33333688458431254,0.33333688458431254,11
PercDevAbs_TR_3,7.5,19.685309972986296,0.36944,-0.33333688458431254,0.33333688458431254,11
PercDevAbs_TR_3,7.75,18.66306049992952,0.36944,-0.33333688458431254,0.33333688458431254,11
PercDevAbs_TR_3,8,17.647947655261707,0.36944,-0.33333688458431254,0.33333688458431254,11
PercDevAbs_TR_3,8.25,16.649270791029668,0.36944,-0.33333688458431254,0.33333688458431254,11
PercDevAbs_TR_3,8.5,15.679307321178392,0.36944,-0.33333688458431254,0.33333688458431254,11
PercDevAbs_TR_3,8.75,14.753110652071344,0.36944,-0.33333688458431254,0.33333688458431254,11
PercDevAbs_TR_3,9,13.881609299246094,0.36944,-0.33333688458431254,0.33333688458431254,11
PercDevAbs_TR_3,9.25,13.068089117704126,0.36944,-0.33333688458431254,0.33333688458431254,11
PercDevAbs_TR_3,9.5,12.30906866745191,0.36944,-0.33333688458431254,0.33333688458431254,11
PercDevAbs_TR_3,9.75,11.601385279178105,0.36944,-0.33333688458431254,0.33333688458431254,11
PercDevAbs_TR_3,10,10.939686140441287,0.36944,-0.33333688458431254,0.33333688458431254,11
PercDevAbs_TR_3,10.25,10.316276686043652,0.36944,-0.33333688458431254,0.33333688458431254,11
PercDevAbs_TR_3,10.5,9.724023710644452,0.36944,-0.33333688458431254,0.33333688458431254,11
PercDevAbs_TR_3,10.75,9.159794982491858,0.36944,-0.33333688458431254,0.33333688458431254,11
PercDevAbs_TR_3,11,8.623775224803119,0.36944,-0.33333688458431254,0.33333688458431254,11
PercDevAbs_TR_3,11.25,8.117238427019513,0.36944,-0.33333688458431254,0.33333688458431254,11
PercDevAbs_TR_3,11.5,7.640202946886065,0.36944,-0.33333688458431254,0.33333688458431254,11
PercDevAbs_TR_3,11.75,7.191764310549133,0.36944,-0.33333688458431254,0.33333688458431254,11
PercDevAbs_TR_3,12,6.770444634636372,0.36944,-0.33333688458431254,0.33333688458431254,11
PercDevAbs_TR_3,6,40.306971622474954,0.5,0,-0,10
PercDevAbs_TR_3,6.25,37.940542596529035,0.5,0,-0,10
PercDevAbs_TR_3,6.5,35.73046821589661,0.5,0,-0,10
PercDevAbs_TR_3,6.75,33.66286219025484,0.5,0,-0,10
PercDevAbs_TR_3,7,31.725250171507533,0.5,0,-0,10
PercDevAbs_TR_3,7.25,29.906647871163646,0.5,0,-0,10
PercDevAbs_TR_3,7.5,28.197613412693464,0.5,0,-0,10
PercDevAbs_TR_3,7.75,26.58999766039974,0.5,0,-0,10
PercDevAbs_TR_3,8,25.076793564795977,0.5,0,-0,10
PercDevAbs_TR_3,8.25,23.651811345124067,0.5,0,-0,10
PercDevAbs_TR_3,8.5,22.309306455358985,0.5,0,-0,10
PercDevAbs_TR_3,8.75,21.043765938103466,0.5,0,-0,10
PercDevAbs_TR_3,9,19.850109857460172,0.5,0,-0,10
PercDevAbs_TR_3,9.25,18.72386154658389,0.5,0,-0,10
PercDevAbs_TR_3,9.5,17.66115501245283,0.5,0,-0,10
PercDevAbs_TR_3,9.75,16.658345749657787,0.5,0,-0,10
PercDevAbs_TR_3,10,15.712157443189698,0.5,0,-0,10
PercDevAbs_TR_3,10.25,14.819678367833676,0.5,0,-0,10
PercDevAbs_TR_3,10.5,13.978163174663777,0.5,0,-0,10
PercDevAbs_TR_3,10.75,13.184810858622825,0.5,0,-0,10
PercDevAbs_TR_3,11,12.436791619122545,0.5,0,-0,10
PercDevAbs_TR_3,11.25,11.731359413518485,0.5,0,-0,10
PercDevAbs_TR_3,11.5,11.065986285970467,0.5,0,-0,10
PercDevAbs_TR_3,11.75,10.438339977587562,0.5,0,-0,10
PercDevAbs_TR_3,12,9.846260040378592,0.5,0,-0,10
PercDevAbs_TR_3,6,60.717635357621944,0.63056,0.33333688458431254,-0.33333688458431254,9
PercDevAbs_TR_3,6.25,56.15998414971973,0.63056,0.33333688458431254,-0.33333688458431254,9
PercDevAbs_TR_3,6.5,52.037138658400515,0.63056,0.33333688458431254,-0.33333688458431254,9
PercDevAbs_TR_3,6.75,48.32383837588395,0.63056,0.33333688458431254,-0.33333688458431254,9
PercDevAbs_TR_3,7,44.99067429150412,0.63056,0.33333688458431254,-0.33333688458431254,9
PercDevAbs_TR_3,7.25,42.002373083425326,0.63056,0.33333688458431254,-0.33333688458431254,9
PercDevAbs_TR_3,7.5,39.32134354745178,0.63056,0.33333688458431254,-0.33333688458431254,9
PercDevAbs_TR_3,7.75,36.90841160574572,0.63056,0.33333688458431254,-0.33333688458431254,9
PercDevAbs_TR_3,8,34.7281409984654,0.63056,0.33333688458431254,-0.33333688458431254,9
PercDevAbs_TR_3,8.25,32.74766227669543,0.63056,0.33333688458431254,-0.33333688458431254,9
PercDevAbs_TR_3,8.5,30.93119525835853,0.63056,0.33333688458431254,-0.33333688458431254,9
PercDevAbs_TR_3,8.75,29.23915981296685,0.63056,0.33333688458431254,-0.33333688458431254,9
PercDevAbs_TR_3,9,27.639904513726066,0.63056,0.33333688458431254,-0.33333688458431254,9
PercDevAbs_TR_3,9.25,26.11612648599554,0.63056,0.33333688458431254,-0.33333688458431254,9
PercDevAbs_TR_3,9.5,24.663639980851283,0.63056,0.33333688458431254,-0.33333688458431254,9
PercDevAbs_TR_3,9.75,23.27832987599369,0.63056,0.33333688458431254,-0.33333688458431254,9
PercDevAbs_TR_3,10,21.96085979608073,0.63056,0.33333688458431254,-0.33333688458431254,9
PercDevAbs_TR_3,10.25,20.71691855297135,0.63056,0.33333688458431254,-0.33333688458431254,9
PercDevAbs_TR_3,10.5,19.551679137053952,0.63056,0.33333688458431254,-0.33333688458431254,9
PercDevAbs_TR_3,10.75,18.46329625850754,0.63056,0.33333688458431254,-0.33333688458431254,9
PercDevAbs_TR_3,11,17.44414199279052,0.63056,0.33333688458431254,-0.33333688458431254,9
PercDevAbs_TR_3,11.25,16.484895527793938,0.63056,0.33333688458431254,-0.33333688458431254,9
PercDevAbs_TR_3,11.5,15.578935926139279,0.63056,0.33333688458431254,-0.33333688458431254,9
PercDevAbs_TR_3,11.75,14.721729777941249,0.63056,0.33333688458431254,-0.33333688458431254,9
PercDevAbs_TR_3,12,13.91018410108627,0.63056,0.33333688458431254,-0.33333688458431254,9
PercDevAbs_TR_3,6,89.27097516853513,0.74751,0.6666746102242979,-0.6666746102242979,8
PercDevAbs_TR_3,6.25,81.32151234381267,0.74751,0.6666746102242979,-0.6666746102242979,8
PercDevAbs_TR_3,6.5,74.28998651662134,0.74751,0.6666746102242979,-0.6666746102242979,8
PercDevAbs_TR_3,6.75,68.11989279014885,0.74751,0.6666746102242979,-0.6666746102242979,8
PercDevAbs_TR_3,7,62.742607445419566,0.74751,0.6666746102242979,-0.6666746102242979,8
PercDevAbs_TR_3,7.25,58.07398067296315,0.74751,0.6666746102242979,-0.6666746102242979,8
PercDevAbs_TR_3,7.5,54.024294519385066,0.74751,0.6666746102242979,-0.6666746102242979,8
PercDevAbs_TR_3,7.75,50.50057529315306,0.74751,0.6666746102242979,-0.6666746102242979,8
PercDevAbs_TR_3,8,47.4201201692313,0.74751,0.6666746102242979,-0.6666746102242979,8
PercDevAbs_TR_3,8.25,44.70723896385801,0.74751,0.6666746102242979,-0.6666746102242979,8
PercDevAbs_TR_3,8.5,42.27902151552204,0.74751,0.6666746102242979,-0.6666746102242979,8
PercDevAbs_TR_3,8.75,40.04267719396403,0.74751,0.6666746102242979,-0.6666746102242979,8
PercDevAbs_TR_3,9,37.92497762929894,0.74751,0.6666746102242979,-0.6666746102242979,8
PercDevAbs_TR_3,9.25,35.88857108765547,0.74751,0.6666746102242979,-0.6666746102242979,8
PercDevAbs_TR_3,9.5,33.92903559263692,0.74751,0.6666746102242979,-0.6666746102242979,8
PercDevAbs_TR_3,9.75,32.04180022732688,0.74751,0.6666746102242979,-0.6666746102242979,8
PercDevAbs_TR_3,10,30.23414231548782,0.74751,0.6666746102242979,-0.6666746102242979,8
PercDevAbs_TR_3,10.25,28.525828971996955,0.74751,0.6666746102242979,-0.6666746102242979,8
PercDevAbs_TR_3,10.5,26.935021695763442,0.74751,0.6666746102242979,-0.6666746102242979,8
PercDevAbs_TR_3,10.75,25.461747638772138,0.74751,0.6666746102242979,-0.6666746102242979,8
PercDevAbs_TR_3,11,24.091053627439198,0.74751,0.6666746102242979,-0.6666746102242979,8
PercDevAbs_TR_3,11.25,22.803405613414935,0.74751,0.6666746102242979,-0.6666746102242979,8
PercDevAbs_TR_3,11.5,21.585885631281112,0.74751,0.6666746102242979,-0.6666746102242979,8
PercDevAbs_TR_3,11.75,20.430657880995337,0.74751,0.6666746102242979,-0.6666746102242979,8
PercDevAbs_TR_3,12,19.33334483317116,0.74751,0.6666746102242979,-0.6666746102242979,8
PercDevAbs_TR_3,6,129.7451183495591,0.84134,0.9999803859660789,-0.9999803859660789,7
PercDevAbs_TR_3,6.25,116.58635716674034,0.84134,0.9999803859660789,-0.9999803859660789,7
PercDevAbs_TR_3,6.5,105.15112672485269,0.84134,0.9999803859660789,-0.9999803859660789,7
PercDevAbs_TR_3,6.75,95.31637802666984,0.84134,0.9999803859660789,-0.9999803859660789,7
PercDevAbs_TR_3,7,86.93639000299305,0.84134,0.9999803859660789,-0.9999803859660789,7
PercDevAbs_TR_3,7.25,79.8379924007504,0.84134,0.9999803859660789,-0.9999803859660789,7
PercDevAbs_TR_3,7.5,73.84129315057736,0.84134,0.9999803859660789,-0.9999803859660789,7
PercDevAbs_TR_3,7.75,68.76424778687453,0.84134,0.9999803859660789,-0.9999803859660789,7
PercDevAbs_TR_3,8,64.44819274624791,0.84134,0.9999803859660789,-0.9999803859660789,7
PercDevAbs_TR_3,8.25,60.75038898414188,0.84134,0.9999803859660789,-0.9999803859660789,7
PercDevAbs_TR_3,8.5,57.515413962077254,0.84134,0.9999803859660789,-0.9999803859660789,7
PercDevAbs_TR_3,8.75,54.56892116191409,0.84134,0.9999803859660789,-0.9999803859660789,7
PercDevAbs_TR_3,9,51.773854399885224,0.84134,0.9999803859660789,-0.9999803859660789,7
PercDevAbs_TR_3,9.25,49.062070296575705,0.84134,0.9999803859660789,-0.9999803859660789,7
PercDevAbs_TR_3,9.5,46.429029461186275,0.84134,0.9999803859660789,-0.9999803859660789,7
PercDevAbs_TR_3,9.75,43.869730701091584,0.84134,0.9999803859660789,-0.9999803859660789,7
PercDevAbs_TR_3,10,41.402067516907834,0.84134,0.9999803859660789,-0.9999803859660789,7
PercDevAbs_TR_3,10.25,39.06808010811647,0.84134,0.9999803859660789,-0.9999803859660789,7
PercDevAbs_TR_3,10.5,36.90650894578887,0.84134,0.9999803859660789,-0.9999803859660789,7
PercDevAbs_TR_3,10.75,34.92065284799579,0.84134,0.9999803859660789,-0.9999803859660789,7
PercDevAbs_TR_3,11,33.084496637017445,0.84134,0.9999803859660789,-0.9999803859660789,7
PercDevAbs_TR_3,11.25,31.362888542616002,0.84134,0.9999803859660789,-0.9999803859660789,7
PercDevAbs_TR_3,11.5,29.733339358122294,0.84134,0.9999803859660789,-0.9999803859660789,7
PercDevAbs_TR_3,11.75,28.183077375229747,0.84134,0.9999803859660789,-0.9999803859660789,7
PercDevAbs_TR_3,12,26.70592497845279,0.84134,0.9999803859660789,-0.9999803859660789,7
PercDevAbs_TR_3,6,188.41284759923198,0.90879,1.3333407702662026,-1.3333407702662026,6
PercDevAbs_TR_3,6.25,167.18130721176314,0.90879,1.3333407702662026,-1.3333407702662026,6
PercDevAbs_TR_3,6.5,149.0044536210279,0.90879,1.3333407702662026,-1.3333407702662026,6
PercDevAbs_TR_3,6.75,133.62991328476744,0.90879,1.3333407702662026,-1.3333407702662026,6
PercDevAbs_TR_3,7,120.76949250866393,0.90879,1.3333407702662026,-1.3333407702662026,6
PercDevAbs_TR_3,7.25,110.09374085539643,0.90879,1.3333407702662026,-1.3333407702662026,6
PercDevAbs_TR_3,7.5,101.27022845227823,0.90879,1.3333407702662026,-1.3333407702662026,6
PercDevAbs_TR_3,7.75,93.97114368070599,0.90879,1.3333407702662026,-1.3333407702662026,6
PercDevAbs_TR_3,8,87.916369749116,0.90879,1.3333407702662026,-1.3333407702662026,6
PercDevAbs_TR_3,8.25,82.85818726594701,0.90879,1.3333407702662026,-1.3333407702662026,6
PercDevAbs_TR_3,8.5,78.52929678571303,0.90879,1.3333407702662026,-1.3333407702662026,6
PercDevAbs_TR_3,8.75,74.62994364232532,0.90879,1.3333407702662026,-1.3333407702662026,6
PercDevAbs_TR_3,9,70.92477688284961,0.90879,1.3333407702662026,-1.3333407702662026,6
PercDevAbs_TR_3,9.25,67.29817919235016,0.90879,1.3333407702662026,-1.3333407702662026,6
PercDevAbs_TR_3,9.5,63.74567724150957,0.90879,1.3333407702662026,-1.3333407702662026,6
PercDevAbs_TR_3,9.75,60.261889916945144,0.90879,1.3333407702662026,-1.3333407702662026,6
PercDevAbs_TR_3,10,56.8815854044337,0.90879,1.3333407702662026,-1.3333407702662026,6
PercDevAbs_TR_3,10.25,53.68187762465424,0.90879,1.3333407702662026,-1.3333407702662026,6
PercDevAbs_TR_3,10.5,50.733950183561056,0.90879,1.3333407702662026,-1.3333407702662026,6
PercDevAbs_TR_3,10.75,48.04660082448214,0.90879,1.3333407702662026,-1.3333407702662026,6
PercDevAbs_TR_3,11,45.576981863298094,0.90879,1.3333407702662026,-1.3333407702662026,6
PercDevAbs_TR_3,11.25,43.26594204590224,0.90879,1.3333407702662026,-1.3333407702662026,6
PercDevAbs_TR_3,11.5,41.07634387301034,0.90879,1.3333407702662026,-1.3333407702662026,6
PercDevAbs_TR_3,11.75,38.987951838105296,0.90879,1.3333407702662026,-1.3333407702662026,6
PercDevAbs_TR_3,12,36.99200184917224,0.90879,1.3333407702662026,-1.3333407702662026,6
PercDevAbs_TR_3,6,275.9601792614101,0.95221,1.6666702079210545,-1.6666702079210545,5
PercDevAbs_TR_3,6.25,241.96407100943958,0.95221,1.6666702079210545,-1.6666702079210545,5
PercDevAbs_TR_3,6.5,213.24200202282464,0.95221,1.6666702079210545,-1.6666702079210545,5
PercDevAbs_TR_3,6.75,189.29840582942015,0.95221,1.6666702079210545,-1.6666702079210545,5
PercDevAbs_TR_3,7,169.58678035389747,0.95221,1.6666702079210545,-1.6666702079210545,5
PercDevAbs_TR_3,7.25,153.50503982824156,0.95221,1.6666702079210545,-1.6666702079210545,5
PercDevAbs_TR_3,7.5,140.4623117042652,0.95221,1.6666702079210545,-1.6666702079210545,5
PercDevAbs_TR_3,7.75,129.8903635462373,0.95221,1.6666702079210545,-1.6666702079210545,5
PercDevAbs_TR_3,8,121.31261387638321,0.95221,1.6666702079210545,-1.6666702079210545,5
PercDevAbs_TR_3,8.25,114.31454034976831,0.95221,1.6666702079210545,-1.6666702079210545,5
PercDevAbs_TR_3,8.5,108.45337554388587,0.95221,1.6666702079210545,-1.6666702079210545,5
PercDevAbs_TR_3,8.75,103.2332792400524,0.95221,1.6666702079210545,-1.6666702079210545,5
PercDevAbs_TR_3,9,98.26498937771808,0.95221,1.6666702079210545,-1.6666702079210545,5
PercDevAbs_TR_3,9.25,93.35843543549676,0.95221,1.6666702079210545,-1.6666702079210545,5
PercDevAbs_TR_3,9.5,88.50951164132512,0.95221,1.6666702079210545,-1.6666702079210545,5
PercDevAbs_TR_3,9.75,83.71256074662193,0.95221,1.6666702079210545,-1.6666702079210545,5
PercDevAbs_TR_3,10,79.02942122408344,0.95221,1.6666702079210545,-1.6666702079210545,5
PercDevAbs_TR_3,10.25,74.59310774786162,0.95221,1.6666702079210545,-1.6666702079210545,5
PercDevAbs_TR_3,10.5,70.52656191730796,0.95221,1.6666702079210545,-1.6666702079210545,5
PercDevAbs_TR_3,10.75,66.84777129716387,0.95221,1.6666702079210545,-1.6666702079210545,5
PercDevAbs_TR_3,11,63.48777487357936,0.95221,1.6666702079210545,-1.6666702079210545,5
PercDevAbs_TR_3,11.25,60.34988388949683,0.95221,1.6666702079210545,-1.6666702079210545,5
PercDevAbs_TR_3,11.5,57.3741149889986,0.95221,1.6666702079210545,-1.6666702079210545,5
PercDevAbs_TR_3,11.75,54.5286967706777,0.95221,1.6666702079210545,-1.6666702079210545,5
PercDevAbs_TR_3,12,51.80103175464089,0.95221,1.6666702079210545,-1.6666702079210545,5
PercDevAbs_TR_3,6,411.3659785419089,0.97725,2.0000024438996027,-2.0000024438996027,4
PercDevAbs_TR_3,6.25,356.58066548624004,0.97725,2.0000024438996027,-2.0000024438996027,4
PercDevAbs_TR_3,6.5,310.85261840305094,0.97725,2.0000024438996027,-2.0000024438996027,4
PercDevAbs_TR_3,6.75,273.23003907356195,0.97725,2.0000024438996027,-2.0000024438996027,4
PercDevAbs_TR_3,7,242.69558712773775,0.97725,2.0000024438996027,-2.0000024438996027,4
PercDevAbs_TR_3,7.25,218.16541465864978,0.97725,2.0000024438996027,-2.0000024438996027,4
PercDevAbs_TR_3,7.5,198.60297191730865,0.97725,2.0000024438996027,-2.0000024438996027,4
PercDevAbs_TR_3,7.75,183.03484551010223,0.97725,2.0000024438996027,-2.0000024438996027,4
PercDevAbs_TR_3,8,170.6589266469862,0.97725,2.0000024438996027,-2.0000024438996027,4
PercDevAbs_TR_3,8.25,160.78868963042925,0.97725,2.0000024438996027,-2.0000024438996027,4
PercDevAbs_TR_3,8.5,152.69861694214893,0.97725,2.0000024438996027,-2.0000024438996027,4
PercDevAbs_TR_3,8.75,145.57781454743758,0.97725,2.0000024438996027,-2.0000024438996027,4
PercDevAbs_TR_3,9,138.78938507179407,0.97725,2.0000024438996027,-2.0000024438996027,4
PercDevAbs_TR_3,9.25,132.02324077164343,0.97725,2.0000024438996027,-2.0000024438996027,4
PercDevAbs_TR_3,9.5,125.27616276096609,0.97725,2.0000024438996027,-2.0000024438996027,4
PercDevAbs_TR_3,9.75,118.54243187734116,0.97725,2.0000024438996027,-2.0000024438996027,4
PercDevAbs_TR_3,10,111.92830084065554,0.97725,2.0000024438996027,-2.0000024438996027,4
PercDevAbs_TR_3,10.25,105.65806935873324,0.97725,2.0000024438996027,-2.0000024438996027,4
PercDevAbs_TR_3,10.5,99.93927107730737,0.97725,2.0000024438996027,-2.0000024438996027,4
PercDevAbs_TR_3,10.75,94.80546539545496,0.97725,2.0000024438996027,-2.0000024438996027,4
PercDevAbs_TR_3,11,90.1459896807094,0.97725,2.0000024438996027,-2.0000024438996027,4
PercDevAbs_TR_3,11.25,85.80378276787457,0.97725,2.0000024438996027,-2.0000024438996027,4
PercDevAbs_TR_3,11.5,81.68219346253143,0.97725,2.0000024438996027,-2.0000024438996027,4
PercDevAbs_TR_3,11.75,77.73106477748273,0.97725,2.0000024438996027,-2.0000024438996027,4
PercDevAbs_TR_3,12,73.93190210071172,0.97725,2.0000024438996027,-2.0000024438996027,4
PercDevAbs_TR_3,6,629.571593355251,0.99018,2.3331552225672416,-2.3331552225672416,3
PercDevAbs_TR_3,6.25,539.6670993802248,0.99018,2.3331552225672416,-2.3331552225672416,3
PercDevAbs_TR_3,6.5,465.4746049588122,0.99018,2.3331552225672416,-2.3331552225672416,3
PercDevAbs_TR_3,6.75,405.17304705476283,0.99018,2.3331552225672416,-2.3331552225672416,3
PercDevAbs_TR_3,7,356.8692207279506,0.99018,2.3331552225672416,-2.3331552225672416,3
PercDevAbs_TR_3,7.25,318.60630181368117,0.99018,2.3331552225672416,-2.3331552225672416,3
PercDevAbs_TR_3,7.5,288.5570925850171,0.99018,2.3331552225672416,-2.3331552225672416,3
PercDevAbs_TR_3,7.75,265.0438571407747,0.99018,2.3331552225672416,-2.3331552225672416,3
PercDevAbs_TR_3,8,246.7072336777377,0.99018,2.3331552225672416,-2.3331552225672416,3
PercDevAbs_TR_3,8.25,232.4018430842377,0.99018,2.3331552225672416,-2.3331552225672416,3
PercDevAbs_TR_3,8.5,220.93049542424822,0.99018,2.3331552225672416,-2.3331552225672416,3
PercDevAbs_TR_3,8.75,210.95821703100896,0.99018,2.3331552225672416,-2.3331552225672416,3
PercDevAbs_TR_3,9,201.43561200146135,0.99018,2.3331552225672416,-2.3331552225672416,3
PercDevAbs_TR_3,9.25,191.85225041204683,0.99018,2.3331552225672416,-2.3331552225672416,3
PercDevAbs_TR_3,9.5,182.2067294285733,0.99018,2.3331552225672416,-2.3331552225672416,3
PercDevAbs_TR_3,9.75,172.49371025206992,0.99018,2.3331552225672416,-2.3331552225672416,3
PercDevAbs_TR_3,10,162.8946509858976,0.99018,2.3331552225672416,-2.3331552225672416,3
PercDevAbs_TR_3,10.25,153.7878802827993,0.99018,2.3331552225672416,-2.3331552225672416,3
PercDevAbs_TR_3,10.5,145.5237788041499,0.99018,2.3331552225672416,-2.3331552225672416,3
PercDevAbs_TR_3,10.75,138.16298744648216,0.99018,2.3331552225672416,-2.3331552225672416,3
PercDevAbs_TR_3,11,131.5258111671236,0.99018,2.3331552225672416,-2.3331552225672416,3
PercDevAbs_TR_3,11.25,125.35461094244755,0.99018,2.3331552225672416,-2.3331552225672416,3
PercDevAbs_TR_3,11.5,119.4917392731263,0.99018,2.3331552225672416,-2.3331552225672416,3
PercDevAbs_TR_3,11.75,113.85662481366583,0.99018,2.3331552225672416,-2.3331552225672416,3
PercDevAbs_TR_3,12,108.42130970427654,0.99018,2.3331552225672416,-2.3331552225672416,3
PercDevAbs_TR_3,6,999.1022451262498,0.99617,2.6667000630340683,-2.6667000630340683,2
PercDevAbs_TR_3,6.25,847.063383998118,0.99617,2.6667000630340683,-2.6667000630340683,2
PercDevAbs_TR_3,6.5,722.9500701715759,0.99617,2.6667000630340683,-2.6667000630340683,2
PercDevAbs_TR_3,6.75,623.2320823259777,0.99617,2.6667000630340683,-2.6667000630340683,2
PercDevAbs_TR_3,7,544.3293472304866,0.99617,2.6667000630340683,-2.6667000630340683,2
PercDevAbs_TR_3,7.25,482.64185472433496,0.99617,2.6667000630340683,-2.6667000630340683,2
PercDevAbs_TR_3,7.5,434.8821408800632,0.99617,2.6667000630340683,-2.6667000630340683,2
PercDevAbs_TR_3,7.75,398.0954881445537,0.99617,2.6667000630340683,-2.6667000630340683,2
PercDevAbs_TR_3,8,369.9264158407285,0.99617,2.6667000630340683,-2.6667000630340683,2
PercDevAbs_TR_3,8.25,348.4205261452655,0.99617,2.6667000630340683,-2.6667000630340683,2
PercDevAbs_TR_3,8.5,331.55789960818083,0.99617,2.6667000630340683,-2.6667000630340683,2
PercDevAbs_TR_3,8.75,317.0919550795021,0.99617,2.6667000630340683,-2.6667000630340683,2
PercDevAbs_TR_3,9,303.254788740627,0.99617,2.6667000630340683,-2.6667000630340683,2
PercDevAbs_TR_3,9.25,289.1861958587809,0.99617,2.6667000630340683,-2.6667000630340683,2
PercDevAbs_TR_3,9.5,274.88832332188,0.99617,2.6667000630340683,-2.6667000630340683,2
PercDevAbs_TR_3,9.75,260.35713608801836,0.99617,2.6667000630340683,-2.6667000630340683,2
PercDevAbs_TR_3,10,245.90695366733908,0.99617,2.6667000630340683,-2.6667000630340683,2
PercDevAbs_TR_3,10.25,232.1875033537553,0.99617,2.6667000630340683,-2.6667000630340683,2
PercDevAbs_TR_3,10.5,219.80104646105463,0.99617,2.6667000630340683,-2.6667000630340683,2
PercDevAbs_TR_3,10.75,208.85717983147006,0.99617,2.6667000630340683,-2.6667000630340683,2
PercDevAbs_TR_3,11,199.05660240342615,0.99617,2.6667000630340683,-2.6667000630340683,2
PercDevAbs_TR_3,11.25,189.96639155712236,0.99617,2.6667000630340683,-2.6667000630340683,2
PercDevAbs_TR_3,11.5,181.32270884713958,0.99617,2.6667000630340683,-2.6667000630340683,2
PercDevAbs_TR_3,11.75,172.9922682773416,0.99617,2.6667000630340683,-2.6667000630340683,2
PercDevAbs_TR_3,12,164.9311376959192,0.99617,2.6667000630340683,-2.6667000630340683,2
PercDevAbs_TR_3,6,1658.2247639666098,0.99865,2.999976992703401,-2.999976992703401,1
PercDevAbs_TR_3,6.25,1390.7230503468168,0.99865,2.999976992703401,-2.999976992703401,1
PercDevAbs_TR_3,6.5,1174.6207315902482,0.99865,2.999976992703401,-2.999976992703401,1
PercDevAbs_TR_3,6.75,1002.8972588832133,0.99865,2.999976992703401,-2.999976992703401,1
PercDevAbs_TR_3,7,868.590235806717,0.99865,2.999976992703401,-2.999976992703401,1
PercDevAbs_TR_3,7.25,764.8716825163324,0.99865,2.999976992703401,-2.999976992703401,1
PercDevAbs_TR_3,7.5,685.6346102103865,0.99865,2.999976992703401,-2.999976992703401,1
PercDevAbs_TR_3,7.75,625.5004341644574,0.99865,2.999976992703401,-2.999976992703401,1
PercDevAbs_TR_3,8,580.2478724298624,0.99865,2.999976992703401,-2.999976992703401,1
PercDevAbs_TR_3,8.25,546.4268665096831,0.99865,2.999976992703401,-2.999976992703401,1
PercDevAbs_TR_3,8.5,520.5122816820206,0.99865,2.999976992703401,-2.999976992703401,1
PercDevAbs_TR_3,8.75,498.5943099499733,0.99865,2.999976992703401,-2.999976992703401,1
PercDevAbs_TR_3,9,477.59230813217386,0.99865,2.999976992703401,-2.999976992703401,1
PercDevAbs_TR_3,9.25,456.0054228589071,0.99865,2.999976992703401,-2.999976992703401,1
PercDevAbs_TR_3,9.5,433.8426924408101,0.99865,2.999976992703401,-2.999976992703401,1
PercDevAbs_TR_3,9.75,411.1033419844367,0.99865,2.999976992703401,-2.999976992703401,1
PercDevAbs_TR_3,10,388.3474690053544,0.99865,2.999976992703401,-2.999976992703401,1
PercDevAbs_TR_3,10.25,366.725872683413,0.99865,2.999976992703401,-2.999976992703401,1
PercDevAbs_TR_3,10.5,347.306176359778,0.99865,2.999976992703401,-2.999976992703401,1
PercDevAbs_TR_3,10.75,330.2903938503834,0.99865,2.999976992703401,-2.999976992703401,1
PercDevAbs_TR_3,11,315.16170051549017,0.99865,2.999976992703401,-2.999976992703401,1
PercDevAbs_TR_3,11.25,301.1666479469895,0.99865,2.999976992703401,-2.999976992703401,1
PercDevAbs_TR_3,11.5,287.8473499682823,0.99865,2.999976992703401,-2.999976992703401,1
PercDevAbs_TR_3,11.75,274.97453291178425,0.99865,2.999976992703401,-2.999976992703401,1
PercDevAbs_TR_3,12,262.47583904188116,0.99865,2.999976992703401,-2.999976992703401,1
PercDevAbs_TR_4,6,0.007641411689526084,0.00135,-2.999976992703393,2.999976992703393,19
PercDevAbs_TR_4,6.25,0.0064907677134202965,0.00135,-2.999976992703393,2.999976992703393,19
PercDevAbs_TR_4,6.5,0.005533304745304698,0.00135,-2.999976992703393,2.999976992703393,19
PercDevAbs_TR_4,6.75,0.004761001209276381,0.00135,-2.999976992703393,2.999976992703393,19
PercDevAbs_TR_4,7,0.0041688127211217015,0.00135,-2.999976992703393,2.999976992703393,19
PercDevAbs_TR_4,7.25,0.0037525210087565406,0.00135,-2.999976992703393,2.999976992703393,19
PercDevAbs_TR_4,7.5,0.0035058886409091157,0.00135,-2.999976992703393,2.999976992703393,19
PercDevAbs_TR_4,7.75,0.0034151212526854708,0.00135,-2.999976992703393,2.999976992703393,19
PercDevAbs_TR_4,8,0.003461456890511742,0.00135,-2.999976992703393,2.999976992703393,19
PercDevAbs_TR_4,8.25,0.0036264669291731478,0.00135,-2.999976992703393,2.999976992703393,19
PercDevAbs_TR_4,8.5,0.0039026343950383895,0.00135,-2.999976992703393,2.999976992703393,19
PercDevAbs_TR_4,8.75,0.004304131678259672,0.00135,-2.999976992703393,2.999976992703393,19
PercDevAbs_TR_4,9,0.004863461202379877,0.00135,-2.999976992703393,2.999976992703393,19
PercDevAbs_TR_4,9.25,0.0056317310444501285,0.00135,-2.999976992703393,2.999976992703393,19
PercDevAbs_TR_4,9.5,0.006686414003135808,0.00135,-2.999976992703393,2.999976992703393,19
PercDevAbs_TR_4,9.75,0.00814221787537648,0.00135,-2.999976992703393,2.999976992703393,19
PercDevAbs_TR_4,10,0.01013530453468271,0.00135,-2.999976992703393,2.999976992703393,19
PercDevAbs_TR_4,10.25,0.012802985619902792,0.00135,-2.999976992703393,2.999976992703393,19
PercDevAbs_TR_4,10.5,0.01626969199981605,0.00135,-2.999976992703393,2.999976992703393,19
PercDevAbs_TR_4,10.75,0.020615743457622578,0.00135,-2.999976992703393,2.999976992703393,19
PercDevAbs_TR_4,11,0.025869796230106164,0.00135,-2.999976992703393,2.999976992703393,19
PercDevAbs_TR_4,11.25,0.032032649330941576,0.00135,-2.999976992703393,2.999976992703393,19
PercDevAbs_TR_4,11.5,0.039123313126039255,0.00135,-2.999976992703393,2.999976992703393,19
PercDevAbs_TR_4,11.75,0.04713770869154277,0.00135,-2.999976992703393,2.999976992703393,19
PercDevAbs_TR_4,12,0.056043407645173765,0.00135,-2.999976992703393,2.999976992703393,19
PercDevAbs_TR_4,6,0.08622007489669879,0.00383,-2.6667000630340683,2.6667000630340683,18
PercDevAbs_TR_4,6.25,0.07602515058087139,0.00383,-2.6667000630340683,2.6667000630340683,18
PercDevAbs_TR_4,6.5,0.06718890232864873,0.00383,-2.6667000630340683,2.6667000630340683,18
PercDevAbs_TR_4,6.75,0.05973709185507966,0.00383,-2.6667000630340683,2.6667000630340683,18
PercDevAbs_TR_4,7,0.053722142631918046,0.00383,-2.6667000630340683,2.6667000630340683,18
PercDevAbs_TR_4,7.25,0.04919606215205439,0.00383,-2.6667000630340683,2.6667000630340683,18
PercDevAbs_TR_4,7.5,0.04616705148529645,0.00383,-2.6667000630340683,2.6667000630340683,18
PercDevAbs_TR_4,7.75,0.04453063308230987,0.00383,-2.6667000630340683,2.6667000630340683,18
PercDevAbs_TR_4,8,0.04408726676527554,0.00383,-2.6667000630340683,2.6667000630340683,18
PercDevAbs_TR_4,8.25,0.044604711956078555,0.00383,-2.6667000630340683,2.6667000630340683,18
PercDevAbs_TR_4,8.5,0.045924598760982566,0.00383,-2.6667000630340683,2.6667000630340683,18
PercDevAbs_TR_4,8.75,0.048042807771762126,0.00383,-2.6667000630340683,2.6667000630340683,18
PercDevAbs_TR_4,9,0.05105390622158284,0.00383,-2.6667000630340683,2.6667000630340683,18
PercDevAbs_TR_4,9.25,0.05511899798665181,0.00383,-2.6667000630340683,2.6667000630340683,18
PercDevAbs_TR_4,9.5,0.06047643416500424,0.00383,-2.6667000630340683,2.6667000630340683,18
PercDevAbs_TR_4,9.75,0.0674519154953074,0.00383,-2.6667000630340683,2.6667000630340683,18
PercDevAbs_TR_4,10,0.07631738383681104,0.00383,-2.6667000630340683,2.6667000630340683,18
PercDevAbs_TR_4,10.25,0.08719401330827806,0.00383,-2.6667000630340683,2.6667000630340683,18
PercDevAbs_TR_4,10.5,0.1000478680879434,0.00383,-2.6667000630340683,2.6667000630340683,18
PercDevAbs_TR_4,10.75,0.11464840790990397,0.00383,-2.6667000630340683,2.6667000630340683,18
PercDevAbs_TR_4,11,0.13064263564517756,0.00383,-2.6667000630340683,2.6667000630340683,18
PercDevAbs_TR_4,11.25,0.14769443564828402,0.00383,-2.6667000630340683,2.6667000630340683,18
PercDevAbs_TR_4,11.5,0.16561878509987496,0.00383,-2.6667000630340683,2.6667000630340683,18
PercDevAbs_TR_4,11.75,0.1842240250886179,0.00383,-2.6667000630340683,2.6667000630340683,18
PercDevAbs_TR_4,12,0.20330246179345296,0.00383,-2.6667000630340683,2.6667000630340683,18
PercDevAbs_TR_4,6,0.4297053772713093,0.00982,-2.3331552225672434,2.3331552225672434,17
PercDevAbs_TR_4,6.25,0.3880047300804776,0.00982,-2.3331552225672434,2.3331552225672434,17
PercDevAbs_TR_4,6.5,0.35089503117383347,0.00982,-2.3331552225672434,2.3331552225672434,17
PercDevAbs_TR_4,6.75,0.3186104264542148,0.00982,-2.3331552225672434,2.3331552225672434,17
PercDevAbs_TR_4,7,0.29150344512217263,0.00982,-2.3331552225672434,2.3331552225672434,17
PercDevAbs_TR_4,7.25,0.26992865251869186,0.00982,-2.3331552225672434,2.3331552225672434,17
PercDevAbs_TR_4,7.5,0.25403807097824477,0.00982,-2.3331552225672434,2.3331552225672434,17
PercDevAbs_TR_4,7.75,0.24347457115897655,0.00982,-2.3331552225672434,2.3331552225672434,17
PercDevAbs_TR_4,8,0.23742203656807767,0.00982,-2.3331552225672434,2.3331552225672434,17
PercDevAbs_TR_4,8.25,0.23487669544474465,0.00982,-2.3331552225672434,2.3331552225672434,17
PercDevAbs_TR_4,8.5,0.2350807097202488,0.00982,-2.3331552225672434,2.3331552225672434,17
PercDevAbs_TR_4,8.75,0.23780257422073467,0.00982,-2.3331552225672434,2.3331552225672434,17
PercDevAbs_TR_4,9,0.2431036802062577,0.00982,-2.3331552225672434,2.3331552225672434,17
PercDevAbs_TR_4,9.25,0.2511914798164757,0.00982,-2.3331552225672434,2.3331552225672434,17
PercDevAbs_TR_4,9.5,0.26241379908656765,0.00982,-2.3331552225672434,2.3331552225672434,17
PercDevAbs_TR_4,9.75,0.2772417846199011,0.00982,-2.3331552225672434,2.3331552225672434,17
PercDevAbs_TR_4,10,0.29585257896161765,0.00982,-2.3331552225672434,2.3331552225672434,17
PercDevAbs_TR_4,10.25,0.3179528077562161,0.00982,-2.3331552225672434,2.3331552225672434,17
PercDevAbs_TR_4,10.5,0.3429019693409826,0.00982,-2.3331552225672434,2.3331552225672434,17
PercDevAbs_TR_4,10.75,0.3697354745059202,0.00982,-2.3331552225672434,2.3331552225672434,17
PercDevAbs_TR_4,11,0.3974232968809985,0.00982,-2.3331552225672434,2.3331552225672434,17
PercDevAbs_TR_4,11.25,0.4251723002692056,0.00982,-2.3331552225672434,2.3331552225672434,17
PercDevAbs_TR_4,11.5,0.45262525515926294,0.00982,-2.3331552225672434,2.3331552225672434,17
PercDevAbs_TR_4,11.75,0.47947557726021595,0.00982,-2.3331552225672434,2.3331552225672434,17
PercDevAbs_TR_4,12,0.5054375897041624,0.00982,-2.3331552225672434,2.3331552225672434,17
PercDevAbs_TR_4,6,1.3270018922879712,0.02275,-2.000002443899604,2.000002443899604,16
PercDevAbs_TR_4,6.25,1.2162400553926325,0.02275,-2.000002443899604,2.000002443899604,16
PercDevAbs_TR_4,6.5,1.1159468506568697,0.02275,-2.000002443899604,2.000002443899604,16
PercDevAbs_TR_4,6.75,1.0267619591201225,0.02275,-2.000002443899604,2.000002443899604,16
PercDevAbs_TR_4,7,0.9496296919755987,0.02275,-2.000002443899604,2.000002443899604,16
PercDevAbs_TR_4,7.25,0.88551774115509,0.02275,-2.000002443899604,2.000002443899604,16
PercDevAbs_TR_4,7.5,0.8348960881118006,0.02275,-2.000002443899604,2.000002443899604,16
PercDevAbs_TR_4,7.75,0.7969719428509864,0.02275,-2.000002443899604,2.000002443899604,16
PercDevAbs_TR_4,8,0.7697805792908895,0.02275,-2.000002443899604,2.000002443899604,16
PercDevAbs_TR_4,8.25,0.7508552050486678,0.02275,-2.000002443899604,2.000002443899604,16
PercDevAbs_TR_4,8.5,0.73826280150446,0.02275,-2.000002443899604,2.000002443899604,16
PercDevAbs_TR_4,8.75,0.7312217488082233,0.02275,-2.000002443899604,2.000002443899604,16
PercDevAbs_TR_4,9,0.7295519972325948,0.02275,-2.000002443899604,2.000002443899604,16
PercDevAbs_TR_4,9.25,0.7333267628947273,0.02275,-2.000002443899604,2.000002443899604,16
PercDevAbs_TR_4,9.5,0.7428298082235427,0.02275,-2.000002443899604,2.000002443899604,16
PercDevAbs_TR_4,9.75,0.7584883032425633,0.02275,-2.000002443899604,2.000002443899604,16
PercDevAbs_TR_4,10,0.7800780156063148,0.02275,-2.000002443899604,2.000002443899604,16
PercDevAbs_TR_4,10.25,0.8065132821700356,0.02275,-2.000002443899604,2.000002443899604,16
PercDevAbs_TR_4,10.5,0.8362186281499523,0.02275,-2.000002443899604,2.000002443899604,16
PercDevAbs_TR_4,10.75,0.8672743688493625,0.02275,-2.000002443899604,2.000002443899604,16
PercDevAbs_TR_4,11,0.8979023451050467,0.02275,-2.000002443899604,2.000002443899604,16
PercDevAbs_TR_4,11.25,0.9269140925923369,0.02275,-2.000002443899604,2.000002443899604,16
PercDevAbs_TR_4,11.5,0.9539162911303227,0.02275,-2.000002443899604,2.000002443899604,16
PercDevAbs_TR_4,11.75,0.9786302660196176,0.02275,-2.000002443899604,2.000002443899604,16
PercDevAbs_TR_4,12,1.0008317891296235,0.02275,-2.000002443899604,2.000002443899604,16
PercDevAbs_TR_4,6,3.0830204926605616,0.04779,-1.6666702079210545,1.6666702079210545,15
PercDevAbs_TR_4,6.25,2.853753063198882,0.04779,-1.6666702079210545,1.6666702079210545,15
PercDevAbs_TR_4,6.5,2.64360671487874,0.04779,-1.6666702079210545,1.6666702079210545,15
PercDevAbs_TR_4,6.75,2.4536783599994476,0.04779,-1.6666702079210545,1.6666702079210545,15
PercDevAbs_TR_4,7,2.2856248793639997,0.04779,-1.6666702079210545,1.6666702079210545,15
PercDevAbs_TR_4,7.25,2.141172594743499,0.04779,-1.6666702079210545,1.6666702079210545,15
PercDevAbs_TR_4,7.5,2.021178660397682,0.04779,-1.6666702079210545,1.6666702079210545,15
PercDevAbs_TR_4,7.75,1.9242658068902252,0.04779,-1.6666702079210545,1.6666702079210545,15
PercDevAbs_TR_4,8,1.8469499463711658,0.04779,-1.6666702079210545,1.6666702079210545,15
PercDevAbs_TR_4,8.25,1.7848284510283894,0.04779,-1.6666702079210545,1.6666702079210545,15
PercDevAbs_TR_4,8.5,1.7343838511992002,0.04779,-1.6666702079210545,1.6666702079210545,15
PercDevAbs_TR_4,8.75,1.694009156481593,0.04779,-1.6666702079210545,1.6666702079210545,15
PercDevAbs_TR_4,9,1.6630658152527116,0.04779,-1.6666702079210545,1.6666702079210545,15
PercDevAbs_TR_4,9.25,1.6412888360893607,0.04779,-1.6666702079210545,1.6666702079210545,15
PercDevAbs_TR_4,9.5,1.6286953004278821,0.04779,-1.6666702079210545,1.6666702079210545,15
PercDevAbs_TR_4,9.75,1.6254570710943688,0.04779,-1.6666702079210545,1.6666702079210545,15
PercDevAbs_TR_4,10,1.6307144061782302,0.04779,-1.6666702079210545,1.6666702079210545,15
PercDevAbs_TR_4,10.25,1.6423871880266858,0.04779,-1.6666702079210545,1.6666702079210545,15
PercDevAbs_TR_4,10.5,1.657853007883999,0.04779,-1.6666702079210545,1.6666702079210545,15
PercDevAbs_TR_4,10.75,1.6742340964186693,0.04779,-1.6666702079210545,1.6666702079210545,15
PercDevAbs_TR_4,11,1.6890920916949677,0.04779,-1.6666702079210545,1.6666702079210545,15
PercDevAbs_TR_4,11.25,1.7009704655114295,0.04779,-1.6666702079210545,1.6666702079210545,15
PercDevAbs_TR_4,11.5,1.7095522872337994,0.04779,-1.6666702079210545,1.6666702079210545,15
PercDevAbs_TR_4,11.75,1.7146852717551144,0.04779,-1.6666702079210545,1.6666702079210545,15
PercDevAbs_TR_4,12,1.7162903579130175,0.04779,-1.6666702079210545,1.6666702079210545,15
PercDevAbs_TR_4,6,5.987250667437984,0.09121,-1.3333407702662026,1.3333407702662026,14
PercDevAbs_TR_4,6.25,5.580685180188092,0.09121,-1.3333407702662026,1.3333407702662026,14
PercDevAbs_TR_4,6.5,5.204605946918249,0.09121,-1.3333407702662026,1.3333407702662026,14
PercDevAbs_TR_4,6.75,4.860383904477864,0.09121,-1.3333407702662026,1.3333407702662026,14
PercDevAbs_TR_4,7,4.5502150399265435,0.09121,-1.3333407702662026,1.3333407702662026,14
PercDevAbs_TR_4,7.25,4.276429783580015,0.09121,-1.3333407702662026,1.3333407702662026,14
PercDevAbs_TR_4,7.5,4.040143086062043,0.09121,-1.3333407702662026,1.3333407702662026,14
PercDevAbs_TR_4,7.75,3.8393008469985324,0.09121,-1.3333407702662026,1.3333407702662026,14
PercDevAbs_TR_4,8,3.6688312190659054,0.09121,-1.3333407702662026,1.3333407702662026,14
PercDevAbs_TR_4,8.25,3.5223381035172254,0.09121,-1.3333407702662026,1.3333407702662026,14
PercDevAbs_TR_4,8.5,3.394641870803806,0.09121,-1.3333407702662026,1.3333407702662026,14
PercDevAbs_TR_4,8.75,3.2831796022257955,0.09121,-1.3333407702662026,1.3333407702662026,14
PercDevAbs_TR_4,9,3.186695227240092,0.09121,-1.3333407702662026,1.3333407702662026,14
PercDevAbs_TR_4,9.25,3.104415906464699,0.09121,-1.3333407702662026,1.3333407702662026,14
PercDevAbs_TR_4,9.5,3.035912896651018,0.09121,-1.3333407702662026,1.3333407702662026,14
PercDevAbs_TR_4,9.75,2.9809194608043104,0.09121,-1.3333407702662026,1.3333407702662026,14
PercDevAbs_TR_4,10,2.937832121765352,0.09121,-1.3333407702662026,1.3333407702662026,14
PercDevAbs_TR_4,10.25,2.90358422352775,0.09121,-1.3333407702662026,1.3333407702662026,14
PercDevAbs_TR_4,10.5,2.8746064019754036,0.09121,-1.3333407702662026,1.3333407702662026,14
PercDevAbs_TR_4,10.75,2.847235208898627,0.09121,-1.3333407702662026,1.3333407702662026,14
PercDevAbs_TR_4,11,2.818551394626761,0.09121,-1.3333407702662026,1.3333407702662026,14
PercDevAbs_TR_4,11.25,2.7869511707517294,0.09121,-1.3333407702662026,1.3333407702662026,14
PercDevAbs_TR_4,11.5,2.752222801804141,0.09121,-1.3333407702662026,1.3333407702662026,14
PercDevAbs_TR_4,11.75,2.7143471716094933,0.09121,-1.3333407702662026,1.3333407702662026,14
PercDevAbs_TR_4,12,2.67338238887091,0.09121,-1.3333407702662026,1.3333407702662026,14
PercDevAbs_TR_4,6,10.337052339820735,0.15866,-0.9999803859660789,0.9999803859660789,13
PercDevAbs_TR_4,6.25,9.685137441045464,0.15866,-0.9999803859660789,0.9999803859660789,13
PercDevAbs_TR_4,6.5,9.077729822479505,0.15866,-0.9999803859660789,0.9999803859660789,13
PercDevAbs_TR_4,6.75,8.516018446719976,0.15866,-0.9999803859660789,0.9999803859660789,13
PercDevAbs_TR_4,7,8.002217789326775,0.15866,-0.9999803859660789,0.9999803859660789,13
PercDevAbs_TR_4,7.25,7.538748377177774,0.15866,-0.9999803859660789,0.9999803859660789,13
PercDevAbs_TR_4,7.5,7.1266112245828905,0.15866,-0.9999803859660789,0.9999803859660789,13
PercDevAbs_TR_4,7.75,6.763042990617621,0.15866,-0.9999803859660789,0.9999803859660789,13
PercDevAbs_TR_4,8,6.4416712938242915,0.15866,-0.9999803859660789,0.9999803859660789,13
PercDevAbs_TR_4,8.25,6.154540556497573,0.15866,-0.9999803859660789,0.9999803859660789,13
PercDevAbs_TR_4,8.5,5.895127261652635,0.15866,-0.9999803859660789,0.9999803859660789,13
PercDevAbs_TR_4,8.75,5.659965932822797,0.15866,-0.9999803859660789,0.9999803859660789,13
PercDevAbs_TR_4,9,5.447109692825392,0.15866,-0.9999803859660789,0.9999803859660789,13
PercDevAbs_TR_4,9.25,5.255165885993671,0.15866,-0.9999803859660789,0.9999803859660789,13
PercDevAbs_TR_4,9.5,5.083124455050866,0.15866,-0.9999803859660789,0.9999803859660789,13
PercDevAbs_TR_4,9.75,4.93014215072654,0.15866,-0.9999803859660789,0.9999803859660789,13
PercDevAbs_TR_4,10,4.793901590126275,0.15866,-0.9999803859660789,0.9999803859660789,13
PercDevAbs_TR_4,10.25,4.67056498206351,0.15866,-0.9999803859660789,0.9999803859660789,13
PercDevAbs_TR_4,10.5,4.555906962964341,0.15866,-0.9999803859660789,0.9999803859660789,13
PercDevAbs_TR_4,10.75,4.445790837698409,0.15866,-0.9999803859660789,0.9999803859660789,13
PercDevAbs_TR_4,11,4.337046948033649,0.15866,-0.9999803859660789,0.9999803859660789,13
PercDevAbs_TR_4,11.25,4.228003645613666,0.15866,-0.9999803859660789,0.9999803859660789,13
PercDevAbs_TR_4,11.5,4.1184754612363355,0.15866,-0.9999803859660789,0.9999803859660789,13
PercDevAbs_TR_4,11.75,4.00847443943267,0.15866,-0.9999803859660789,0.9999803859660789,13
PercDevAbs_TR_4,12,3.8980846672690763,0.15866,-0.9999803859660789,0.9999803859660789,13
PercDevAbs_TR_4,6,16.47981848421703,0.25249,-0.6666746102242979,0.6666746102242979,12
PercDevAbs_TR_4,6.25,15.503156877541926,0.25249,-0.6666746102242979,0.6666746102242979,12
PercDevAbs_TR_4,6.5,14.587710937079253,0.25249,-0.6666746102242979,0.6666746102242979,12
PercDevAbs_TR_4,6.75,13.73372183800354,0.25249,-0.6666746102242979,0.6666746102242979,12
PercDevAbs_TR_4,7,12.942506513873933,0.25249,-0.6666746102242979,0.6666746102242979,12
PercDevAbs_TR_4,7.25,12.215649873143738,0.25249,-0.6666746102242979,0.6666746102242979,12
PercDevAbs_TR_4,7.5,11.553386527856011,0.25249,-0.6666746102242979,0.6666746102242979,12
PercDevAbs_TR_4,7.75,10.952272290816985,0.25249,-0.6666746102242979,0.6666746102242979,12
PercDevAbs_TR_4,8,10.405318230145177,0.25249,-0.6666746102242979,0.6666746102242979,12
PercDevAbs_TR_4,8.25,9.903994679282823,0.25249,-0.6666746102242979,0.6666746102242979,12
PercDevAbs_TR_4,8.5,9.44119729831268,0.25249,-0.6666746102242979,0.6666746102242979,12
PercDevAbs_TR_4,8.75,9.012820642864684,0.25249,-0.6666746102242979,0.6666746102242979,12
PercDevAbs_TR_4,9,8.616253741463044,0.25249,-0.6666746102242979,0.6666746102242979,12
PercDevAbs_TR_4,9.25,8.249440115373494,0.25249,-0.6666746102242979,0.6666746102242979,12
PercDevAbs_TR_4,9.5,7.910704050302465,0.25249,-0.6666746102242979,0.6666746102242979,12
PercDevAbs_TR_4,9.75,7.5985387982747,0.25249,-0.6666746102242979,0.6666746102242979,12
PercDevAbs_TR_4,10,7.3100883603016404,0.25249,-0.6666746102242979,0.6666746102242979,12
PercDevAbs_TR_4,10.25,7.04117094686408,0.25249,-0.6666746102242979,0.6666746102242979,12
PercDevAbs_TR_4,10.5,6.78738290836991,0.25249,-0.6666746102242979,0.6666746102242979,12
PercDevAbs_TR_4,10.75,6.5445549320502945,0.25249,-0.6666746102242979,0.6666746102242979,12
PercDevAbs_TR_4,11,6.309531700404828,0.25249,-0.6666746102242979,0.6666746102242979,12
PercDevAbs_TR_4,11.25,6.0805935422513375,0.25249,-0.6666746102242979,0.6666746102242979,12
PercDevAbs_TR_4,11.5,5.857378121736979,0.25249,-0.6666746102242979,0.6666746102242979,12
PercDevAbs_TR_4,11.75,5.639704833494572,0.25249,-0.6666746102242979,0.6666746102242979,12
PercDevAbs_TR_4,12,5.427459384822797,0.25249,-0.6666746102242979,0.6666746102242979,12
PercDevAbs_TR_4,6,24.876817139217323,0.36944,-0.33333688458431254,0.33333688458431254,11
PercDevAbs_TR_4,6.25,23.479967076122076,0.36944,-0.33333688458431254,0.33333688458431254,11
PercDevAbs_TR_4,6.5,22.163910015753984,0.36944,-0.33333688458431254,0.33333688458431254,11
PercDevAbs_TR_4,6.75,20.92679367708731,0.36944,-0.33333688458431254,0.33333688458431254,11
PercDevAbs_TR_4,7,19.76763776870106,0.36944,-0.33333688458431254,0.33333688458431254,11
PercDevAbs_TR_4,7.25,18.685761705623502,0.36944,-0.33333688458431254,0.33333688458431254,11
PercDevAbs_TR_4,7.5,17.679634754836197,0.36944,-0.33333688458431254,0.33333688458431254,11
PercDevAbs_TR_4,7.75,16.74522635917878,0.36944,-0.33333688458431254,0.33333688458431254,11
PercDevAbs_TR_4,8,15.876087707723254,0.36944,-0.33333688458431254,0.33333688458431254,11
PercDevAbs_TR_4,8.25,15.064760333567103,0.36944,-0.33333688458431254,0.33333688458431254,11
PercDevAbs_TR_4,8.5,14.30485387884833,0.36944,-0.33333688458431254,0.33333688458431254,11
PercDevAbs_TR_4,8.75,13.592134310739306,0.36944,-0.33333688458431254,0.33333688458431254,11
PercDevAbs_TR_4,9,12.923470663099678,0.36944,-0.33333688458431254,0.33333688458431254,11
PercDevAbs_TR_4,9.25,12.296176858626273,0.36944,-0.33333688458431254,0.33333688458431254,11
PercDevAbs_TR_4,9.5,11.707884238232047,0.36944,-0.33333688458431254,0.33333688458431254,11
PercDevAbs_TR_4,9.75,11.156390872886606,0.36944,-0.33333688458431254,0.33333688458431254,11
PercDevAbs_TR_4,10,10.638642677799806,0.36944,-0.33333688458431254,0.33333688458431254,11
PercDevAbs_TR_4,10.25,10.150782228364223,0.36944,-0.33333688458431254,0.33333688458431254,11
PercDevAbs_TR_4,10.5,9.688915490829284,0.36944,-0.33333688458431254,0.33333688458431254,11
PercDevAbs_TR_4,10.75,9.249422542865345,0.36944,-0.33333688458431254,0.33333688458431254,11
PercDevAbs_TR_4,11,8.829459658550363,0.36944,-0.33333688458431254,0.33333688458431254,11
PercDevAbs_TR_4,11.25,8.42720327240919,0.36944,-0.33333688458431254,0.33333688458431254,11
PercDevAbs_TR_4,11.5,8.041760936206302,0.36944,-0.33333688458431254,0.33333688458431254,11
PercDevAbs_TR_4,11.75,7.672389874283781,0.36944,-0.33333688458431254,0.33333688458431254,11
PercDevAbs_TR_4,12,7.318418696746369,0.36944,-0.33333688458431254,0.33333688458431254,11
PercDevAbs_TR_4,6,36.17753609171792,0.5,0,-0,10
PercDevAbs_TR_4,6.25,34.24175737948006,0.5,0,-0,10
PercDevAbs_TR_4,6.5,32.40956892718117,0.5,0,-0,10
PercDevAbs_TR_4,6.75,30.675369359801838,0.5,0,-0,10
PercDevAbs_TR_4,7,29.033833404737365,0.5,0,-0,10
PercDevAbs_TR_4,7.25,27.47990949827435,0.5,0,-0,10
PercDevAbs_TR_4,7.5,26.0088365730297,0.5,0,-0,10
PercDevAbs_TR_4,7.75,24.616174944405028,0.5,0,-0,10
PercDevAbs_TR_4,8,23.297796538363315,0.5,0,-0,10
PercDevAbs_TR_4,8.25,22.049832476372828,0.5,0,-0,10
PercDevAbs_TR_4,8.5,20.86860393928411,0.5,0,-0,10
PercDevAbs_TR_4,8.75,19.750586436334718,0.5,0,-0,10
PercDevAbs_TR_4,9,18.692424989198066,0.5,0,-0,10
PercDevAbs_TR_4,9.25,17.690937435026786,0.5,0,-0,10
PercDevAbs_TR_4,9.5,16.743105230293022,0.5,0,-0,10
PercDevAbs_TR_4,9.75,15.846066509489882,0.5,0,-0,10
PercDevAbs_TR_4,10,14.997121254608548,0.5,0,-0,10
PercDevAbs_TR_4,10.25,14.193716897590582,0.5,0,-0,10
PercDevAbs_TR_4,10.5,13.433428991631265,0.5,0,-0,10
PercDevAbs_TR_4,10.75,12.713952273743018,0.5,0,-0,10
PercDevAbs_TR_4,11,12.033093532882301,0.5,0,-0,10
PercDevAbs_TR_4,11.25,11.388769505055038,0.5,0,-0,10
PercDevAbs_TR_4,11.5,10.779006179935164,0.5,0,-0,10
PercDevAbs_TR_4,11.75,10.201937233566573,0.5,0,-0,10
PercDevAbs_TR_4,12,9.65579893742127,0.5,0,-0,10
PercDevAbs_TR_4,6,51.336321806331604,0.63056,0.33333688458431254,-0.33333688458431254,9
PercDevAbs_TR_4,6.25,48.708308825403385,0.63056,0.33333688458431254,-0.33333688458431254,9
PercDevAbs_TR_4,6.5,46.210463945790984,0.63056,0.33333688458431254,-0.33333688458431254,9
PercDevAbs_TR_4,6.75,43.831043361357104,0.63056,0.33333688458431254,-0.33333688458431254,9
PercDevAbs_TR_4,7,41.557392029509224,0.63056,0.33333688458431254,-0.33333688458431254,9
PercDevAbs_TR_4,7.25,39.37700489514106,0.63056,0.33333688458431254,-0.33333688458431254,9
PercDevAbs_TR_4,7.5,37.279750642387306,0.63056,0.33333688458431254,-0.33333688458431254,9
PercDevAbs_TR_4,7.75,35.261074447600876,0.63056,0.33333688458431254,-0.33333688458431254,9
PercDevAbs_TR_4,8,33.321847204111414,0.63056,0.33333688458431254,-0.33333688458431254,9
PercDevAbs_TR_4,8.25,31.46556508258715,0.63056,0.33333688458431254,-0.33333688458431254,9
PercDevAbs_TR_4,8.5,29.69426970338985,0.63056,0.33333688458431254,-0.33333688458431254,9
PercDevAbs_TR_4,8.75,28.006453367947433,0.63056,0.33333688458431254,-0.33333688458431254,9
PercDevAbs_TR_4,9,26.39904978335555,0.63056,0.33333688458431254,-0.33333688458431254,9
PercDevAbs_TR_4,9.25,24.868654602986332,0.63056,0.33333688458431254,-0.33333688458431254,9
PercDevAbs_TR_4,9.5,23.411740452391385,0.63056,0.33333688458431254,-0.33333688458431254,9
PercDevAbs_TR_4,9.75,22.02491295739637,0.63056,0.33333688458431254,-0.33333688458431254,9
PercDevAbs_TR_4,10,20.706678106767296,0.63056,0.33333688458431254,-0.33333688458431254,9
PercDevAbs_TR_4,10.25,19.4572131277275,0.63056,0.33333688458431254,-0.33333688458431254,9
PercDevAbs_TR_4,10.5,18.27691082105086,0.63056,0.33333688458431254,-0.33333688458431254,9
PercDevAbs_TR_4,10.75,17.165807565561188,0.63056,0.33333688458431254,-0.33333688458431254,9
PercDevAbs_TR_4,11,16.122759489680806,0.63056,0.33333688458431254,-0.33333688458431254,9
PercDevAbs_TR_4,11.25,15.145125116868837,0.63056,0.33333688458431254,-0.33333688458431254,9
PercDevAbs_TR_4,11.5,14.229013340212768,0.63056,0.33333688458431254,-0.33333688458431254,9
PercDevAbs_TR_4,11.75,13.370598266193378,0.63056,0.33333688458431254,-0.33333688458431254,9
PercDevAbs_TR_4,12,12.566236161819345,0.63056,0.33333688458431254,-0.33333688458431254,9
PercDevAbs_TR_4,6,71.78992926309505,0.74751,0.6666746102242979,-0.6666746102242979,8
PercDevAbs_TR_4,6.25,68.26464982240456,0.74751,0.6666746102242979,-0.6666746102242979,8
PercDevAbs_TR_4,6.5,64.90070750515939,0.74751,0.6666746102242979,-0.6666746102242979,8
PercDevAbs_TR_4,6.75,61.67669843224177,0.74751,0.6666746102242979,-0.6666746102242979,8
PercDevAbs_TR_4,7,58.56822321400543,0.74751,0.6666746102242979,-0.6666746102242979,8
PercDevAbs_TR_4,7.25,55.55074891642716,0.74751,0.6666746102242979,-0.6666746102242979,8
PercDevAbs_TR_4,7.5,52.60560346884441,0.74751,0.6666746102242979,-0.6666746102242979,8
PercDevAbs_TR_4,7.75,49.72859058465446,0.74751,0.6666746102242979,-0.6666746102242979,8
PercDevAbs_TR_4,8,46.92963237364093,0.74751,0.6666746102242979,-0.6666746102242979,8
PercDevAbs_TR_4,8.25,44.225289236040375,0.74751,0.6666746102242979,-0.6666746102242979,8
PercDevAbs_TR_4,8.5,41.62788032646288,0.74751,0.6666746102242979,-0.6666746102242979,8
PercDevAbs_TR_4,8.75,39.139942032265836,0.74751,0.6666746102242979,-0.6666746102242979,8
PercDevAbs_TR_4,9,36.759543809098936,0.74751,0.6666746102242979,-0.6666746102242979,8
PercDevAbs_TR_4,9.25,34.483550340025786,0.74751,0.6666746102242979,-0.6666746102242979,8
PercDevAbs_TR_4,9.5,32.30821842428934,0.74751,0.6666746102242979,-0.6666746102242979,8
PercDevAbs_TR_4,9.75,30.229890804687077,0.74751,0.6666746102242979,-0.6666746102242979,8
PercDevAbs_TR_4,10,28.249588050862084,0.74751,0.6666746102242979,-0.6666746102242979,8
PercDevAbs_TR_4,10.25,26.37231665873049,0.74751,0.6666746102242979,-0.6666746102242979,8
PercDevAbs_TR_4,10.5,24.603220669521217,0.74751,0.6666746102242979,-0.6666746102242979,8
PercDevAbs_TR_4,10.75,22.94609898873732,0.74751,0.6666746102242979,-0.6666746102242979,8
PercDevAbs_TR_4,11,21.40134337994307,0.74751,0.6666746102242979,-0.6666746102242979,8
PercDevAbs_TR_4,11.25,19.96523635446905,0.74751,0.6666746102242979,-0.6666746102242979,8
PercDevAbs_TR_4,11.5,18.630701367596146,0.74751,0.6666746102242979,-0.6666746102242979,8
PercDevAbs_TR_4,11.75,17.390699403132352,0.74751,0.6666746102242979,-0.6666746102242979,8
PercDevAbs_TR_4,12,16.23853595985827,0.74751,0.6666746102242979,-0.6666746102242979,8
PercDevAbs_TR_4,6,99.74731231533012,0.84134,0.9999803859660789,-0.9999803859660789,7
PercDevAbs_TR_4,6.25,95.04140877440285,0.84134,0.9999803859660789,-0.9999803859660789,7
PercDevAbs_TR_4,6.5,90.5337117816523,0.84134,0.9999803859660789,-0.9999803859660789,7
PercDevAbs_TR_4,6.75,86.18786041709556,0.84134,0.9999803859660789,-0.9999803859660789,7
PercDevAbs_TR_4,7,81.96102855437003,0.84134,0.9999803859660789,-0.9999803859660789,7
PercDevAbs_TR_4,7.25,77.80971199766263,0.84134,0.9999803859660789,-0.9999803859660789,7
PercDevAbs_TR_4,7.5,73.70189182160465,0.84134,0.9999803859660789,-0.9999803859660789,7
PercDevAbs_TR_4,7.75,69.63449603670016,0.84134,0.9999803859660789,-0.9999803859660789,7
PercDevAbs_TR_4,8,65.63274595536616,0.84134,0.9999803859660789,-0.9999803859660789,7
PercDevAbs_TR_4,8.25,61.73503717951568,0.84134,0.9999803859660789,-0.9999803859660789,7
PercDevAbs_TR_4,8.5,57.97099772951805,0.84134,0.9999803859660789,-0.9999803859660789,7
PercDevAbs_TR_4,8.75,54.350392906543796,0.84134,0.9999803859660789,-0.9999803859660789,7
PercDevAbs_TR_4,9,50.87381920613593,0.84134,0.9999803859660789,-0.9999803859660789,7
PercDevAbs_TR_4,9.25,47.53925908443389,0.84134,0.9999803859660789,-0.9999803859660789,7
PercDevAbs_TR_4,9.5,44.34329943432937,0.84134,0.9999803859660789,-0.9999803859660789,7
PercDevAbs_TR_4,9.75,41.28252597041939,0.84134,0.9999803859660789,-0.9999803859660789,7
PercDevAbs_TR_4,10,38.36251229271492,0.84134,0.9999803859660789,-0.9999803859660789,7
PercDevAbs_TR_4,10.25,35.59626109836585,0.84134,0.9999803859660789,-0.9999803859660789,7
PercDevAbs_TR_4,10.5,32.99652251514333,0.84134,0.9999803859660789,-0.9999803859660789,7
PercDevAbs_TR_4,10.75,30.572890185446894,0.84134,0.9999803859660789,-0.9999803859660789,7
PercDevAbs_TR_4,11,28.32790353467947,0.84134,0.9999803859660789,-0.9999803859660789,7
PercDevAbs_TR_4,11.25,26.25589496606857,0.84134,0.9999803859660789,-0.9999803859660789,7
PercDevAbs_TR_4,11.5,24.34464527926885,0.84134,0.9999803859660789,-0.9999803859660789,7
PercDevAbs_TR_4,11.75,22.581986441627656,0.84134,0.9999803859660789,-0.9999803859660789,7
PercDevAbs_TR_4,12,20.9563962879371,0.84134,0.9999803859660789,-0.9999803859660789,7
PercDevAbs_TR_4,6,138.70645108793843,0.90879,1.3333407702662026,-1.3333407702662026,6
PercDevAbs_TR_4,6.25,132.41495601956638,0.90879,1.3333407702662026,-1.3333407702662026,6
PercDevAbs_TR_4,6.5,126.36571999373633,0.90879,1.3333407702662026,-1.3333407702662026,6
PercDevAbs_TR_4,6.75,120.49920715837276,0.90879,1.3333407702662026,-1.3333407702662026,6
PercDevAbs_TR_4,7,114.74374965364686,0.90879,1.3333407702662026,-1.3333407702662026,6
PercDevAbs_TR_4,7.25,109.02602421309352,0.90879,1.3333407702662026,-1.3333407702662026,6
PercDevAbs_TR_4,7.5,103.2931650166826,0.90879,1.3333407702662026,-1.3333407702662026,6
PercDevAbs_TR_4,7.75,97.54448446580636,0.90879,1.3333407702662026,-1.3333407702662026,6
PercDevAbs_TR_4,8,91.83039668985215,0.90879,1.3333407702662026,-1.3333407702662026,6
PercDevAbs_TR_4,8.25,86.22499915977144,0.90879,1.3333407702662026,-1.3333407702662026,6
PercDevAbs_TR_4,8.5,80.78636881688024,0.90879,1.3333407702662026,-1.3333407702662026,6
PercDevAbs_TR_4,8.75,75.53662068673047,0.90879,1.3333407702662026,-1.3333407702662026,6
PercDevAbs_TR_4,9,70.48119351155853,0.90879,1.3333407702662026,-1.3333407702662026,6
PercDevAbs_TR_4,9.25,65.62065122803826,0.90879,1.3333407702662026,-1.3333407702662026,6
PercDevAbs_TR_4,9.5,60.95289808254353,0.90879,1.3333407702662026,-1.3333407702662026,6
PercDevAbs_TR_4,9.75,56.4756805270437,0.90879,1.3333407702662026,-1.3333407702662026,6
PercDevAbs_TR_4,10,52.202377666751616,0.90879,1.3333407702662026,-1.3333407702662026,6
PercDevAbs_TR_4,10.25,48.15890806111527,0.90879,1.3333407702662026,-1.3333407702662026,6
PercDevAbs_TR_4,10.5,44.36997965858127,0.90879,1.3333407702662026,-1.3333407702662026,6
PercDevAbs_TR_4,10.75,40.85399049168677,0.90879,1.3333407702662026,-1.3333407702662026,6
PercDevAbs_TR_4,11,37.616417874957946,0.90879,1.3333407702662026,-1.3333407702662026,6
PercDevAbs_TR_4,11.25,34.64816387995341,0.90879,1.3333407702662026,-1.3333407702662026,6
PercDevAbs_TR_4,11.5,31.928768843696453,0.90879,1.3333407702662026,-1.3333407702662026,6
PercDevAbs_TR_4,11.75,29.437927675328293,0.90879,1.3333407702662026,-1.3333407702662026,6
PercDevAbs_TR_4,12,27.15651736079522,0.90879,1.3333407702662026,-1.3333407702662026,6
PercDevAbs_TR_4,6,194.31824743960001,0.95221,1.6666702079210545,-1.6666702079210545,5
PercDevAbs_TR_4,6.25,185.84456650387335,0.95221,1.6666702079210545,-1.6666702079210545,5
PercDevAbs_TR_4,6.5,177.6662330492879,0.95221,1.6666702079210545,-1.6666702079210545,5
PercDevAbs_TR_4,6.75,169.68739223072444,0.95221,1.6666702079210545,-1.6666702079210545,5
PercDevAbs_TR_4,7,161.79080540768405,0.95221,1.6666702079210545,-1.6666702079210545,5
PercDevAbs_TR_4,7.25,153.85586741786307,0.95221,1.6666702079210545,-1.6666702079210545,5
PercDevAbs_TR_4,7.5,145.79680447650446,0.95221,1.6666702079210545,-1.6666702079210545,5
PercDevAbs_TR_4,7.75,137.61743530656514,0.95221,1.6666702079210545,-1.6666702079210545,5
PercDevAbs_TR_4,8,129.40948773439192,0.95221,1.6666702079210545,-1.6666702079210545,5
PercDevAbs_TR_4,8.25,121.30532371673783,0.95221,1.6666702079210545,-1.6666702079210545,5
PercDevAbs_TR_4,8.5,113.40962927228263,0.95221,1.6666702079210545,-1.6666702079210545,5
PercDevAbs_TR_4,8.75,105.76532470759088,0.95221,1.6666702079210545,-1.6666702079210545,5
PercDevAbs_TR_4,9,98.38662438965089,0.95221,1.6666702079210545,-1.6666702079210545,5
PercDevAbs_TR_4,9.25,91.27923005578208,0.95221,1.6666702079210545,-1.6666702079210545,5
PercDevAbs_TR_4,9.5,84.44414696565315,0.95221,1.6666702079210545,-1.6666702079210545,5
PercDevAbs_TR_4,9.75,77.88194309461002,0.95221,1.6666702079210545,-1.6666702079210545,5
PercDevAbs_TR_4,10,71.61913441513309,0.95221,1.6666702079210545,-1.6666702079210545,5
PercDevAbs_TR_4,10.25,65.70243084170062,0.95221,1.6666702079210545,-1.6666702079210545,5
PercDevAbs_TR_4,10.5,60.175343434639245,0.95221,1.6666702079210545,-1.6666702079210545,5
PercDevAbs_TR_4,10.75,55.06967863268651,0.95221,1.6666702079210545,-1.6666702079210545,5
PercDevAbs_TR_4,11,50.39488398319654,0.95221,1.6666702079210545,-1.6666702079210545,5
PercDevAbs_TR_4,11.25,46.135884606734884,0.95221,1.6666702079210545,-1.6666702079210545,5
PercDevAbs_TR_4,11.5,42.25893844382445,0.95221,1.6666702079210545,-1.6666702079210545,5
PercDevAbs_TR_4,11.75,38.73074270514845,0.95221,1.6666702079210545,-1.6666702079210545,5
PercDevAbs_TR_4,12,35.520116649743805,0.95221,1.6666702079210545,-1.6666702079210545,5
PercDevAbs_TR_4,6,276.05884990042557,0.97725,2.0000024438996027,-2.0000024438996027,4
PercDevAbs_TR_4,6.25,264.4934427046878,0.97725,2.0000024438996027,-2.0000024438996027,4
PercDevAbs_TR_4,6.5,253.2876861460141,0.97725,2.0000024438996027,-2.0000024438996027,4
PercDevAbs_TR_4,6.75,242.28763547255085,0.97725,2.0000024438996027,-2.0000024438996027,4
PercDevAbs_TR_4,7,231.30266219925443,0.97725,2.0000024438996027,-2.0000024438996027,4
PercDevAbs_TR_4,7.25,220.13577948728982,0.97725,2.0000024438996027,-2.0000024438996027,4
PercDevAbs_TR_4,7.5,208.64822502199746,0.97725,2.0000024438996027,-2.0000024438996027,4
PercDevAbs_TR_4,7.75,196.8520001481986,0.97725,2.0000024438996027,-2.0000024438996027,4
PercDevAbs_TR_4,8,184.90730404921098,0.97725,2.0000024438996027,-2.0000024438996027,4
PercDevAbs_TR_4,8.25,173.0427252217344,0.97725,2.0000024438996027,-2.0000024438996027,4
PercDevAbs_TR_4,8.5,161.44016521064677,0.97725,2.0000024438996027,-2.0000024438996027,4
PercDevAbs_TR_4,8.75,150.17776404302586,0.97725,2.0000024438996027,-2.0000024438996027,4
PercDevAbs_TR_4,9,139.28538241155405,0.97725,2.0000024438996027,-2.0000024438996027,4
PercDevAbs_TR_4,9.25,128.7784255928107,0.97725,2.0000024438996027,-2.0000024438996027,4
PercDevAbs_TR_4,9.5,118.66426835062055,0.97725,2.0000024438996027,-2.0000024438996027,4
PercDevAbs_TR_4,9.75,108.94934543524244,0.97725,2.0000024438996027,-2.0000024438996027,4
PercDevAbs_TR_4,10,99.68233212430997,0.97725,2.0000024438996027,-2.0000024438996027,4
PercDevAbs_TR_4,10.25,90.94377313684444,0.97725,2.0000024438996027,-2.0000024438996027,4
PercDevAbs_TR_4,10.5,82.80713100245205,0.97725,2.0000024438996027,-2.0000024438996027,4
PercDevAbs_TR_4,10.75,75.32491247980374,0.97725,2.0000024438996027,-2.0000024438996027,4
PercDevAbs_TR_4,11,68.51188213487721,0.97725,2.0000024438996027,-2.0000024438996027,4
PercDevAbs_TR_4,11.25,62.342492809099106,0.97725,2.0000024438996027,-2.0000024438996027,4
PercDevAbs_TR_4,11.5,56.76123688112651,0.97725,2.0000024438996027,-2.0000024438996027,4
PercDevAbs_TR_4,11.75,51.713690354315865,0.97725,2.0000024438996027,-2.0000024438996027,4
PercDevAbs_TR_4,12,47.149203988085056,0.97725,2.0000024438996027,-2.0000024438996027,4
PercDevAbs_TR_4,6,400.2720905546868,0.99018,2.3331552225672416,-2.3331552225672416,3
PercDevAbs_TR_4,6.25,384.18165265352445,0.99018,2.3331552225672416,-2.3331552225672416,3
PercDevAbs_TR_4,6.5,368.5283925255364,0.99018,2.3331552225672416,-2.3331552225672416,3
PercDevAbs_TR_4,6.75,353.06292224768,0.99018,2.3331552225672416,-2.3331552225672416,3
PercDevAbs_TR_4,7,337.4733119611213,0.99018,2.3331552225672416,-2.3331552225672416,3
PercDevAbs_TR_4,7.25,321.43597509639966,0.99018,2.3331552225672416,-2.3331552225672416,3
PercDevAbs_TR_4,7.5,304.72453290190566,0.99018,2.3331552225672416,-2.3331552225672416,3
PercDevAbs_TR_4,7.75,287.36573314469985,0.99018,2.3331552225672416,-2.3331552225672416,3
PercDevAbs_TR_4,8,269.63557902861504,0.99018,2.3331552225672416,-2.3331552225672416,3
PercDevAbs_TR_4,8.25,251.92497579787747,0.99018,2.3331552225672416,-2.3331552225672416,3
PercDevAbs_TR_4,8.5,234.54640803451466,0.99018,2.3331552225672416,-2.3331552225672416,3
PercDevAbs_TR_4,8.75,217.63863365975376,0.99018,2.3331552225672416,-2.3331552225672416,3
PercDevAbs_TR_4,9,201.25952902373012,0.99018,2.3331552225672416,-2.3331552225672416,3
PercDevAbs_TR_4,9.25,185.44257735432666,0.99018,2.3331552225672416,-2.3331552225672416,3
PercDevAbs_TR_4,9.5,170.20764142973186,0.99018,2.3331552225672416,-2.3331552225672416,3
PercDevAbs_TR_4,9.75,155.57272317205226,0.99018,2.3331552225672416,-2.3331552225672416,3
PercDevAbs_TR_4,10,141.62443533297264,0.99018,2.3331552225672416,-2.3331552225672416,3
PercDevAbs_TR_4,10.25,128.49950923815956,0.99018,2.3331552225672416,-2.3331552225672416,3
PercDevAbs_TR_4,10.5,116.3201477894864,0.99018,2.3331552225672416,-2.3331552225672416,3
PercDevAbs_TR_4,10.75,105.17149749736934,0.99018,2.3331552225672416,-2.3331552225672416,3
PercDevAbs_TR_4,11,95.07534021679297,0.99018,2.3331552225672416,-2.3331552225672416,3
PercDevAbs_TR_4,11.25,85.987484521745,0.99018,2.3331552225672416,-2.3331552225672416,3
PercDevAbs_TR_4,11.5,77.81588924178591,0.99018,2.3331552225672416,-2.3331552225672416,3
PercDevAbs_TR_4,11.75,70.47095808614998,0.99018,2.3331552225672416,-2.3331552225672416,3
PercDevAbs_TR_4,12,63.86981845129031,0.99018,2.3331552225672416,-2.3331552225672416,3
PercDevAbs_TR_4,6,596.8712185841048,0.99617,2.6667000630340683,-2.6667000630340683,2
PercDevAbs_TR_4,6.25,573.891953246037,0.99617,2.6667000630340683,-2.6667000630340683,2
PercDevAbs_TR_4,6.5,551.4412711442344,0.99617,2.6667000630340683,-2.6667000630340683,2
PercDevAbs_TR_4,6.75,529.1072116770359,0.99617,2.6667000630340683,-2.6667000630340683,2
PercDevAbs_TR_4,7,506.3701306026325,0.99617,2.6667000630340683,-2.6667000630340683,2
PercDevAbs_TR_4,7.25,482.68909321624113,0.99617,2.6667000630340683,-2.6667000630340683,2
PercDevAbs_TR_4,7.5,457.68756305669194,0.99617,2.6667000630340683,-2.6667000630340683,2
PercDevAbs_TR_4,7.75,431.41924330287713,0.99617,2.6667000630340683,-2.6667000630340683,2
PercDevAbs_TR_4,8,404.3622295836272,0.99617,2.6667000630340683,-2.6667000630340683,2
PercDevAbs_TR_4,8.25,377.19011373266244,0.99617,2.6667000630340683,-2.6667000630340683,2
PercDevAbs_TR_4,8.5,350.4433004722308,0.99617,2.6667000630340683,-2.6667000630340683,2
PercDevAbs_TR_4,8.75,324.36793298901284,0.99617,2.6667000630340683,-2.6667000630340683,2
PercDevAbs_TR_4,9,299.07311628128525,0.99617,2.6667000630340683,-2.6667000630340683,2
PercDevAbs_TR_4,9.25,274.6263759636319,0.99617,2.6667000630340683,-2.6667000630340683,2
PercDevAbs_TR_4,9.5,251.0719190818558,0.99617,2.6667000630340683,-2.6667000630340683,2
PercDevAbs_TR_4,9.75,228.45035415973237,0.99617,2.6667000630340683,-2.6667000630340683,2
PercDevAbs_TR_4,10,206.9150564026616,0.99617,2.6667000630340683,-2.6667000630340683,2
PercDevAbs_TR_4,10.25,186.69900481686187,0.99617,2.6667000630340683,-2.6667000630340683,2
PercDevAbs_TR_4,10.5,168.00626366027657,0.99617,2.6667000630340683,-2.6667000630340683,2
PercDevAbs_TR_4,10.75,150.9750402880977,0.99617,2.6667000630340683,-2.6667000630340683,2
PercDevAbs_TR_4,11,135.63610795632408,0.99617,2.6667000630340683,-2.6667000630340683,2
PercDevAbs_TR_4,11.25,121.9111464703868,0.99617,2.6667000630340683,-2.6667000630340683,2
PercDevAbs_TR_4,11.5,109.64468249922962,0.99617,2.6667000630340683,-2.6667000630340683,2
PercDevAbs_TR_4,11.75,98.686513464979555,0.99617,2.6667000630340683,-2.6667000630340683,2
PercDevAbs_TR_4,12,88.89856717562411,0.99617,2.6667000630340683,-2.6667000630340683,2
PercDevAbs_TR_4,6,921.3936606692272,0.99865,2.999976992703401,-2.999976992703401,1
PercDevAbs_TR_4,6.25,887.496136782686,0.99865,2.999976992703401,-2.999976992703401,1
PercDevAbs_TR_4,6.5,854.2270821494147,0.99865,2.999976992703401,-2.999976992703401,1
PercDevAbs_TR_4,6.75,820.8867680405849,0.99865,2.999976992703401,-2.999976992703401,1
PercDevAbs_TR_4,7,786.5861126520062,0.99865,2.999976992703401,-2.999976992703401,1
PercDevAbs_TR_4,7.25,750.3966688936655,0.99865,2.999976992703401,-2.999976992703401,1
PercDevAbs_TR_4,7.5,711.6745163354263,0.99865,2.999976992703401,-2.999976992703401,1
PercDevAbs_TR_4,7.75,670.523794260921,0.99865,2.999976992703401,-2.999976992703401,1
PercDevAbs_TR_4,8,627.7877976814941,0.99865,2.999976992703401,-2.999976992703401,1
PercDevAbs_TR_4,8.25,584.650145527319,0.99865,2.999976992703401,-2.999976992703401,1
PercDevAbs_TR_4,8.5,542.0632516514208,0.99865,2.999976992703401,-2.999976992703401,1
PercDevAbs_TR_4,8.75,500.46989383821006,0.99865,2.999976992703401,-2.999976992703401,1
PercDevAbs_TR_4,9,460.0754832055831,0.99865,2.999976992703401,-2.999976992703401,1
PercDevAbs_TR_4,9.25,421.01301931259127,0.99865,2.999976992703401,-2.999976992703401,1
PercDevAbs_TR_4,9.5,383.3747197550165,0.99865,2.999976992703401,-2.999976992703401,1
PercDevAbs_TR_4,9.75,347.24581256935795,0.99865,2.999976992703401,-2.999976992703401,1
PercDevAbs_TR_4,10,312.90097995912373,0.99865,2.999976992703401,-2.999976992703401,1
PercDevAbs_TR_4,10.25,280.7438496117379,0.99865,2.999976992703401,-2.999976992703401,1
PercDevAbs_TR_4,10.5,251.12081191004773,0.99865,2.999976992703401,-2.999976992703401,1
PercDevAbs_TR_4,10.75,224.2592132344167,0.99865,2.999976992703401,-2.999976992703401,1
PercDevAbs_TR_4,11,200.20044769477244,0.99865,2.999976992703401,-2.999976992703401,1
PercDevAbs_TR_4,11.25,178.8017006277273,0.99865,2.999976992703401,-2.999976992703401,1
PercDevAbs_TR_4,11.5,159.79325547469384,0.99865,2.999976992703401,-2.999976992703401,1
PercDevAbs_TR_4,11.75,142.91655715091738,0.99865,2.999976992703401,-2.999976992703401,1
PercDevAbs_TR_4,12,127.93541169609075,0.99865,2.999976992703401,-2.999976992703401,1
PercDevAbs_TR_5,6,1.6425068293499214,0.00135,-2.999976992703393,2.999976992703393,19
PercDevAbs_TR_5,6.25,1.230211247758449,0.00135,-2.999976992703393,2.999976992703393,19
PercDevAbs_TR_5,6.5,0.9045565733439372,0.00135,-2.999976992703393,2.999976992703393,19
PercDevAbs_TR_5,6.75,0.6539092630690089,0.00135,-2.999976992703393,2.999976992703393,19
PercDevAbs_TR_5,7,0.46625794842365753,0.00135,-2.999976992703393,2.999976992703393,19
PercDevAbs_TR_5,7.25,0.32915167514323274,0.00135,-2.999976992703393,2.999976992703393,19
PercDevAbs_TR_5,7.5,0.23053585201217758,0.00135,-2.999976992703393,2.999976992703393,19
PercDevAbs_TR_5,7.75,0.1605126437721907,0.00135,-2.999976992703393,2.999976992703393,19
PercDevAbs_TR_5,8,0.11139893126353567,0.00135,-2.999976992703393,2.999976992703393,19
PercDevAbs_TR_5,8.25,0.07753807762998574,0.00135,-2.999976992703393,2.999976992703393,19
PercDevAbs_TR_5,8.5,0.05494516024076782,0.00135,-2.999976992703393,2.999976992703393,19
PercDevAbs_TR_5,8.75,0.04058706991463857,0.00135,-2.999976992703393,2.999976992703393,19
PercDevAbs_TR_5,9,0.0319469500889636,0.00135,-2.999976992703393,2.999976992703393,19
PercDevAbs_TR_5,9.25,0.027035697223807414,0.00135,-2.999976992703393,2.999976992703393,19
PercDevAbs_TR_5,9.5,0.024386924095773147,0.00135,-2.999976992703393,2.999976992703393,19
PercDevAbs_TR_5,9.75,0.02316844313537185,0.00135,-2.999976992703393,2.999976992703393,19
PercDevAbs_TR_5,10,0.022867714364742425,0.00135,-2.999976992703393,2.999976992703393,19
PercDevAbs_TR_5,10.25,0.02314578617180254,0.00135,-2.999976992703393,2.999976992703393,19
PercDevAbs_TR_5,10.5,0.02384310694971675,0.00135,-2.999976992703393,2.999976992703393,19
PercDevAbs_TR_5,10.75,0.02491676724725396,0.00135,-2.999976992703393,2.999976992703393,19
PercDevAbs_TR_5,11,0.02635007907978266,0.00135,-2.999976992703393,2.999976992703393,19
PercDevAbs_TR_5,11.25,0.028121903115053207,0.00135,-2.999976992703393,2.999976992703393,19
PercDevAbs_TR_5,11.5,0.030225759302169853,0.00135,-2.999976992703393,2.999976992703393,19
PercDevAbs_TR_5,11.75,0.03262596063963089,0.00135,-2.999976992703393,2.999976992703393,19
PercDevAbs_TR_5,12,0.035263442820162624,0.00135,-2.999976992703393,2.999976992703393,19
PercDevAbs_TR_5,6,2.661407619693335,0.00383,-2.6667000630340683,2.6667000630340683,18
PercDevAbs_TR_5,6.25,2.0768117259950984,0.00383,-2.6667000630340683,2.6667000630340683,18
PercDevAbs_TR_5,6.5,1.5991048536976324,0.00383,-2.6667000630340683,2.6667000630340683,18
PercDevAbs_TR_5,6.75,1.2169735061335019,0.00383,-2.6667000630340683,2.6667000630340683,18
PercDevAbs_TR_5,7,0.9182532576522153,0.00383,-2.6667000630340683,2.6667000630340683,18
PercDevAbs_TR_5,7.25,0.6893718508726188,0.00383,-2.6667000630340683,2.6667000630340683,18
PercDevAbs_TR_5,7.5,0.5160847408648201,0.00383,-2.6667000630340683,2.6667000630340683,18
PercDevAbs_TR_5,7.75,0.38601553815653983,0.00383,-2.6667000630340683,2.6667000630340683,18
PercDevAbs_TR_5,8,0.28915251351539034,0.00383,-2.6667000630340683,2.6667000630340683,18
PercDevAbs_TR_5,8.25,0.21794843357253627,0.00383,-2.6667000630340683,2.6667000630340683,18
PercDevAbs_TR_5,8.5,0.16711383871250357,0.00383,-2.6667000630340683,2.6667000630340683,18
PercDevAbs_TR_5,8.75,0.13250978608888386,0.00383,-2.6667000630340683,2.6667000630340683,18
PercDevAbs_TR_5,9,0.11027122675473587,0.00383,-2.6667000630340683,2.6667000630340683,18
PercDevAbs_TR_5,9.25,0.09682854126686179,0.00383,-2.6667000630340683,2.6667000630340683,18
PercDevAbs_TR_5,9.5,0.08910120705646042,0.00383,-2.6667000630340683,2.6667000630340683,18
PercDevAbs_TR_5,9.75,0.08514626271469512,0.00383,-2.6667000630340683,2.6667000630340683,18
PercDevAbs_TR_5,10,0.08364916086206467,0.00383,-2.6667000630340683,2.6667000630340683,18
PercDevAbs_TR_5,10.25,0.08368331515017181,0.00383,-2.6667000630340683,2.6667000630340683,18
PercDevAbs_TR_5,10.5,0.08477784805648673,0.00383,-2.6667000630340683,2.6667000630340683,18
PercDevAbs_TR_5,10.75,0.08676714932852632,0.00383,-2.6667000630340683,2.6667000630340683,18
PercDevAbs_TR_5,11,0.08955628801626678,0.00383,-2.6667000630340683,2.6667000630340683,18
PercDevAbs_TR_5,11.25,0.09304497998924713,0.00383,-2.6667000630340683,2.6667000630340683,18
PercDevAbs_TR_5,11.5,0.09717472547335064,0.00383,-2.6667000630340683,2.6667000630340683,18
PercDevAbs_TR_5,11.75,0.10182355106390195,0.00383,-2.6667000630340683,2.6667000630340683,18
PercDevAbs_TR_5,12,0.10682876645644694,0.00383,-2.6667000630340683,2.6667000630340683,18
PercDevAbs_TR_5,6,4.1255339350246665,0.00982,-2.3331552225672434,2.3331552225672434,17
PercDevAbs_TR_5,6.25,3.329849129715856,0.00982,-2.3331552225672434,2.3331552225672434,17
PercDevAbs_TR_5,6.5,2.66149832738156,0.00982,-2.3331552225672434,2.3331552225672434,17
PercDevAbs_TR_5,6.75,2.1101006412167287,0.00982,-2.3331552225672434,2.3331552225672434,17
PercDevAbs_TR_5,7,1.6641051425983087,0.00982,-2.3331552225672434,2.3331552225672434,17
PercDevAbs_TR_5,7.25,1.3095577524737212,0.00982,-2.3331552225672434,2.3331552225672434,17
PercDevAbs_TR_5,7.5,1.0305253117742859,0.00982,-2.3331552225672434,2.3331552225672434,17
PercDevAbs_TR_5,7.75,0.8123251395182295,0.00982,-2.3331552225672434,2.3331552225672434,17
PercDevAbs_TR_5,8,0.6426620613581318,0.00982,-2.3331552225672434,2.3331552225672434,17
PercDevAbs_TR_5,8.25,0.5121769461949591,0.00982,-2.3331552225672434,2.3331552225672434,17
PercDevAbs_TR_5,8.5,0.4145189739945353,0.00982,-2.3331552225672434,2.3331552225672434,17
PercDevAbs_TR_5,8.75,0.3447386596490475,0.00982,-2.3331552225672434,2.3331552225672434,17
PercDevAbs_TR_5,9,0.2976761569142968,0.00982,-2.3331552225672434,2.3331552225672434,17
PercDevAbs_TR_5,9.25,0.26780842068312555,0.00982,-2.3331552225672434,2.3331552225672434,17
PercDevAbs_TR_5,9.5,0.2496700698180719,0.00982,-2.3331552225672434,2.3331552225672434,17
PercDevAbs_TR_5,9.75,0.23950054369638638,0.00982,-2.3331552225672434,2.3331552225672434,17
PercDevAbs_TR_5,10,0.23457338234815625,0.00982,-2.3331552225672434,2.3331552225672434,17
PercDevAbs_TR_5,10.25,0.2328860616452065,0.00982,-2.3331552225672434,2.3331552225672434,17
PercDevAbs_TR_5,10.5,0.23336786092967848,0.00982,-2.3331552225672434,2.3331552225672434,17
PercDevAbs_TR_5,10.75,0.23559293202126538,0.00982,-2.3331552225672434,2.3331552225672434,17
PercDevAbs_TR_5,11,0.23929766442476125,0.00982,-2.3331552225672434,2.3331552225672434,17
PercDevAbs_TR_5,11.25,0.2442265519871047,0.00982,-2.3331552225672434,2.3331552225672434,17
PercDevAbs_TR_5,11.5,0.25022233201951805,0.00982,-2.3331552225672434,2.3331552225672434,17
PercDevAbs_TR_5,11.75,0.25701438792641773,0.00982,-2.3331552225672434,2.3331552225672434,17
PercDevAbs_TR_5,12,0.2642731140168113,0.00982,-2.3331552225672434,2.3331552225672434,17
PercDevAbs_TR_5,6,6.159792900764616,0.02275,-2.000002443899604,2.000002443899604,16
PercDevAbs_TR_5,6.25,5.114115119106637,0.02275,-2.000002443899604,2.000002443899604,16
PercDevAbs_TR_5,6.5,4.215662507762499,0.02275,-2.000002443899604,2.000002443899604,16
PercDevAbs_TR_5,6.75,3.455507316340577,0.02275,-2.000002443899604,2.000002443899604,16
PercDevAbs_TR_5,7,2.823460339423865,0.02275,-2.000002443899604,2.000002443899604,16
PercDevAbs_TR_5,7.25,2.3060217057660233,0.02275,-2.000002443899604,2.000002443899604,16
PercDevAbs_TR_5,7.5,1.8862846127713162,0.02275,-2.000002443899604,2.000002443899604,16
PercDevAbs_TR_5,7.75,1.5475792653895135,0.02275,-2.000002443899604,2.000002443899604,16
PercDevAbs_TR_5,8,1.2755046419092961,0.02275,-2.000002443899604,2.000002443899604,16
PercDevAbs_TR_5,8.25,1.0591075446243903,0.02275,-2.000002443899604,2.000002443899604,16
PercDevAbs_TR_5,8.5,0.891357471752262,0.02275,-2.000002443899604,2.000002443899604,16
PercDevAbs_TR_5,8.75,0.7669596755090374,0.02275,-2.000002443899604,2.000002443899604,16
PercDevAbs_TR_5,9,0.6797334364830467,0.02275,-2.000002443899604,2.000002443899604,16
PercDevAbs_TR_5,9.25,0.6220029789796536,0.02275,-2.000002443899604,2.000002443899604,16
PercDevAbs_TR_5,9.5,0.585164062832222,0.02275,-2.000002443899604,2.000002443899604,16
PercDevAbs_TR_5,9.75,0.5628204559878996,0.02275,-2.000002443899604,2.000002443899604,16
PercDevAbs_TR_5,10,0.5500754445229529,0.02275,-2.000002443899604,2.000002443899604,16
PercDevAbs_TR_5,10.25,0.5432281249699625,0.02275,-2.000002443899604,2.000002443899604,16
PercDevAbs_TR_5,10.5,0.5402192269348263,0.02275,-2.000002443899604,2.000002443899604,16
PercDevAbs_TR_5,10.75,0.5401665531732707,0.02275,-2.000002443899604,2.000002443899604,16
PercDevAbs_TR_5,11,0.5425167506198509,0.02275,-2.000002443899604,2.000002443899604,16
PercDevAbs_TR_5,11.25,0.5467721118548281,0.02275,-2.000002443899604,2.000002443899604,16
PercDevAbs_TR_5,11.5,0.5526327721653095,0.02275,-2.000002443899604,2.000002443899604,16
PercDevAbs_TR_5,11.75,0.559620439118538,0.02275,-2.000002443899604,2.000002443899604,16
PercDevAbs_TR_5,12,0.5671811888004452,0.02275,-2.000002443899604,2.000002443899604,16
PercDevAbs_TR_5,6,8.917350449696517,0.04779,-1.6666702079210545,1.6666702079210545,15
PercDevAbs_TR_5,6.25,7.5834961204407705,0.04779,-1.6666702079210545,1.6666702079210545,15
PercDevAbs_TR_5,6.5,6.415583118246856,0.04779,-1.6666702079210545,1.6666702079210545,15
PercDevAbs_TR_5,6.75,5.406512743499427,0.04779,-1.6666702079210545,1.6666702079210545,15
PercDevAbs_TR_5,7,4.548123143977057,0.04779,-1.6666702079210545,1.6666702079210545,15
PercDevAbs_TR_5,7.25,3.8282490630996766,0.04779,-1.6666702079210545,1.6666702079210545,15
PercDevAbs_TR_5,7.5,3.229929940314883,0.04779,-1.6666702079210545,1.6666702079210545,15
PercDevAbs_TR_5,7.75,2.7349510431379462,0.04779,-1.6666702079210545,1.6666702079210545,15
PercDevAbs_TR_5,8,2.3270890349655136,0.04779,-1.6666702079210545,1.6666702079210545,15
PercDevAbs_TR_5,8.25,1.9941159605362633,0.04779,-1.6666702079210545,1.6666702079210545,15
PercDevAbs_TR_5,8.5,1.7287526587314035,0.04779,-1.6666702079210545,1.6666702079210545,15
PercDevAbs_TR_5,8.75,1.5258766049424886,0.04779,-1.6666702079210545,1.6666702079210545,15
PercDevAbs_TR_5,9,1.378733744817892,0.04779,-1.6666702079210545,1.6666702079210545,15
PercDevAbs_TR_5,9.25,1.277531146832491,0.04779,-1.6666702079210545,1.6666702079210545,15
PercDevAbs_TR_5,9.5,1.2099102180869006,0.04779,-1.6666702079210545,1.6666702079210545,15
PercDevAbs_TR_5,9.75,1.165977987207086,0.04779,-1.6666702079210545,1.6666702079210545,15
PercDevAbs_TR_5,10,1.1378059864150536,0.04779,-1.6666702079210545,1.6666702079210545,15
PercDevAbs_TR_5,10.25,1.1192737057672586,0.04779,-1.6666702079210545,1.6666702079210545,15
PercDevAbs_TR_5,10.5,1.1068528945910205,0.04779,-1.6666702079210545,1.6666702079210545,15
PercDevAbs_TR_5,10.75,1.09894951824087,0.04779,-1.6666702079210545,1.6666702079210545,15
PercDevAbs_TR_5,11,1.0945765351195342,0.04779,-1.6666702079210545,1.6666702079210545,15
PercDevAbs_TR_5,11.25,1.0929139111044146,0.04779,-1.6666702079210545,1.6666702079210545,15
PercDevAbs_TR_5,11.5,1.093497090277216,0.04779,-1.6666702079210545,1.6666702079210545,15
PercDevAbs_TR_5,11.75,1.0956048460701446,0.04779,-1.6666702079210545,1.6666702079210545,15
PercDevAbs_TR_5,12,1.0984267972532211,0.04779,-1.6666702079210545,1.6666702079210545,15
PercDevAbs_TR_5,6,12.571758622460083,0.09121,-1.3333407702662026,1.3333407702662026,14
PercDevAbs_TR_5,6.25,10.914689734655527,0.09121,-1.3333407702662026,1.3333407702662026,14
PercDevAbs_TR_5,6.5,9.440526794122274,0.09121,-1.3333407702662026,1.3333407702662026,14
PercDevAbs_TR_5,6.75,8.144170831293042,0.09121,-1.3333407702662026,1.3333407702662026,14
PercDevAbs_TR_5,7,7.019995873117724,0.09121,-1.3333407702662026,1.3333407702662026,14
PercDevAbs_TR_5,7.25,6.058038524181671,0.09121,-1.3333407702662026,1.3333407702662026,14
PercDevAbs_TR_5,7.5,5.242408337435261,0.09121,-1.3333407702662026,1.3333407702662026,14
PercDevAbs_TR_5,7.75,4.553896260957092,0.09121,-1.3333407702662026,1.3333407702662026,14
PercDevAbs_TR_5,8,3.9748264731446996,0.09121,-1.3333407702662026,1.3333407702662026,14
PercDevAbs_TR_5,8.25,3.4920762334301982,0.09121,-1.3333407702662026,1.3333407702662026,14
PercDevAbs_TR_5,8.5,3.09848018114825,0.09121,-1.3333407702662026,1.3333407702662026,14
PercDevAbs_TR_5,8.75,2.7894903464348886,0.09121,-1.3333407702662026,1.3333407702662026,14
PercDevAbs_TR_5,9,2.55831872077743,0.09121,-1.3333407702662026,1.3333407702662026,14
PercDevAbs_TR_5,9.25,2.3933937749787586,0.09121,-1.3333407702662026,1.3333407702662026,14
PercDevAbs_TR_5,9.5,2.2782931982455623,0.09121,-1.3333407702662026,1.3333407702662026,14
PercDevAbs_TR_5,9.75,2.1988306231623893,0.09121,-1.3333407702662026,1.3333407702662026,14
PercDevAbs_TR_5,10,2.1431611226449863,0.09121,-1.3333407702662026,1.3333407702662026,14
PercDevAbs_TR_5,10.25,2.1019892433877367,0.09121,-1.3333407702662026,1.3333407702662026,14
PercDevAbs_TR_5,10.5,2.0697689483488704,0.09121,-1.3333407702662026,1.3333407702662026,14
PercDevAbs_TR_5,10.75,2.0438851323754137,0.09121,-1.3333407702662026,1.3333407702662026,14
PercDevAbs_TR_5,11,2.0227645118074156,0.09121,-1.3333407702662026,1.3333407702662026,14
PercDevAbs_TR_5,11.25,2.0052173359824192,0.09121,-1.3333407702662026,1.3333407702662026,14
PercDevAbs_TR_5,11.5,1.9906397615861045,0.09121,-1.3333407702662026,1.3333407702662026,14
PercDevAbs_TR_5,11.75,1.9780840161514712,0.09121,-1.3333407702662026,1.3333407702662026,14
PercDevAbs_TR_5,12,1.9665024628846282,0.09121,-1.3333407702662026,1.3333407702662026,14
PercDevAbs_TR_5,6,17.324673047077344,0.15866,-0.9999803859660789,0.9999803859660789,13
PercDevAbs_TR_5,6.25,15.314492532146158,0.15866,-0.9999803859660789,0.9999803859660789,13
PercDevAbs_TR_5,6.5,13.501992473436415,0.15866,-0.9999803859660789,0.9999803859660789,13
PercDevAbs_TR_5,6.75,11.883980086454418,0.15866,-0.9999803859660789,0.9999803859660789,13
PercDevAbs_TR_5,7,10.457639742535761,0.15866,-0.9999803859660789,0.9999803859660789,13
PercDevAbs_TR_5,7.25,9.21600066707477,0.15866,-0.9999803859660789,0.9999803859660789,13
PercDevAbs_TR_5,7.5,8.145565209357528,0.15866,-0.9999803859660789,0.9999803859660789,13
PercDevAbs_TR_5,7.75,7.2267646731244435,0.15866,-0.9999803859660789,0.9999803859660789,13
PercDevAbs_TR_5,8,6.440894726395293,0.15866,-0.9999803859660789,0.9999803859660789,13
PercDevAbs_TR_5,8.25,5.774319772580252,0.15866,-0.9999803859660789,0.9999803859660789,13
PercDevAbs_TR_5,8.5,5.220128266267228,0.15866,-0.9999803859660789,0.9999803859660789,13
PercDevAbs_TR_5,8.75,4.774412450211219,0.15866,-0.9999803859660789,0.9999803859660789,13
PercDevAbs_TR_5,9,4.430855274830555,0.15866,-0.9999803859660789,0.9999803859660789,13
PercDevAbs_TR_5,9.25,4.176805423759385,0.15866,-0.9999803859660789,0.9999803859660789,13
PercDevAbs_TR_5,9.5,3.9919630954873075,0.15866,-0.9999803859660789,0.9999803859660789,13
PercDevAbs_TR_5,9.75,3.8572432869968307,0.15866,-0.9999803859660789,0.9999803859660789,13
PercDevAbs_TR_5,10,3.7560755710090494,0.15866,-0.9999803859660789,0.9999803859660789,13
PercDevAbs_TR_5,10.25,3.675281920483245,0.15866,-0.9999803859660789,0.9999803859660789,13
PercDevAbs_TR_5,10.5,3.6067125280619794,0.15866,-0.9999803859660789,0.9999803859660789,13
PercDevAbs_TR_5,10.75,3.54637711018911,0.15866,-0.9999803859660789,0.9999803859660789,13
PercDevAbs_TR_5,11,3.491973779788051,0.15866,-0.9999803859660789,0.9999803859660789,13
PercDevAbs_TR_5,11.25,3.4419607321527557,0.15866,-0.9999803859660789,0.9999803859660789,13
PercDevAbs_TR_5,11.5,3.39569937658664,0.15866,-0.9999803859660789,0.9999803859660789,13
PercDevAbs_TR_5,11.75,3.3521172174806577,0.15866,-0.9999803859660789,0.9999803859660789,13
PercDevAbs_TR_5,12,3.310031016915041,0.15866,-0.9999803859660789,0.9999803859660789,13
PercDevAbs_TR_5,6,23.405166358882358,0.25249,-0.6666746102242979,0.6666746102242979,12
PercDevAbs_TR_5,6.25,21.01967794833693,0.25249,-0.6666746102242979,0.6666746102242979,12
PercDevAbs_TR_5,6.5,18.844171209853606,0.25249,-0.6666746102242979,0.6666746102242979,12
PercDevAbs_TR_5,6.75,16.876938610806487,0.25249,-0.6666746102242979,0.6666746102242979,12
PercDevAbs_TR_5,7,15.117930131257157,0.25249,-0.6666746102242979,0.6666746102242979,12
PercDevAbs_TR_5,7.25,13.563810307301503,0.25249,-0.6666746102242979,0.6666746102242979,12
PercDevAbs_TR_5,7.5,12.204989312059546,0.25249,-0.6666746102242979,0.6666746102242979,12
PercDevAbs_TR_5,7.75,11.022230518859145,0.25249,-0.6666746102242979,0.6666746102242979,12
PercDevAbs_TR_5,8,9.996242320972918,0.25249,-0.6666746102242979,0.6666746102242979,12
PercDevAbs_TR_5,8.25,9.113189413535556,0.25249,-0.6666746102242979,0.6666746102242979,12
PercDevAbs_TR_5,8.5,8.366144156540667,0.25249,-0.6666746102242979,0.6666746102242979,12
PercDevAbs_TR_5,8.75,7.7512934450621405,0.25249,-0.6666746102242979,0.6666746102242979,12
PercDevAbs_TR_5,9,7.263094538740233,0.25249,-0.6666746102242979,0.6666746102242979,12
PercDevAbs_TR_5,9.25,6.888930122684537,0.25249,-0.6666746102242979,0.6666746102242979,12
PercDevAbs_TR_5,9.5,6.605528547513865,0.25249,-0.6666746102242979,0.6666746102242979,12
PercDevAbs_TR_5,9.75,6.388649737715151,0.25249,-0.6666746102242979,0.6666746102242979,12
PercDevAbs_TR_5,10,6.216391194838884,0.25249,-0.6666746102242979,0.6666746102242979,12
PercDevAbs_TR_5,10.25,6.071138459109852,0.25249,-0.6666746102242979,0.6666746102242979,12
PercDevAbs_TR_5,10.5,5.94155802604732,0.25249,-0.6666746102242979,0.6666746102242979,12
PercDevAbs_TR_5,10.75,5.821899519541376,0.25249,-0.6666746102242979,0.6666746102242979,12
PercDevAbs_TR_5,11,5.709024833685633,0.25249,-0.6666746102242979,0.6666746102242979,12
PercDevAbs_TR_5,11.25,5.601162569141993,0.25249,-0.6666746102242979,0.6666746102242979,12
PercDevAbs_TR_5,11.5,5.49786116829387,0.25249,-0.6666746102242979,0.6666746102242979,12
PercDevAbs_TR_5,11.75,5.398151192790024,0.25249,-0.6666746102242979,0.6666746102242979,12
PercDevAbs_TR_5,12,5.30093493837686,0.25249,-0.6666746102242979,0.6666746102242979,12
PercDevAbs_TR_5,6,31.07739525095892,0.36944,-0.33333688458431254,0.33333688458431254,11
PercDevAbs_TR_5,6.25,28.30464311260941,0.36944,-0.33333688458431254,0.33333688458431254,11
PercDevAbs_TR_5,6.5,25.75162055316937,0.36944,-0.33333688458431254,0.33333688458431254,11
PercDevAbs_TR_5,6.75,23.41729182062778,0.36944,-0.33333688458431254,0.33333688458431254,11
PercDevAbs_TR_5,7,21.30391856602258,0.36944,-0.33333688458431254,0.33333688458431254,11
PercDevAbs_TR_5,7.25,19.41221905044887,0.36944,-0.33333688458431254,0.33333688458431254,11
PercDevAbs_TR_5,7.5,17.73821414627331,0.36944,-0.33333688458431254,0.33333688458431254,11
PercDevAbs_TR_5,7.75,16.26371687779327,0.36944,-0.33333688458431254,0.33333688458431254,11
PercDevAbs_TR_5,8,14.969262606660601,0.36944,-0.33333688458431254,0.33333688458431254,11
PercDevAbs_TR_5,8.25,13.840975937084975,0.36944,-0.33333688458431254,0.33333688458431254,11
PercDevAbs_TR_5,8.5,12.871010517708285,0.36944,-0.33333688458431254,0.33333688458431254,11
PercDevAbs_TR_5,8.75,12.054161829765885,0.36944,-0.33333688458431254,0.33333688458431254,11
PercDevAbs_TR_5,9,11.38555462485481,0.36944,-0.33333688458431254,0.33333688458431254,11
PercDevAbs_TR_5,9.25,10.854185471209925,0.36944,-0.33333688458431254,0.33333688458431254,11
PercDevAbs_TR_5,9.5,10.435689932072256,0.36944,-0.33333688458431254,0.33333688458431254,11
PercDevAbs_TR_5,9.75,10.100946323974139,0.36944,-0.33333688458431254,0.33333688458431254,11
PercDevAbs_TR_5,10,9.822463991604973,0.36944,-0.33333688458431254,0.33333688458431254,11
PercDevAbs_TR_5,10.25,9.577916746680813,0.36944,-0.33333688458431254,0.33333688458431254,11
PercDevAbs_TR_5,10.5,9.352264801261445,0.36944,-0.33333688458431254,0.33333688458431254,11
PercDevAbs_TR_5,10.75,9.13759903381273,0.36944,-0.33333688458431254,0.33333688458431254,11
PercDevAbs_TR_5,11,8.929901561038914,0.36944,-0.33333688458431254,0.33333688458431254,11
PercDevAbs_TR_5,11.25,8.727445614933604,0.36944,-0.33333688458431254,0.33333688458431254,11
PercDevAbs_TR_5,11.5,8.530350578800256,0.36944,-0.33333688458431254,0.33333688458431254,11
PercDevAbs_TR_5,11.75,8.338151266292561,0.36944,-0.33333688458431254,0.33333688458431254,11
PercDevAbs_TR_5,12,8.150219215357838,0.36944,-0.33333688458431254,0.33333688458431254,11
PercDevAbs_TR_5,6,40.63923392608348,0.5,0,-0,10
PercDevAbs_TR_5,6.25,37.480694001005325,0.5,0,-0,10
PercDevAbs_TR_5,6.5,34.5492273816041,0.5,0,-0,10
PercDevAbs_TR_5,6.75,31.843193031499208,0.5,0,-0,10
PercDevAbs_TR_5,7,29.366200167255474,0.5,0,-0,10
PercDevAbs_TR_5,7.25,27.123127303401468,0.5,0,-0,10
PercDevAbs_TR_5,7.5,25.117488669042874,0.5,0,-0,10
PercDevAbs_TR_5,7.75,23.33285474543665,0.5,0,-0,10
PercDevAbs_TR_5,8,21.749924424092814,0.5,0,-0,10
PercDevAbs_TR_5,8.25,20.354689247367062,0.5,0,-0,10
PercDevAbs_TR_5,8.5,19.13658805875049,0.5,0,-0,10
PercDevAbs_TR_5,8.75,18.086210095081867,0.5,0,-0,10
PercDevAbs_TR_5,9,17.198577360182835,0.5,0,-0,10
PercDevAbs_TR_5,9.25,16.466395621517023,0.5,0,-0,10
PercDevAbs_TR_5,9.5,15.867353384191011,0.5,0,-0,10
PercDevAbs_TR_5,9.75,15.368466401171618,0.5,0,-0,10
PercDevAbs_TR_5,10,14.936929904199038,0.5,0,-0,10
PercDevAbs_TR_5,10.25,14.54586138470871,0.5,0,-0,10
PercDevAbs_TR_5,10.5,14.17611443672686,0.5,0,-0,10
PercDevAbs_TR_5,10.75,13.817231760409651,0.5,0,-0,10
PercDevAbs_TR_5,11,13.46437193945137,0.5,0,-0,10
PercDevAbs_TR_5,11.25,13.11633406087343,0.5,0,-0,10
PercDevAbs_TR_5,11.5,12.774406535728186,0.5,0,-0,10
PercDevAbs_TR_5,11.75,12.439257997707902,0.5,0,-0,10
PercDevAbs_TR_5,12,12.111325217912594,0.5,0,-0,10
PercDevAbs_TR_5,6,52.42865725335181,0.63056,0.33333688458431254,-0.33333688458431254,9
PercDevAbs_TR_5,6.25,48.90263209602546,0.63056,0.33333688458431254,-0.33333688458431254,9
PercDevAbs_TR_5,6.5,45.609044799143646,0.63056,0.33333688458431254,-0.33333688458431254,9
PercDevAbs_TR_5,6.75,42.543832741049165,0.63056,0.33333688458431254,-0.33333688458431254,9
PercDevAbs_TR_5,7,39.71036893377257,0.63056,0.33333688458431254,-0.33333688458431254,9
PercDevAbs_TR_5,7.25,37.11739112980512,0.63056,0.33333688458431254,-0.33333688458431254,9
PercDevAbs_TR_5,7.5,34.77796191650774,0.63056,0.33333688458431254,-0.33333688458431254,9
PercDevAbs_TR_5,7.75,32.67806672083515,0.63056,0.33333688458431254,-0.33333688458431254,9
PercDevAbs_TR_5,8,30.798768030958684,0.63056,0.33333688458431254,-0.33333688458431254,9
PercDevAbs_TR_5,8.25,29.125463718052462,0.63056,0.33333688458431254,-0.33333688458431254,9
PercDevAbs_TR_5,8.5,27.64188642617474,0.63056,0.33333688458431254,-0.33333688458431254,9
PercDevAbs_TR_5,8.75,26.329824039384604,0.63056,0.33333688458431254,-0.33333688458431254,9
PercDevAbs_TR_5,9,25.182462064651155,0.63056,0.33333688458431254,-0.33333688458431254,9
PercDevAbs_TR_5,9.25,24.198873852605136,0.63056,0.33333688458431254,-0.33333688458431254,9
PercDevAbs_TR_5,9.5,23.36354487957245,0.63056,0.33333688458431254,-0.33333688458431254,9
PercDevAbs_TR_5,9.75,22.641639135376014,0.63056,0.33333688458431254,-0.33333688458431254,9
PercDevAbs_TR_5,10,21.99604861633277,0.63056,0.33333688458431254,-0.33333688458431254,9
PercDevAbs_TR_5,10.25,21.396096349939334,0.63056,0.33333688458431254,-0.33333688458431254,9
PercDevAbs_TR_5,10.5,20.818326644481125,0.63056,0.33333688458431254,-0.33333688458431254,9
PercDevAbs_TR_5,10.75,20.2493808097858,0.63056,0.33333688458431254,-0.33333688458431254,9
PercDevAbs_TR_5,11,19.683791505079355,0.63056,0.33333688458431254,-0.33333688458431254,9
PercDevAbs_TR_5,11.25,19.12163568169665,0.63056,0.33333688458431254,-0.33333688458431254,9
PercDevAbs_TR_5,11.5,18.566243016335306,0.63056,0.33333688458431254,-0.33333688458431254,9
PercDevAbs_TR_5,11.75,18.020337042367498,0.63056,0.33333688458431254,-0.33333688458431254,9
PercDevAbs_TR_5,12,17.486284956264694,0.63056,0.33333688458431254,-0.33333688458431254,9
PercDevAbs_TR_5,6,66.82758177325795,0.74751,0.6666746102242979,-0.6666746102242979,8
PercDevAbs_TR_5,6.25,62.97305407494145,0.74751,0.6666746102242979,-0.6666746102242979,8
PercDevAbs_TR_5,6.5,59.355093689681304,0.74751,0.6666746102242979,-0.6666746102242979,8
PercDevAbs_TR_5,6.75,55.964778611041105,0.74751,0.6666746102242979,-0.6666746102242979,8
PercDevAbs_TR_5,7,52.80292103186184,0.74751,0.6666746102242979,-0.6666746102242979,8
PercDevAbs_TR_5,7.25,49.8813023985546,0.74751,0.6666746102242979,-0.6666746102242979,8
PercDevAbs_TR_5,7.5,47.224752233232095,0.74751,0.6666746102242979,-0.6666746102242979,8
PercDevAbs_TR_5,7.75,44.822232030366656,0.74751,0.6666746102242979,-0.6666746102242979,8
PercDevAbs_TR_5,8,42.65516409953955,0.74751,0.6666746102242979,-0.6666746102242979,8
PercDevAbs_TR_5,8.25,40.70739188659195,0.74751,0.6666746102242979,-0.6666746102242979,8
PercDevAbs_TR_5,8.5,38.952407887940076,0.74751,0.6666746102242979,-0.6666746102242979,8
PercDevAbs_TR_5,8.75,37.356301841610126,0.74751,0.6666746102242979,-0.6666746102242979,8
PercDevAbs_TR_5,9,35.9073739362337,0.74751,0.6666746102242979,-0.6666746102242979,8
PercDevAbs_TR_5,9.25,34.61433342546336,0.74751,0.6666746102242979,-0.6666746102242979,8
PercDevAbs_TR_5,9.5,33.47518174338717,0.74751,0.6666746102242979,-0.6666746102242979,8
PercDevAbs_TR_5,9.75,32.456516718801375,0.74751,0.6666746102242979,-0.6666746102242979,8
PercDevAbs_TR_5,10,31.51891440749026,0.74751,0.6666746102242979,-0.6666746102242979,8
PercDevAbs_TR_5,10.25,30.62947590814166,0.74751,0.6666746102242979,-0.6666746102242979,8
PercDevAbs_TR_5,10.5,29.760519896750168,0.74751,0.6666746102242979,-0.6666746102242979,8
PercDevAbs_TR_5,10.75,28.89550163121126,0.74751,0.6666746102242979,-0.6666746102242979,8
PercDevAbs_TR_5,11,28.028715235100627,0.74751,0.6666746102242979,-0.6666746102242979,8
PercDevAbs_TR_5,11.25,27.16261173396749,0.74751,0.6666746102242979,-0.6666746102242979,8
PercDevAbs_TR_5,11.5,26.303777156485907,0.74751,0.6666746102242979,-0.6666746102242979,8
PercDevAbs_TR_5,11.75,25.458274743929955,0.74751,0.6666746102242979,-0.6666746102242979,8
PercDevAbs_TR_5,12,24.63160145962553,0.74751,0.6666746102242979,-0.6666746102242979,8
PercDevAbs_TR_5,6,84.26491641730999,0.84134,0.9999803859660789,-0.9999803859660789,7
PercDevAbs_TR_5,6.25,80.14590496345376,0.84134,0.9999803859660789,-0.9999803859660789,7
PercDevAbs_TR_5,6.5,76.26746744672604,0.84134,0.9999803859660789,-0.9999803859660789,7
PercDevAbs_TR_5,6.75,72.6126742972302,0.84134,0.9999803859660789,-0.9999803859660789,7
PercDevAbs_TR_5,7,69.17657785413256,0.84134,0.9999803859660789,-0.9999803859660789,7
PercDevAbs_TR_5,7.25,65.97255353697744,0.84134,0.9999803859660789,-0.9999803859660789,7
PercDevAbs_TR_5,7.5,63.03956842151142,0.84134,0.9999803859660789,-0.9999803859660789,7
PercDevAbs_TR_5,7.75,60.36997218231092,0.84134,0.9999803859660789,-0.9999803859660789,7
PercDevAbs_TR_5,8,57.94526234104567,0.84134,0.9999803859660789,-0.9999803859660789,7
PercDevAbs_TR_5,8.25,55.74611540779861,0.84134,0.9999803859660789,-0.9999803859660789,7
PercDevAbs_TR_5,8.5,53.72931136653418,0.84134,0.9999803859660789,-0.9999803859660789,7
PercDevAbs_TR_5,8.75,51.83544730481181,0.84134,0.9999803859660789,-0.9999803859660789,7
PercDevAbs_TR_5,9,50.04316705603099,0.84134,0.9999803859660789,-0.9999803859660789,7
PercDevAbs_TR_5,9.25,48.37473904957778,0.84134,0.9999803859660789,-0.9999803859660789,7
PercDevAbs_TR_5,9.5,46.85079874297855,0.84134,0.9999803859660789,-0.9999803859660789,7
PercDevAbs_TR_5,9.75,45.444260976917505,0.84134,0.9999803859660789,-0.9999803859660789,7
PercDevAbs_TR_5,10,44.11662491605448,0.84134,0.9999803859660789,-0.9999803859660789,7
PercDevAbs_TR_5,10.25,42.83538817987975,0.84134,0.9999803859660789,-0.9999803859660789,7
PercDevAbs_TR_5,10.5,41.56911712160064,0.84134,0.9999803859660789,-0.9999803859660789,7
PercDevAbs_TR_5,10.75,40.297903202732435,0.84134,0.9999803859660789,-0.9999803859660789,7
PercDevAbs_TR_5,11,39.01643503890353,0.84134,0.9999803859660789,-0.9999803859660789,7
PercDevAbs_TR_5,11.25,37.73106177797121,0.84134,0.9999803859660789,-0.9999803859660789,7
PercDevAbs_TR_5,11.5,36.453261605048844,0.84134,0.9999803859660789,-0.9999803859660789,7
PercDevAbs_TR_5,11.75,35.19416776789306,0.84134,0.9999803859660789,-0.9999803859660789,7
PercDevAbs_TR_5,12,33.96401385882205,0.84134,0.9999803859660789,-0.9999803859660789,7
PercDevAbs_TR_5,6,105.23082173278453,0.90879,1.3333407702662026,-1.3333407702662026,6
PercDevAbs_TR_5,6.25,100.94117796474336,0.90879,1.3333407702662026,-1.3333407702662026,6
PercDevAbs_TR_5,6.5,96.89753014211836,0.90879,1.3333407702662026,-1.3333407702662026,6
PercDevAbs_TR_5,6.75,93.07098047321358,0.90879,1.3333407702662026,-1.3333407702662026,6
PercDevAbs_TR_5,7,89.44659590454265,0.90879,1.3333407702662026,-1.3333407702662026,6
PercDevAbs_TR_5,7.25,86.03712821419023,0.90879,1.3333407702662026,-1.3333407702662026,6
PercDevAbs_TR_5,7.5,82.89819863779586,0.90879,1.3333407702662026,-1.3333407702662026,6
PercDevAbs_TR_5,7.75,80.02574999521057,0.90879,1.3333407702662026,-1.3333407702662026,6
PercDevAbs_TR_5,8,77.40070160632777,0.90879,1.3333407702662026,-1.3333407702662026,6
PercDevAbs_TR_5,8.25,74.99812334134498,0.90879,1.3333407702662026,-1.3333407702662026,6
PercDevAbs_TR_5,8.5,72.74920988264863,0.90879,1.3333407702662026,-1.3333407702662026,6
PercDevAbs_TR_5,8.75,70.55567617631453,0.90879,1.3333407702662026,-1.3333407702662026,6
PercDevAbs_TR_5,9,68.37954021163671,0.90879,1.3333407702662026,-1.3333407702662026,6
PercDevAbs_TR_5,9.25,66.26126006255421,0.90879,1.3333407702662026,-1.3333407702662026,6
PercDevAbs_TR_5,9.5,64.2561157556807,0.90879,1.3333407702662026,-1.3333407702662026,6
PercDevAbs_TR_5,9.75,62.3501924786181,0.90879,1.3333407702662026,-1.3333407702662026,6
PercDevAbs_TR_5,10,60.51072034256291,0.90879,1.3333407702662026,-1.3333407702662026,6
PercDevAbs_TR_5,10.25,58.70952892760456,0.90879,1.3333407702662026,-1.3333407702662026,6
PercDevAbs_TR_5,10.5,56.912413036846196,0.90879,1.3333407702662026,-1.3333407702662026,6
PercDevAbs_TR_5,10.75,55.09607266242962,0.90879,1.3333407702662026,-1.3333407702662026,6
PercDevAbs_TR_5,11,53.25653420110991,0.90879,1.3333407702662026,-1.3333407702662026,6
PercDevAbs_TR_5,11.25,51.406094613256116,0.90879,1.3333407702662026,-1.3333407702662026,6
PercDevAbs_TR_5,11.5,49.563272226715256,0.90879,1.3333407702662026,-1.3333407702662026,6
PercDevAbs_TR_5,11.75,47.74654199723365,0.90879,1.3333407702662026,-1.3333407702662026,6
PercDevAbs_TR_5,12,45.97297457071578,0.90879,1.3333407702662026,-1.3333407702662026,6
PercDevAbs_TR_5,6,130.2665307379689,0.95221,1.6666702079210545,-1.6666702079210545,5
PercDevAbs_TR_5,6.25,125.93555841659506,0.95221,1.6666702079210545,-1.6666702079210545,5
PercDevAbs_TR_5,6.5,121.85944295151342,0.95221,1.6666702079210545,-1.6666702079210545,5
PercDevAbs_TR_5,6.75,117.99244126902431,0.95221,1.6666702079210545,-1.6666702079210545,5
PercDevAbs_TR_5,7,114.30421992396845,0.95221,1.6666702079210545,-1.6666702079210545,5
PercDevAbs_TR_5,7.25,110.80377061369684,0.95221,1.6666702079210545,-1.6666702079210545,5
PercDevAbs_TR_5,7.5,107.56601016109306,0.95221,1.6666702079210545,-1.6666702079210545,5
PercDevAbs_TR_5,7.75,104.59040300093287,0.95221,1.6666702079210545,-1.6666702079210545,5
PercDevAbs_TR_5,8,101.85616777982963,0.95221,1.6666702079210545,-1.6666702079210545,5
PercDevAbs_TR_5,8.25,99.32930409021645,0.95221,1.6666702079210545,-1.6666702079210545,5
PercDevAbs_TR_5,8.5,96.90363931801275,0.95221,1.6666702079210545,-1.6666702079210545,5
PercDevAbs_TR_5,8.75,94.42425281761965,0.95221,1.6666702079210545,-1.6666702079210545,5
PercDevAbs_TR_5,9,91.82683181147242,0.95221,1.6666702079210545,-1.6666702079210545,5
PercDevAbs_TR_5,9.25,89.1754009233707,0.95221,1.6666702079210545,-1.6666702079210545,5
PercDevAbs_TR_5,9.5,86.57532168179888,0.95221,1.6666702079210545,-1.6666702079210545,5
PercDevAbs_TR_5,9.75,84.03508967182138,0.95221,1.6666702079210545,-1.6666702079210545,5
PercDevAbs_TR_5,10,81.53440295459528,0.95221,1.6666702079210545,-1.6666702079210545,5
PercDevAbs_TR_5,10.25,79.05498447089181,0.95221,1.6666702079210545,-1.6666702079210545,5
PercDevAbs_TR_5,10.5,76.56148460679701,0.95221,1.6666702079210545,-1.6666702079210545,5
PercDevAbs_TR_5,10.75,74.02738756353655,0.95221,1.6666702079210545,-1.6666702079210545,5
PercDevAbs_TR_5,11,71.4513845437024,0.95221,1.6666702079210545,-1.6666702079210545,5
PercDevAbs_TR_5,11.25,68.85440293431672,0.95221,1.6666702079210545,-1.6666702079210545,5
PercDevAbs_TR_5,11.5,66.26476022884107,0.95221,1.6666702079210545,-1.6666702079210545,5
PercDevAbs_TR_5,11.75,63.71118982017081,0.95221,1.6666702079210545,-1.6666702079210545,5
PercDevAbs_TR_5,12,61.22028603672343,0.95221,1.6666702079210545,-1.6666702079210545,5
PercDevAbs_TR_5,6,159.9885373306534,0.97725,2.0000024438996027,-2.0000024438996027,4
PercDevAbs_TR_5,6.25,155.787140847529,0.97725,2.0000024438996027,-2.0000024438996027,4
PercDevAbs_TR_5,6.5,151.8554861417197,0.97725,2.0000024438996027,-2.0000024438996027,4
PercDevAbs_TR_5,6.75,148.12506673364445,0.97725,2.0000024438996027,-2.0000024438996027,4
PercDevAbs_TR_5,7,144.54335428538906,0.97725,2.0000024438996027,-2.0000024438996027,4
PercDevAbs_TR_5,7.25,141.1113554901558,0.97725,2.0000024438996027,-2.0000024438996027,4
PercDevAbs_TR_5,7.5,137.926039259377,0.97725,2.0000024438996027,-2.0000024438996027,4
PercDevAbs_TR_5,7.75,134.98996797695042,0.97725,2.0000024438996027,-2.0000024438996027,4
PercDevAbs_TR_5,8,132.27895338773342,0.97725,2.0000024438996027,-2.0000024438996027,4
PercDevAbs_TR_5,8.25,129.74520816512066,0.97725,2.0000024438996027,-2.0000024438996027,4
PercDevAbs_TR_5,8.5,127.22990009682616,0.97725,2.0000024438996027,-2.0000024438996027,4
PercDevAbs_TR_5,8.75,124.49844556677972,0.97725,2.0000024438996027,-2.0000024438996027,4
PercDevAbs_TR_5,9,121.44713061695546,0.97725,2.0000024438996027,-2.0000024438996027,4
PercDevAbs_TR_5,9.25,118.16972397498583,0.97725,2.0000024438996027,-2.0000024438996027,4
PercDevAbs_TR_5,9.5,114.84116513184853,0.97725,2.0000024438996027,-2.0000024438996027,4
PercDevAbs_TR_5,9.75,111.50447131423945,0.97725,2.0000024438996027,-2.0000024438996027,4
PercDevAbs_TR_5,10,108.16089032999479,0.97725,2.0000024438996027,-2.0000024438996027,4
PercDevAbs_TR_5,10.25,104.80958208842378,0.97725,2.0000024438996027,-2.0000024438996027,4
PercDevAbs_TR_5,10.5,101.41648273898942,0.97725,2.0000024438996027,-2.0000024438996027,4
PercDevAbs_TR_5,10.75,97.95229816869501,0.97725,2.0000024438996027,-2.0000024438996027,4
PercDevAbs_TR_5,11,94.42018024319415,0.97725,2.0000024438996027,-2.0000024438996027,4
PercDevAbs_TR_5,11.25,90.85312947820132,0.97725,2.0000024438996027,-2.0000024438996027,4
PercDevAbs_TR_5,11.5,87.29275091088613,0.97725,2.0000024438996027,-2.0000024438996027,4
PercDevAbs_TR_5,11.75,83.7817220295818,0.97725,2.0000024438996027,-2.0000024438996027,4
PercDevAbs_TR_5,12,80.35954456213432,0.97725,2.0000024438996027,-2.0000024438996027,4
PercDevAbs_TR_5,6,195.0671668589597,0.99018,2.3331552225672416,-2.3331552225672416,3
PercDevAbs_TR_5,6.25,191.21466081518065,0.99018,2.3331552225672416,-2.3331552225672416,3
PercDevAbs_TR_5,6.5,187.65601658199668,0.99018,2.3331552225672416,-2.3331552225672416,3
PercDevAbs_TR_5,6.75,184.29288990008453,0.99018,2.3331552225672416,-2.3331552225672416,3
PercDevAbs_TR_5,7,181.04219339682618,0.99018,2.3331552225672416,-2.3331552225672416,3
PercDevAbs_TR_5,7.25,177.89145261483102,0.99018,2.3331552225672416,-2.3331552225672416,3
PercDevAbs_TR_5,7.5,174.96252622448623,0.99018,2.3331552225672416,-2.3331552225672416,3
PercDevAbs_TR_5,7.75,172.2602097796969,0.99018,2.3331552225672416,-2.3331552225672416,3
PercDevAbs_TR_5,8,169.75449119822588,0.99018,2.3331552225672416,-2.3331552225672416,3
PercDevAbs_TR_5,8.25,167.3775799177182,0.99018,2.3331552225672416,-2.3331552225672416,3
PercDevAbs_TR_5,8.5,164.89855165027484,0.99018,2.3331552225672416,-2.3331552225672416,3
PercDevAbs_TR_5,8.75,161.97390372657316,0.99018,2.3331552225672416,-2.3331552225672416,3
PercDevAbs_TR_5,9,158.4434045583492,0.99018,2.3331552225672416,-2.3331552225672416,3
PercDevAbs_TR_5,9.25,154.4375709987409,0.99018,2.3331552225672416,-2.3331552225672416,3
PercDevAbs_TR_5,9.5,150.2251219642818,0.99018,2.3331552225672416,-2.3331552225672416,3
PercDevAbs_TR_5,9.75,145.89909419225125,0.99018,2.3331552225672416,-2.3331552225672416,3
PercDevAbs_TR_5,10,141.49416354741967,0.99018,2.3331552225672416,-2.3331552225672416,3
PercDevAbs_TR_5,10.25,137.0368413173616,0.99018,2.3331552225672416,-2.3331552225672416,3
PercDevAbs_TR_5,10.5,132.49776073810307,0.99018,2.3331552225672416,-2.3331552225672416,3
PercDevAbs_TR_5,10.75,127.84561879255864,0.99018,2.3331552225672416,-2.3331552225672416,3
PercDevAbs_TR_5,11,123.09038530150991,0.99018,2.3331552225672416,-2.3331552225672416,3
PercDevAbs_TR_5,11.25,118.2814689762697,0.99018,2.3331552225672416,-2.3331552225672416,3
PercDevAbs_TR_5,11.5,113.47810089246263,0.99018,2.3331552225672416,-2.3331552225672416,3
PercDevAbs_TR_5,11.75,108.74148357546741,0.99018,2.3331552225672416,-2.3331552225672416,3
PercDevAbs_TR_5,12,104.12821949087424,0.99018,2.3331552225672416,-2.3331552225672416,3
PercDevAbs_TR_5,6,236.34525277373754,0.99617,2.6667000630340683,-2.6667000630340683,2
PercDevAbs_TR_5,6.25,233.11845672611534,0.99617,2.6667000630340683,-2.6667000630340683,2
PercDevAbs_TR_5,6.5,230.22289594458547,0.99617,2.6667000630340683,-2.6667000630340683,2
PercDevAbs_TR_5,6.75,227.52193018696488,0.99617,2.6667000630340683,-2.6667000630340683,2
PercDevAbs_TR_5,7,224.8916616643992,0.99617,2.6667000630340683,-2.6667000630340683,2
PercDevAbs_TR_5,7.25,222.2991118433749,0.99617,2.6667000630340683,-2.6667000630340683,2
PercDevAbs_TR_5,7.5,219.8939867798259,0.99617,2.6667000630340683,-2.6667000630340683,2
PercDevAbs_TR_5,7.75,217.6819126534272,0.99617,2.6667000630340683,-2.6667000630340683,2
PercDevAbs_TR_5,8,215.62375935476146,0.99617,2.6667000630340683,-2.6667000630340683,2
PercDevAbs_TR_5,8.25,213.62366532724081,0.99617,2.6667000630340683,-2.6667000630340683,2
PercDevAbs_TR_5,8.5,211.35407661892566,0.99617,2.6667000630340683,-2.6667000630340683,2
PercDevAbs_TR_5,8.75,208.32562429449956,0.99617,2.6667000630340683,-2.6667000630340683,2
PercDevAbs_TR_5,9,204.29941906464964,0.99617,2.6667000630340683,-2.6667000630340683,2
PercDevAbs_TR_5,9.25,199.45069979629295,0.99617,2.6667000630340683,-2.6667000630340683,2
PercDevAbs_TR_5,9.5,194.17192164980503,0.99617,2.6667000630340683,-2.6667000630340683,2
PercDevAbs_TR_5,9.75,188.62578714608915,0.99617,2.6667000630340683,-2.6667000630340683,2
PercDevAbs_TR_5,10,182.89571055096167,0.99617,2.6667000630340683,-2.6667000630340683,2
PercDevAbs_TR_5,10.25,177.04838219347735,0.99617,2.6667000630340683,-2.6667000630340683,2
PercDevAbs_TR_5,10.5,171.06374915546837,0.99617,2.6667000630340683,-2.6667000630340683,2
PercDevAbs_TR_5,10.75,164.9096772309701,0.99617,2.6667000630340683,-2.6667000630340683,2
PercDevAbs_TR_5,11,158.60600316248488,0.99617,2.6667000630340683,-2.6667000630340683,2
PercDevAbs_TR_5,11.25,152.22397801225796,0.99617,2.6667000630340683,-2.6667000630340683,2
PercDevAbs_TR_5,11.5,145.84584443971224,0.99617,2.6667000630340683,-2.6667000630340683,2
PercDevAbs_TR_5,11.75,139.5570125138195,0.99617,2.6667000630340683,-2.6667000630340683,2
PercDevAbs_TR_5,12,133.43637395842137,0.99617,2.6667000630340683,-2.6667000630340683,2
PercDevAbs_TR_5,6,284.6182507085445,0.99865,2.999976992703401,-2.999976992703401,1
PercDevAbs_TR_5,6.25,282.35863458802027,0.99865,2.999976992703401,-2.999976992703401,1
PercDevAbs_TR_5,6.5,280.48562732613055,0.99865,2.999976992703401,-2.999976992703401,1
PercDevAbs_TR_5,6.75,278.81441227019945,0.99865,2.999976992703401,-2.999976992703401,1
PercDevAbs_TR_5,7,277.1680120950196,0.99865,2.999976992703401,-2.999976992703401,1
PercDevAbs_TR_5,7.25,275.4842142944496,0.99865,2.999976992703401,-2.999976992703401,1
PercDevAbs_TR_5,7.5,273.9435262085294,0.99865,2.999976992703401,-2.999976992703401,1
PercDevAbs_TR_5,7.75,272.5503446487412,0.99865,2.999976992703401,-2.999976992703401,1
PercDevAbs_TR_5,8,271.25210771020403,0.99865,2.999976992703401,-2.999976992703401,1
PercDevAbs_TR_5,8.25,269.914715752012,0.99865,2.999976992703401,-2.999976992703401,1
PercDevAbs_TR_5,8.5,268.08378076535746,0.99865,2.999976992703401,-2.999976992703401,1
PercDevAbs_TR_5,8.75,265.0785738025085,0.99865,2.999976992703401,-2.999976992703401,1
PercDevAbs_TR_5,9,260.55369696803666,0.99865,2.999976992703401,-2.999976992703401,1
PercDevAbs_TR_5,9.25,254.7379529703303,0.99865,2.999976992703401,-2.999976992703401,1
PercDevAbs_TR_5,9.5,248.18374470650662,0.99865,2.999976992703401,-2.999976992703401,1
PercDevAbs_TR_5,9.75,241.14772052404487,0.99865,2.999976992703401,-2.999976992703401,1
PercDevAbs_TR_5,10,233.78123792683172,0.99865,2.999976992703401,-2.999976992703401,1
PercDevAbs_TR_5,10.25,226.20731061856947,0.99865,2.999976992703401,-2.999976992703401,1
PercDevAbs_TR_5,10.5,218.4212333861003,0.99865,2.999976992703401,-2.999976992703401,1
PercDevAbs_TR_5,10.75,210.391723512518,0.99865,2.999976992703401,-2.999976992703401,1
PercDevAbs_TR_5,11,202.1523207746736,0.99865,2.999976992703401,-2.999976992703401,1
PercDevAbs_TR_5,11.25,193.80276538774714,0.99865,2.999976992703401,-2.999976992703401,1
PercDevAbs_TR_5,11.5,185.45483882656302,0.99865,2.999976992703401,-2.999976992703401,1
PercDevAbs_TR_5,11.75,177.225041282756,0.99865,2.999976992703401,-2.999976992703401,1
PercDevAbs_TR_5,12,169.22082291557282,0.99865,2.999976992703401,-2.999976992703401,1
PercDevAbs_TR_6,6,0.009920244323061881,0.00135,-2.999976992703393,2.999976992703393,19
PercDevAbs_TR_6,6.25,0.008225855986085691,0.00135,-2.999976992703393,2.999976992703393,19
PercDevAbs_TR_6,6.5,0.0068211903146695495,0.00135,-2.999976992703393,2.999976992703393,19
PercDevAbs_TR_6,6.75,0.005663633536514896,0.00135,-2.999976992703393,2.999976992703393,19
PercDevAbs_TR_6,7,0.004716622837296348,0.00135,-2.999976992703393,2.999976992703393,19
PercDevAbs_TR_6,7.25,0.003947887792708232,0.00135,-2.999976992703393,2.999976992703393,19
PercDevAbs_TR_6,7.5,0.0033282524427701776,0.00135,-2.999976992703393,2.999976992703393,19
PercDevAbs_TR_6,7.75,0.0028287456983327034,0.00135,-2.999976992703393,2.999976992703393,19
PercDevAbs_TR_6,8,0.0024285220943621425,0.00135,-2.999976992703393,2.999976992703393,19
PercDevAbs_TR_6,8.25,0.002111257100968441,0.00135,-2.999976992703393,2.999976992703393,19
PercDevAbs_TR_6,8.5,0.0018581881212888127,0.00135,-2.999976992703393,2.999976992703393,19
PercDevAbs_TR_6,8.75,0.0016512269034493435,0.00135,-2.999976992703393,2.999976992703393,19
PercDevAbs_TR_6,9,0.0014783529659515434,0.00135,-2.999976992703393,2.999976992703393,19
PercDevAbs_TR_6,9.25,0.001331531718647101,0.00135,-2.999976992703393,2.999976992703393,19
PercDevAbs_TR_6,9.5,0.001201576615485151,0.00135,-2.999976992703393,2.999976992703393,19
PercDevAbs_TR_6,9.75,0.0010782813187404379,0.00135,-2.999976992703393,2.999976992703393,19
PercDevAbs_TR_6,10,9.557636663432506e-4,0.00135,-2.999976992703393,2.999976992703393,19
PercDevAbs_TR_6,10.25,8.339191467462452e-4,0.00135,-2.999976992703393,2.999976992703393,19
PercDevAbs_TR_6,10.5,7.16500557264295e-4,0.00135,-2.999976992703393,2.999976992703393,19
PercDevAbs_TR_6,10.75,6.077961040982789e-4,0.00135,-2.999976992703393,2.999976992703393,19
PercDevAbs_TR_6,11,5.105395708177307e-4,0.00135,-2.999976992703393,2.999976992703393,19
PercDevAbs_TR_6,11.25,4.257236901204832e-4,0.00135,-2.999976992703393,2.999976992703393,19
PercDevAbs_TR_6,11.5,3.5319003802095186e-4,0.00135,-2.999976992703393,2.999976992703393,19
PercDevAbs_TR_6,11.75,2.919926768201231e-4,0.00135,-2.999976992703393,2.999976992703393,19
PercDevAbs_TR_6,12,2.4087590771219606e-4,0.00135,-2.999976992703393,2.999976992703393,19
PercDevAbs_TR_6,6,0.10877043228253022,0.00383,-2.6667000630340683,2.6667000630340683,18
PercDevAbs_TR_6,6.25,0.09237562440926579,0.00383,-2.6667000630340683,2.6667000630340683,18
PercDevAbs_TR_6,6.5,0.07845706893783731,0.00383,-2.6667000630340683,2.6667000630340683,18
PercDevAbs_TR_6,6.75,0.06672155803118984,0.00383,-2.6667000630340683,2.6667000630340683,18
PercDevAbs_TR_6,7,0.056911567409867934,0.00383,-2.6667000630340683,2.6667000630340683,18
PercDevAbs_TR_6,7.25,0.048789649921799946,0.00383,-2.6667000630340683,2.6667000630340683,18
PercDevAbs_TR_6,7.5,0.04212731562257377,0.00383,-2.6667000630340683,2.6667000630340683,18
PercDevAbs_TR_6,7.75,0.03667018691395157,0.00383,-2.6667000630340683,2.6667000630340683,18
PercDevAbs_TR_6,8,0.03224158423728823,0.00383,-2.6667000630340683,2.6667000630340683,18
PercDevAbs_TR_6,8.25,0.028704555081099765,0.00383,-2.6667000630340683,2.6667000630340683,18
PercDevAbs_TR_6,8.5,0.025870937923787675,0.00383,-2.6667000630340683,2.6667000630340683,18
PercDevAbs_TR_6,8.75,0.023540544778485845,0.00383,-2.6667000630340683,2.6667000630340683,18
PercDevAbs_TR_6,9,0.02157976478835934,0.00383,-2.6667000630340683,2.6667000630340683,18
PercDevAbs_TR_6,9.25,0.019899748513145864,0.00383,-2.6667000630340683,2.6667000630340683,18
PercDevAbs_TR_6,9.5,0.01838402437712135,0.00383,-2.6667000630340683,2.6667000630340683,18
PercDevAbs_TR_6,9.75,0.016887914577968427,0.00383,-2.6667000630340683,2.6667000630340683,18
PercDevAbs_TR_6,10,0.0153217034093612,0.00383,-2.6667000630340683,2.6667000630340683,18
PercDevAbs_TR_6,10.25,0.013681914117738253,0.00383,-2.6667000630340683,2.6667000630340683,18
PercDevAbs_TR_6,10.5,0.012029725197229666,0.00383,-2.6667000630340683,2.6667000630340683,18
PercDevAbs_TR_6,10.75,0.010441418880399784,0.00383,-2.6667000630340683,2.6667000630340683,18
PercDevAbs_TR_6,11,0.008972970264155848,0.00383,-2.6667000630340683,2.6667000630340683,18
PercDevAbs_TR_6,11.25,0.007653843085401329,0.00383,-2.6667000630340683,2.6667000630340683,18
PercDevAbs_TR_6,11.5,0.006494443395331155,0.00383,-2.6667000630340683,2.6667000630340683,18
PercDevAbs_TR_6,11.75,0.005490617410060769,0.00383,-2.6667000630340683,2.6667000630340683,18
PercDevAbs_TR_6,12,0.0046311567958694675,0.00383,-2.6667000630340683,2.6667000630340683,18
PercDevAbs_TR_6,6,0.5461626032403977,0.00982,-2.3331552225672434,2.3331552225672434,17
PercDevAbs_TR_6,6.25,0.47176443421782904,0.00982,-2.3331552225672434,2.3331552225672434,17
PercDevAbs_TR_6,6.5,0.4075798740950318,0.00982,-2.3331552225672434,2.3331552225672434,17
PercDevAbs_TR_6,6.75,0.3526259332039727,0.00982,-2.3331552225672434,2.3331552225672434,17
PercDevAbs_TR_6,7,0.3060335589305367,0.00982,-2.3331552225672434,2.3331552225672434,17
PercDevAbs_TR_6,7.25,0.2669735021495645,0.00982,-2.3331552225672434,2.3331552225672434,17
PercDevAbs_TR_6,7.5,0.2345990245917518,0.00982,-2.3331552225672434,2.3331552225672434,17
PercDevAbs_TR_6,7.75,0.2078480286890566,0.00982,-2.3331552225672434,2.3331552225672434,17
PercDevAbs_TR_6,8,0.186022970988282,0.00982,-2.3331552225672434,2.3331552225672434,17
PercDevAbs_TR_6,8.25,0.16860267440989163,0.00982,-2.3331552225672434,2.3331552225672434,17
PercDevAbs_TR_6,8.5,0.15471569822780146,0.00982,-2.3331552225672434,2.3331552225672434,17
PercDevAbs_TR_6,8.75,0.14334792479836755,0.00982,-2.3331552225672434,2.3331552225672434,17
PercDevAbs_TR_6,9,0.13381888364654945,0.00982,-2.3331552225672434,2.3331552225672434,17
PercDevAbs_TR_6,9.25,0.1256770911663844,0.00982,-2.3331552225672434,2.3331552225672434,17
PercDevAbs_TR_6,9.5,0.11825722017419514,0.00982,-2.3331552225672434,2.3331552225672434,17
PercDevAbs_TR_6,9.75,0.11065739780793513,0.00982,-2.3331552225672434,2.3331552225672434,17
PercDevAbs_TR_6,10,0.10227404850802953,0.00982,-2.3331552225672434,2.3331552225672434,17
PercDevAbs_TR_6,10.25,0.09304511237027832,0.00982,-2.3331552225672434,2.3331552225672434,17
PercDevAbs_TR_6,10.5,0.08335328755181805,0.00982,-2.3331552225672434,2.3331552225672434,17
PercDevAbs_TR_6,10.75,0.07371851995952013,0.00982,-2.3331552225672434,2.3331552225672434,17
PercDevAbs_TR_6,11,0.06455516396842412,0.00982,-2.3331552225672434,2.3331552225672434,17
PercDevAbs_TR_6,11.25,0.0561148262881558,0.00982,-2.3331552225672434,2.3331552225672434,17
PercDevAbs_TR_6,11.5,0.048525168213984546,0.00982,-2.3331552225672434,2.3331552225672434,17
PercDevAbs_TR_6,11.75,0.04181143602965423,0.00982,-2.3331552225672434,2.3331552225672434,17
PercDevAbs_TR_6,12,0.035944450873478674,0.00982,-2.3331552225672434,2.3331552225672434,17
PercDevAbs_TR_6,6,1.689861511763011,0.02275,-2.000002443899604,2.000002443899604,16
PercDevAbs_TR_6,6.25,1.4756930448366352,0.02275,-2.000002443899604,2.000002443899604,16
PercDevAbs_TR_6,6.5,1.289054356712725,0.02275,-2.000002443899604,2.000002443899604,16
PercDevAbs_TR_6,6.75,1.1277324749866717,0.02275,-2.000002443899604,2.000002443899604,16
PercDevAbs_TR_6,7,0.9897821113174168,0.02275,-2.000002443899604,2.000002443899604,16
PercDevAbs_TR_6,7.25,0.8732981370005768,0.02275,-2.000002443899604,2.000002443899604,16
PercDevAbs_TR_6,7.5,0.7762279612710297,0.02275,-2.000002443899604,2.000002443899604,16
PercDevAbs_TR_6,7.75,0.6957004544480992,0.02275,-2.000002443899604,2.000002443899604,16
PercDevAbs_TR_6,8,0.6299422196422869,0.02275,-2.000002443899604,2.000002443899604,16
PercDevAbs_TR_6,8.25,0.57769810147116,0.02275,-2.000002443899604,2.000002443899604,16
PercDevAbs_TR_6,8.5,0.5364361031810505,0.02275,-2.000002443899604,2.000002443899604,16
PercDevAbs_TR_6,8.75,0.5029989910761894,0.02275,-2.000002443899604,2.000002443899604,16
PercDevAbs_TR_6,9,0.475258946171573,0.02275,-2.000002443899604,2.000002443899604,16
PercDevAbs_TR_6,9.25,0.45180545377260434,0.02275,-2.000002443899604,2.000002443899604,16
PercDevAbs_TR_6,9.5,0.4303786329841988,0.02275,-2.000002443899604,2.000002443899604,16
PercDevAbs_TR_6,9.75,0.4077331462626733,0.02275,-2.000002443899604,2.000002443899604,16
PercDevAbs_TR_6,10,0.38157314805683545,0.02275,-2.000002443899604,2.000002443899604,16
PercDevAbs_TR_6,10.25,0.3515331935905933,0.02275,-2.000002443899604,2.000002443899604,16
PercDevAbs_TR_6,10.5,0.31893257401535163,0.02275,-2.000002443899604,2.000002443899604,16
PercDevAbs_TR_6,10.75,0.2856922318377866,0.02275,-2.000002443899604,2.000002443899604,16
PercDevAbs_TR_6,11,0.2534196334284587,0.02275,-2.000002443899604,2.000002443899604,16
PercDevAbs_TR_6,11.25,0.2231596450884422,0.02275,-2.000002443899604,2.000002443899604,16
PercDevAbs_TR_6,11.5,0.19551261668102451,0.02275,-2.000002443899604,2.000002443899604,16
PercDevAbs_TR_6,11.75,0.1706919302569708,0.02275,-2.000002443899604,2.000002443899604,16
PercDevAbs_TR_6,12,0.1486962030045318,0.02275,-2.000002443899604,2.000002443899604,16
PercDevAbs_TR_6,6,3.908891110077033,0.04779,-1.6666702079210545,1.6666702079210545,15
PercDevAbs_TR_6,6.25,3.4380368243081287,0.04779,-1.6666702079210545,1.6666702079210545,15
PercDevAbs_TR_6,6.5,3.025013911624326,0.04779,-1.6666702079210545,1.6666702079210545,15
PercDevAbs_TR_6,6.75,2.665836114949885,0.04779,-1.6666702079210545,1.6666702079210545,15
PercDevAbs_TR_6,7,2.357044087166038,0.04779,-1.6666702079210545,1.6666702079210545,15
PercDevAbs_TR_6,7.25,2.09517797751293,0.04779,-1.6666702079210545,1.6666702079210545,15
PercDevAbs_TR_6,7.5,1.8763226038464698,0.04779,-1.6666702079210545,1.6666702079210545,15
PercDevAbs_TR_6,7.75,1.694454515762441,0.04779,-1.6666702079210545,1.6666702079210545,15
PercDevAbs_TR_6,8,1.546063837525113,0.04779,-1.6666702079210545,1.6666702079210545,15
PercDevAbs_TR_6,8.25,1.4288172331255282,0.04779,-1.6666702079210545,1.6666702079210545,15
PercDevAbs_TR_6,8.5,1.3371283191687373,0.04779,-1.6666702079210545,1.6666702079210545,15
PercDevAbs_TR_6,8.75,1.2636656839622031,0.04779,-1.6666702079210545,1.6666702079210545,15
PercDevAbs_TR_6,9,1.203472994030542,0.04779,-1.6666702079210545,1.6666702079210545,15
PercDevAbs_TR_6,9.25,1.1532668540522615,0.04779,-1.6666702079210545,1.6666702079210545,15
PercDevAbs_TR_6,9.5,1.1074723689206734,0.04779,-1.6666702079210545,1.6666702079210545,15
PercDevAbs_TR_6,9.75,1.0577758366920362,0.04779,-1.6666702079210545,1.6666702079210545,15
PercDevAbs_TR_6,10,0.9980730210740374,0.04779,-1.6666702079210545,1.6666702079210545,15
PercDevAbs_TR_6,10.25,0.9271479973039626,0.04779,-1.6666702079210545,1.6666702079210545,15
PercDevAbs_TR_6,10.5,0.8482248498538592,0.04779,-1.6666702079210545,1.6666702079210545,15
PercDevAbs_TR_6,10.75,0.766250883889107,0.04779,-1.6666702079210545,1.6666702079210545,15
PercDevAbs_TR_6,11,0.6854949573677007,0.04779,-1.6666702079210545,1.6666702079210545,15
PercDevAbs_TR_6,11.25,0.608838564297849,0.04779,-1.6666702079210545,1.6666702079210545,15
PercDevAbs_TR_6,11.5,0.5380403798688886,0.04779,-1.6666702079210545,1.6666702079210545,15
PercDevAbs_TR_6,11.75,0.4738466383587025,0.04779,-1.6666702079210545,1.6666702079210545,15
PercDevAbs_TR_6,12,0.41642862453049134,0.04779,-1.6666702079210545,1.6666702079210545,15
PercDevAbs_TR_6,6,7.532307079973327,0.09121,-1.3333407702662026,1.3333407702662026,14
PercDevAbs_TR_6,6.25,6.6577927290682775,0.09121,-1.3333407702662026,1.3333407702662026,14
PercDevAbs_TR_6,6.5,5.887228037388404,0.09121,-1.3333407702662026,1.3333407702662026,14
PercDevAbs_TR_6,6.75,5.214336744719148,0.09121,-1.3333407702662026,1.3333407702662026,14
PercDevAbs_TR_6,7,4.633763681352033,0.09121,-1.3333407702662026,1.3333407702662026,14
PercDevAbs_TR_6,7.25,4.140054602142079,0.09121,-1.3333407702662026,1.3333407702662026,14
PercDevAbs_TR_6,7.5,3.726748572239556,0.09121,-1.3333407702662026,1.3333407702662026,14
PercDevAbs_TR_6,7.75,3.3830500285928005,0.09121,-1.3333407702662026,1.3333407702662026,14
PercDevAbs_TR_6,8,3.102990467500226,0.09121,-1.3333407702662026,1.3333407702662026,14
PercDevAbs_TR_6,8.25,2.882856523421246,0.09121,-1.3333407702662026,1.3333407702662026,14
PercDevAbs_TR_6,8.5,2.7122633677129184,0.09121,-1.3333407702662026,1.3333407702662026,14
PercDevAbs_TR_6,8.75,2.5770493648124395,0.09121,-1.3333407702662026,1.3333407702662026,14
PercDevAbs_TR_6,9,2.467620051761988,0.09121,-1.3333407702662026,1.3333407702662026,14
PercDevAbs_TR_6,9.25,2.3776232752417523,0.09121,-1.3333407702662026,1.3333407702662026,14
PercDevAbs_TR_6,9.5,2.295818388481973,0.09121,-1.3333407702662026,1.3333407702662026,14
PercDevAbs_TR_6,9.75,2.2050062581578453,0.09121,-1.3333407702662026,1.3333407702662026,14
PercDevAbs_TR_6,10,2.0922336826668384,0.09121,-1.3333407702662026,1.3333407702662026,14
PercDevAbs_TR_6,10.25,1.9545587273388503,0.09121,-1.3333407702662026,1.3333407702662026,14
PercDevAbs_TR_6,10.5,1.7983842522253024,0.09121,-1.3333407702662026,1.3333407702662026,14
PercDevAbs_TR_6,10.75,1.6339334463753268,0.09121,-1.3333407702662026,1.3333407702662026,14
PercDevAbs_TR_6,11,1.4702107117684515,0.09121,-1.3333407702662026,1.3333407702662026,14
PercDevAbs_TR_6,11.25,1.3134379957008582,0.09121,-1.3333407702662026,1.3333407702662026,14
PercDevAbs_TR_6,11.5,1.1675478278219729,0.09121,-1.3333407702662026,1.3333407702662026,14
PercDevAbs_TR_6,11.75,1.0343568286315479,0.09121,-1.3333407702662026,1.3333407702662026,14
PercDevAbs_TR_6,12,0.9144635579941839,0.09121,-1.3333407702662026,1.3333407702662026,14
PercDevAbs_TR_6,6,12.877656537128559,0.15866,-0.9999803859660789,0.9999803859660789,13
PercDevAbs_TR_6,6.25,11.423497465894162,0.15866,-0.9999803859660789,0.9999803859660789,13
PercDevAbs_TR_6,6.5,10.137979722591487,0.15866,-0.9999803859660789,0.9999803859660789,13
PercDevAbs_TR_6,6.75,9.012039523908523,0.15866,-0.9999803859660789,0.9999803859660789,13
PercDevAbs_TR_6,7,8.038093281372607,0.15866,-0.9999803859660789,0.9999803859660789,13
PercDevAbs_TR_6,7.25,7.208287116184994,0.15866,-0.9999803859660789,0.9999803859660789,13
PercDevAbs_TR_6,7.5,6.512903834433689,0.15866,-0.9999803859660789,0.9999803859660789,13
PercDevAbs_TR_6,7.75,5.934488349227792,0.15866,-0.9999803859660789,0.9999803859660789,13
PercDevAbs_TR_6,8,5.463832621253056,0.15866,-0.9999803859660789,0.9999803859660789,13
PercDevAbs_TR_6,8.25,5.095584466569875,0.15866,-0.9999803859660789,0.9999803859660789,13
PercDevAbs_TR_6,8.5,4.812480768108081,0.15866,-0.9999803859660789,0.9999803859660789,13
PercDevAbs_TR_6,8.75,4.590271568917857,0.15866,-0.9999803859660789,0.9999803859660789,13
PercDevAbs_TR_6,9,4.412502214877091,0.15866,-0.9999803859660789,0.9999803859660789,13
PercDevAbs_TR_6,9.25,4.2682848574879815,0.15866,-0.9999803859660789,0.9999803859660789,13
PercDevAbs_TR_6,9.5,4.137751815684275,0.15866,-0.9999803859660789,0.9999803859660789,13
PercDevAbs_TR_6,9.75,3.989938237394245,0.15866,-0.9999803859660789,0.9999803859660789,13
PercDevAbs_TR_6,10,3.8010960223076364,0.15866,-0.9999803859660789,0.9999803859660789,13
PercDevAbs_TR_6,10.25,3.5653528657542335,0.15866,-0.9999803859660789,0.9999803859660789,13
PercDevAbs_TR_6,10.5,3.2938531891799494,0.15866,-0.9999803859660789,0.9999803859660789,13
PercDevAbs_TR_6,10.75,3.0049473053003597,0.15866,-0.9999803859660789,0.9999803859660789,13
PercDevAbs_TR_6,11,2.71503640693105,0.15866,-0.9999803859660789,0.9999803859660789,13
PercDevAbs_TR_6,11.25,2.4356345434213766,0.15866,-0.9999803859660789,0.9999803859660789,13
PercDevAbs_TR_6,11.5,2.17418600125784,0.15866,-0.9999803859660789,0.9999803859660789,13
PercDevAbs_TR_6,11.75,1.9343049317839376,0.15866,-0.9999803859660789,0.9999803859660789,13
PercDevAbs_TR_6,12,1.7173809447586983,0.15866,-0.9999803859660789,0.9999803859660789,13
PercDevAbs_TR_6,6,20.292255095598875,0.25249,-0.6666746102242979,0.6666746102242979,12
PercDevAbs_TR_6,6.25,18.0502220156587,0.25249,-0.6666746102242979,0.6666746102242979,12
PercDevAbs_TR_6,6.5,16.063220368084412,0.25249,-0.6666746102242979,0.6666746102242979,12
PercDevAbs_TR_6,6.75,14.31890307612503,0.25249,-0.6666746102242979,0.6666746102242979,12
PercDevAbs_TR_6,7,12.807160773861156,0.25249,-0.6666746102242979,0.6666746102242979,12
PercDevAbs_TR_6,7.25,11.517354689318225,0.25249,-0.6666746102242979,0.6666746102242979,12
PercDevAbs_TR_6,7.5,10.43575473100862,0.25249,-0.6666746102242979,0.6666746102242979,12
PercDevAbs_TR_6,7.75,9.53605385753625,0.25249,-0.6666746102242979,0.6666746102242979,12
PercDevAbs_TR_6,8,8.80494688141982,0.25249,-0.6666746102242979,0.6666746102242979,12
PercDevAbs_TR_6,8.25,8.235218511449057,0.25249,-0.6666746102242979,0.6666746102242979,12
PercDevAbs_TR_6,8.5,7.800274060959263,0.25249,-0.6666746102242979,0.6666746102242979,12
PercDevAbs_TR_6,8.75,7.4618593234462915,0.25249,-0.6666746102242979,0.6666746102242979,12
PercDevAbs_TR_6,9,7.193987138924744,0.25249,-0.6666746102242979,0.6666746102242979,12
PercDevAbs_TR_6,9.25,6.979471139214489,0.25249,-0.6666746102242979,0.6666746102242979,12
PercDevAbs_TR_6,9.5,6.786196215977714,0.25249,-0.6666746102242979,0.6666746102242979,12
PercDevAbs_TR_6,9.75,6.5634090733910515,0.25249,-0.6666746102242979,0.6666746102242979,12
PercDevAbs_TR_6,10,6.271651444012205,0.25249,-0.6666746102242979,0.6666746102242979,12
PercDevAbs_TR_6,10.25,5.900567499794263,0.25249,-0.6666746102242979,0.6666746102242979,12
PercDevAbs_TR_6,10.5,5.467919097631373,0.25249,-0.6666746102242979,0.6666746102242979,12
PercDevAbs_TR_6,10.75,5.0036814224084845,0.25249,-0.6666746102242979,0.6666746102242979,12
PercDevAbs_TR_6,11,4.534942456182093,0.25249,-0.6666746102242979,0.6666746102242979,12
PercDevAbs_TR_6,11.25,4.0809381312305195,0.25249,-0.6666746102242979,0.6666746102242979,12
PercDevAbs_TR_6,11.5,3.6543053844167117,0.25249,-0.6666746102242979,0.6666746102242979,12
PercDevAbs_TR_6,11.75,3.261383627615963,0.25249,-0.6666746102242979,0.6666746102242979,12
PercDevAbs_TR_6,12,2.904831791565203,0.25249,-0.6666746102242979,0.6666746102242979,12
PercDevAbs_TR_6,6,30.208698936145794,0.36944,-0.33333688458431254,0.33333688458431254,11
PercDevAbs_TR_6,6.25,26.9296474249959,0.36944,-0.33333688458431254,0.33333688458431254,11
PercDevAbs_TR_6,6.5,24.017758129028504,0.36944,-0.33333688458431254,0.33333688458431254,11
PercDevAbs_TR_6,6.75,21.456881806712474,0.36944,-0.33333688458431254,0.33333688458431254,11
PercDevAbs_TR_6,7,19.234104912700897,0.36944,-0.33333688458431254,0.33333688458431254,11
PercDevAbs_TR_6,7.25,17.335619017690462,0.36944,-0.33333688458431254,0.33333688458431254,11
PercDevAbs_TR_6,7.5,15.742844081200207,0.36944,-0.33333688458431254,0.33333688458431254,11
PercDevAbs_TR_6,7.75,14.418031052317952,0.36944,-0.33333688458431254,0.33333688458431254,11
PercDevAbs_TR_6,8,13.34280589557639,0.36944,-0.33333688458431254,0.33333688458431254,11
PercDevAbs_TR_6,8.25,12.507889372125879,0.36944,-0.33333688458431254,0.33333688458431254,11
PercDevAbs_TR_6,8.5,11.874426689440902,0.36944,-0.33333688458431254,0.33333688458431254,11
PercDevAbs_TR_6,8.75,11.385424522239369,0.36944,-0.33333688458431254,0.33333688458431254,11
PercDevAbs_TR_6,9,11.002130804904976,0.36944,-0.33333688458431254,0.33333688458431254,11
PercDevAbs_TR_6,9.25,10.698929556079586,0.36944,-0.33333688458431254,0.33333688458431254,11
PercDevAbs_TR_6,9.5,10.427030635271203,0.36944,-0.33333688458431254,0.33333688458431254,11
PercDevAbs_TR_6,9.75,10.108480941133173,0.36944,-0.33333688458431254,0.33333688458431254,11
PercDevAbs_TR_6,10,9.682026329591249,0.36944,-0.33333688458431254,0.33333688458431254,11
PercDevAbs_TR_6,10.25,9.130861474614996,0.36944,-0.33333688458431254,0.33333688458431254,11
PercDevAbs_TR_6,10.5,8.481630491025454,0.36944,-0.33333688458431254,0.33333688458431254,11
PercDevAbs_TR_6,10.75,7.780219791566478,0.36944,-0.33333688458431254,0.33333688458431254,11
PercDevAbs_TR_6,11,7.068456608964731,0.36944,-0.33333688458431254,0.33333688458431254,11
PercDevAbs_TR_6,11.25,6.376305384999308,0.36944,-0.33333688458431254,0.33333688458431254,11
PercDevAbs_TR_6,11.5,5.723687876316136,0.36944,-0.33333688458431254,0.33333688458431254,11
PercDevAbs_TR_6,11.75,5.120834712139219,0.36944,-0.33333688458431254,0.33333688458431254,11
PercDevAbs_TR_6,12,4.572286307669435,0.36944,-0.33333688458431254,0.33333688458431254,11
PercDevAbs_TR_6,6,43.19710313557995,0.5,0,-0,10
PercDevAbs_TR_6,6.25,38.577409197965174,0.5,0,-0,10
PercDevAbs_TR_6,6.5,34.46818453423289,0.5,0,-0,10
PercDevAbs_TR_6,6.75,30.848910424533713,0.5,0,-0,10
PercDevAbs_TR_6,7,27.703597805907243,0.5,0,-0,10
PercDevAbs_TR_6,7.25,25.014866783839896,0.5,0,-0,10
PercDevAbs_TR_6,7.5,22.75832753836699,0.5,0,-0,10
PercDevAbs_TR_6,7.75,20.881661892011234,0.5,0,-0,10
PercDevAbs_TR_6,8,19.36029109515955,0.5,0,-0,10
PercDevAbs_TR_6,8.25,18.18268731827418,0.5,0,-0,10
PercDevAbs_TR_6,8.5,17.294173054458042,0.5,0,-0,10
PercDevAbs_TR_6,8.75,16.613201909346227,0.5,0,-0,10
PercDevAbs_TR_6,9,16.08428681012969,0.5,0,-0,10
PercDevAbs_TR_6,9.25,15.670765814300193,0.5,0,-0,10
PercDevAbs_TR_6,9.5,15.301692758719042,0.5,0,-0,10
PercDevAbs_TR_6,9.75,14.862699729867249,0.5,0,-0,10
PercDevAbs_TR_6,10,14.263137251026636,0.5,0,-0,10
PercDevAbs_TR_6,10.25,13.477257752161659,0.5,0,-0,10
PercDevAbs_TR_6,10.5,12.543364924722392,0.5,0,-0,10
PercDevAbs_TR_6,10.75,11.528569775613796,0.5,0,-0,10
PercDevAbs_TR_6,11,10.494480500278854,0.5,0,-0,10
PercDevAbs_TR_6,11.25,9.485542665674375,0.5,0,-0,10
PercDevAbs_TR_6,11.5,8.531584789434842,0.5,0,-0,10
PercDevAbs_TR_6,11.75,7.648199646352903,0.5,0,-0,10
PercDevAbs_TR_6,12,6.84259094358287,0.5,0,-0,10
PercDevAbs_TR_6,6,60.042042512446464,0.63056,0.33333688458431254,-0.33333688458431254,9
PercDevAbs_TR_6,6.25,53.70272071314026,0.63056,0.33333688458431254,-0.33333688458431254,9
PercDevAbs_TR_6,6.5,48.0559061992915,0.63056,0.33333688458431254,-0.33333688458431254,9
PercDevAbs_TR_6,6.75,43.07606456257925,0.63056,0.33333688458431254,-0.33333688458431254,9
PercDevAbs_TR_6,7,38.74385735442128,0.63056,0.33333688458431254,-0.33333688458431254,9
PercDevAbs_TR_6,7.25,35.03789578319212,0.63056,0.33333688458431254,-0.33333688458431254,9
PercDevAbs_TR_6,7.5,31.926839837827146,0.63056,0.33333688458431254,-0.33333688458431254,9
PercDevAbs_TR_6,7.75,29.33992696855088,0.63056,0.33333688458431254,-0.33333688458431254,9
PercDevAbs_TR_6,8,27.245002283235525,0.63056,0.33333688458431254,-0.33333688458431254,9
PercDevAbs_TR_6,8.25,25.62811667793886,0.63056,0.33333688458431254,-0.33333688458431254,9
PercDevAbs_TR_6,8.5,24.41432925447271,0.63056,0.33333688458431254,-0.33333688458431254,9
PercDevAbs_TR_6,8.75,23.49024169541329,0.63056,0.33333688458431254,-0.33333688458431254,9
PercDevAbs_TR_6,9,22.77864687738809,0.63056,0.33333688458431254,-0.33333688458431254,9
PercDevAbs_TR_6,9.25,22.22855277292611,0.63056,0.33333688458431254,-0.33333688458431254,9
PercDevAbs_TR_6,9.5,21.739933934429583,0.63056,0.33333688458431254,-0.33333688458431254,9
PercDevAbs_TR_6,9.75,21.15032930078557,0.63056,0.33333688458431254,-0.33333688458431254,9
PercDevAbs_TR_6,10,20.33003201641068,0.63056,0.33333688458431254,-0.33333688458431254,9
PercDevAbs_TR_6,10.25,19.24114711396504,0.63056,0.33333688458431254,-0.33333688458431254,9
PercDevAbs_TR_6,10.5,17.93712064279838,0.63056,0.33333688458431254,-0.33333688458431254,9
PercDevAbs_TR_6,10.75,16.513006365393082,0.63056,0.33333688458431254,-0.33333688458431254,9
PercDevAbs_TR_6,11,15.056585558603858,0.63056,0.33333688458431254,-0.33333688458431254,9
PercDevAbs_TR_6,11.25,13.631554075345337,0.63056,0.33333688458431254,-0.33333688458431254,9
PercDevAbs_TR_6,11.5,12.280989491912855,0.63056,0.33333688458431254,-0.33333688458431254,9
PercDevAbs_TR_6,11.75,11.027730941634156,0.63056,0.33333688458431254,-0.33333688458431254,9
PercDevAbs_TR_6,12,9.882655809567673,0.63056,0.33333688458431254,-0.33333688458431254,9
PercDevAbs_TR_6,6,81.84495745069592,0.74751,0.6666746102242979,-0.6666746102242979,8
PercDevAbs_TR_6,6.25,73.30110112766405,0.74751,0.6666746102242979,-0.6666746102242979,8
PercDevAbs_TR_6,6.5,65.681149620161,0.74751,0.6666746102242979,-0.6666746102242979,8
PercDevAbs_TR_6,6.75,58.95379224136632,0.74751,0.6666746102242979,-0.6666746102242979,8
PercDevAbs_TR_6,7,53.09606004148871,0.74751,0.6666746102242979,-0.6666746102242979,8
PercDevAbs_TR_6,7.25,48.082064151152984,0.74751,0.6666746102242979,-0.6666746102242979,8
PercDevAbs_TR_6,7.5,43.872116822033874,0.74751,0.6666746102242979,-0.6666746102242979,8
PercDevAbs_TR_6,7.75,40.372082769184,0.74751,0.6666746102242979,-0.6666746102242979,8
PercDevAbs_TR_6,8,37.540525747798846,0.74751,0.6666746102242979,-0.6666746102242979,8
PercDevAbs_TR_6,8.25,35.360916130795495,0.74751,0.6666746102242979,-0.6666746102242979,8
PercDevAbs_TR_6,8.5,33.73237445471955,0.74751,0.6666746102242979,-0.6666746102242979,8
PercDevAbs_TR_6,8.75,32.50026702650881,0.74751,0.6666746102242979,-0.6666746102242979,8
PercDevAbs_TR_6,9,31.559256851612837,0.74751,0.6666746102242979,-0.6666746102242979,8
PercDevAbs_TR_6,9.25,30.83980021307066,0.74751,0.6666746102242979,-0.6666746102242979,8
PercDevAbs_TR_6,9.5,30.203846794388266,0.74751,0.6666746102242979,-0.6666746102242979,8
PercDevAbs_TR_6,9.75,29.425712143667205,0.74751,0.6666746102242979,-0.6666746102242979,8
PercDevAbs_TR_6,10,28.32408132784273,0.74751,0.6666746102242979,-0.6666746102242979,8
PercDevAbs_TR_6,10.25,26.844711023256348,0.74751,0.6666746102242979,-0.6666746102242979,8
PercDevAbs_TR_6,10.5,25.060663001830566,0.74751,0.6666746102242979,-0.6666746102242979,8
PercDevAbs_TR_6,10.75,23.103621345455235,0.74751,0.6666746102242979,-0.6666746102242979,8
PercDevAbs_TR_6,11,21.09582472241042,0.74751,0.6666746102242979,-0.6666746102242979,8
PercDevAbs_TR_6,11.25,19.126412191228553,0.74751,0.6666746102242979,-0.6666746102242979,8
PercDevAbs_TR_6,11.5,17.256061059866386,0.74751,0.6666746102242979,-0.6666746102242979,8
PercDevAbs_TR_6,11.75,15.517319070818925,0.74751,0.6666746102242979,-0.6666746102242979,8
PercDevAbs_TR_6,12,13.926066907518628,0.74751,0.6666746102242979,-0.6666746102242979,8
PercDevAbs_TR_6,6,110.17301358455116,0.84134,0.9999803859660789,-0.9999803859660789,7
PercDevAbs_TR_6,6.25,98.78918126591117,0.84134,0.9999803859660789,-0.9999803859660789,7
PercDevAbs_TR_6,6.5,88.62509917704475,0.84134,0.9999803859660789,-0.9999803859660789,7
PercDevAbs_TR_6,6.75,79.64276284754676,0.84134,0.9999803859660789,-0.9999803859660789,7
PercDevAbs_TR_6,7,71.81528713836971,0.84134,0.9999803859660789,-0.9999803859660789,7
PercDevAbs_TR_6,7.25,65.11172105991504,0.84134,0.9999803859660789,-0.9999803859660789,7
PercDevAbs_TR_6,7.5,59.48227100956339,0.84134,0.9999803859660789,-0.9999803859660789,7
PercDevAbs_TR_6,7.75,54.80300628263974,0.84134,0.9999803859660789,-0.9999803859660789,7
PercDevAbs_TR_6,8,51.02103345338387,0.84134,0.9999803859660789,-0.9999803859660789,7
PercDevAbs_TR_6,8.25,48.11710678598703,0.84134,0.9999803859660789,-0.9999803859660789,7
PercDevAbs_TR_6,8.5,45.956978985188876,0.84134,0.9999803859660789,-0.9999803859660789,7
PercDevAbs_TR_6,8.75,44.3324314472713,0.84134,0.9999803859660789,-0.9999803859660789,7
PercDevAbs_TR_6,9,43.101560150447746,0.84134,0.9999803859660789,-0.9999803859660789,7
PercDevAbs_TR_6,9.25,42.17071419919225,0.84134,0.9999803859660789,-0.9999803859660789,7
PercDevAbs_TR_6,9.5,41.351992227567216,0.84134,0.9999803859660789,-0.9999803859660789,7
PercDevAbs_TR_6,9.75,40.33643660661666,0.84134,0.9999803859660789,-0.9999803859660789,7
PercDevAbs_TR_6,10,38.874454790903364,0.84134,0.9999803859660789,-0.9999803859660789,7
PercDevAbs_TR_6,10.25,36.88983201493657,0.84134,0.9999803859660789,-0.9999803859660789,7
PercDevAbs_TR_6,10.5,34.48112860885447,0.84134,0.9999803859660789,-0.9999803859660789,7
PercDevAbs_TR_6,10.75,31.828152416121398,0.84134,0.9999803859660789,-0.9999803859660789,7
PercDevAbs_TR_6,11,29.09858082538097,0.84134,0.9999803859660789,-0.9999803859660789,7
PercDevAbs_TR_6,11.25,26.41521911626723,0.84134,0.9999803859660789,-0.9999803859660789,7
PercDevAbs_TR_6,11.5,23.862133468030542,0.84134,0.9999803859660789,-0.9999803859660789,7
PercDevAbs_TR_6,11.75,21.484867656125402,0.84134,0.9999803859660789,-0.9999803859660789,7
PercDevAbs_TR_6,12,19.30609156096449,0.84134,0.9999803859660789,-0.9999803859660789,7
PercDevAbs_TR_6,6,147.3066797113018,0.90879,1.3333407702662026,-1.3333407702662026,6
PercDevAbs_TR_6,6.25,132.22883490961544,0.90879,1.3333407702662026,-1.3333407702662026,6
PercDevAbs_TR_6,6.5,118.75290151055862,0.90879,1.3333407702662026,-1.3333407702662026,6
PercDevAbs_TR_6,6.75,106.83305006142525,0.90879,1.3333407702662026,-1.3333407702662026,6
PercDevAbs_TR_6,7,96.43820148064025,0.90879,1.3333407702662026,-1.3333407702662026,6
PercDevAbs_TR_6,7.25,87.5316919292395,0.90879,1.3333407702662026,-1.3333407702662026,6
PercDevAbs_TR_6,7.5,80.051352875056,0.90879,1.3333407702662026,-1.3333407702662026,6
PercDevAbs_TR_6,7.75,73.83487170999031,0.90879,1.3333407702662026,-1.3333407702662026,6
PercDevAbs_TR_6,8,68.81504852563958,0.90879,1.3333407702662026,-1.3333407702662026,6
PercDevAbs_TR_6,8.25,64.96983246423063,0.90879,1.3333407702662026,-1.3333407702662026,6
PercDevAbs_TR_6,8.5,62.12163310287993,0.90879,1.3333407702662026,-1.3333407702662026,6
PercDevAbs_TR_6,8.75,59.991981206548594,0.90879,1.3333407702662026,-1.3333407702662026,6
PercDevAbs_TR_6,9,58.391018217435956,0.90879,1.3333407702662026,-1.3333407702662026,6
PercDevAbs_TR_6,9.25,57.19348958937669,0.90879,1.3333407702662026,-1.3333407702662026,6
PercDevAbs_TR_6,9.5,56.14561643357912,0.90879,1.3333407702662026,-1.3333407702662026,6
PercDevAbs_TR_6,9.75,54.82793748368421,0.90879,1.3333407702662026,-1.3333407702662026,6
PercDevAbs_TR_6,10,52.899895391656074,0.90879,1.3333407702662026,-1.3333407702662026,6
PercDevAbs_TR_6,10.25,50.255596737883145,0.90879,1.3333407702662026,-1.3333407702662026,6
PercDevAbs_TR_6,10.5,47.027033956888154,0.90879,1.3333407702662026,-1.3333407702662026,6
PercDevAbs_TR_6,10.75,43.45772501316368,0.90879,1.3333407702662026,-1.3333407702662026,6
PercDevAbs_TR_6,11,39.77570470328222,0.90879,1.3333407702662026,-1.3333407702662026,6
PercDevAbs_TR_6,11.25,36.14863337529373,0.90879,1.3333407702662026,-1.3333407702662026,6
PercDevAbs_TR_6,11.5,32.691858558441886,0.90879,1.3333407702662026,-1.3333407702662026,6
PercDevAbs_TR_6,11.75,29.468415713685744,0.90879,1.3333407702662026,-1.3333407702662026,6
PercDevAbs_TR_6,12,26.510219469264904,0.90879,1.3333407702662026,-1.3333407702662026,6
PercDevAbs_TR_6,6,196.57930258508165,0.95221,1.6666702079210545,-1.6666702079210545,5
PercDevAbs_TR_6,6.25,176.63493882124672,0.95221,1.6666702079210545,-1.6666702079210545,5
PercDevAbs_TR_6,6.5,158.79272656428577,0.95221,1.6666702079210545,-1.6666702079210545,5
PercDevAbs_TR_6,6.75,142.9976010572352,0.95221,1.6666702079210545,-1.6666702079210545,5
PercDevAbs_TR_6,7,129.21405633623664,0.95221,1.6666702079210545,-1.6666702079210545,5
PercDevAbs_TR_6,7.25,117.39896830044083,0.95221,1.6666702079210545,-1.6666702079210545,5
PercDevAbs_TR_6,7.5,107.47480898156246,0.95221,1.6666702079210545,-1.6666702079210545,5
PercDevAbs_TR_6,7.75,99.22915903975506,0.95221,1.6666702079210545,-1.6666702079210545,5
PercDevAbs_TR_6,8,92.5767044714624,0.95221,1.6666702079210545,-1.6666702079210545,5
PercDevAbs_TR_6,8.25,87.49259635258869,0.95221,1.6666702079210545,-1.6666702079210545,5
PercDevAbs_TR_6,8.5,83.74221922847063,0.95221,1.6666702079210545,-1.6666702079210545,5
PercDevAbs_TR_6,8.75,80.95387842314373,0.95221,1.6666702079210545,-1.6666702079210545,5
PercDevAbs_TR_6,9,78.87406023383974,0.95221,1.6666702079210545,-1.6666702079210545,5
PercDevAbs_TR_6,9.25,77.33557295200357,0.95221,1.6666702079210545,-1.6666702079210545,5
PercDevAbs_TR_6,9.5,75.99657429499158,0.95221,1.6666702079210545,-1.6666702079210545,5
PercDevAbs_TR_6,9.75,74.28932199393077,0.95221,1.6666702079210545,-1.6666702079210545,5
PercDevAbs_TR_6,10,71.75075472429023,0.95221,1.6666702079210545,-1.6666702079210545,5
PercDevAbs_TR_6,10.25,68.23451252897303,0.95221,1.6666702079210545,-1.6666702079210545,5
PercDevAbs_TR_6,10.5,63.91695011762832,0.95221,1.6666702079210545,-1.6666702079210545,5
PercDevAbs_TR_6,10.75,59.12688738478048,0.95221,1.6666702079210545,-1.6666702079210545,5
PercDevAbs_TR_6,11,54.173419967692304,0.95221,1.6666702079210545,-1.6666702079210545,5
PercDevAbs_TR_6,11.25,49.28461442225321,0.95221,1.6666702079210545,-1.6666702079210545,5
PercDevAbs_TR_6,11.5,44.618090076925945,0.95221,1.6666702079210545,-1.6666702079210545,5
PercDevAbs_TR_6,11.75,40.260653148515424,0.95221,1.6666702079210545,-1.6666702079210545,5
PercDevAbs_TR_6,12,36.256910642498646,0.95221,1.6666702079210545,-1.6666702079210545,5
PercDevAbs_TR_6,6,262.9996638470963,0.97725,2.0000024438996027,-2.0000024438996027,4
PercDevAbs_TR_6,6.25,236.5393013976807,0.97725,2.0000024438996027,-2.0000024438996027,4
PercDevAbs_TR_6,6.5,212.84683931662065,0.97725,2.0000024438996027,-2.0000024438996027,4
PercDevAbs_TR_6,6.75,191.85619688747454,0.97725,2.0000024438996027,-2.0000024438996027,4
PercDevAbs_TR_6,7,173.52732487724575,0.97725,2.0000024438996027,-2.0000024438996027,4
PercDevAbs_TR_6,7.25,157.80979519971532,0.97725,2.0000024438996027,-2.0000024438996027,4
PercDevAbs_TR_6,7.5,144.6067077581262,0.97725,2.0000024438996027,-2.0000024438996027,4
PercDevAbs_TR_6,7.75,133.6391324044661,0.97725,2.0000024438996027,-2.0000024438996027,4
PercDevAbs_TR_6,8,124.7984325265914,0.97725,2.0000024438996027,-2.0000024438996027,4
PercDevAbs_TR_6,8.25,118.05715459408296,0.97725,2.0000024438996027,-2.0000024438996027,4
PercDevAbs_TR_6,8.5,113.1044290275768,0.97725,2.0000024438996027,-2.0000024438996027,4
PercDevAbs_TR_6,8.75,109.442880533155,0.97725,2.0000024438996027,-2.0000024438996027,4
PercDevAbs_TR_6,9,106.73315785076318,0.97725,2.0000024438996027,-2.0000024438996027,4
PercDevAbs_TR_6,9.25,104.7515357744493,0.97725,2.0000024438996027,-2.0000024438996027,4
PercDevAbs_TR_6,9.5,103.03663755785999,0.97725,2.0000024438996027,-2.0000024438996027,4
PercDevAbs_TR_6,9.75,100.81873749172935,0.97725,2.0000024438996027,-2.0000024438996027,4
PercDevAbs_TR_6,10,97.46734500347407,0.97725,2.0000024438996027,-2.0000024438996027,4
PercDevAbs_TR_6,10.25,92.78016435234751,0.97725,2.0000024438996027,-2.0000024438996027,4
PercDevAbs_TR_6,10.5,86.99334372438733,0.97725,2.0000024438996027,-2.0000024438996027,4
PercDevAbs_TR_6,10.75,80.55165490677125,0.97725,2.0000024438996027,-2.0000024438996027,4
PercDevAbs_TR_6,11,73.87469454710894,0.97725,2.0000024438996027,-2.0000024438996027,4
PercDevAbs_TR_6,11.25,67.27308238431479,0.97725,2.0000024438996027,-2.0000024438996027,4
PercDevAbs_TR_6,11.5,60.96239064199745,0.97725,2.0000024438996027,-2.0000024438996027,4
PercDevAbs_TR_6,11.75,55.062181441203116,0.97725,2.0000024438996027,-2.0000024438996027,4
PercDevAbs_TR_6,12,49.63471261380143,0.97725,2.0000024438996027,-2.0000024438996027,4
PercDevAbs_TR_6,6,354.16040013523144,0.99018,2.3331552225672416,-2.3331552225672416,3
PercDevAbs_TR_6,6.25,318.8143459074974,0.99018,2.3331552225672416,-2.3331552225672416,3
PercDevAbs_TR_6,6.5,287.1388129772022,0.99018,2.3331552225672416,-2.3331552225672416,3
PercDevAbs_TR_6,6.75,259.0544502886933,0.99018,2.3331552225672416,-2.3331552225672416,3
PercDevAbs_TR_6,7,234.51681361067807,0.99018,2.3331552225672416,-2.3331552225672416,3
PercDevAbs_TR_6,7.25,213.46726878455718,0.99018,2.3331552225672416,-2.3331552225672416,3
PercDevAbs_TR_6,7.5,195.78405620619108,0.99018,2.3331552225672416,-2.3331552225672416,3
PercDevAbs_TR_6,7.75,181.09830318168906,0.99018,2.3331552225672416,-2.3331552225672416,3
PercDevAbs_TR_6,8,169.2707885248202,0.99018,2.3331552225672416,-2.3331552225672416,3
PercDevAbs_TR_6,8.25,160.27200564430092,0.99018,2.3331552225672416,-2.3331552225672416,3
PercDevAbs_TR_6,8.5,153.68723334990182,0.99018,2.3331552225672416,-2.3331552225672416,3
PercDevAbs_TR_6,8.75,148.8465893654255,0.99018,2.3331552225672416,-2.3331552225672416,3
PercDevAbs_TR_6,9,145.29287549447568,0.99018,2.3331552225672416,-2.3331552225672416,3
PercDevAbs_TR_6,9.25,142.7247752201886,0.99018,2.3331552225672416,-2.3331552225672416,3
PercDevAbs_TR_6,9.5,140.5157773733271,0.99018,2.3331552225672416,-2.3331552225672416,3
PercDevAbs_TR_6,9.75,137.61619154658885,0.99018,2.3331552225672416,-2.3331552225672416,3
PercDevAbs_TR_6,10,133.1627282937391,0.99018,2.3331552225672416,-2.3331552225672416,3
PercDevAbs_TR_6,10.25,126.8744962440013,0.99018,2.3331552225672416,-2.3331552225672416,3
PercDevAbs_TR_6,10.5,119.06968774762295,0.99018,2.3331552225672416,-2.3331552225672416,3
PercDevAbs_TR_6,10.75,110.35346872208325,0.99018,2.3331552225672416,-2.3331552225672416,3
PercDevAbs_TR_6,11,101.29870051715145,0.99018,2.3331552225672416,-2.3331552225672416,3
PercDevAbs_TR_6,11.25,92.33077503287943,0.99018,2.3331552225672416,-2.3331552225672416,3
PercDevAbs_TR_6,11.5,83.74607284079386,0.99018,2.3331552225672416,-2.3331552225672416,3
PercDevAbs_TR_6,11.75,75.71004645220981,0.99018,2.3331552225672416,-2.3331552225672416,3
PercDevAbs_TR_6,12,68.3098893785298,0.99018,2.3331552225672416,-2.3331552225672416,3
PercDevAbs_TR_6,6,482.2096759573488,0.99617,2.6667000630340683,-2.6667000630340683,2
PercDevAbs_TR_6,6.25,434.45961071119956,0.99617,2.6667000630340683,-2.6667000630340683,2
PercDevAbs_TR_6,6.5,391.63304137358864,0.99617,2.6667000630340683,-2.6667000630340683,2
PercDevAbs_TR_6,6.75,353.6344484262588,0.99617,2.6667000630340683,-2.6667000630340683,2
PercDevAbs_TR_6,7,320.41567934342095,0.99617,2.6667000630340683,-2.6667000630340683,2
PercDevAbs_TR_6,7.25,291.90901328409706,0.99617,2.6667000630340683,-2.6667000630340683,2
PercDevAbs_TR_6,7.5,267.9600945302348,0.99617,2.6667000630340683,-2.6667000630340683,2
PercDevAbs_TR_6,7.75,248.07551803244536,0.99617,2.6667000630340683,-2.6667000630340683,2
PercDevAbs_TR_6,8,232.07502313898922,0.99617,2.6667000630340683,-2.6667000630340683,2
PercDevAbs_TR_6,8.25,219.92827468188042,0.99617,2.6667000630340683,-2.6667000630340683,2
PercDevAbs_TR_6,8.5,211.07576667751812,0.99617,2.6667000630340683,-2.6667000630340683,2
PercDevAbs_TR_6,8.75,204.60528957742937,0.99617,2.6667000630340683,-2.6667000630340683,2
PercDevAbs_TR_6,9,199.89406407182994,0.99617,2.6667000630340683,-2.6667000630340683,2
PercDevAbs_TR_6,9.25,196.53178688533714,0.99617,2.6667000630340683,-2.6667000630340683,2
PercDevAbs_TR_6,9.5,193.65853494437835,0.99617,2.6667000630340683,-2.6667000630340683,2
PercDevAbs_TR_6,9.75,189.8276414450721,0.99617,2.6667000630340683,-2.6667000630340683,2
PercDevAbs_TR_6,10,183.84473357825746,0.99617,2.6667000630340683,-2.6667000630340683,2
PercDevAbs_TR_6,10.25,175.3160330635998,0.99617,2.6667000630340683,-2.6667000630340683,2
PercDevAbs_TR_6,10.5,164.67493256104106,0.99617,2.6667000630340683,-2.6667000630340683,2
PercDevAbs_TR_6,10.75,152.75358275870204,0.99617,2.6667000630340683,-2.6667000630340683,2
PercDevAbs_TR_6,11,140.3422967154857,0.99617,2.6667000630340683,-2.6667000630340683,2
PercDevAbs_TR_6,11.25,128.0296703807239,0.99617,2.6667000630340683,-2.6667000630340683,2
PercDevAbs_TR_6,11.5,116.22731220006482,0.99617,2.6667000630340683,-2.6667000630340683,2
PercDevAbs_TR_6,11.75,105.16640152320302,0.99617,2.6667000630340683,-2.6667000630340683,2
PercDevAbs_TR_6,12,94.97012299706599,0.99617,2.6667000630340683,-2.6667000630340683,2
PercDevAbs_TR_6,6,666.0762723179276,0.99865,2.999976992703401,-2.999976992703401,1
PercDevAbs_TR_6,6.25,600.6226268812578,0.99865,2.999976992703401,-2.999976992703401,1
PercDevAbs_TR_6,6.5,541.8710239464295,0.99865,2.999976992703401,-2.999976992703401,1
PercDevAbs_TR_6,6.75,489.7061368263029,0.99865,2.999976992703401,-2.999976992703401,1
PercDevAbs_TR_6,7,444.0778943540325,0.99865,2.999976992703401,-2.999976992703401,1
PercDevAbs_TR_6,7.25,404.9089053108312,0.99865,2.999976992703401,-2.999976992703401,1
PercDevAbs_TR_6,7.5,372.0012292891251,0.99865,2.999976992703401,-2.999976992703401,1
PercDevAbs_TR_6,7.75,344.68515031694466,0.99865,2.999976992703401,-2.999976992703401,1
PercDevAbs_TR_6,8,322.7241501440139,0.99865,2.999976992703401,-2.999976992703401,1
PercDevAbs_TR_6,8.25,306.08956665988984,0.99865,2.999976992703401,-2.999976992703401,1
PercDevAbs_TR_6,8.5,294.01551931282467,0.99865,2.999976992703401,-2.999976992703401,1
PercDevAbs_TR_6,8.75,285.2418223495881,0.99865,2.999976992703401,-2.999976992703401,1
PercDevAbs_TR_6,9,278.90787535315803,0.99865,2.999976992703401,-2.999976992703401,1
PercDevAbs_TR_6,9.25,274.44688658488303,0.99865,2.999976992703401,-2.999976992703401,1
PercDevAbs_TR_6,9.5,270.6617452991943,0.99865,2.999976992703401,-2.999976992703401,1
PercDevAbs_TR_6,9.75,265.530559948251,0.99865,2.999976992703401,-2.999976992703401,1
PercDevAbs_TR_6,10,257.37783808980396,0.99865,2.999976992703401,-2.999976992703401,1
PercDevAbs_TR_6,10.25,245.64421168040963,0.99865,2.999976992703401,-2.999976992703401,1
PercDevAbs_TR_6,10.5,230.9284101513773,0.99865,2.999976992703401,-2.999976992703401,1
PercDevAbs_TR_6,10.75,214.39085548392669,0.99865,2.999976992703401,-2.999976992703401,1
PercDevAbs_TR_6,11,197.13712213573558,0.99865,2.999976992703401,-2.999976992703401,1
PercDevAbs_TR_6,11.25,179.99292758374014,0.99865,2.999976992703401,-2.999976992703401,1
PercDevAbs_TR_6,11.5,163.53774066974475,0.99865,2.999976992703401,-2.999976992703401,1
PercDevAbs_TR_6,11.75,148.09889056338014,0.99865,2.999976992703401,-2.999976992703401,1
PercDevAbs_TR_6,12,133.8525939561895,0.99865,2.999976992703401,-2.999976992703401,1
PercDevAbs_TR_7,6,0.04356463016065894,0.00135,-2.999976992703393,2.999976992703393,19
PercDevAbs_TR_7,6.25,0.040483894349878424,0.00135,-2.999976992703393,2.999976992703393,19
PercDevAbs_TR_7,6.5,0.03763171628736277,0.00135,-2.999976992703393,2.999976992703393,19
PercDevAbs_TR_7,6.75,0.03500351161804913,0.00135,-2.999976992703393,2.999976992703393,19
PercDevAbs_TR_7,7,0.032597767600070444,0.00135,-2.999976992703393,2.999976992703393,19
PercDevAbs_TR_7,7.25,0.030413321444190466,0.00135,-2.999976992703393,2.999976992703393,19
PercDevAbs_TR_7,7.5,0.028444716123924983,0.00135,-2.999976992703393,2.999976992703393,19
PercDevAbs_TR_7,7.75,0.026677926047968148,0.00135,-2.999976992703393,2.999976992703393,19
PercDevAbs_TR_7,8,0.025100422025068264,0.00135,-2.999976992703393,2.999976992703393,19
PercDevAbs_TR_7,8.25,0.023704544548151844,0.00135,-2.999976992703393,2.999976992703393,19
PercDevAbs_TR_7,8.5,0.02248338922047063,0.00135,-2.999976992703393,2.999976992703393,19
PercDevAbs_TR_7,8.75,0.021421973494079292,0.00135,-2.999976992703393,2.999976992703393,19
PercDevAbs_TR_7,9,0.02050329111733768,0.00135,-2.999976992703393,2.999976992703393,19
PercDevAbs_TR_7,9.25,0.019709199228289013,0.00135,-2.999976992703393,2.999976992703393,19
PercDevAbs_TR_7,9.5,0.019016418484540235,0.00135,-2.999976992703393,2.999976992703393,19
PercDevAbs_TR_7,9.75,0.018398671923118077,0.00135,-2.999976992703393,2.999976992703393,19
PercDevAbs_TR_7,10,0.01783655327867786,0.00135,-2.999976992703393,2.999976992703393,19
PercDevAbs_TR_7,10.25,0.01731707753368316,0.00135,-2.999976992703393,2.999976992703393,19
PercDevAbs_TR_7,10.5,0.01682616410905521,0.00135,-2.999976992703393,2.999976992703393,19
PercDevAbs_TR_7,10.75,0.01635247202976688,0.00135,-2.999976992703393,2.999976992703393,19
PercDevAbs_TR_7,11,0.01589003106624061,0.00135,-2.999976992703393,2.999976992703393,19
PercDevAbs_TR_7,11.25,0.015437892762314841,0.00135,-2.999976992703393,2.999976992703393,19
PercDevAbs_TR_7,11.5,0.014997438443997504,0.00135,-2.999976992703393,2.999976992703393,19
PercDevAbs_TR_7,11.75,0.014569033626052887,0.00135,-2.999976992703393,2.999976992703393,19
PercDevAbs_TR_7,12,0.0141524449209868,0.00135,-2.999976992703393,2.999976992703393,19
PercDevAbs_TR_7,6,0.17180298035847774,0.00383,-2.6667000630340683,2.6667000630340683,18
PercDevAbs_TR_7,6.25,0.15980067758338512,0.00383,-2.6667000630340683,2.6667000630340683,18
PercDevAbs_TR_7,6.5,0.14867907004530564,0.00383,-2.6667000630340683,2.6667000630340683,18
PercDevAbs_TR_7,6.75,0.13842245349735993,0.00383,-2.6667000630340683,2.6667000630340683,18
PercDevAbs_TR_7,7,0.1290272768871295,0.00383,-2.6667000630340683,2.6667000630340683,18
PercDevAbs_TR_7,7.25,0.12049141250439996,0.00383,-2.6667000630340683,2.6667000630340683,18
PercDevAbs_TR_7,7.5,0.11279576907134042,0.00383,-2.6667000630340683,2.6667000630340683,18
PercDevAbs_TR_7,7.75,0.10588721119187287,0.00383,-2.6667000630340683,2.6667000630340683,18
PercDevAbs_TR_7,8,0.09971827396804536,0.00383,-2.6667000630340683,2.6667000630340683,18
PercDevAbs_TR_7,8.25,0.09426057321034642,0.00383,-2.6667000630340683,2.6667000630340683,18
PercDevAbs_TR_7,8.5,0.0894885476002924,0.00383,-2.6667000630340683,2.6667000630340683,18
PercDevAbs_TR_7,8.75,0.08534428985537325,0.00383,-2.6667000630340683,2.6667000630340683,18
PercDevAbs_TR_7,9,0.08176155028884526,0.00383,-2.6667000630340683,2.6667000630340683,18
PercDevAbs_TR_7,9.25,0.07866927588149607,0.00383,-2.6667000630340683,2.6667000630340683,18
PercDevAbs_TR_7,9.5,0.07597567035964681,0.00383,-2.6667000630340683,2.6667000630340683,18
PercDevAbs_TR_7,9.75,0.07357671031087508,0.00383,-2.6667000630340683,2.6667000630340683,18
PercDevAbs_TR_7,10,0.07139554916044168,0.00383,-2.6667000630340683,2.6667000630340683,18
PercDevAbs_TR_7,10.25,0.06938082566693984,0.00383,-2.6667000630340683,2.6667000630340683,18
PercDevAbs_TR_7,10.5,0.06747663893622619,0.00383,-2.6667000630340683,2.6667000630340683,18
PercDevAbs_TR_7,10.75,0.06563787276063775,0.00383,-2.6667000630340683,2.6667000630340683,18
PercDevAbs_TR_7,11,0.06384078918244405,0.00383,-2.6667000630340683,2.6667000630340683,18
PercDevAbs_TR_7,11.25,0.06208172186226274,0.00383,-2.6667000630340683,2.6667000630340683,18
PercDevAbs_TR_7,11.5,0.06036634999071857,0.00383,-2.6667000630340683,2.6667000630340683,18
PercDevAbs_TR_7,11.75,0.058696289027075806,0.00383,-2.6667000630340683,2.6667000630340683,18
PercDevAbs_TR_7,12,0.0570707483720197,0.00383,-2.6667000630340683,2.6667000630340683,18
PercDevAbs_TR_7,6,0.5005111251402559,0.00982,-2.3331552225672434,2.3331552225672434,17
PercDevAbs_TR_7,6.25,0.46581707191100946,0.00982,-2.3331552225672434,2.3331552225672434,17
PercDevAbs_TR_7,6.5,0.43365085523548313,0.00982,-2.3331552225672434,2.3331552225672434,17
PercDevAbs_TR_7,6.75,0.403971046862057,0.00982,-2.3331552225672434,2.3331552225672434,17
PercDevAbs_TR_7,7,0.37677171032568524,0.00982,-2.3331552225672434,2.3331552225672434,17
PercDevAbs_TR_7,7.25,0.3520511487257702,0.00982,-2.3331552225672434,2.3331552225672434,17
PercDevAbs_TR_7,7.5,0.32975820564425684,0.00982,-2.3331552225672434,2.3331552225672434,17
PercDevAbs_TR_7,7.75,0.3097420879934122,0.00982,-2.3331552225672434,2.3331552225672434,17
PercDevAbs_TR_7,8,0.2918681045951889,0.00982,-2.3331552225672434,2.3331552225672434,17
PercDevAbs_TR_7,8.25,0.2760569312281799,0.00982,-2.3331552225672434,2.3331552225672434,17
PercDevAbs_TR_7,8.5,0.2622371872515253,0.00982,-2.3331552225672434,2.3331552225672434,17
PercDevAbs_TR_7,8.75,0.2502423554832067,0.00982,-2.3331552225672434,2.3331552225672434,17
PercDevAbs_TR_7,9,0.23988094491812453,0.00982,-2.3331552225672434,2.3331552225672434,17
PercDevAbs_TR_7,9.25,0.2309468749136921,0.00982,-2.3331552225672434,2.3331552225672434,17
PercDevAbs_TR_7,9.5,0.22317272671173644,0.00982,-2.3331552225672434,2.3331552225672434,17
PercDevAbs_TR_7,9.75,0.21625470343462733,0.00982,-2.3331552225672434,2.3331552225672434,17
PercDevAbs_TR_7,10,0.20996833311700697,0.00982,-2.3331552225672434,2.3331552225672434,17
PercDevAbs_TR_7,10.25,0.2041636929663528,0.00982,-2.3331552225672434,2.3331552225672434,17
PercDevAbs_TR_7,10.5,0.19867722492823553,0.00982,-2.3331552225672434,2.3331552225672434,17
PercDevAbs_TR_7,10.75,0.19337675210120958,0.00982,-2.3331552225672434,2.3331552225672434,17
PercDevAbs_TR_7,11,0.1881927475084925,0.00982,-2.3331552225672434,2.3331552225672434,17
PercDevAbs_TR_7,11.25,0.18311465911469565,0.00982,-2.3331552225672434,2.3331552225672434,17
PercDevAbs_TR_7,11.5,0.17815945730575905,0.00982,-2.3331552225672434,2.3331552225672434,17
PercDevAbs_TR_7,11.75,0.17333216660469752,0.00982,-2.3331552225672434,2.3331552225672434,17
PercDevAbs_TR_7,12,0.1686307199386255,0.00982,-2.3331552225672434,2.3331552225672434,17
PercDevAbs_TR_7,6,1.195975732143461,0.02275,-2.000002443899604,2.000002443899604,16
PercDevAbs_TR_7,6.25,1.1135145948741032,0.02275,-2.000002443899604,2.000002443899604,16
PercDevAbs_TR_7,6.5,1.0370327506986872,0.02275,-2.000002443899604,2.000002443899604,16
PercDevAbs_TR_7,6.75,0.9664381340880661,0.02275,-2.000002443899604,2.000002443899604,16
PercDevAbs_TR_7,7,0.9017236389541675,0.02275,-2.000002443899604,2.000002443899604,16
PercDevAbs_TR_7,7.25,0.8428924530370191,0.02275,-2.000002443899604,2.000002443899604,16
PercDevAbs_TR_7,7.5,0.7898295288731467,0.02275,-2.000002443899604,2.000002443899604,16
PercDevAbs_TR_7,7.75,0.7421810086753848,0.02275,-2.000002443899604,2.000002443899604,16
PercDevAbs_TR_7,8,0.6996308428638007,0.02275,-2.000002443899604,2.000002443899604,16
PercDevAbs_TR_7,8.25,0.6619949325571095,0.02275,-2.000002443899604,2.000002443899604,16
PercDevAbs_TR_7,8.5,0.6291077129842312,0.02275,-2.000002443899604,2.000002443899604,16
PercDevAbs_TR_7,8.75,0.600574827660163,0.02275,-2.000002443899604,2.000002443899604,16
PercDevAbs_TR_7,9,0.5759411592937025,0.02275,-2.000002443899604,2.000002443899604,16
PercDevAbs_TR_7,9.25,0.5547157610094685,0.02275,-2.000002443899604,2.000002443899604,16
PercDevAbs_TR_7,9.5,0.5362596430257985,0.02275,-2.000002443899604,2.000002443899604,16
PercDevAbs_TR_7,9.75,0.519845657639625,0.02275,-2.000002443899604,2.000002443899604,16
PercDevAbs_TR_7,10,0.5049364497862936,0.02275,-2.000002443899604,2.000002443899604,16
PercDevAbs_TR_7,10.25,0.49117329393263454,0.02275,-2.000002443899604,2.000002443899604,16
PercDevAbs_TR_7,10.5,0.4781642147348629,0.02275,-2.000002443899604,2.000002443899604,16
PercDevAbs_TR_7,10.75,0.4655921592968193,0.02275,-2.000002443899604,2.000002443899604,16
PercDevAbs_TR_7,11,0.4532903772878205,0.02275,-2.000002443899604,2.000002443899604,16
PercDevAbs_TR_7,11.25,0.44123385549931543,0.02275,-2.000002443899604,2.000002443899604,16
PercDevAbs_TR_7,11.5,0.4294638298122246,0.02275,-2.000002443899604,2.000002443899604,16
PercDevAbs_TR_7,11.75,0.41799281782236436,0.02275,-2.000002443899604,2.000002443899604,16
PercDevAbs_TR_7,12,0.4068162585643337,0.02275,-2.000002443899604,2.000002443899604,16
PercDevAbs_TR_7,6,2.494046604599759,0.04779,-1.6666702079210545,1.6666702079210545,15
PercDevAbs_TR_7,6.25,2.322744548595186,0.04779,-1.6666702079210545,1.6666702079210545,15
PercDevAbs_TR_7,6.5,2.1638205490995666,0.04779,-1.6666702079210545,1.6666702079210545,15
PercDevAbs_TR_7,6.75,2.017092913587742,0.04779,-1.6666702079210545,1.6666702079210545,15
PercDevAbs_TR_7,7,1.882557359911529,0.04779,-1.6666702079210545,1.6666702079210545,15
PercDevAbs_TR_7,7.25,1.7602313296267738,0.04779,-1.6666702079210545,1.6666702079210545,15
PercDevAbs_TR_7,7.5,1.6498856371478428,0.04779,-1.6666702079210545,1.6666702079210545,15
PercDevAbs_TR_7,7.75,1.550792012392416,0.04779,-1.6666702079210545,1.6666702079210545,15
PercDevAbs_TR_7,8,1.4623000393559251,0.04779,-1.6666702079210545,1.6666702079210545,15
PercDevAbs_TR_7,8.25,1.3840339529734618,0.04779,-1.6666702079210545,1.6666702079210545,15
PercDevAbs_TR_7,8.5,1.3156559759445667,0.04779,-1.6666702079210545,1.6666702079210545,15
PercDevAbs_TR_7,8.75,1.2563490289674364,0.04779,-1.6666702079210545,1.6666702079210545,15
PercDevAbs_TR_7,9,1.2051676985083948,0.04779,-1.6666702079210545,1.6666702079210545,15
PercDevAbs_TR_7,9.25,1.1610904028310638,0.04779,-1.6666702079210545,1.6666702079210545,15
PercDevAbs_TR_7,9.5,1.122784622701882,0.04779,-1.6666702079210545,1.6666702079210545,15
PercDevAbs_TR_7,9.75,1.0887321467578472,0.04779,-1.6666702079210545,1.6666702079210545,15
PercDevAbs_TR_7,10,1.0578109179931596,0.04779,-1.6666702079210545,1.6666702079210545,15
PercDevAbs_TR_7,10.25,1.0292721289633464,0.04779,-1.6666702079210545,1.6666702079210545,15
PercDevAbs_TR_7,10.5,1.002296629532179,0.04779,-1.6666702079210545,1.6666702079210545,15
PercDevAbs_TR_7,10.75,0.9762214137679782,0.04779,-1.6666702079210545,1.6666702079210545,15
PercDevAbs_TR_7,11,0.9506978122168301,0.04779,-1.6666702079210545,1.6666702079210545,15
PercDevAbs_TR_7,11.25,0.9256739559620973,0.04779,-1.6666702079210545,1.6666702079210545,15
PercDevAbs_TR_7,11.5,0.9012368585454537,0.04779,-1.6666702079210545,1.6666702079210545,15
PercDevAbs_TR_7,11.75,0.8774133854250369,0.04779,-1.6666702079210545,1.6666702079210545,15
PercDevAbs_TR_7,12,0.854194587481528,0.04779,-1.6666702079210545,1.6666702079210545,15
PercDevAbs_TR_7,6,4.706481460585754,0.09121,-1.3333407702662026,1.3333407702662026,14
PercDevAbs_TR_7,6.25,4.384152859679518,0.09121,-1.3333407702662026,1.3333407702662026,14
PercDevAbs_TR_7,6.5,4.085054385600653,0.09121,-1.3333407702662026,1.3333407702662026,14
PercDevAbs_TR_7,6.75,3.808857665603361,0.09121,-1.3333407702662026,1.3333407702662026,14
PercDevAbs_TR_7,7,3.5555694658185963,0.09121,-1.3333407702662026,1.3333407702662026,14
PercDevAbs_TR_7,7.25,3.325237923829252,0.09121,-1.3333407702662026,1.3333407702662026,14
PercDevAbs_TR_7,7.5,3.1174456939438775,0.09121,-1.3333407702662026,1.3333407702662026,14
PercDevAbs_TR_7,7.75,2.930832101801032,0.09121,-1.3333407702662026,1.3333407702662026,14
PercDevAbs_TR_7,8,2.7641819992773513,0.09121,-1.3333407702662026,1.3333407702662026,14
PercDevAbs_TR_7,8.25,2.6167978085736863,0.09121,-1.3333407702662026,1.3333407702662026,14
PercDevAbs_TR_7,8.5,2.488052707356012,0.09121,-1.3333407702662026,1.3333407702662026,14
PercDevAbs_TR_7,8.75,2.3764122948579587,0.09121,-1.3333407702662026,1.3333407702662026,14
PercDevAbs_TR_7,9,2.280097691717892,0.09121,-1.3333407702662026,1.3333407702662026,14
PercDevAbs_TR_7,9.25,2.1971842283114533,0.09121,-1.3333407702662026,1.3333407702662026,14
PercDevAbs_TR_7,9.5,2.1251573305947735,0.09121,-1.3333407702662026,1.3333407702662026,14
PercDevAbs_TR_7,9.75,2.0611493826683205,0.09121,-1.3333407702662026,1.3333407702662026,14
PercDevAbs_TR_7,10,2.0030408663294037,0.09121,-1.3333407702662026,1.3333407702662026,14
PercDevAbs_TR_7,10.25,1.9494176697247534,0.09121,-1.3333407702662026,1.3333407702662026,14
PercDevAbs_TR_7,10.5,1.8987315123352417,0.09121,-1.3333407702662026,1.3333407702662026,14
PercDevAbs_TR_7,10.75,1.849728632653609,0.09121,-1.3333407702662026,1.3333407702662026,14
PercDevAbs_TR_7,11,1.8017497261253963,0.09121,-1.3333407702662026,1.3333407702662026,14
PercDevAbs_TR_7,11.25,1.7546973176588694,0.09121,-1.3333407702662026,1.3333407702662026,14
PercDevAbs_TR_7,11.5,1.708737051033212,0.09121,-1.3333407702662026,1.3333407702662026,14
PercDevAbs_TR_7,11.75,1.6639206974030625,0.09121,-1.3333407702662026,1.3333407702662026,14
PercDevAbs_TR_7,12,1.6202321601564353,0.09121,-1.3333407702662026,1.3333407702662026,14
PercDevAbs_TR_7,6,8.231253666777794,0.15866,-0.9999803859660789,0.9999803859660789,13
PercDevAbs_TR_7,6.25,7.668794306362721,0.15866,-0.9999803859660789,0.9999803859660789,13
PercDevAbs_TR_7,6.5,7.146788642768147,0.15866,-0.9999803859660789,0.9999803859660789,13
PercDevAbs_TR_7,6.75,6.664681989629287,0.15866,-0.9999803859660789,0.9999803859660789,13
PercDevAbs_TR_7,7,6.222506279110494,0.15866,-0.9999803859660789,0.9999803859660789,13
PercDevAbs_TR_7,7.25,5.820366323647528,0.15866,-0.9999803859660789,0.9999803859660789,13
PercDevAbs_TR_7,7.5,5.457552752867173,0.15866,-0.9999803859660789,0.9999803859660789,13
PercDevAbs_TR_7,7.75,5.131704348418326,0.15866,-0.9999803859660789,0.9999803859660789,13
PercDevAbs_TR_7,8,4.840712526028395,0.15866,-0.9999803859660789,0.9999803859660789,13
PercDevAbs_TR_7,8.25,4.58337292091156,0.15866,-0.9999803859660789,0.9999803859660789,13
PercDevAbs_TR_7,8.5,4.358603656929348,0.15866,-0.9999803859660789,0.9999803859660789,13
PercDevAbs_TR_7,8.75,4.163731376534351,0.15866,-0.9999803859660789,0.9999803859660789,13
PercDevAbs_TR_7,9,3.995652024057119,0.15866,-0.9999803859660789,0.9999803859660789,13
PercDevAbs_TR_7,9.25,3.851003776789442,0.15866,-0.9999803859660789,0.9999803859660789,13
PercDevAbs_TR_7,9.5,3.7253888490961593,0.15866,-0.9999803859660789,0.9999803859660789,13
PercDevAbs_TR_7,9.75,3.613788443126989,0.15866,-0.9999803859660789,0.9999803859660789,13
PercDevAbs_TR_7,10,3.512492829975413,0.15866,-0.9999803859660789,0.9999803859660789,13
PercDevAbs_TR_7,10.25,3.419027410724192,0.15866,-0.9999803859660789,0.9999803859660789,13
PercDevAbs_TR_7,10.5,3.3306809955391454,0.15866,-0.9999803859660789,0.9999803859660789,13
PercDevAbs_TR_7,10.75,3.245257294079582,0.15866,-0.9999803859660789,0.9999803859660789,13
PercDevAbs_TR_7,11,3.161601409331104,0.15866,-0.9999803859660789,0.9999803859660789,13
PercDevAbs_TR_7,11.25,3.079543408280711,0.15866,-0.9999803859660789,0.9999803859660789,13
PercDevAbs_TR_7,11.5,2.999374942275055,0.15866,-0.9999803859660789,0.9999803859660789,13
PercDevAbs_TR_7,11.75,2.921188008800616,0.15866,-0.9999803859660789,0.9999803859660789,13
PercDevAbs_TR_7,12,2.8449555261796333,0.15866,-0.9999803859660789,0.9999803859660789,13
PercDevAbs_TR_7,6,13.558515539984974,0.25249,-0.6666746102242979,0.6666746102242979,12
PercDevAbs_TR_7,6.25,12.633698758894717,0.25249,-0.6666746102242979,0.6666746102242979,12
PercDevAbs_TR_7,6.5,11.775289019503402,0.25249,-0.6666746102242979,0.6666746102242979,12
PercDevAbs_TR_7,6.75,10.982398348427989,0.25249,-0.6666746102242979,0.6666746102242979,12
PercDevAbs_TR_7,7,10.255105703952717,0.25249,-0.6666746102242979,0.6666746102242979,12
PercDevAbs_TR_7,7.25,9.593610796244814,0.25249,-0.6666746102242979,0.6666746102242979,12
PercDevAbs_TR_7,7.5,8.99677210914078,0.25249,-0.6666746102242979,0.6666746102242979,12
PercDevAbs_TR_7,7.75,8.460724530170644,0.25249,-0.6666746102242979,0.6666746102242979,12
PercDevAbs_TR_7,8,7.98201662443065,0.25249,-0.6666746102242979,0.6666746102242979,12
PercDevAbs_TR_7,8.25,7.558685121476219,0.25249,-0.6666746102242979,0.6666746102242979,12
PercDevAbs_TR_7,8.5,7.188966868768636,0.25249,-0.6666746102242979,0.6666746102242979,12
PercDevAbs_TR_7,8.75,6.868471705565516,0.25249,-0.6666746102242979,0.6666746102242979,12
PercDevAbs_TR_7,9,6.592095916598451,0.25249,-0.6666746102242979,0.6666746102242979,12
PercDevAbs_TR_7,9.25,6.354307520500421,0.25249,-0.6666746102242979,0.6666746102242979,12
PercDevAbs_TR_7,9.5,6.147862481050651,0.25249,-0.6666746102242979,0.6666746102242979,12
PercDevAbs_TR_7,9.75,5.964489130190829,0.25249,-0.6666746102242979,0.6666746102242979,12
PercDevAbs_TR_7,10,5.798073027118872,0.25249,-0.6666746102242979,0.6666746102242979,12
PercDevAbs_TR_7,10.25,5.644536121306983,0.25249,-0.6666746102242979,0.6666746102242979,12
PercDevAbs_TR_7,10.5,5.499408093643169,0.25249,-0.6666746102242979,0.6666746102242979,12
PercDevAbs_TR_7,10.75,5.359066514711726,0.25249,-0.6666746102242979,0.6666746102242979,12
PercDevAbs_TR_7,11,5.221606622909497,0.25249,-0.6666746102242979,0.6666746102242979,12
PercDevAbs_TR_7,11.25,5.086749209986789,0.25249,-0.6666746102242979,0.6666746102242979,12
PercDevAbs_TR_7,11.5,4.954977248510623,0.25249,-0.6666746102242979,0.6666746102242979,12
PercDevAbs_TR_7,11.75,4.82644418395722,0.25249,-0.6666746102242979,0.6666746102242979,12
PercDevAbs_TR_7,12,4.701106809646122,0.25249,-0.6666746102242979,0.6666746102242979,12
PercDevAbs_TR_7,6,21.282130447091156,0.36944,-0.33333688458431254,0.33333688458431254,11
PercDevAbs_TR_7,6.25,19.832626425461207,0.36944,-0.33333688458431254,0.33333688458431254,11
PercDevAbs_TR_7,6.5,18.48706607977899,0.36944,-0.33333688458431254,0.33333688458431254,11
PercDevAbs_TR_7,6.75,17.24408846949637,0.36944,-0.33333688458431254,0.33333688458431254,11
PercDevAbs_TR_7,7,16.103851250004904,0.36944,-0.33333688458431254,0.33333688458431254,11
PercDevAbs_TR_7,7.25,15.066702530394647,0.36944,-0.33333688458431254,0.33333688458431254,11
PercDevAbs_TR_7,7.5,14.130885042930947,0.36944,-0.33333688458431254,0.33333688458431254,11
PercDevAbs_TR_7,7.75,13.290363011733698,0.36944,-0.33333688458431254,0.33333688458431254,11
PercDevAbs_TR_7,8,12.539746845882702,0.36944,-0.33333688458431254,0.33333688458431254,11
PercDevAbs_TR_7,8.25,11.875981239701634,0.36944,-0.33333688458431254,0.33333688458431254,11
PercDevAbs_TR_7,8.5,11.296322901283377,0.36944,-0.33333688458431254,0.33333688458431254,11
PercDevAbs_TR_7,8.75,10.793897979118723,0.36944,-0.33333688458431254,0.33333688458431254,11
PercDevAbs_TR_7,9,10.3607073237342,0.36944,-0.33333688458431254,0.33333688458431254,11
PercDevAbs_TR_7,9.25,9.988074848557964,0.36944,-0.33333688458431254,0.33333688458431254,11
PercDevAbs_TR_7,9.5,9.664629933206845,0.36944,-0.33333688458431254,0.33333688458431254,11
PercDevAbs_TR_7,9.75,9.377382902717223,0.36944,-0.33333688458431254,0.33333688458431254,11
PercDevAbs_TR_7,10,9.116731367054205,0.36944,-0.33333688458431254,0.33333688458431254,11
PercDevAbs_TR_7,10.25,8.87627177601817,0.36944,-0.33333688458431254,0.33333688458431254,11
PercDevAbs_TR_7,10.5,8.648981573934075,0.36944,-0.33333688458431254,0.33333688458431254,11
PercDevAbs_TR_7,10.75,8.429168769849428,0.36944,-0.33333688458431254,0.33333688458431254,11
PercDevAbs_TR_7,11,8.213840442700448,0.36944,-0.33333688458431254,0.33333688458431254,11
PercDevAbs_TR_7,11.25,8.002559228245982,0.36944,-0.33333688458431254,0.33333688458431254,11
PercDevAbs_TR_7,11.5,7.796086507501589,0.36944,-0.33333688458431254,0.33333688458431254,11
PercDevAbs_TR_7,11.75,7.5946655763910735,0.36944,-0.33333688458431254,0.33333688458431254,11
PercDevAbs_TR_7,12,7.398230408135249,0.36944,-0.33333688458431254,0.33333688458431254,11
PercDevAbs_TR_7,6,32.10326121246097,0.5,0,-0,10
PercDevAbs_TR_7,6.25,29.91941972443226,0.5,0,-0,10
PercDevAbs_TR_7,6.5,27.89200704700981,0.5,0,-0,10
PercDevAbs_TR_7,6.75,26.019011408877187,0.5,0,-0,10
PercDevAbs_TR_7,7,24.300712862483728,0.5,0,-0,10
PercDevAbs_TR_7,7.25,22.737679914867957,0.5,0,-0,10
PercDevAbs_TR_7,7.5,21.327305058252445,0.5,0,-0,10
PercDevAbs_TR_7,7.75,20.060522552544292,0.5,0,-0,10
PercDevAbs_TR_7,8,18.929237468034707,0.5,0,-0,10
PercDevAbs_TR_7,8.25,17.92887403865515,0.5,0,-0,10
PercDevAbs_TR_7,8.5,17.05532453005275,0.5,0,-0,10
PercDevAbs_TR_7,8.75,16.29824154546628,0.5,0,-0,10
PercDevAbs_TR_7,9,15.645573611937829,0.5,0,-0,10
PercDevAbs_TR_7,9.25,15.084242213187698,0.5,0,-0,10
PercDevAbs_TR_7,9.5,14.59709518672869,0.5,0,-0,10
PercDevAbs_TR_7,9.75,14.164530515184497,0.5,0,-0,10
PercDevAbs_TR_7,10,13.772057264108257,0.5,0,-0,10
PercDevAbs_TR_7,10.25,13.410012861529168,0.5,0,-0,10
PercDevAbs_TR_7,10.5,13.067796868848875,0.5,0,-0,10
PercDevAbs_TR_7,10.75,12.736815541299528,0.5,0,-0,10
PercDevAbs_TR_7,11,12.412550256360934,0.5,0,-0,10
PercDevAbs_TR_7,11.25,12.094342381107479,0.5,0,-0,10
PercDevAbs_TR_7,11.5,11.783344543449195,0.5,0,-0,10
PercDevAbs_TR_7,11.75,11.479926802717856,0.5,0,-0,10
PercDevAbs_TR_7,12,11.18399180436331,0.5,0,-0,10
PercDevAbs_TR_7,6,46.83966500780768,0.63056,0.33333688458431254,-0.33333688458431254,9
PercDevAbs_TR_7,6.25,43.656672905820336,0.63056,0.33333688458431254,-0.33333688458431254,9
PercDevAbs_TR_7,6.5,40.70146449427834,0.63056,0.33333688458431254,-0.33333688458431254,9
PercDevAbs_TR_7,6.75,37.9711551715065,0.63056,0.33333688458431254,-0.33333688458431254,9
PercDevAbs_TR_7,7,35.46620552475763,0.63056,0.33333688458431254,-0.33333688458431254,9
PercDevAbs_TR_7,7.25,33.187498452950415,0.63056,0.33333688458431254,-0.33333688458431254,9
PercDevAbs_TR_7,7.5,31.13128279694725,0.63056,0.33333688458431254,-0.33333688458431254,9
PercDevAbs_TR_7,7.75,29.284379384786718,0.63056,0.33333688458431254,-0.33333688458431254,9
PercDevAbs_TR_7,8,27.635020649262618,0.63056,0.33333688458431254,-0.33333688458431254,9
PercDevAbs_TR_7,8.25,26.17657112017888,0.63056,0.33333688458431254,-0.33333688458431254,9
PercDevAbs_TR_7,8.5,24.903074968247576,0.63056,0.33333688458431254,-0.33333688458431254,9
PercDevAbs_TR_7,8.75,23.79946156491399,0.63056,0.33333688458431254,-0.33333688458431254,9
PercDevAbs_TR_7,9,22.84816583632167,0.63056,0.33333688458431254,-0.33333688458431254,9
PercDevAbs_TR_7,9.25,22.03011693404382,0.63056,0.33333688458431254,-0.33333688458431254,9
PercDevAbs_TR_7,9.5,21.32028927513982,0.63056,0.33333688458431254,-0.33333688458431254,9
PercDevAbs_TR_7,9.75,20.690073519599554,0.63056,0.33333688458431254,-0.33333688458431254,9
PercDevAbs_TR_7,10,20.11831940205953,0.63056,0.33333688458431254,-0.33333688458431254,9
PercDevAbs_TR_7,10.25,19.590925136301028,0.63056,0.33333688458431254,-0.33333688458431254,9
PercDevAbs_TR_7,10.5,19.092415475377752,0.63056,0.33333688458431254,-0.33333688458431254,9
PercDevAbs_TR_7,10.75,18.61024249266482,0.63056,0.33333688458431254,-0.33333688458431254,9
PercDevAbs_TR_7,11,18.137808531900415,0.63056,0.33333688458431254,-0.33333688458431254,9
PercDevAbs_TR_7,11.25,17.674153990429883,0.63056,0.33333688458431254,-0.33333688458431254,9
PercDevAbs_TR_7,11.5,17.220965654805536,0.63056,0.33333688458431254,-0.33333688458431254,9
PercDevAbs_TR_7,11.75,16.778787216021495,0.63056,0.33333688458431254,-0.33333688458431254,9
PercDevAbs_TR_7,12,16.34747939171414,0.63056,0.33333688458431254,-0.33333688458431254,9
PercDevAbs_TR_7,6,66.43227330687124,0.74751,0.6666746102242979,-0.6666746102242979,8
PercDevAbs_TR_7,6.25,61.92187125987744,0.74751,0.6666746102242979,-0.6666746102242979,8
PercDevAbs_TR_7,6.5,57.73398593709332,0.74751,0.6666746102242979,-0.6666746102242979,8
PercDevAbs_TR_7,6.75,53.86458751022255,0.74751,0.6666746102242979,-0.6666746102242979,8
PercDevAbs_TR_7,7,50.31439225024353,0.74751,0.6666746102242979,-0.6666746102242979,8
PercDevAbs_TR_7,7.25,47.0847171607245,0.74751,0.6666746102242979,-0.6666746102242979,8
PercDevAbs_TR_7,7.5,44.170306632615535,0.74751,0.6666746102242979,-0.6666746102242979,8
PercDevAbs_TR_7,7.75,41.55252703356739,0.74751,0.6666746102242979,-0.6666746102242979,8
PercDevAbs_TR_7,8,39.214740936070434,0.74751,0.6666746102242979,-0.6666746102242979,8
PercDevAbs_TR_7,8.25,37.147586727167536,0.74751,0.6666746102242979,-0.6666746102242979,8
PercDevAbs_TR_7,8.5,35.34266280740483,0.74751,0.6666746102242979,-0.6666746102242979,8
PercDevAbs_TR_7,8.75,33.77862686706463,0.74751,0.6666746102242979,-0.6666746102242979,8
PercDevAbs_TR_7,9,32.43058886055018,0.74751,0.6666746102242979,-0.6666746102242979,8
PercDevAbs_TR_7,9.25,31.271514269427055,0.74751,0.6666746102242979,-0.6666746102242979,8
PercDevAbs_TR_7,9.5,30.265909479783275,0.74751,0.6666746102242979,-0.6666746102242979,8
PercDevAbs_TR_7,9.75,29.37318672078942,0.74751,0.6666746102242979,-0.6666746102242979,8
PercDevAbs_TR_7,10,28.56333959892242,0.74751,0.6666746102242979,-0.6666746102242979,8
PercDevAbs_TR_7,10.25,27.816363066048407,0.74751,0.6666746102242979,-0.6666746102242979,8
PercDevAbs_TR_7,10.5,27.110297931067898,0.74751,0.6666746102242979,-0.6666746102242979,8
PercDevAbs_TR_7,10.75,26.427336174629218,0.74751,0.6666746102242979,-0.6666746102242979,8
PercDevAbs_TR_7,11,25.7581145045832,0.74751,0.6666746102242979,-0.6666746102242979,8
PercDevAbs_TR_7,11.25,25.10127357045768,0.74751,0.6666746102242979,-0.6666746102242979,8
PercDevAbs_TR_7,11.5,24.459211871298574,0.74751,0.6666746102242979,-0.6666746102242979,8
PercDevAbs_TR_7,11.75,23.832705081711566,0.74751,0.6666746102242979,-0.6666746102242979,8
PercDevAbs_TR_7,12,23.221559005034777,0.74751,0.6666746102242979,-0.6666746102242979,8
PercDevAbs_TR_7,6,91.94910495731746,0.84134,0.9999803859660789,-0.9999803859660789,7
PercDevAbs_TR_7,6.25,85.71104362611082,0.84134,0.9999803859660789,-0.9999803859660789,7
PercDevAbs_TR_7,6.5,79.91872408290408,0.84134,0.9999803859660789,-0.9999803859660789,7
PercDevAbs_TR_7,6.75,74.56664205929577,0.84134,0.9999803859660789,-0.9999803859660789,7
PercDevAbs_TR_7,7,69.65586436540704,0.84134,0.9999803859660789,-0.9999803859660789,7
PercDevAbs_TR_7,7.25,65.18829142472507,0.84134,0.9999803859660789,-0.9999803859660789,7
PercDevAbs_TR_7,7.5,61.156726300628925,0.84134,0.9999803859660789,-0.9999803859660789,7
PercDevAbs_TR_7,7.75,57.53544789351488,0.84134,0.9999803859660789,-0.9999803859660789,7
PercDevAbs_TR_7,8,54.30149104724407,0.84134,0.9999803859660789,-0.9999803859660789,7
PercDevAbs_TR_7,8.25,51.441957507822536,0.84134,0.9999803859660789,-0.9999803859660789,7
PercDevAbs_TR_7,8.5,48.94527309753842,0.84134,0.9999803859660789,-0.9999803859660789,7
PercDevAbs_TR_7,8.75,46.78193646657402,0.84134,0.9999803859660789,-0.9999803859660789,7
PercDevAbs_TR_7,9,44.9175239904631,0.84134,0.9999803859660789,-0.9999803859660789,7
PercDevAbs_TR_7,9.25,43.31463327479789,0.84134,0.9999803859660789,-0.9999803859660789,7
PercDevAbs_TR_7,9.5,41.924137429416376,0.84134,0.9999803859660789,-0.9999803859660789,7
PercDevAbs_TR_7,9.75,40.68984512782028,0.84134,0.9999803859660789,-0.9999803859660789,7
PercDevAbs_TR_7,10,39.570213441622975,0.84134,0.9999803859660789,-0.9999803859660789,7
PercDevAbs_TR_7,10.25,38.53754778874745,0.84134,0.9999803859660789,-0.9999803859660789,7
PercDevAbs_TR_7,10.5,37.561441449041176,0.84134,0.9999803859660789,-0.9999803859660789,7
PercDevAbs_TR_7,10.75,36.617232605966954,0.84134,0.9999803859660789,-0.9999803859660789,7
PercDevAbs_TR_7,11,35.691954420700625,0.84134,0.9999803859660789,-0.9999803859660789,7
PercDevAbs_TR_7,11.25,34.78372737306285,0.84134,0.9999803859660789,-0.9999803859660789,7
PercDevAbs_TR_7,11.5,33.89587858842805,0.84134,0.9999803859660789,-0.9999803859660789,7
PercDevAbs_TR_7,11.75,33.02948714052518,0.84134,0.9999803859660789,-0.9999803859660789,7
PercDevAbs_TR_7,12,32.18428824417816,0.84134,0.9999803859660789,-0.9999803859660789,7
PercDevAbs_TR_7,6,124.60481911638176,0.90879,1.3333407702662026,-1.3333407702662026,6
PercDevAbs_TR_7,6.25,116.1569959422873,0.90879,1.3333407702662026,-1.3333407702662026,6
PercDevAbs_TR_7,6.5,108.31244481079185,0.90879,1.3333407702662026,-1.3333407702662026,6
PercDevAbs_TR_7,6.75,101.06379350008042,0.90879,1.3333407702662026,-1.3333407702662026,6
PercDevAbs_TR_7,7,94.41257695500845,0.90879,1.3333407702662026,-1.3333407702662026,6
PercDevAbs_TR_7,7.25,88.36146233934434,0.90879,1.3333407702662026,-1.3333407702662026,6
PercDevAbs_TR_7,7.5,82.90078832449618,0.90879,1.3333407702662026,-1.3333407702662026,6
PercDevAbs_TR_7,7.75,77.99578157480624,0.90879,1.3333407702662026,-1.3333407702662026,6
PercDevAbs_TR_7,8,73.6153951798588,0.90879,1.3333407702662026,-1.3333407702662026,6
PercDevAbs_TR_7,8.25,69.74222016707535,0.90879,1.3333407702662026,-1.3333407702662026,6
PercDevAbs_TR_7,8.5,66.36063634919961,0.90879,1.3333407702662026,-1.3333407702662026,6
PercDevAbs_TR_7,8.75,63.430710705031444,0.90879,1.3333407702662026,-1.3333407702662026,6
PercDevAbs_TR_7,9,60.90582576459061,0.90879,1.3333407702662026,-1.3333407702662026,6
PercDevAbs_TR_7,9.25,58.73531482116155,0.90879,1.3333407702662026,-1.3333407702662026,6
PercDevAbs_TR_7,9.5,56.85260347871527,0.90879,1.3333407702662026,-1.3333407702662026,6
PercDevAbs_TR_7,9.75,55.18152785535703,0.90879,1.3333407702662026,-1.3333407702662026,6
PercDevAbs_TR_7,10,53.665778022402655,0.90879,1.3333407702662026,-1.3333407702662026,6
PercDevAbs_TR_7,10.25,52.267817100707354,0.90879,1.3333407702662026,-1.3333407702662026,6
PercDevAbs_TR_7,10.5,50.94642408300729,0.90879,1.3333407702662026,-1.3333407702662026,6
PercDevAbs_TR_7,10.75,49.668162281942784,0.90879,1.3333407702662026,-1.3333407702662026,6
PercDevAbs_TR_7,11,48.41545128575156,0.90879,1.3333407702662026,-1.3333407702662026,6
PercDevAbs_TR_7,11.25,47.18574637525239,0.90879,1.3333407702662026,-1.3333407702662026,6
PercDevAbs_TR_7,11.5,45.983565012254225,0.90879,1.3333407702662026,-1.3333407702662026,6
PercDevAbs_TR_7,11.75,44.81037596609228,0.90879,1.3333407702662026,-1.3333407702662026,6
PercDevAbs_TR_7,12,43.66582514944106,0.90879,1.3333407702662026,-1.3333407702662026,6
PercDevAbs_TR_7,6,165.74216305496972,0.95221,1.6666702079210545,-1.6666702079210545,5
PercDevAbs_TR_7,6.25,154.51201885003462,0.95221,1.6666702079210545,-1.6666702079210545,5
PercDevAbs_TR_7,6.5,144.08340448623477,0.95221,1.6666702079210545,-1.6666702079210545,5
PercDevAbs_TR_7,6.75,134.44661562047904,0.95221,1.6666702079210545,-1.6666702079210545,5
PercDevAbs_TR_7,7,125.60379850444723,0.95221,1.6666702079210545,-1.6666702079210545,5
PercDevAbs_TR_7,7.25,117.55860840532824,0.95221,1.6666702079210545,-1.6666702079210545,5
PercDevAbs_TR_7,7.5,110.29830171448259,0.95221,1.6666702079210545,-1.6666702079210545,5
PercDevAbs_TR_7,7.75,103.776721752372,0.95221,1.6666702079210545,-1.6666702079210545,5
PercDevAbs_TR_7,8,97.95265880833813,0.95221,1.6666702079210545,-1.6666702079210545,5
PercDevAbs_TR_7,8.25,92.8030386316177,0.95221,1.6666702079210545,-1.6666702079210545,5
PercDevAbs_TR_7,8.5,88.30715982920852,0.95221,1.6666702079210545,-1.6666702079210545,5
PercDevAbs_TR_7,8.75,84.4119594039512,0.95221,1.6666702079210545,-1.6666702079210545,5
PercDevAbs_TR_7,9,81.05546664303725,0.95221,1.6666702079210545,-1.6666702079210545,5
PercDevAbs_TR_7,9.25,78.17031004895506,0.95221,1.6666702079210545,-1.6666702079210545,5
PercDevAbs_TR_7,9.5,75.66793606833251,0.95221,1.6666702079210545,-1.6666702079210545,5
PercDevAbs_TR_7,9.75,73.44701686509502,0.95221,1.6666702079210545,-1.6666702079210545,5
PercDevAbs_TR_7,10,71.43263691597714,0.95221,1.6666702079210545,-1.6666702079210545,5
PercDevAbs_TR_7,10.25,69.57485911019211,0.95221,1.6666702079210545,-1.6666702079210545,5
PercDevAbs_TR_7,10.5,67.81883562983381,0.95221,1.6666702079210545,-1.6666702079210545,5
PercDevAbs_TR_7,10.75,66.12007187073804,0.95221,1.6666702079210545,-1.6666702079210545,5
PercDevAbs_TR_7,11,64.45517351404483,0.95221,1.6666702079210545,-1.6666702079210545,5
PercDevAbs_TR_7,11.25,62.82075842089497,0.95221,1.6666702079210545,-1.6666702079210545,5
PercDevAbs_TR_7,11.5,61.22284566265985,0.95221,1.6666702079210545,-1.6666702079210545,5
PercDevAbs_TR_7,11.75,59.6633964827226,0.95221,1.6666702079210545,-1.6666702079210545,5
PercDevAbs_TR_7,12,58.14194544123037,0.95221,1.6666702079210545,-1.6666702079210545,5
PercDevAbs_TR_7,6,216.8639218048586,0.97725,2.0000024438996027,-2.0000024438996027,4
PercDevAbs_TR_7,6.25,202.17767873797848,0.97725,2.0000024438996027,-2.0000024438996027,4
PercDevAbs_TR_7,6.5,188.5391360664992,0.97725,2.0000024438996027,-2.0000024438996027,4
PercDevAbs_TR_7,6.75,175.9357143724296,0.97725,2.0000024438996027,-2.0000024438996027,4
PercDevAbs_TR_7,7,164.3703433097918,0.97725,2.0000024438996027,-2.0000024438996027,4
PercDevAbs_TR_7,7.25,153.8479304971598,0.97725,2.0000024438996027,-2.0000024438996027,4
PercDevAbs_TR_7,7.5,144.35192634023306,0.97725,2.0000024438996027,-2.0000024438996027,4
PercDevAbs_TR_7,7.75,135.82204998406078,0.97725,2.0000024438996027,-2.0000024438996027,4
PercDevAbs_TR_7,8,128.20448212552387,0.97725,2.0000024438996027,-2.0000024438996027,4
PercDevAbs_TR_7,8.25,121.46912691967407,0.97725,2.0000024438996027,-2.0000024438996027,4
PercDevAbs_TR_7,8.5,115.58898574478728,0.97725,2.0000024438996027,-2.0000024438996027,4
PercDevAbs_TR_7,8.75,110.49469107000397,0.97725,2.0000024438996027,-2.0000024438996027,4
PercDevAbs_TR_7,9,106.10520102921433,0.97725,2.0000024438996027,-2.0000024438996027,4
PercDevAbs_TR_7,9.25,102.33239003554412,0.97725,2.0000024438996027,-2.0000024438996027,4
PercDevAbs_TR_7,9.5,99.06039079705072,0.97725,2.0000024438996027,-2.0000024438996027,4
PercDevAbs_TR_7,9.75,96.1565996510101,0.97725,2.0000024438996027,-2.0000024438996027,4
PercDevAbs_TR_7,10,93.52297623076213,0.97725,2.0000024438996027,-2.0000024438996027,4
PercDevAbs_TR_7,10.25,91.09417177403134,0.97725,2.0000024438996027,-2.0000024438996027,4
PercDevAbs_TR_7,10.5,88.79840018125674,0.97725,2.0000024438996027,-2.0000024438996027,4
PercDevAbs_TR_7,10.75,86.57742071505727,0.97725,2.0000024438996027,-2.0000024438996027,4
PercDevAbs_TR_7,11,84.4006117960778,0.97725,2.0000024438996027,-2.0000024438996027,4
PercDevAbs_TR_7,11.25,82.26355122024154,0.97725,2.0000024438996027,-2.0000024438996027,4
PercDevAbs_TR_7,11.5,80.17412644113013,0.97725,2.0000024438996027,-2.0000024438996027,4
PercDevAbs_TR_7,11.75,78.1349124226408,0.97725,2.0000024438996027,-2.0000024438996027,4
PercDevAbs_TR_7,12,76.14530660336122,0.97725,2.0000024438996027,-2.0000024438996027,4
PercDevAbs_TR_7,6,279.58773375447805,0.99018,2.3331552225672416,-2.3331552225672416,3
PercDevAbs_TR_7,6.25,260.6626909686008,0.99018,2.3331552225672416,-2.3331552225672416,3
PercDevAbs_TR_7,6.5,243.08716198183342,0.99018,2.3331552225672416,-2.3331552225672416,3
PercDevAbs_TR_7,6.75,226.8450650161218,0.99018,2.3331552225672416,-2.3331552225672416,3
PercDevAbs_TR_7,7,211.94031684685723,0.99018,2.3331552225672416,-2.3331552225672416,3
PercDevAbs_TR_7,7.25,198.37938835891086,0.99018,2.3331552225672416,-2.3331552225672416,3
PercDevAbs_TR_7,7.5,186.14108686621535,0.99018,2.3331552225672416,-2.3331552225672416,3
PercDevAbs_TR_7,7.75,175.14782592466838,0.99018,2.3331552225672416,-2.3331552225672416,3
PercDevAbs_TR_7,8,165.33033655756975,0.99018,2.3331552225672416,-2.3331552225672416,3
PercDevAbs_TR_7,8.25,156.64992822121343,0.99018,2.3331552225672416,-2.3331552225672416,3
PercDevAbs_TR_7,8.5,149.0718947526659,0.99018,2.3331552225672416,-2.3331552225672416,3
PercDevAbs_TR_7,8.75,142.50687713107123,0.99018,2.3331552225672416,-2.3331552225672416,3
PercDevAbs_TR_7,9,136.8504434034424,0.99018,2.3331552225672416,-2.3331552225672416,3
PercDevAbs_TR_7,9.25,131.9890093505131,0.99018,2.3331552225672416,-2.3331552225672416,3
PercDevAbs_TR_7,9.5,127.77319506428958,0.99018,2.3331552225672416,-2.3331552225672416,3
PercDevAbs_TR_7,9.75,124.03201826957923,0.99018,2.3331552225672416,-2.3331552225672416,3
PercDevAbs_TR_7,10,120.63906175960054,0.99018,2.3331552225672416,-2.3331552225672416,3
PercDevAbs_TR_7,10.25,117.51006551991638,0.99018,2.3331552225672416,-2.3331552225672416,3
PercDevAbs_TR_7,10.5,114.55245653185347,0.99018,2.3331552225672416,-2.3331552225672416,3
PercDevAbs_TR_7,10.75,111.69112348105634,0.99018,2.3331552225672416,-2.3331552225672416,3
PercDevAbs_TR_7,11,108.88657482715122,0.99018,2.3331552225672416,-2.3331552225672416,3
PercDevAbs_TR_7,11.25,106.133112917366,0.99018,2.3331552225672416,-2.3331552225672416,3
PercDevAbs_TR_7,11.5,103.44092014923015,0.99018,2.3331552225672416,-2.3331552225672416,3
PercDevAbs_TR_7,11.75,100.81332636857545,0.99018,2.3331552225672416,-2.3331552225672416,3
PercDevAbs_TR_7,12,98.24956214643778,0.99018,2.3331552225672416,-2.3331552225672416,3
PercDevAbs_TR_7,6,355.8503939535709,0.99617,2.6667000630340683,-2.6667000630340683,2
PercDevAbs_TR_7,6.25,331.773421821287,0.99617,2.6667000630340683,-2.6667000630340683,2
PercDevAbs_TR_7,6.5,309.4126770734948,0.99617,2.6667000630340683,-2.6667000630340683,2
PercDevAbs_TR_7,6.75,288.7478470806701,0.99617,2.6667000630340683,-2.6667000630340683,2
PercDevAbs_TR_7,7,269.7840770786452,0.99617,2.6667000630340683,-2.6667000630340683,2
PercDevAbs_TR_7,7.25,252.52976775807326,0.99617,2.6667000630340683,-2.6667000630340683,2
PercDevAbs_TR_7,7.5,236.95811021175996,0.99617,2.6667000630340683,-2.6667000630340683,2
PercDevAbs_TR_7,7.75,222.97050325990412,0.99617,2.6667000630340683,-2.6667000630340683,2
PercDevAbs_TR_7,8,210.47891708503187,0.99617,2.6667000630340683,-2.6667000630340683,2
PercDevAbs_TR_7,8.25,199.4342335889811,0.99617,2.6667000630340683,-2.6667000630340683,2
PercDevAbs_TR_7,8.5,189.79239595713585,0.99617,2.6667000630340683,-2.6667000630340683,2
PercDevAbs_TR_7,8.75,181.43975310427706,0.99617,2.6667000630340683,-2.6667000630340683,2
PercDevAbs_TR_7,9,174.24344436705456,0.99617,2.6667000630340683,-2.6667000630340683,2
PercDevAbs_TR_7,9.25,168.05893777590111,0.99617,2.6667000630340683,-2.6667000630340683,2
PercDevAbs_TR_7,9.5,162.6961071094642,0.99617,2.6667000630340683,-2.6667000630340683,2
PercDevAbs_TR_7,9.75,157.93730231987666,0.99617,2.6667000630340683,-2.6667000630340683,2
PercDevAbs_TR_7,10,153.6216000814145,0.99617,2.6667000630340683,-2.6667000630340683,2
PercDevAbs_TR_7,10.25,149.64174504679744,0.99617,2.6667000630340683,-2.6667000630340683,2
PercDevAbs_TR_7,10.5,145.8798855342488,0.99617,2.6667000630340683,-2.6667000630340683,2
PercDevAbs_TR_7,10.75,142.24039295873067,0.99617,2.6667000630340683,-2.6667000630340683,2
PercDevAbs_TR_7,11,138.67298854434657,0.99617,2.6667000630340683,-2.6667000630340683,2
PercDevAbs_TR_7,11.25,135.17042460279308,0.99617,2.6667000630340683,-2.6667000630340683,2
PercDevAbs_TR_7,11.5,131.74567659896113,0.99617,2.6667000630340683,-2.6667000630340683,2
PercDevAbs_TR_7,11.75,128.40299424859197,0.99617,2.6667000630340683,-2.6667000630340683,2
PercDevAbs_TR_7,12,125.14140673468883,0.99617,2.6667000630340683,-2.6667000630340683,2
PercDevAbs_TR_7,6,447.49289171348596,0.99865,2.999976992703401,-2.999976992703401,1
PercDevAbs_TR_7,6.25,417.2269655339565,0.99865,2.999976992703401,-2.999976992703401,1
PercDevAbs_TR_7,6.5,389.11766880582235,0.99865,2.999976992703401,-2.999976992703401,1
PercDevAbs_TR_7,6.75,363.1396345971742,0.99865,2.999976992703401,-2.999976992703401,1
PercDevAbs_TR_7,7,339.2995149789702,0.99865,2.999976992703401,-2.999976992703401,1
PercDevAbs_TR_7,7.25,317.60806117531786,0.99865,2.999976992703401,-2.999976992703401,1
PercDevAbs_TR_7,7.5,298.03174694801237,0.99865,2.999976992703401,-2.999976992703401,1
PercDevAbs_TR_7,7.75,280.44674679359764,0.99865,2.999976992703401,-2.999976992703401,1
PercDevAbs_TR_7,8,264.7425121718198,0.99865,2.999976992703401,-2.999976992703401,1
PercDevAbs_TR_7,8.25,250.85741868104833,0.99865,2.999976992703401,-2.999976992703401,1
PercDevAbs_TR_7,8.5,238.7361953923409,0.99865,2.999976992703401,-2.999976992703401,1
PercDevAbs_TR_7,8.75,228.23601597612264,0.99865,2.999976992703401,-2.999976992703401,1
PercDevAbs_TR_7,9,219.1898688025026,0.99865,2.999976992703401,-2.999976992703401,1
PercDevAbs_TR_7,9.25,211.4160395444442,0.99865,2.999976992703401,-2.999976992703401,1
PercDevAbs_TR_7,9.5,204.67543833625464,0.99865,2.999976992703401,-2.999976992703401,1
PercDevAbs_TR_7,9.75,198.69433027263327,0.99865,2.999976992703401,-2.999976992703401,1
PercDevAbs_TR_7,10,193.27032255408474,0.99865,2.999976992703401,-2.999976992703401,1
PercDevAbs_TR_7,10.25,188.26852475564982,0.99865,2.999976992703401,-2.999976992703401,1
PercDevAbs_TR_7,10.5,183.54070327072085,0.99865,2.999976992703401,-2.999976992703401,1
PercDevAbs_TR_7,10.75,178.9665688973179,0.99865,2.999976992703401,-2.999976992703401,1
PercDevAbs_TR_7,11,174.482877234515,0.99865,2.999976992703401,-2.999976992703401,1
PercDevAbs_TR_7,11.25,170.08051873957206,0.99865,2.999976992703401,-2.999976992703401,1
PercDevAbs_TR_7,11.5,165.77582821479731,0.99865,2.999976992703401,-2.999976992703401,1
PercDevAbs_TR_7,11.75,161.57416297424555,0.99865,2.999976992703401,-2.999976992703401,1
PercDevAbs_TR_7,12,157.4743118216686,0.99865,2.999976992703401,-2.999976992703401,1
PercDevAbs_TR_8,6,0.25603973153113735,0.00135,-2.999976992703393,2.999976992703393,19
PercDevAbs_TR_8,6.25,0.20904355550666376,0.00135,-2.999976992703393,2.999976992703393,19
PercDevAbs_TR_8,6.5,0.16936755028766715,0.00135,-2.999976992703393,2.999976992703393,19
PercDevAbs_TR_8,6.75,0.136156670785372,0.00135,-2.999976992703393,2.999976992703393,19
PercDevAbs_TR_8,7,0.10871069200221095,0.00135,-2.999976992703393,2.999976992703393,19
PercDevAbs_TR_8,7.25,0.08641617988010657,0.00135,-2.999976992703393,2.999976992703393,19
PercDevAbs_TR_8,7.5,0.06866912843501216,0.00135,-2.999976992703393,2.999976992703393,19
PercDevAbs_TR_8,7.75,0.05481581419722722,0.00135,-2.999976992703393,2.999976992703393,19
PercDevAbs_TR_8,8,0.04414444176975054,0.00135,-2.999976992703393,2.999976992703393,19
PercDevAbs_TR_8,8.25,0.035968078569227686,0.00135,-2.999976992703393,2.999976992703393,19
PercDevAbs_TR_8,8.5,0.02969773064169329,0.00135,-2.999976992703393,2.999976992703393,19
PercDevAbs_TR_8,8.75,0.02481074969856236,0.00135,-2.999976992703393,2.999976992703393,19
PercDevAbs_TR_8,9,0.02092704148251633,0.00135,-2.999976992703393,2.999976992703393,19
PercDevAbs_TR_8,9.25,0.01781276321549961,0.00135,-2.999976992703393,2.999976992703393,19
PercDevAbs_TR_8,9.5,0.015338264055310594,0.00135,-2.999976992703393,2.999976992703393,19
PercDevAbs_TR_8,9.75,0.013404487031368716,0.00135,-2.999976992703393,2.999976992703393,19
PercDevAbs_TR_8,10,0.011911858766551724,0.00135,-2.999976992703393,2.999976992703393,19
PercDevAbs_TR_8,10.25,0.010757348766387245,0.00135,-2.999976992703393,2.999976992703393,19
PercDevAbs_TR_8,10.5,0.0098424962843164,0.00135,-2.999976992703393,2.999976992703393,19
PercDevAbs_TR_8,10.75,0.009088852922084447,0.00135,-2.999976992703393,2.999976992703393,19
PercDevAbs_TR_8,11,0.00843869646022382,0.00135,-2.999976992703393,2.999976992703393,19
PercDevAbs_TR_8,11.25,0.00785419979885562,0.00135,-2.999976992703393,2.999976992703393,19
PercDevAbs_TR_8,11.5,0.007316741417587973,0.00135,-2.999976992703393,2.999976992703393,19
PercDevAbs_TR_8,11.75,0.006820336193236081,0.00135,-2.999976992703393,2.999976992703393,19
PercDevAbs_TR_8,12,0.0063615994005277576,0.00135,-2.999976992703393,2.999976992703393,19
PercDevAbs_TR_8,6,0.5999749643207122,0.00383,-2.6667000630340683,2.6667000630340683,18
PercDevAbs_TR_8,6.25,0.5093211355782381,0.00383,-2.6667000630340683,2.6667000630340683,18
PercDevAbs_TR_8,6.5,0.430307486089919,0.00383,-2.6667000630340683,2.6667000630340683,18
PercDevAbs_TR_8,6.75,0.36184066709434515,0.00383,-2.6667000630340683,2.6667000630340683,18
PercDevAbs_TR_8,7,0.30308375284074424,0.00383,-2.6667000630340683,2.6667000630340683,18
PercDevAbs_TR_8,7.25,0.25335474472356995,0.00383,-2.6667000630340683,2.6667000630340683,18
PercDevAbs_TR_8,7.5,0.2119781756861978,0.00383,-2.6667000630340683,2.6667000630340683,18
PercDevAbs_TR_8,7.75,0.17813314471239913,0.00383,-2.6667000630340683,2.6667000630340683,18
PercDevAbs_TR_8,8,0.15077886266751742,0.00383,-2.6667000630340683,2.6667000630340683,18
PercDevAbs_TR_8,8.25,0.1287892602600611,0.00383,-2.6667000630340683,2.6667000630340683,18
PercDevAbs_TR_8,8.5,0.11111308669510576,0.00383,-2.6667000630340683,2.6667000630340683,18
PercDevAbs_TR_8,8.75,0.09671076465544441,0.00383,-2.6667000630340683,2.6667000630340683,18
PercDevAbs_TR_8,9,0.08477959645807874,0.00383,-2.6667000630340683,2.6667000630340683,18
PercDevAbs_TR_8,9.25,0.07482089383983799,0.00383,-2.6667000630340683,2.6667000630340683,18
PercDevAbs_TR_8,9.5,0.06657656388628992,0.00383,-2.6667000630340683,2.6667000630340683,18
PercDevAbs_TR_8,9.75,0.059848950525217534,0.00383,-2.6667000630340683,2.6667000630340683,18
PercDevAbs_TR_8,10,0.05441455143363598,0.00383,-2.6667000630340683,2.6667000630340683,18
PercDevAbs_TR_8,10.25,0.05001242281952745,0.00383,-2.6667000630340683,2.6667000630340683,18
PercDevAbs_TR_8,10.5,0.0463699691826006,0.00383,-2.6667000630340683,2.6667000630340683,18
PercDevAbs_TR_8,10.75,0.04325817138113116,0.00383,-2.6667000630340683,2.6667000630340683,18
PercDevAbs_TR_8,11,0.040501877439535115,0.00383,-2.6667000630340683,2.6667000630340683,18
PercDevAbs_TR_8,11.25,0.03798300812822073,0.00383,-2.6667000630340683,2.6667000630340683,18
PercDevAbs_TR_8,11.5,0.035642217689274565,0.00383,-2.6667000630340683,2.6667000630340683,18
PercDevAbs_TR_8,11.75,0.03345991864096295,0.00383,-2.6667000630340683,2.6667000630340683,18
PercDevAbs_TR_8,12,0.031424669793298075,0.00383,-2.6667000630340683,2.6667000630340683,18
PercDevAbs_TR_8,6,1.2313917993132366,0.00982,-2.3331552225672434,2.3331552225672434,17
PercDevAbs_TR_8,6.25,1.0747750038828239,0.00982,-2.3331552225672434,2.3331552225672434,17
PercDevAbs_TR_8,6.5,0.9352033484098952,0.00982,-2.3331552225672434,2.3331552225672434,17
PercDevAbs_TR_8,6.75,0.8113515379439548,0.00982,-2.3331552225672434,2.3331552225672434,17
PercDevAbs_TR_8,7,0.7022973559228208,0.00982,-2.3331552225672434,2.3331552225672434,17
PercDevAbs_TR_8,7.25,0.6073897921617478,0.00982,-2.3331552225672434,2.3331552225672434,17
PercDevAbs_TR_8,7.5,0.5260097802105127,0.00982,-2.3331552225672434,2.3331552225672434,17
PercDevAbs_TR_8,7.75,0.4572777059285311,0.00982,-2.3331552225672434,2.3331552225672434,17
PercDevAbs_TR_8,8,0.39985879976891864,0.00982,-2.3331552225672434,2.3331552225672434,17
PercDevAbs_TR_8,8.25,0.35214095033562653,0.00982,-2.3331552225672434,2.3331552225672434,17
PercDevAbs_TR_8,8.5,0.3125050503267755,0.00982,-2.3331552225672434,2.3331552225672434,17
PercDevAbs_TR_8,8.75,0.2792021864715043,0.00982,-2.3331552225672434,2.3331552225672434,17
PercDevAbs_TR_8,9,0.25081895044812536,0.00982,-2.3331552225672434,2.3331552225672434,17
PercDevAbs_TR_8,9.25,0.22646884156054561,0.00982,-2.3331552225672434,2.3331552225672434,17
PercDevAbs_TR_8,9.5,0.20571629987227041,0.00982,-2.3331552225672434,2.3331552225672434,17
PercDevAbs_TR_8,9.75,0.18822952455972775,0.00982,-2.3331552225672434,2.3331552225672434,17
PercDevAbs_TR_8,10,0.17360137259747363,0.00982,-2.3331552225672434,2.3331552225672434,17
PercDevAbs_TR_8,10.25,0.16131745291859861,0.00982,-2.3331552225672434,2.3331552225672434,17
PercDevAbs_TR_8,10.5,0.1508095946118636,0.00982,-2.3331552225672434,2.3331552225672434,17
PercDevAbs_TR_8,10.75,0.14158484555865877,0.00982,-2.3331552225672434,2.3331552225672434,17
PercDevAbs_TR_8,11,0.13325660459672709,0.00982,-2.3331552225672434,2.3331552225672434,17
PercDevAbs_TR_8,11.25,0.12555876704155494,0.00982,-2.3331552225672434,2.3331552225672434,17
PercDevAbs_TR_8,11.5,0.11835479453999906,0.00982,-2.3331552225672434,2.3331552225672434,17
PercDevAbs_TR_8,11.75,0.11159741464580669,0.00982,-2.3331552225672434,2.3331552225672434,17
PercDevAbs_TR_8,12,0.10525756536361743,0.00982,-2.3331552225672434,2.3331552225672434,17
PercDevAbs_TR_8,6,2.291287232442392,0.02275,-2.000002443899604,2.000002443899604,16
PercDevAbs_TR_8,6.25,2.041748945044684,0.02275,-2.000002443899604,2.000002443899604,16
PercDevAbs_TR_8,6.5,1.8157262130543685,0.02275,-2.000002443899604,2.000002443899604,16
PercDevAbs_TR_8,6.75,1.6116696122675205,0.02275,-2.000002443899604,2.000002443899604,16
PercDevAbs_TR_8,7,1.4286202158103805,0.02275,-2.000002443899604,2.000002443899604,16
PercDevAbs_TR_8,7.25,1.2660556364904207,0.02275,-2.000002443899604,2.000002443899604,16
PercDevAbs_TR_8,7.5,1.1235471906973507,0.02275,-2.000002443899604,2.000002443899604,16
PercDevAbs_TR_8,7.75,1.0002850791502351,0.02275,-2.000002443899604,2.000002443899604,16
PercDevAbs_TR_8,8,0.8947147083934811,0.02275,-2.000002443899604,2.000002443899604,16
PercDevAbs_TR_8,8.25,0.8047381932629831,0.02275,-2.000002443899604,2.000002443899604,16
PercDevAbs_TR_8,8.5,0.7281031983738971,0.02275,-2.000002443899604,2.000002443899604,16
PercDevAbs_TR_8,8.75,0.6621925095848783,0.02275,-2.000002443899604,2.000002443899604,16
PercDevAbs_TR_8,9,0.6048103666605041,0.02275,-2.000002443899604,2.000002443899604,16
PercDevAbs_TR_8,9.25,0.5545582431088095,0.02275,-2.000002443899604,2.000002443899604,16
PercDevAbs_TR_8,9.5,0.5107604005771579,0.02275,-2.000002443899604,2.000002443899604,16
PercDevAbs_TR_8,9.75,0.4729004369940384,0.02275,-2.000002443899604,2.000002443899604,16
PercDevAbs_TR_8,10,0.44032087850227325,0.02275,-2.000002443899604,2.000002443899604,16
PercDevAbs_TR_8,10.25,0.4121583732434615,0.02275,-2.000002443899604,2.000002443899604,16
PercDevAbs_TR_8,10.5,0.3874292245102083,0.02275,-2.000002443899604,2.000002443899604,16
PercDevAbs_TR_8,10.75,0.3652635800362449,0.02275,-2.000002443899604,2.000002443899604,16
PercDevAbs_TR_8,11,0.3449668998986141,0.02275,-2.000002443899604,2.000002443899604,16
PercDevAbs_TR_8,11.25,0.32605245394331955,0.02275,-2.000002443899604,2.000002443899604,16
PercDevAbs_TR_8,11.5,0.30826462606594063,0.02275,-2.000002443899604,2.000002443899604,16
PercDevAbs_TR_8,11.75,0.2915089342539013,0.02275,-2.000002443899604,2.000002443899604,16
PercDevAbs_TR_8,12,0.27572358476420034,0.02275,-2.000002443899604,2.000002443899604,16
PercDevAbs_TR_8,6,3.9605764840070075,0.04779,-1.6666702079210545,1.6666702079210545,15
PercDevAbs_TR_8,6.25,3.5864411419475917,0.04779,-1.6666702079210545,1.6666702079210545,15
PercDevAbs_TR_8,6.5,3.243347138748097,0.04779,-1.6666702079210545,1.6666702079210545,15
PercDevAbs_TR_8,6.75,2.929523439342357,0.04779,-1.6666702079210545,1.6666702079210545,15
PercDevAbs_TR_8,7,2.644003194938467,0.04779,-1.6666702079210545,1.6666702079210545,15
PercDevAbs_TR_8,7.25,2.386459682079609,0.04779,-1.6666702079210545,1.6666702079210545,15
PercDevAbs_TR_8,7.5,2.1567573654320467,0.04779,-1.6666702079210545,1.6666702079210545,15
PercDevAbs_TR_8,7.75,1.9542685266180497,0.04779,-1.6666702079210545,1.6666702079210545,15
PercDevAbs_TR_8,8,1.7773128218557694,0.04779,-1.6666702079210545,1.6666702079210545,15
PercDevAbs_TR_8,8.25,1.6233540625628093,0.04779,-1.6666702079210545,1.6666702079210545,15
PercDevAbs_TR_8,8.5,1.4894929043113663,0.04779,-1.6666702079210545,1.6666702079210545,15
PercDevAbs_TR_8,8.75,1.3721524320338734,0.04779,-1.6666702079210545,1.6666702079210545,15
PercDevAbs_TR_8,9,1.2682313717193563,0.04779,-1.6666702079210545,1.6666702079210545,15
PercDevAbs_TR_8,9.25,1.1757047013768482,0.04779,-1.6666702079210545,1.6666702079210545,15
PercDevAbs_TR_8,9.5,1.0935656168302812,0.04779,-1.6666702079210545,1.6666702079210545,15
PercDevAbs_TR_8,9.75,1.0210291080590848,0.04779,-1.6666702079210545,1.6666702079210545,15
PercDevAbs_TR_8,10,0.9571098584464767,0.04779,-1.6666702079210545,1.6666702079210545,15
PercDevAbs_TR_8,10.25,0.9005165910352647,0.04779,-1.6666702079210545,1.6666702079210545,15
PercDevAbs_TR_8,10.5,0.8497626185339252,0.04779,-1.6666702079210545,1.6666702079210545,15
PercDevAbs_TR_8,10.75,0.8035206328624823,0.04779,-1.6666702079210545,1.6666702079210545,15
PercDevAbs_TR_8,11,0.7607155264684291,0.04779,-1.6666702079210545,1.6666702079210545,15
PercDevAbs_TR_8,11.25,0.7205799305685909,0.04779,-1.6666702079210545,1.6666702079210545,15
PercDevAbs_TR_8,11.5,0.6826991557127087,0.04779,-1.6666702079210545,1.6666702079210545,15
PercDevAbs_TR_8,11.75,0.6469065929411818,0.04779,-1.6666702079210545,1.6666702079210545,15
PercDevAbs_TR_8,12,0.6130855610290764,0.04779,-1.6666702079210545,1.6666702079210545,15
PercDevAbs_TR_8,6,6.458848552620307,0.09121,-1.3333407702662026,1.3333407702662026,14
PercDevAbs_TR_8,6.25,5.924237413764981,0.09121,-1.3333407702662026,1.3333407702662026,14
PercDevAbs_TR_8,6.5,5.4292212585071065,0.09121,-1.3333407702662026,1.3333407702662026,14
PercDevAbs_TR_8,6.75,4.9717988880856785,0.09121,-1.3333407702662026,1.3333407702662026,14
PercDevAbs_TR_8,7,4.550985469473854,0.09121,-1.3333407702662026,1.3333407702662026,14
PercDevAbs_TR_8,7.25,4.166651896365592,0.09121,-1.3333407702662026,1.3333407702662026,14
PercDevAbs_TR_8,7.5,3.8189810433134146,0.09121,-1.3333407702662026,1.3333407702662026,14
PercDevAbs_TR_8,7.75,3.507577444723899,0.09121,-1.3333407702662026,1.3333407702662026,14
PercDevAbs_TR_8,8,3.230724014702525,0.09121,-1.3333407702662026,1.3333407702662026,14
PercDevAbs_TR_8,8.25,2.9855401330711695,0.09121,-1.3333407702662026,1.3333407702662026,14
PercDevAbs_TR_8,8.5,2.768531310915227,0.09121,-1.3333407702662026,1.3333407702662026,14
PercDevAbs_TR_8,8.75,2.5751808344876426,0.09121,-1.3333407702662026,1.3333407702662026,14
PercDevAbs_TR_8,9,2.4014490068080647,0.09121,-1.3333407702662026,1.3333407702662026,14
PercDevAbs_TR_8,9.25,2.2445950392511027,0.09121,-1.3333407702662026,1.3333407702662026,14
PercDevAbs_TR_8,9.5,2.1031451778971824,0.09121,-1.3333407702662026,1.3333407702662026,14
PercDevAbs_TR_8,9.75,1.975906063707003,0.09121,-1.3333407702662026,1.3333407702662026,14
PercDevAbs_TR_8,10,1.8614724228069535,0.09121,-1.3333407702662026,1.3333407702662026,14
PercDevAbs_TR_8,10.25,1.7580844942494729,0.09121,-1.3333407702662026,1.3333407702662026,14
PercDevAbs_TR_8,10.5,1.663737910950475,0.09121,-1.3333407702662026,1.3333407702662026,14
PercDevAbs_TR_8,10.75,1.5766413295513748,0.09121,-1.3333407702662026,1.3333407702662026,14
PercDevAbs_TR_8,11,1.495324670928173,0.09121,-1.3333407702662026,1.3333407702662026,14
PercDevAbs_TR_8,11.25,1.4187154802170974,0.09121,-1.3333407702662026,1.3333407702662026,14
PercDevAbs_TR_8,11.5,1.3462118175627968,0.09121,-1.3333407702662026,1.3333407702662026,14
PercDevAbs_TR_8,11.75,1.2775451710480565,0.09121,-1.3333407702662026,1.3333407702662026,14
PercDevAbs_TR_8,12,1.212513310829349,0.09121,-1.3333407702662026,1.3333407702662026,14
PercDevAbs_TR_8,6,10.050589987267964,0.15866,-0.9999803859660789,0.9999803859660789,13
PercDevAbs_TR_8,6.25,9.315803501837548,0.15866,-0.9999803859660789,0.9999803859660789,13
PercDevAbs_TR_8,6.5,8.630172744645265,0.15866,-0.9999803859660789,0.9999803859660789,13
PercDevAbs_TR_8,6.75,7.991439936467234,0.15866,-0.9999803859660789,0.9999803859660789,13
PercDevAbs_TR_8,7,7.398531829192766,0.15866,-0.9999803859660789,0.9999803859660789,13
PercDevAbs_TR_8,7.25,6.851414616712527,0.15866,-0.9999803859660789,0.9999803859660789,13
PercDevAbs_TR_8,7.5,6.350483880978913,0.15866,-0.9999803859660789,0.9999803859660789,13
PercDevAbs_TR_8,7.75,5.8955100217990966,0.15866,-0.9999803859660789,0.9999803859660789,13
PercDevAbs_TR_8,8,5.484790849285333,0.15866,-0.9999803859660789,0.9999803859660789,13
PercDevAbs_TR_8,8.25,5.115236088896792,0.15866,-0.9999803859660789,0.9999803859660789,13
PercDevAbs_TR_8,8.5,4.782885211222098,0.15866,-0.9999803859660789,0.9999803859660789,13
PercDevAbs_TR_8,8.75,4.482459070745526,0.15866,-0.9999803859660789,0.9999803859660789,13
PercDevAbs_TR_8,9,4.209081965884635,0.15866,-0.9999803859660789,0.9999803859660789,13
PercDevAbs_TR_8,9.25,3.959249050175881,0.15866,-0.9999803859660789,0.9999803859660789,13
PercDevAbs_TR_8,9.5,3.7308177787171792,0.15866,-0.9999803859660789,0.9999803859660789,13
PercDevAbs_TR_8,9.75,3.5219638830580564,0.15866,-0.9999803859660789,0.9999803859660789,13
PercDevAbs_TR_8,10,3.3307497105301045,0.15866,-0.9999803859660789,0.9999803859660789,13
PercDevAbs_TR_8,10.25,3.1549691638701662,0.15866,-0.9999803859660789,0.9999803859660789,13
PercDevAbs_TR_8,10.5,2.992204403191146,0.15866,-0.9999803859660789,0.9999803859660789,13
PercDevAbs_TR_8,10.75,2.840315416651493,0.15866,-0.9999803859660789,0.9999803859660789,13
PercDevAbs_TR_8,11,2.6975208236252426,0.15866,-0.9999803859660789,0.9999803859660789,13
PercDevAbs_TR_8,11.25,2.5624809443924295,0.15866,-0.9999803859660789,0.9999803859660789,13
PercDevAbs_TR_8,11.5,2.4344018343392375,0.15866,-0.9999803859660789,0.9999803859660789,13
PercDevAbs_TR_8,11.75,2.3128791176570718,0.15866,-0.9999803859660789,0.9999803859660789,13
PercDevAbs_TR_8,12,2.197584203186558,0.15866,-0.9999803859660789,0.9999803859660789,13
PercDevAbs_TR_8,6,15.046551081425822,0.25249,-0.6666746102242979,0.6666746102242979,12
PercDevAbs_TR_8,6.25,14.068695177078233,0.25249,-0.6666746102242979,0.6666746102242979,12
PercDevAbs_TR_8,6.5,13.15054660302921,0.25249,-0.6666746102242979,0.6666746102242979,12
PercDevAbs_TR_8,6.75,12.289539760546932,0.25249,-0.6666746102242979,0.6666746102242979,12
PercDevAbs_TR_8,7,11.48435848771554,0.25249,-0.6666746102242979,0.6666746102242979,12
PercDevAbs_TR_8,7.25,10.734813664708398,0.25249,-0.6666746102242979,0.6666746102242979,12
PercDevAbs_TR_8,7.5,10.04121610260282,0.25249,-0.6666746102242979,0.6666746102242979,12
PercDevAbs_TR_8,7.75,9.403256418405633,0.25249,-0.6666746102242979,0.6666746102242979,12
PercDevAbs_TR_8,8,8.819223327771617,0.25249,-0.6666746102242979,0.6666746102242979,12
PercDevAbs_TR_8,8.25,8.285984543063408,0.25249,-0.6666746102242979,0.6666746102242979,12
PercDevAbs_TR_8,8.5,7.799331502995119,0.25249,-0.6666746102242979,0.6666746102242979,12
PercDevAbs_TR_8,8.75,7.353609094978008,0.25249,-0.6666746102242979,0.6666746102242979,12
PercDevAbs_TR_8,9,6.943394417155923,0.25249,-0.6666746102242979,0.6666746102242979,12
PercDevAbs_TR_8,9.25,6.564429275900675,0.25249,-0.6666746102242979,0.6666746102242979,12
PercDevAbs_TR_8,9.5,6.2136106664789965,0.25249,-0.6666746102242979,0.6666746102242979,12
PercDevAbs_TR_8,9.75,5.88814710588875,0.25249,-0.6666746102242979,0.6666746102242979,12
PercDevAbs_TR_8,10,5.585429267820906,0.25249,-0.6666746102242979,0.6666746102242979,12
PercDevAbs_TR_8,10.25,5.302917426637952,0.25249,-0.6666746102242979,0.6666746102242979,12
PercDevAbs_TR_8,10.5,5.038056453966546,0.25249,-0.6666746102242979,0.6666746102242979,12
PercDevAbs_TR_8,10.75,4.788650319004541,0.25249,-0.6666746102242979,0.6666746102242979,12
PercDevAbs_TR_8,11,4.5528342006172045,0.25249,-0.6666746102242979,0.6666746102242979,12
PercDevAbs_TR_8,11.25,4.329132456151551,0.25249,-0.6666746102242979,0.6666746102242979,12
PercDevAbs_TR_8,11.5,4.116591433648985,0.25249,-0.6666746102242979,0.6666746102242979,12
PercDevAbs_TR_8,11.75,3.9146337454091866,0.25249,-0.6666746102242979,0.6666746102242979,12
PercDevAbs_TR_8,12,3.7227517956813307,0.25249,-0.6666746102242979,0.6666746102242979,12
PercDevAbs_TR_8,6,21.811343775973363,0.36944,-0.33333688458431254,0.33333688458431254,11
PercDevAbs_TR_8,6.25,20.544861252651213,0.36944,-0.33333688458431254,0.33333688458431254,11
PercDevAbs_TR_8,6.5,19.349630521136387,0.36944,-0.33333688458431254,0.33333688458431254,11
PercDevAbs_TR_8,6.75,18.22269441621973,0.36944,-0.33333688458431254,0.33333688458431254,11
PercDevAbs_TR_8,7,17.16222911188253,0.36944,-0.33333688458431254,0.33333688458431254,11
PercDevAbs_TR_8,7.25,16.167442395900355,0.36944,-0.33333688458431254,0.33333688458431254,11
PercDevAbs_TR_8,7.5,15.238003129534107,0.36944,-0.33333688458431254,0.33333688458431254,11
PercDevAbs_TR_8,7.75,14.373026547418762,0.36944,-0.33333688458431254,0.33333688458431254,11
PercDevAbs_TR_8,8,13.570648552963467,0.36944,-0.33333688458431254,0.33333688458431254,11
PercDevAbs_TR_8,8.25,12.82788458100885,0.36944,-0.33333688458431254,0.33333688458431254,11
PercDevAbs_TR_8,8.5,12.140596092056747,0.36944,-0.33333688458431254,0.33333688458431254,11
PercDevAbs_TR_8,8.75,11.503403574167574,0.36944,-0.33333688458431254,0.33333688458431254,11
PercDevAbs_TR_8,9,10.910867879235193,0.36944,-0.33333688458431254,0.33333688458431254,11
PercDevAbs_TR_8,9.25,10.35806622597358,0.36944,-0.33333688458431254,0.33333688458431254,11
PercDevAbs_TR_8,9.5,9.840525783839295,0.36944,-0.33333688458431254,0.33333688458431254,11
PercDevAbs_TR_8,9.75,9.354002007947003,0.36944,-0.33333688458431254,0.33333688458431254,11
PercDevAbs_TR_8,10,8.895039440728622,0.36944,-0.33333688458431254,0.33333688458431254,11
PercDevAbs_TR_8,10.25,8.460998681143334,0.36944,-0.33333688458431254,0.33333688458431254,11
PercDevAbs_TR_8,10.5,8.04969483425407,0.36944,-0.33333688458431254,0.33333688458431254,11
PercDevAbs_TR_8,10.75,7.659407900051437,0.36944,-0.33333688458431254,0.33333688458431254,11
PercDevAbs_TR_8,11,7.288613521458832,0.36944,-0.33333688458431254,0.33333688458431254,11
PercDevAbs_TR_8,11.25,6.935959734316231,0.36944,-0.33333688458431254,0.33333688458431254,11
PercDevAbs_TR_8,11.5,6.600417847971223,0.36944,-0.33333688458431254,0.33333688458431254,11
PercDevAbs_TR_8,11.75,6.281198212054452,0.36944,-0.33333688458431254,0.33333688458431254,11
PercDevAbs_TR_8,12,5.977547819081788,0.36944,-0.33333688458431254,0.33333688458431254,11
PercDevAbs_TR_8,6,30.76388871830911,0.5,0,-0,10
PercDevAbs_TR_8,6.25,29.161381290242403,0.5,0,-0,10
PercDevAbs_TR_8,6.5,27.642678978047034,0.5,0,-0,10
PercDevAbs_TR_8,6.75,26.2043088044832,0.5,0,-0,10
PercDevAbs_TR_8,7,24.84353575885477,0.5,0,-0,10
PercDevAbs_TR_8,7.25,23.55826573773747,0.5,0,-0,10
PercDevAbs_TR_8,7.5,22.34663341226152,0.5,0,-0,10
PercDevAbs_TR_8,7.75,21.206354186178217,0.5,0,-0,10
PercDevAbs_TR_8,8,20.135097782156837,0.5,0,-0,10
PercDevAbs_TR_8,8.25,19.130226070770036,0.5,0,-0,10
PercDevAbs_TR_8,8.5,18.188100090493002,0.5,0,-0,10
PercDevAbs_TR_8,8.75,17.304594281151612,0.5,0,-0,10
PercDevAbs_TR_8,9,16.475088278075606,0.5,0,-0,10
PercDevAbs_TR_8,9.25,15.694183024969929,0.5,0,-0,10
PercDevAbs_TR_8,9.5,14.955478326222277,0.5,0,-0,10
PercDevAbs_TR_8,9.75,14.252601862053357,0.5,0,-0,10
PercDevAbs_TR_8,10,13.581033481481947,0.5,0,-0,10
PercDevAbs_TR_8,10.25,12.938423603957789,0.5,0,-0,10
PercDevAbs_TR_8,10.5,12.323762693676658,0.5,0,-0,10
PercDevAbs_TR_8,10.75,11.736647619301648,0.5,0,-0,10
PercDevAbs_TR_8,11,11.176572470924036,0.5,0,-0,10
PercDevAbs_TR_8,11.25,10.642736261482694,0.5,0,-0,10
PercDevAbs_TR_8,11.5,10.134189637658466,0.5,0,-0,10
PercDevAbs_TR_8,11.75,9.64989076466537,0.5,0,-0,10
PercDevAbs_TR_8,12,9.188759116656454,0.5,0,-0,10
PercDevAbs_TR_8,6,42.384013105046925,0.63056,0.33333688458431254,-0.33333688458431254,9
PercDevAbs_TR_8,6.25,40.39705637414199,0.63056,0.33333688458431254,-0.33333688458431254,9
PercDevAbs_TR_8,6.5,38.507505989179776,0.63056,0.33333688458431254,-0.33333688458431254,9
PercDevAbs_TR_8,6.75,36.711199679530026,0.63056,0.33333688458431254,-0.33333688458431254,9
PercDevAbs_TR_8,7,35.00391772507584,0.63056,0.33333688458431254,-0.33333688458431254,9
PercDevAbs_TR_8,7.25,33.381255171996195,0.63056,0.33333688458431254,-0.33333688458431254,9
PercDevAbs_TR_8,7.5,31.838502172607406,0.63056,0.33333688458431254,-0.33333688458431254,9
PercDevAbs_TR_8,7.75,30.37073367578233,0.63056,0.33333688458431254,-0.33333688458431254,9
PercDevAbs_TR_8,8,28.974614358149353,0.63056,0.33333688458431254,-0.33333688458431254,9
PercDevAbs_TR_8,8.25,27.64804466346261,0.63056,0.33333688458431254,-0.33333688458431254,9
PercDevAbs_TR_8,8.5,26.388437736129255,0.63056,0.33333688458431254,-0.33333688458431254,9
PercDevAbs_TR_8,8.75,25.194294045507295,0.63056,0.33333688458431254,-0.33333688458431254,9
PercDevAbs_TR_8,9,24.063018586395966,0.63056,0.33333688458431254,-0.33333688458431254,9
PercDevAbs_TR_8,9.25,22.989046956625707,0.63056,0.33333688458431254,-0.33333688458431254,9
PercDevAbs_TR_8,9.5,21.963311613256156,0.63056,0.33333688458431254,-0.33333688458431254,9
PercDevAbs_TR_8,9.75,20.976404834972257,0.63056,0.33333688458431254,-0.33333688458431254,9
PercDevAbs_TR_8,10,20.02246870162388,0.63056,0.33333688458431254,-0.33333688458431254,9
PercDevAbs_TR_8,10.25,19.10002602837207,0.63056,0.33333688458431254,-0.33333688458431254,9
PercDevAbs_TR_8,10.5,18.21041842253047,0.63056,0.33333688458431254,-0.33333688458431254,9
PercDevAbs_TR_8,10.75,17.355785885749135,0.63056,0.33333688458431254,-0.33333688458431254,9
PercDevAbs_TR_8,11,16.537637170786105,0.63056,0.33333688458431254,-0.33333688458431254,9
PercDevAbs_TR_8,11.25,15.756360658945244,0.63056,0.33333688458431254,-0.33333688458431254,9
PercDevAbs_TR_8,11.5,15.011329585925996,0.63056,0.33333688458431254,-0.33333688458431254,9
PercDevAbs_TR_8,11.75,14.301210908245938,0.63056,0.33333688458431254,-0.33333688458431254,9
PercDevAbs_TR_8,12,13.624496617271086,0.63056,0.33333688458431254,-0.33333688458431254,9
PercDevAbs_TR_8,6,57.217048625275496,0.74751,0.6666746102242979,-0.6666746102242979,8
PercDevAbs_TR_8,6.25,54.79712902143437,0.74751,0.6666746102242979,-0.6666746102242979,8
PercDevAbs_TR_8,6.5,52.489330265375145,0.74751,0.6666746102242979,-0.6666746102242979,8
PercDevAbs_TR_8,6.75,50.288568678961774,0.74751,0.6666746102242979,-0.6666746102242979,8
PercDevAbs_TR_8,7,48.18836223830227,0.74751,0.6666746102242979,-0.6666746102242979,8
PercDevAbs_TR_8,7.25,46.18061124214549,0.74751,0.6666746102242979,-0.6666746102242979,8
PercDevAbs_TR_8,7.5,44.255941687852484,0.74751,0.6666746102242979,-0.6666746102242979,8
PercDevAbs_TR_8,7.75,42.405035008220295,0.74751,0.6666746102242979,-0.6666746102242979,8
PercDevAbs_TR_8,8,40.62272443946353,0.74751,0.6666746102242979,-0.6666746102242979,8
PercDevAbs_TR_8,8.25,38.907616632941064,0.74751,0.6666746102242979,-0.6666746102242979,8
PercDevAbs_TR_8,8.5,37.2588641688965,0.74751,0.6666746102242979,-0.6666746102242979,8
PercDevAbs_TR_8,8.75,35.67943233046674,0.74751,0.6666746102242979,-0.6666746102242979,8
PercDevAbs_TR_8,9,34.17040343033533,0.74751,0.6666746102242979,-0.6666746102242979,8
PercDevAbs_TR_8,9.25,32.72650647602163,0.74751,0.6666746102242979,-0.6666746102242979,8
PercDevAbs_TR_8,9.5,31.335046378297296,0.74751,0.6666746102242979,-0.6666746102242979,8
PercDevAbs_TR_8,9.75,29.982390929206648,0.74751,0.6666746102242979,-0.6666746102242979,8
PercDevAbs_TR_8,10,28.66100527900013,0.74751,0.6666746102242979,-0.6666746102242979,8
PercDevAbs_TR_8,10.25,27.37110151393324,0.74751,0.6666746102242979,-0.6666746102242979,8
PercDevAbs_TR_8,10.5,26.117999235815766,0.74751,0.6666746102242979,-0.6666746102242979,8
PercDevAbs_TR_8,10.75,24.908077694704815,0.74751,0.6666746102242979,-0.6666746102242979,8
PercDevAbs_TR_8,11,23.74624548522255,0.74751,0.6666746102242979,-0.6666746102242979,8
PercDevAbs_TR_8,11.25,22.63497777907967,0.74751,0.6666746102242979,-0.6666746102242979,8
PercDevAbs_TR_8,11.5,21.57432372697443,0.74751,0.6666746102242979,-0.6666746102242979,8
PercDevAbs_TR_8,11.75,20.562622746263788,0.74751,0.6666746102242979,-0.6666746102242979,8
PercDevAbs_TR_8,12,19.597819212445582,0.74751,0.6666746102242979,-0.6666746102242979,8
PercDevAbs_TR_8,6,75.87725210939571,0.84134,0.9999803859660789,-0.9999803859660789,7
PercDevAbs_TR_8,6.25,72.97685977228092,0.84134,0.9999803859660789,-0.9999803859660789,7
PercDevAbs_TR_8,6.5,70.20451039643868,0.84134,0.9999803859660789,-0.9999803859660789,7
PercDevAbs_TR_8,6.75,67.55389812900195,0.84134,0.9999803859660789,-0.9999803859660789,7
PercDevAbs_TR_8,7,65.01526021123918,0.84134,0.9999803859660789,-0.9999803859660789,7
PercDevAbs_TR_8,7.25,62.574973161340694,0.84134,0.9999803859660789,-0.9999803859660789,7
PercDevAbs_TR_8,7.5,60.21657072423612,0.84134,0.9999803859660789,-0.9999803859660789,7
PercDevAbs_TR_8,7.75,57.923970329787316,0.84134,0.9999803859660789,-0.9999803859660789,7
PercDevAbs_TR_8,8,55.68899164112757,0.84134,0.9999803859660789,-0.9999803859660789,7
PercDevAbs_TR_8,8.25,53.511070185182604,0.84134,0.9999803859660789,-0.9999803859660789,7
PercDevAbs_TR_8,8.5,51.39193209237305,0.84134,0.9999803859660789,-0.9999803859660789,7
PercDevAbs_TR_8,8.75,49.34139160641809,0.84134,0.9999803859660789,-0.9999803859660789,7
PercDevAbs_TR_8,9,47.36638562692931,0.84134,0.9999803859660789,-0.9999803859660789,7
PercDevAbs_TR_8,9.25,45.46257048537719,0.84134,0.9999803859660789,-0.9999803859660789,7
PercDevAbs_TR_8,9.5,43.61240209922287,0.84134,0.9999803859660789,-0.9999803859660789,7
PercDevAbs_TR_8,9.75,41.7965004760299,0.84134,0.9999803859660789,-0.9999803859660789,7
PercDevAbs_TR_8,10,40.00523597335862,0.84134,0.9999803859660789,-0.9999803859660789,7
PercDevAbs_TR_8,10.25,38.24160592246683,0.84134,0.9999803859660789,-0.9999803859660789,7
PercDevAbs_TR_8,10.5,36.51707335026396,0.84134,0.9999803859660789,-0.9999803859660789,7
PercDevAbs_TR_8,10.75,34.844514666954275,0.84134,0.9999803859660789,-0.9999803859660789,7
PercDevAbs_TR_8,11,33.23408955269565,0.84134,0.9999803859660789,-0.9999803859660789,7
PercDevAbs_TR_8,11.25,31.69156874157181,0.84134,0.9999803859660789,-0.9999803859660789,7
PercDevAbs_TR_8,11.5,30.218163896188823,0.84134,0.9999803859660789,-0.9999803859660789,7
PercDevAbs_TR_8,11.75,28.811855312747824,0.84134,0.9999803859660789,-0.9999803859660789,7
PercDevAbs_TR_8,12,27.46989703006088,0.84134,0.9999803859660789,-0.9999803859660789,7
PercDevAbs_TR_8,6,99.0632096282342,0.90879,1.3333407702662026,-1.3333407702662026,6
PercDevAbs_TR_8,6.25,95.63681473485128,0.90879,1.3333407702662026,-1.3333407702662026,6
PercDevAbs_TR_8,6.5,92.35572782600278,0.90879,1.3333407702662026,-1.3333407702662026,6
PercDevAbs_TR_8,6.75,89.21203996129452,0.90879,1.3333407702662026,-1.3333407702662026,6
PercDevAbs_TR_8,7,86.1914065145954,0.90879,1.3333407702662026,-1.3333407702662026,6
PercDevAbs_TR_8,7.25,83.27232631695325,0.90879,1.3333407702662026,-1.3333407702662026,6
PercDevAbs_TR_8,7.5,80.42809184638382,0.90879,1.3333407702662026,-1.3333407702662026,6
PercDevAbs_TR_8,7.75,77.63274970280425,0.90879,1.3333407702662026,-1.3333407702662026,6
PercDevAbs_TR_8,8,74.87349122633616,0.90879,1.3333407702662026,-1.3333407702662026,6
PercDevAbs_TR_8,8.25,72.15063589418781,0.90879,1.3333407702662026,-1.3333407702662026,6
PercDevAbs_TR_8,8.5,69.46947820461538,0.90879,1.3333407702662026,-1.3333407702662026,6
PercDevAbs_TR_8,8.75,66.84970028931782,0.90879,1.3333407702662026,-1.3333407702662026,6
PercDevAbs_TR_8,9,64.30688671007933,0.90879,1.3333407702662026,-1.3333407702662026,6
PercDevAbs_TR_8,9.25,61.83846055690641,0.90879,1.3333407702662026,-1.3333407702662026,6
PercDevAbs_TR_8,9.5,59.420498438363545,0.90879,1.3333407702662026,-1.3333407702662026,6
PercDevAbs_TR_8,9.75,57.02595410188494,0.90879,1.3333407702662026,-1.3333407702662026,6
PercDevAbs_TR_8,10,54.642591517202234,0.90879,1.3333407702662026,-1.3333407702662026,6
PercDevAbs_TR_8,10.25,52.27761890171888,0.90879,1.3333407702662026,-1.3333407702662026,6
PercDevAbs_TR_8,10.5,49.95144600062891,0.90879,1.3333407702662026,-1.3333407702662026,6
PercDevAbs_TR_8,10.75,47.68637047836163,0.90879,1.3333407702662026,-1.3333407702662026,6
PercDevAbs_TR_8,11,45.50020788114765,0.90879,1.3333407702662026,-1.3333407702662026,6
PercDevAbs_TR_8,11.25,43.40360387961782,0.90879,1.3333407702662026,-1.3333407702662026,6
PercDevAbs_TR_8,11.5,41.399578661329386,0.90879,1.3333407702662026,-1.3333407702662026,6
PercDevAbs_TR_8,11.75,39.485728685722044,0.90879,1.3333407702662026,-1.3333407702662026,6
PercDevAbs_TR_8,12,37.658449376043734,0.90879,1.3333407702662026,-1.3333407702662026,6
PercDevAbs_TR_8,6,127.54648882648206,0.95221,1.6666702079210545,-1.6666702079210545,5
PercDevAbs_TR_8,6.25,123.55207822771844,0.95221,1.6666702079210545,-1.6666702079210545,5
PercDevAbs_TR_8,6.5,119.7217500088059,0.95221,1.6666702079210545,-1.6666702079210545,5
PercDevAbs_TR_8,6.75,116.04551986061226,0.95221,1.6666702079210545,-1.6666702079210545,5
PercDevAbs_TR_8,7,112.50283523834368,0.95221,1.6666702079210545,-1.6666702079210545,5
PercDevAbs_TR_8,7.25,109.0613572370598,0.95221,1.6666702079210545,-1.6666702079210545,5
PercDevAbs_TR_8,7.5,105.68015165175399,0.95221,1.6666702079210545,-1.6666702079210545,5
PercDevAbs_TR_8,7.75,102.31942800900849,0.95221,1.6666702079210545,-1.6666702079210545,5
PercDevAbs_TR_8,8,98.95962069784152,0.95221,1.6666702079210545,-1.6666702079210545,5
PercDevAbs_TR_8,8.25,95.60189452658483,0.95221,1.6666702079210545,-1.6666702079210545,5
PercDevAbs_TR_8,8.5,92.25627988396259,0.95221,1.6666702079210545,-1.6666702079210545,5
PercDevAbs_TR_8,8.75,88.956070621028,0.95221,1.6666702079210545,-1.6666702079210545,5
PercDevAbs_TR_8,9,85.72900030798282,0.95221,1.6666702079210545,-1.6666702079210545,5
PercDevAbs_TR_8,9.25,82.57533570121629,0.95221,1.6666702079210545,-1.6666702079210545,5
PercDevAbs_TR_8,9.5,79.46288764780091,0.95221,1.6666702079210545,-1.6666702079210545,5
PercDevAbs_TR_8,9.75,76.3545690520898,0.95221,1.6666702079210545,-1.6666702079210545,5
PercDevAbs_TR_8,10,73.23491769585836,0.95221,1.6666702079210545,-1.6666702079210545,5
PercDevAbs_TR_8,10.25,70.11716024769201,0.95221,1.6666702079210545,-1.6666702079210545,5
PercDevAbs_TR_8,10.5,67.03419645099754,0.95221,1.6666702079210545,-1.6666702079210545,5
PercDevAbs_TR_8,10.75,64.02144289704437,0.95221,1.6666702079210545,-1.6666702079210545,5
PercDevAbs_TR_8,11,61.10741953928287,0.95221,1.6666702079210545,-1.6666702079210545,5
PercDevAbs_TR_8,11.25,58.309658361210744,0.95221,1.6666702079210545,-1.6666702079210545,5
PercDevAbs_TR_8,11.5,55.633820904568346,0.95221,1.6666702079210545,-1.6666702079210545,5
PercDevAbs_TR_8,11.75,53.077104635351986,0.95221,1.6666702079210545,-1.6666702079210545,5
PercDevAbs_TR_8,12,50.63484999389543,0.95221,1.6666702079210545,-1.6666702079210545,5
PercDevAbs_TR_8,6,162.1974593685232,0.97725,2.0000024438996027,-2.0000024438996027,4
PercDevAbs_TR_8,6.25,157.5977645730473,0.97725,2.0000024438996027,-2.0000024438996027,4
PercDevAbs_TR_8,6.5,153.1826530360108,0.97725,2.0000024438996027,-2.0000024438996027,4
PercDevAbs_TR_8,6.75,148.93948791555476,0.97725,2.0000024438996027,-2.0000024438996027,4
PercDevAbs_TR_8,7,144.839508004477,0.97725,2.0000024438996027,-2.0000024438996027,4
PercDevAbs_TR_8,7.25,140.8358753236881,0.97725,2.0000024438996027,-2.0000024438996027,4
PercDevAbs_TR_8,7.5,136.868472607838,0.97725,2.0000024438996027,-2.0000024438996027,4
PercDevAbs_TR_8,7.75,132.87870392194068,0.97725,2.0000024438996027,-2.0000024438996027,4
PercDevAbs_TR_8,8,128.8375112524599,0.97725,2.0000024438996027,-2.0000024438996027,4
PercDevAbs_TR_8,8.25,124.74674415436627,0.97725,2.0000024438996027,-2.0000024438996027,4
PercDevAbs_TR_8,8.5,120.62252468720203,0.97725,2.0000024438996027,-2.0000024438996027,4
PercDevAbs_TR_8,8.75,116.51633329862145,0.97725,2.0000024438996027,-2.0000024438996027,4
PercDevAbs_TR_8,9,112.47237001084129,0.97725,2.0000024438996027,-2.0000024438996027,4
PercDevAbs_TR_8,9.25,108.49509577350359,0.97725,2.0000024438996027,-2.0000024438996027,4
PercDevAbs_TR_8,9.5,104.54175598619932,0.97725,2.0000024438996027,-2.0000024438996027,4
PercDevAbs_TR_8,9.75,100.56231893054934,0.97725,2.0000024438996027,-2.0000024438996027,4
PercDevAbs_TR_8,10,96.53735005839977,0.97725,2.0000024438996027,-2.0000024438996027,4
PercDevAbs_TR_8,10.25,92.48834444175435,0.97725,2.0000024438996027,-2.0000024438996027,4
PercDevAbs_TR_8,10.5,88.4650940308066,0.97725,2.0000024438996027,-2.0000024438996027,4
PercDevAbs_TR_8,10.75,84.52073074190773,0.97725,2.0000024438996027,-2.0000024438996027,4
PercDevAbs_TR_8,11,80.69827618797797,0.97725,2.0000024438996027,-2.0000024438996027,4
PercDevAbs_TR_8,11.25,77.0246632043989,0.97725,2.0000024438996027,-2.0000024438996027,4
PercDevAbs_TR_8,11.5,73.50924579393661,0.97725,2.0000024438996027,-2.0000024438996027,4
PercDevAbs_TR_8,11.75,70.14881946868468,0.97725,2.0000024438996027,-2.0000024438996027,4
PercDevAbs_TR_8,12,66.93744176519948,0.97725,2.0000024438996027,-2.0000024438996027,4
PercDevAbs_TR_8,6,203.958748543719,0.99018,2.3331552225672416,-2.3331552225672416,3
PercDevAbs_TR_8,6.25,198.7232090356642,0.99018,2.3331552225672416,-2.3331552225672416,3
PercDevAbs_TR_8,6.5,193.69473264897096,0.99018,2.3331552225672416,-2.3331552225672416,3
PercDevAbs_TR_8,6.75,188.8573359853866,0.99018,2.3331552225672416,-2.3331552225672416,3
PercDevAbs_TR_8,7,184.17162784324844,0.99018,2.3331552225672416,-2.3331552225672416,3
PercDevAbs_TR_8,7.25,179.57181947849486,0.99018,2.3331552225672416,-2.3331552225672416,3
PercDevAbs_TR_8,7.5,174.9725558049158,0.99018,2.3331552225672416,-2.3331552225672416,3
PercDevAbs_TR_8,7.75,170.29032802360578,0.99018,2.3331552225672416,-2.3331552225672416,3
PercDevAbs_TR_8,8,165.4831513061766,0.99018,2.3331552225672416,-2.3331552225672416,3
PercDevAbs_TR_8,8.25,160.55324546137038,0.99018,2.3331552225672416,-2.3331552225672416,3
PercDevAbs_TR_8,8.5,155.52437868920606,0.99018,2.3331552225672416,-2.3331552225672416,3
PercDevAbs_TR_8,8.75,150.47172108995846,0.99018,2.3331552225672416,-2.3331552225672416,3
PercDevAbs_TR_8,9,145.46117351561648,0.99018,2.3331552225672416,-2.3331552225672416,3
PercDevAbs_TR_8,9.25,140.50305036442026,0.99018,2.3331552225672416,-2.3331552225672416,3
PercDevAbs_TR_8,9.5,135.54126696708437,0.99018,2.3331552225672416,-2.3331552225672416,3
PercDevAbs_TR_8,9.75,130.50934724756095,0.99018,2.3331552225672416,-2.3331552225672416,3
PercDevAbs_TR_8,10,125.3829959868651,0.99018,2.3331552225672416,-2.3331552225672416,3
PercDevAbs_TR_8,10.25,120.19472658865574,0.99018,2.3331552225672416,-2.3331552225672416,3
PercDevAbs_TR_8,10.5,115.01659710402912,0.99018,2.3331552225672416,-2.3331552225672416,3
PercDevAbs_TR_8,10.75,109.9250686325144,0.99018,2.3331552225672416,-2.3331552225672416,3
PercDevAbs_TR_8,11,104.98231036775812,0.99018,2.3331552225672416,-2.3331552225672416,3
PercDevAbs_TR_8,11.25,100.22774193135862,0.99018,2.3331552225672416,-2.3331552225672416,3
PercDevAbs_TR_8,11.5,95.67570982463224,0.99018,2.3331552225672416,-2.3331552225672416,3
PercDevAbs_TR_8,11.75,91.32262015436076,0.99018,2.3331552225672416,-2.3331552225672416,3
PercDevAbs_TR_8,12,87.16098561832797,0.99018,2.3331552225672416,-2.3331552225672416,3
PercDevAbs_TR_8,6,253.98539748558696,0.99617,2.6667000630340683,-2.6667000630340683,2
PercDevAbs_TR_8,6.25,248.09041159778835,0.99617,2.6667000630340683,-2.6667000630340683,2
PercDevAbs_TR_8,6.5,242.42730943170824,0.99617,2.6667000630340683,-2.6667000630340683,2
PercDevAbs_TR_8,6.75,236.97592616604564,0.99617,2.6667000630340683,-2.6667000630340683,2
PercDevAbs_TR_8,7,231.6833134363664,0.99617,2.6667000630340683,-2.6667000630340683,2
PercDevAbs_TR_8,7.25,226.45932945335915,0.99617,2.6667000630340683,-2.6667000630340683,2
PercDevAbs_TR_8,7.5,221.1860047703152,0.99617,2.6667000630340683,-2.6667000630340683,2
PercDevAbs_TR_8,7.75,215.74743823729008,0.99617,2.6667000630340683,-2.6667000630340683,2
PercDevAbs_TR_8,8,210.08444001332802,0.99617,2.6667000630340683,-2.6667000630340683,2
PercDevAbs_TR_8,8.25,204.19909680331077,0.99617,2.6667000630340683,-2.6667000630340683,2
PercDevAbs_TR_8,8.5,198.12461196145173,0.99617,2.6667000630340683,-2.6667000630340683,2
PercDevAbs_TR_8,8.75,191.9664608377954,0.99617,2.6667000630340683,-2.6667000630340683,2
PercDevAbs_TR_8,9,185.81857874783486,0.99617,2.6667000630340683,-2.6667000630340683,2
PercDevAbs_TR_8,9.25,179.699159710455,0.99617,2.6667000630340683,-2.6667000630340683,2
PercDevAbs_TR_8,9.5,173.5354591452819,0.99617,2.6667000630340683,-2.6667000630340683,2
PercDevAbs_TR_8,9.75,167.24033381977117,0.99617,2.6667000630340683,-2.6667000630340683,2
PercDevAbs_TR_8,10,160.78356414977003,0.99617,2.6667000630340683,-2.6667000630340683,2
PercDevAbs_TR_8,10.25,154.21203157790626,0.99617,2.6667000630340683,-2.6667000630340683,2
PercDevAbs_TR_8,10.5,147.62660338341018,0.99617,2.6667000630340683,-2.6667000630340683,2
PercDevAbs_TR_8,10.75,141.13390881362352,0.99617,2.6667000630340683,-2.6667000630340683,2
PercDevAbs_TR_8,11,134.8209325025962,0.99617,2.6667000630340683,-2.6667000630340683,2
PercDevAbs_TR_8,11.25,128.74335464004335,0.99617,2.6667000630340683,-2.6667000630340683,2
PercDevAbs_TR_8,11.5,122.92211358185183,0.99617,2.6667000630340683,-2.6667000630340683,2
PercDevAbs_TR_8,11.75,117.35325663145149,0.99617,2.6667000630340683,-2.6667000630340683,2
PercDevAbs_TR_8,12,112.02744808077478,0.99617,2.6667000630340683,-2.6667000630340683,2
PercDevAbs_TR_8,6,313.3772574672076,0.99865,2.999976992703401,-2.999976992703401,1
PercDevAbs_TR_8,6.25,306.8104895714683,0.99865,2.999976992703401,-2.999976992703401,1
PercDevAbs_TR_8,6.5,300.5031019786433,0.99865,2.999976992703401,-2.999976992703401,1
PercDevAbs_TR_8,6.75,294.4297701485242,0.99865,2.999976992703401,-2.999976992703401,1
PercDevAbs_TR_8,7,288.520538242681,0.99865,2.999976992703401,-2.999976992703401,1
PercDevAbs_TR_8,7.25,282.6545191930125,0.99865,2.999976992703401,-2.999976992703401,1
PercDevAbs_TR_8,7.5,276.6723680008072,0.99865,2.999976992703401,-2.999976992703401,1
PercDevAbs_TR_8,7.75,270.4168642976294,0.99865,2.999976992703401,-2.999976992703401,1
PercDevAbs_TR_8,8,263.8064271030868,0.99865,2.999976992703401,-2.999976992703401,1
PercDevAbs_TR_8,8.25,256.8422784848703,0.99865,2.999976992703401,-2.999976992703401,1
PercDevAbs_TR_8,8.5,249.5690657957536,0.99865,2.999976992703401,-2.999976992703401,1
PercDevAbs_TR_8,8.75,242.13032975098122,0.99865,2.999976992703401,-2.999976992703401,1
PercDevAbs_TR_8,9,234.65551620125356,0.99865,2.999976992703401,-2.999976992703401,1
PercDevAbs_TR_8,9.25,227.1731122439333,0.99865,2.999976992703401,-2.999976992703401,1
PercDevAbs_TR_8,9.5,219.5898024791471,0.99865,2.999976992703401,-2.999976992703401,1
PercDevAbs_TR_8,9.75,211.79280779895817,0.99865,2.999976992703401,-2.999976992703401,1
PercDevAbs_TR_8,10,203.74474259270096,0.99865,2.999976992703401,-2.999976992703401,1
PercDevAbs_TR_8,10.25,195.51083528246633,0.99865,2.999976992703401,-2.999976992703401,1
PercDevAbs_TR_8,10.5,187.22853061772003,0.99865,2.999976992703401,-2.999976992703401,1
PercDevAbs_TR_8,10.75,179.0427494411659,0.99865,2.999976992703401,-2.999976992703401,1
PercDevAbs_TR_8,11,171.0720333131454,0.99865,2.999976992703401,-2.999976992703401,1
PercDevAbs_TR_8,11.25,163.39282187249998,0.99865,2.999976992703401,-2.999976992703401,1
PercDevAbs_TR_8,11.5,156.03456280087235,0.99865,2.999976992703401,-2.999976992703401,1
PercDevAbs_TR_8,11.75,148.99299837883885,0.99865,2.999976992703401,-2.999976992703401,1
PercDevAbs_TR_8,12,142.2566015945112,0.99865,2.999976992703401,-2.999976992703401,1
PercDevAbs_TR_9,6,1.3882569120791288,0.00135,-2.999976992703393,2.999976992703393,19
PercDevAbs_TR_9,6.25,0.9677652171412766,0.00135,-2.999976992703393,2.999976992703393,19
PercDevAbs_TR_9,6.5,0.6571875135661888,0.00135,-2.999976992703393,2.999976992703393,19
PercDevAbs_TR_9,6.75,0.43678546434903875,0.00135,-2.999976992703393,2.999976992703393,19
PercDevAbs_TR_9,7,0.2861990887741642,0.00135,-2.999976992703393,2.999976992703393,19
PercDevAbs_TR_9,7.25,0.186691195939061,0.00135,-2.999976992703393,2.999976992703393,19
PercDevAbs_TR_9,7.5,0.12273539030619335,0.00135,-2.999976992703393,2.999976992703393,19
PercDevAbs_TR_9,7.75,0.08249107294820744,0.00135,-2.999976992703393,2.999976992703393,19
PercDevAbs_TR_9,8,0.057644943526736686,0.00135,-2.999976992703393,2.999976992703393,19
PercDevAbs_TR_9,8.25,0.042597121469125386,0.00135,-2.999976992703393,2.999976992703393,19
PercDevAbs_TR_9,8.5,0.03363180639661256,0.00135,-2.999976992703393,2.999976992703393,19
PercDevAbs_TR_9,8.75,0.028406757495832182,0.00135,-2.999976992703393,2.999976992703393,19
PercDevAbs_TR_9,9,0.025376305612898376,0.00135,-2.999976992703393,2.999976992703393,19
PercDevAbs_TR_9,9.25,0.023459156436089253,0.00135,-2.999976992703393,2.999976992703393,19
PercDevAbs_TR_9,9.5,0.02195567684385589,0.00135,-2.999976992703393,2.999976992703393,19
PercDevAbs_TR_9,9.75,0.020679652468125028,0.00135,-2.999976992703393,2.999976992703393,19
PercDevAbs_TR_9,10,0.019397549316753013,0.00135,-2.999976992703393,2.999976992703393,19
PercDevAbs_TR_9,10.25,0.01773649660273054,0.00135,-2.999976992703393,2.999976992703393,19
PercDevAbs_TR_9,10.5,0.015489775857657906,0.00135,-2.999976992703393,2.999976992703393,19
PercDevAbs_TR_9,10.75,0.012781502463016152,0.00135,-2.999976992703393,2.999976992703393,19
PercDevAbs_TR_9,11,0.009986234725417636,0.00135,-2.999976992703393,2.999976992703393,19
PercDevAbs_TR_9,11.25,0.007495618241719353,0.00135,-2.999976992703393,2.999976992703393,19
PercDevAbs_TR_9,11.5,0.005516396439488854,0.00135,-2.999976992703393,2.999976992703393,19
PercDevAbs_TR_9,11.75,0.004020967273673012,0.00135,-2.999976992703393,2.999976992703393,19
PercDevAbs_TR_9,12,0.002907705617277087,0.00135,-2.999976992703393,2.999976992703393,19
PercDevAbs_TR_9,6,2.275213444254283,0.00383,-2.6667000630340683,2.6667000630340683,18
PercDevAbs_TR_9,6.25,1.6789467402180296,0.00383,-2.6667000630340683,2.6667000630340683,18
PercDevAbs_TR_9,6.5,1.216737630142491,0.00383,-2.6667000630340683,2.6667000630340683,18
PercDevAbs_TR_9,6.75,0.8699168453991776,0.00383,-2.6667000630340683,2.6667000630340683,18
PercDevAbs_TR_9,7,0.6175361259635609,0.00383,-2.6667000630340683,2.6667000630340683,18
PercDevAbs_TR_9,7.25,0.43874040302413236,0.00383,-2.6667000630340683,2.6667000630340683,18
PercDevAbs_TR_9,7.5,0.31489587843438055,0.00383,-2.6667000630340683,2.6667000630340683,18
PercDevAbs_TR_9,7.75,0.23064521544580077,0.00383,-2.6667000630340683,2.6667000630340683,18
PercDevAbs_TR_9,8,0.17437069798616633,0.00383,-2.6667000630340683,2.6667000630340683,18
PercDevAbs_TR_9,8.25,0.13755479003542695,0.00383,-2.6667000630340683,2.6667000630340683,18
PercDevAbs_TR_9,8.5,0.11390934442310902,0.00383,-2.6667000630340683,2.6667000630340683,18
PercDevAbs_TR_9,8.75,0.09900445320274952,0.00383,-2.6667000630340683,2.6667000630340683,18
PercDevAbs_TR_9,9,0.0895358525617235,0.00383,-2.6667000630340683,2.6667000630340683,18
PercDevAbs_TR_9,9.25,0.08295275187613806,0.00383,-2.6667000630340683,2.6667000630340683,18
PercDevAbs_TR_9,9.5,0.07752345315180666,0.00383,-2.6667000630340683,2.6667000630340683,18
PercDevAbs_TR_9,9.75,0.07277495681626313,0.00383,-2.6667000630340683,2.6667000630340683,18
PercDevAbs_TR_9,10,0.06811908479770433,0.00383,-2.6667000630340683,2.6667000630340683,18
PercDevAbs_TR_9,10.25,0.06262479684956265,0.00383,-2.6667000630340683,2.6667000630340683,18
PercDevAbs_TR_9,10.5,0.05574499041211292,0.00383,-2.6667000630340683,2.6667000630340683,18
PercDevAbs_TR_9,10.75,0.047695413368304226,0.00383,-2.6667000630340683,2.6667000630340683,18
PercDevAbs_TR_9,11,0.0393053665669527,0.00383,-2.6667000630340683,2.6667000630340683,18
PercDevAbs_TR_9,11.25,0.031535306638156874,0.00383,-2.6667000630340683,2.6667000630340683,18
PercDevAbs_TR_9,11.5,0.02499281235812605,0.00383,-2.6667000630340683,2.6667000630340683,18
PercDevAbs_TR_9,11.75,0.01970484447056898,0.00383,-2.6667000630340683,2.6667000630340683,18
PercDevAbs_TR_9,12,0.015472617273533983,0.00383,-2.6667000630340683,2.6667000630340683,18
PercDevAbs_TR_9,6,3.5727625871187842,0.00982,-2.3331552225672434,2.3331552225672434,17
PercDevAbs_TR_9,6.25,2.7632200471677297,0.00982,-2.3331552225672434,2.3331552225672434,17
PercDevAbs_TR_9,6.5,2.1105167803216336,0.00982,-2.3331552225672434,2.3331552225672434,17
PercDevAbs_TR_9,6.75,1.5983576681677714,0.00982,-2.3331552225672434,2.3331552225672434,17
PercDevAbs_TR_9,7,1.2066732261943274,0.00982,-2.3331552225672434,2.3331552225672434,17
PercDevAbs_TR_9,7.25,0.9138394243266448,0.00982,-2.3331552225672434,2.3331552225672434,17
PercDevAbs_TR_9,7.5,0.6991372317343828,0.00982,-2.3331552225672434,2.3331552225672434,17
PercDevAbs_TR_9,7.75,0.5442781531505015,0.00982,-2.3331552225672434,2.3331552225672434,17
PercDevAbs_TR_9,8,0.43455566117682287,0.00982,-2.3331552225672434,2.3331552225672434,17
PercDevAbs_TR_9,8.25,0.3584044755370865,0.00982,-2.3331552225672434,2.3331552225672434,17
PercDevAbs_TR_9,8.5,0.3064618236417274,0.00982,-2.3331552225672434,2.3331552225672434,17
PercDevAbs_TR_9,8.75,0.27148834053196036,0.00982,-2.3331552225672434,2.3331552225672434,17
PercDevAbs_TR_9,9,0.24753344372342964,0.00982,-2.3331552225672434,2.3331552225672434,17
PercDevAbs_TR_9,9.25,0.22966618049349521,0.00982,-2.3331552225672434,2.3331552225672434,17
PercDevAbs_TR_9,9.5,0.2144275357816321,0.00982,-2.3331552225672434,2.3331552225672434,17
PercDevAbs_TR_9,9.75,0.20084909490168876,0.00982,-2.3331552225672434,2.3331552225672434,17
PercDevAbs_TR_9,10,0.18773649065677867,0.00982,-2.3331552225672434,2.3331552225672434,17
PercDevAbs_TR_9,10.25,0.17321624265945393,0.00982,-2.3331552225672434,2.3331552225672434,17
PercDevAbs_TR_9,10.5,0.15614413032199867,0.00982,-2.3331552225672434,2.3331552225672434,17
PercDevAbs_TR_9,10.75,0.1368188891843976,0.00982,-2.3331552225672434,2.3331552225672434,17
PercDevAbs_TR_9,11,0.11674197927746645,0.00982,-2.3331552225672434,2.3331552225672434,17
PercDevAbs_TR_9,11.25,0.09778243878102219,0.00982,-2.3331552225672434,2.3331552225672434,17
PercDevAbs_TR_9,11.5,0.08125234050954173,0.00982,-2.3331552225672434,2.3331552225672434,17
PercDevAbs_TR_9,11.75,0.06732252353151022,0.00982,-2.3331552225672434,2.3331552225672434,17
PercDevAbs_TR_9,12,0.055666372516078456,0.00982,-2.3331552225672434,2.3331552225672434,17
PercDevAbs_TR_9,6,5.408100616718627,0.02275,-2.000002443899604,2.000002443899604,16
PercDevAbs_TR_9,6.25,4.350556252922316,0.02275,-2.000002443899604,2.000002443899604,16
PercDevAbs_TR_9,6.5,3.469750518469809,0.02275,-2.000002443899604,2.000002443899604,16
PercDevAbs_TR_9,6.75,2.7527955692886334,0.02275,-2.000002443899604,2.000002443899604,16
PercDevAbs_TR_9,7,2.181897274920449,0.02275,-2.000002443899604,2.000002443899604,16
PercDevAbs_TR_9,7.25,1.7361649788531552,0.02275,-2.000002443899604,2.000002443899604,16
PercDevAbs_TR_9,7.5,1.3941519551890573,0.02275,-2.000002443899604,2.000002443899604,16
PercDevAbs_TR_9,7.75,1.135665598139689,0.02275,-2.000002443899604,2.000002443899604,16
PercDevAbs_TR_9,8,0.9435812533853671,0.02275,-2.000002443899604,2.000002443899604,16
PercDevAbs_TR_9,8.25,0.8035614783127181,0.02275,-2.000002443899604,2.000002443899604,16
PercDevAbs_TR_9,8.5,0.7029689598027492,0.02275,-2.000002443899604,2.000002443899604,16
PercDevAbs_TR_9,8.75,0.6312011999586029,0.02275,-2.000002443899604,2.000002443899604,16
PercDevAbs_TR_9,9,0.5788234936846098,0.02275,-2.000002443899604,2.000002443899604,16
PercDevAbs_TR_9,9.25,0.5375914836398253,0.02275,-2.000002443899604,2.000002443899604,16
PercDevAbs_TR_9,9.5,0.5015809799120226,0.02275,-2.000002443899604,2.000002443899604,16
PercDevAbs_TR_9,9.75,0.46908833084589235,0.02275,-2.000002443899604,2.000002443899604,16
PercDevAbs_TR_9,10,0.43803118806415386,0.02275,-2.000002443899604,2.000002443899604,16
PercDevAbs_TR_9,10.25,0.4051776532217716,0.02275,-2.000002443899604,2.000002443899604,16
PercDevAbs_TR_9,10.5,0.36849605978088484,0.02275,-2.000002443899604,2.000002443899604,16
PercDevAbs_TR_9,10.75,0.32831822748757117,0.02275,-2.000002443899604,2.000002443899604,16
PercDevAbs_TR_9,11,0.2869923897873172,0.02275,-2.000002443899604,2.000002443899604,16
PercDevAbs_TR_9,11.25,0.2476114761029614,0.02275,-2.000002443899604,2.000002443899604,16
PercDevAbs_TR_9,11.5,0.21250038130863882,0.02275,-2.000002443899604,2.000002443899604,16
PercDevAbs_TR_9,11.75,0.18207186303641062,0.02275,-2.000002443899604,2.000002443899604,16
PercDevAbs_TR_9,12,0.15584145844426708,0.02275,-2.000002443899604,2.000002443899604,16
PercDevAbs_TR_9,6,7.939697993387957,0.04779,-1.6666702079210545,1.6666702079210545,15
PercDevAbs_TR_9,6.25,6.6046933874948675,0.04779,-1.6666702079210545,1.6666702079210545,15
PercDevAbs_TR_9,6.5,5.462117023799264,0.04779,-1.6666702079210545,1.6666702079210545,15
PercDevAbs_TR_9,6.75,4.503062045431672,0.04779,-1.6666702079210545,1.6666702079210545,15
PercDevAbs_TR_9,7,3.71311422006887,0.04779,-1.6666702079210545,1.6666702079210545,15
PercDevAbs_TR_9,7.25,3.0735524165730683,0.04779,-1.6666702079210545,1.6666702079210545,15
PercDevAbs_TR_9,7.5,2.5637097534804814,0.04779,-1.6666702079210545,1.6666702079210545,15
PercDevAbs_TR_9,7.75,2.162834884996777,0.04779,-1.6666702079210545,1.6666702079210545,15
PercDevAbs_TR_9,8,1.8524450153155025,0.04779,-1.6666702079210545,1.6666702079210545,15
PercDevAbs_TR_9,8.25,1.6161161291590243,0.04779,-1.6666702079210545,1.6666702079210545,15
PercDevAbs_TR_9,8.5,1.4381391955152243,0.04779,-1.6666702079210545,1.6666702079210545,15
PercDevAbs_TR_9,8.75,1.304329153658605,0.04779,-1.6666702079210545,1.6666702079210545,15
PercDevAbs_TR_9,9,1.2012013181122654,0.04779,-1.6666702079210545,1.6666702079210545,15
PercDevAbs_TR_9,9.25,1.116478062729148,0.04779,-1.6666702079210545,1.6666702079210545,15
PercDevAbs_TR_9,9.5,1.0411672901640974,0.04779,-1.6666702079210545,1.6666702079210545,15
PercDevAbs_TR_9,9.75,0.9725981478545059,0.04779,-1.6666702079210545,1.6666702079210545,15
PercDevAbs_TR_9,10,0.9075411494425882,0.04779,-1.6666702079210545,1.6666702079210545,15
PercDevAbs_TR_9,10.25,0.8410508402145426,0.04779,-1.6666702079210545,1.6666702079210545,15
PercDevAbs_TR_9,10.5,0.7699417743061556,0.04779,-1.6666702079210545,1.6666702079210545,15
PercDevAbs_TR_9,10.75,0.6944762994478164,0.04779,-1.6666702079210545,1.6666702079210545,15
PercDevAbs_TR_9,11,0.6179068065083629,0.04779,-1.6666702079210545,1.6666702079210545,15
PercDevAbs_TR_9,11.25,0.5447313925795503,0.04779,-1.6666702079210545,1.6666702079210545,15
PercDevAbs_TR_9,11.5,0.47849982932402496,0.04779,-1.6666702079210545,1.6666702079210545,15
PercDevAbs_TR_9,11.75,0.4199341549141013,0.04779,-1.6666702079210545,1.6666702079210545,15
PercDevAbs_TR_9,12,0.36835899888165236,0.04779,-1.6666702079210545,1.6666702079210545,15
PercDevAbs_TR_9,6,11.350921618740006,0.09121,-1.3333407702662026,1.3333407702662026,14
PercDevAbs_TR_9,6.25,9.718727654564875,0.09121,-1.3333407702662026,1.3333407702662026,14
PercDevAbs_TR_9,6.5,8.289291275764555,0.09121,-1.3333407702662026,1.3333407702662026,14
PercDevAbs_TR_9,6.75,7.057580552028963,0.09121,-1.3333407702662026,1.3333407702662026,14
PercDevAbs_TR_9,7,6.013107828428094,0.09121,-1.3333407702662026,1.3333407702662026,14
PercDevAbs_TR_9,7.25,5.1404188660332375,0.09121,-1.3333407702662026,1.3333407702662026,14
PercDevAbs_TR_9,7.5,4.421039942578642,0.09121,-1.3333407702662026,1.3333407702662026,14
PercDevAbs_TR_9,7.75,3.8351435858219656,0.09121,-1.3333407702662026,1.3333407702662026,14
PercDevAbs_TR_9,8,3.364216901173108,0.09121,-1.3333407702662026,1.3333407702662026,14
PercDevAbs_TR_9,8.25,2.9908113076006404,0.09121,-1.3333407702662026,1.3333407702662026,14
PercDevAbs_TR_9,8.5,2.6968580573573306,0.09121,-1.3333407702662026,1.3333407702662026,14
PercDevAbs_TR_9,8.75,2.464920124358315,0.09121,-1.3333407702662026,1.3333407702662026,14
PercDevAbs_TR_9,9,2.277483513987007,0.09121,-1.3333407702662026,1.3333407702662026,14
PercDevAbs_TR_9,9.25,2.118078060812709,0.09121,-1.3333407702662026,1.3333407702662026,14
PercDevAbs_TR_9,9.5,1.9744420616370073,0.09121,-1.3333407702662026,1.3333407702662026,14
PercDevAbs_TR_9,9.75,1.8427748811704439,0.09121,-1.3333407702662026,1.3333407702662026,14
PercDevAbs_TR_9,10,1.7185449915058315,0.09121,-1.3333407702662026,1.3333407702662026,14
PercDevAbs_TR_9,10.25,1.59493892717295,0.09121,-1.3333407702662026,1.3333407702662026,14
PercDevAbs_TR_9,10.5,1.4674643870304358,0.09121,-1.3333407702662026,1.3333407702662026,14
PercDevAbs_TR_9,10.75,1.336149269496544,0.09121,-1.3333407702662026,1.3333407702662026,14
PercDevAbs_TR_9,11,1.2049893911599945,0.09121,-1.3333407702662026,1.3333407702662026,14
PercDevAbs_TR_9,11.25,1.079780372602634,0.09121,-1.3333407702662026,1.3333407702662026,14
PercDevAbs_TR_9,11.5,0.9652649335949282,0.09121,-1.3333407702662026,1.3333407702662026,14
PercDevAbs_TR_9,11.75,0.862452011838689,0.09121,-1.3333407702662026,1.3333407702662026,14
PercDevAbs_TR_9,12,0.7704336436327167,0.09121,-1.3333407702662026,1.3333407702662026,14
PercDevAbs_TR_9,6,15.857425384673427,0.15866,-0.9999803859660789,0.9999803859660789,13
PercDevAbs_TR_9,6.25,13.92245269391372,0.15866,-0.9999803859660789,0.9999803859660789,13
PercDevAbs_TR_9,6.5,12.194411162989121,0.15866,-0.9999803859660789,0.9999803859660789,13
PercDevAbs_TR_9,6.75,10.671130219730157,0.15866,-0.9999803859660789,0.9999803859660789,13
PercDevAbs_TR_9,7,9.345740600462431,0.15866,-0.9999803859660789,0.9999803859660789,13
PercDevAbs_TR_9,7.25,8.206486018465432,0.15866,-0.9999803859660789,0.9999803859660789,13
PercDevAbs_TR_9,7.5,7.23808697368878,0.15866,-0.9999803859660789,0.9999803859660789,13
PercDevAbs_TR_9,7.75,6.4229964780979465,0.15866,-0.9999803859660789,0.9999803859660789,13
PercDevAbs_TR_9,8,5.744063423901924,0.15866,-0.9999803859660789,0.9999803859660789,13
PercDevAbs_TR_9,8.25,5.1841527120449555,0.15866,-0.9999803859660789,0.9999803859660789,13
PercDevAbs_TR_9,8.5,4.724139597469549,0.15866,-0.9999803859660789,0.9999803859660789,13
PercDevAbs_TR_9,8.75,4.344453929902292,0.15866,-0.9999803859660789,0.9999803859660789,13
PercDevAbs_TR_9,9,4.024542169878977,0.15866,-0.9999803859660789,0.9999803859660789,13
PercDevAbs_TR_9,9.25,3.7445802204175522,0.15866,-0.9999803859660789,0.9999803859660789,13
PercDevAbs_TR_9,9.5,3.4895750617006365,0.15866,-0.9999803859660789,0.9999803859660789,13
PercDevAbs_TR_9,9.75,3.2545825327774076,0.15866,-0.9999803859660789,0.9999803859660789,13
PercDevAbs_TR_9,10,3.0338232970442247,0.15866,-0.9999803859660789,0.9999803859660789,13
PercDevAbs_TR_9,10.25,2.818840924757986,0.15866,-0.9999803859660789,0.9999803859660789,13
PercDevAbs_TR_9,10.5,2.6039121388442017,0.15866,-0.9999803859660789,0.9999803859660789,13
PercDevAbs_TR_9,10.75,2.38859573243327,0.15866,-0.9999803859660789,0.9999803859660789,13
PercDevAbs_TR_9,11,2.1771309409250104,0.15866,-0.9999803859660789,0.9999803859660789,13
PercDevAbs_TR_9,11.25,1.9760222274605945,0.15866,-0.9999803859660789,0.9999803859660789,13
PercDevAbs_TR_9,11.5,1.7907406789460456,0.15866,-0.9999803859660789,0.9999803859660789,13
PercDevAbs_TR_9,11.75,1.6223920321414145,0.15866,-0.9999803859660789,0.9999803859660789,13
PercDevAbs_TR_9,12,1.4697763939117068,0.15866,-0.9999803859660789,0.9999803859660789,13
PercDevAbs_TR_9,6,21.706624262392637,0.25249,-0.6666746102242979,0.6666746102242979,12
PercDevAbs_TR_9,6.25,19.482735657487193,0.25249,-0.6666746102242979,0.6666746102242979,12
PercDevAbs_TR_9,6.5,17.463463616562606,0.25249,-0.6666746102242979,0.6666746102242979,12
PercDevAbs_TR_9,6.75,15.64733190859652,0.25249,-0.6666746102242979,0.6666746102242979,12
PercDevAbs_TR_9,7,14.029591021547445,0.25249,-0.6666746102242979,0.6666746102242979,12
PercDevAbs_TR_9,7.25,12.601562052769289,0.25249,-0.6666746102242979,0.6666746102242979,12
PercDevAbs_TR_9,7.5,11.351357983634621,0.25249,-0.6666746102242979,0.6666746102242979,12
PercDevAbs_TR_9,7.75,10.264602131013907,0.25249,-0.6666746102242979,0.6666746102242979,12
PercDevAbs_TR_9,8,9.326679640957074,0.25249,-0.6666746102242979,0.6666746102242979,12
PercDevAbs_TR_9,8.25,8.522222960616318,0.25249,-0.6666746102242979,0.6666746102242979,12
PercDevAbs_TR_9,8.5,7.833015200985107,0.25249,-0.6666746102242979,0.6666746102242979,12
PercDevAbs_TR_9,8.75,7.2395323274677645,0.25249,-0.6666746102242979,0.6666746102242979,12
PercDevAbs_TR_9,9,6.720604236223892,0.25249,-0.6666746102242979,0.6666746102242979,12
PercDevAbs_TR_9,9.25,6.255430709451696,0.25249,-0.6666746102242979,0.6666746102242979,12
PercDevAbs_TR_9,9.5,5.8279884283736845,0.25249,-0.6666746102242979,0.6666746102242979,12
PercDevAbs_TR_9,9.75,5.432425486221206,0.25249,-0.6666746102242979,0.6666746102242979,12
PercDevAbs_TR_9,10,5.062110199158733,0.25249,-0.6666746102242979,0.6666746102242979,12
PercDevAbs_TR_9,10.25,4.707771478346572,0.25249,-0.6666746102242979,0.6666746102242979,12
PercDevAbs_TR_9,10.5,4.362906075452463,0.25249,-0.6666746102242979,0.6666746102242979,12
PercDevAbs_TR_9,10.75,4.026294918935561,0.25249,-0.6666746102242979,0.6666746102242979,12
PercDevAbs_TR_9,11,3.7014369440065966,0.25249,-0.6666746102242979,0.6666746102242979,12
PercDevAbs_TR_9,11.25,3.3942415909514567,0.25249,-0.6666746102242979,0.6666746102242979,12
PercDevAbs_TR_9,11.5,3.1097770722958957,0.25249,-0.6666746102242979,0.6666746102242979,12
PercDevAbs_TR_9,11.75,2.8487899746772056,0.25249,-0.6666746102242979,0.6666746102242979,12
PercDevAbs_TR_9,12,2.6096995773487364,0.25249,-0.6666746102242979,0.6666746102242979,12
PercDevAbs_TR_9,6,29.18478580263321,0.36944,-0.33333688458431254,0.33333688458431254,11
PercDevAbs_TR_9,6.25,26.710995559143605,0.36944,-0.33333688458431254,0.33333688458431254,11
PercDevAbs_TR_9,6.5,24.433274546554113,0.36944,-0.33333688458431254,0.33333688458431254,11
PercDevAbs_TR_9,6.75,22.347260791649383,0.36944,-0.33333688458431254,0.33333688458431254,11
PercDevAbs_TR_9,7,20.44726599282163,0.36944,-0.33333688458431254,0.33333688458431254,11
PercDevAbs_TR_9,7.25,18.72557712433202,0.36944,-0.33333688458431254,0.33333688458431254,11
PercDevAbs_TR_9,7.5,17.17263417488343,0.36944,-0.33333688458431254,0.33333688458431254,11
PercDevAbs_TR_9,7.75,15.77723572013737,0.36944,-0.33333688458431254,0.33333688458431254,11
PercDevAbs_TR_9,8,14.527900594020466,0.36944,-0.33333688458431254,0.33333688458431254,11
PercDevAbs_TR_9,8.25,13.412376739424536,0.36944,-0.33333688458431254,0.33333688458431254,11
PercDevAbs_TR_9,8.5,12.416030253545,0.36944,-0.33333688458431254,0.33333688458431254,11
PercDevAbs_TR_9,8.75,11.522925824684313,0.36944,-0.33333688458431254,0.33333688458431254,11
PercDevAbs_TR_9,9,10.715675873290841,0.36944,-0.33333688458431254,0.33333688458431254,11
PercDevAbs_TR_9,9.25,9.977064085397522,0.36944,-0.33333688458431254,0.33333688458431254,11
PercDevAbs_TR_9,9.5,9.293405248554377,0.36944,-0.33333688458431254,0.33333688458431254,11
PercDevAbs_TR_9,9.75,8.658545707510376,0.36944,-0.33333688458431254,0.33333688458431254,11
PercDevAbs_TR_9,10,8.065896222336363,0.36944,-0.33333688458431254,0.33333688458431254,11
PercDevAbs_TR_9,10.25,7.507070015383248,0.36944,-0.33333688458431254,0.33333688458431254,11
PercDevAbs_TR_9,10.5,6.975785594298371,0.36944,-0.33333688458431254,0.33333688458431254,11
PercDevAbs_TR_9,10.75,6.469660968309786,0.36944,-0.33333688458431254,0.33333688458431254,11
PercDevAbs_TR_9,11,5.989819427151329,0.36944,-0.33333688458431254,0.33333688458431254,11
PercDevAbs_TR_9,11.25,5.539280108495422,0.36944,-0.33333688458431254,0.33333688458431254,11
PercDevAbs_TR_9,11.5,5.120630877348726,0.36944,-0.33333688458431254,0.33333688458431254,11
PercDevAbs_TR_9,11.75,4.733418579736594,0.36944,-0.33333688458431254,0.33333688458431254,11
PercDevAbs_TR_9,12,4.375547820652266,0.36944,-0.33333688458431254,0.33333688458431254,11
PercDevAbs_TR_9,6,38.61514111116112,0.5,0,-0,10
PercDevAbs_TR_9,6.25,35.962231929752626,0.5,0,-0,10
PercDevAbs_TR_9,6.5,33.49158103497952,0.5,0,-0,10
PercDevAbs_TR_9,6.75,31.19067104820496,0.5,0,-0,10
PercDevAbs_TR_9,7,29.047847553428355,0.5,0,-0,10
PercDevAbs_TR_9,7.25,27.05226064293682,0.5,0,-0,10
PercDevAbs_TR_9,7.5,25.193809421312523,0.5,0,-0,10
PercDevAbs_TR_9,7.75,23.463085713633628,0.5,0,-0,10
PercDevAbs_TR_9,8,21.851318913516668,0.5,0,-0,10
PercDevAbs_TR_9,8.25,20.350326378325203,0.5,0,-0,10
PercDevAbs_TR_9,8.5,18.952476859452503,0.5,0,-0,10
PercDevAbs_TR_9,8.75,17.650665926154716,0.5,0,-0,10
PercDevAbs_TR_9,9,16.438290521553242,0.5,0,-0,10
PercDevAbs_TR_9,9.25,15.309211597660516,0.5,0,-0,10
PercDevAbs_TR_9,9.5,14.257709870967446,0.5,0,-0,10
PercDevAbs_TR_9,9.75,13.278449197526854,0.5,0,-0,10
PercDevAbs_TR_9,10,12.366463549259928,0.5,0,-0,10
PercDevAbs_TR_9,10.25,11.51713445967264,0.5,0,-0,10
PercDevAbs_TR_9,10.5,10.726162222955724,0.5,0,-0,10
PercDevAbs_TR_9,10.75,9.989541823476698,0.5,0,-0,10
PercDevAbs_TR_9,11,9.303542439897752,0.5,0,-0,10
PercDevAbs_TR_9,11.25,8.664686769354025,0.5,0,-0,10
PercDevAbs_TR_9,11.5,8.069732038354784,0.5,0,-0,10
PercDevAbs_TR_9,11.75,7.51566035720777,0.5,0,-0,10
PercDevAbs_TR_9,12,6.999664507605786,0.5,0,-0,10
PercDevAbs_TR_9,6,50.362996497347666,0.63056,0.33333688458431254,-0.33333688458431254,9
PercDevAbs_TR_9,6.25,47.64066585737655,0.63056,0.33333688458431254,-0.33333688458431254,9
PercDevAbs_TR_9,6.5,45.083330798659034,0.63056,0.33333688458431254,-0.33333688458431254,9
PercDevAbs_TR_9,6.75,42.66306837200911,0.63056,0.33333688458431254,-0.33333688458431254,9
PercDevAbs_TR_9,7,40.354817246481524,0.63056,0.33333688458431254,-0.33333688458431254,9
PercDevAbs_TR_9,7.25,38.13793919050759,0.63056,0.33333688458431254,-0.33333688458431254,9
PercDevAbs_TR_9,7.5,35.9965089600919,0.63056,0.33333688458431254,-0.33333688458431254,9
PercDevAbs_TR_9,7.75,33.91955870609087,0.63056,0.33333688458431254,-0.33333688458431254,9
PercDevAbs_TR_9,8,31.899058143767007,0.63056,0.33333688458431254,-0.33333688458431254,9
PercDevAbs_TR_9,8.25,29.931100080794018,0.63056,0.33333688458431254,-0.33333688458431254,9
PercDevAbs_TR_9,8.5,28.01923470792653,0.63056,0.33333688458431254,-0.33333688458431254,9
PercDevAbs_TR_9,8.75,26.172498520983634,0.63056,0.33333688458431254,-0.33333688458431254,9
PercDevAbs_TR_9,9,24.40538757944154,0.63056,0.33333688458431254,-0.33333688458431254,9
PercDevAbs_TR_9,9.25,22.734125124250227,0.63056,0.33333688458431254,-0.33333688458431254,9
PercDevAbs_TR_9,9.5,21.169523560837746,0.63056,0.33333688458431254,-0.33333688458431254,9
PercDevAbs_TR_9,9.75,19.708861215295016,0.63056,0.33333688458431254,-0.33333688458431254,9
PercDevAbs_TR_9,10,18.351276335145432,0.63056,0.33333688458431254,-0.33333688458431254,9
PercDevAbs_TR_9,10.25,17.100348351987915,0.63056,0.33333688458431254,-0.33333688458431254,9
PercDevAbs_TR_9,10.5,15.956516507028077,0.63056,0.33333688458431254,-0.33333688458431254,9
PercDevAbs_TR_9,10.75,14.913621545583153,0.63056,0.33333688458431254,-0.33333688458431254,9
PercDevAbs_TR_9,11,13.959541152836442,0.63056,0.33333688458431254,-0.33333688458431254,9
PercDevAbs_TR_9,11.25,13.07902123501571,0.63056,0.33333688458431254,-0.33333688458431254,9
PercDevAbs_TR_9,11.5,12.25799099639827,0.63056,0.33333688458431254,-0.33333688458431254,9
PercDevAbs_TR_9,11.75,11.488817083025028,0.63056,0.33333688458431254,-0.33333688458431254,9
PercDevAbs_TR_9,12,10.767698158927425,0.63056,0.33333688458431254,-0.33333688458431254,9
PercDevAbs_TR_9,6,64.83794374555538,0.74751,0.6666746102242979,-0.6666746102242979,8
PercDevAbs_TR_9,6.25,62.20265600305862,0.74751,0.6666746102242979,-0.6666746102242979,8
PercDevAbs_TR_9,6.5,59.7144350978732,0.74751,0.6666746102242979,-0.6666746102242979,8
PercDevAbs_TR_9,6.75,57.320415502809155,0.74751,0.6666746102242979,-0.6666746102242979,8
PercDevAbs_TR_9,7,54.97179215784044,0.74751,0.6666746102242979,-0.6666746102242979,8
PercDevAbs_TR_9,7.25,52.628321025905855,0.74751,0.6666746102242979,-0.6666746102242979,8
PercDevAbs_TR_9,7.5,50.25986263177964,0.74751,0.6666746102242979,-0.6666746102242979,8
PercDevAbs_TR_9,7.75,47.84789660570867,0.74751,0.6666746102242979,-0.6666746102242979,8
PercDevAbs_TR_9,8,45.381003143683124,0.74751,0.6666746102242979,-0.6666746102242979,8
PercDevAbs_TR_9,8.25,42.85858669378545,0.74751,0.6666746102242979,-0.6666746102242979,8
PercDevAbs_TR_9,8.5,40.30031205079076,0.74751,0.6666746102242979,-0.6666746102242979,8
PercDevAbs_TR_9,8.75,37.741136047041124,0.74751,0.6666746102242979,-0.6666746102242979,8
PercDevAbs_TR_9,9,35.23107615138742,0.74751,0.6666746102242979,-0.6666746102242979,8
PercDevAbs_TR_9,9.25,32.824763388132034,0.74751,0.6666746102242979,-0.6666746102242979,8
PercDevAbs_TR_9,9.5,30.561813319100803,0.74751,0.6666746102242979,-0.6666746102242979,8
PercDevAbs_TR_9,9.75,28.44478023953939,0.74751,0.6666746102242979,-0.6666746102242979,8
PercDevAbs_TR_9,10,26.48053117073427,0.74751,0.6666746102242979,-0.6666746102242979,8
PercDevAbs_TR_9,10.25,24.687226973626608,0.74751,0.6666746102242979,-0.6666746102242979,8
PercDevAbs_TR_9,10.5,23.074071397962488,0.74751,0.6666746102242979,-0.6666746102242979,8
PercDevAbs_TR_9,10.75,21.632155717792436,0.74751,0.6666746102242979,-0.6666746102242979,8
PercDevAbs_TR_9,11,20.336129455615527,0.74751,0.6666746102242979,-0.6666746102242979,8
PercDevAbs_TR_9,11.25,19.151599061091687,0.74751,0.6666746102242979,-0.6666746102242979,8
PercDevAbs_TR_9,11.5,18.046598264236508,0.74751,0.6666746102242979,-0.6666746102242979,8
PercDevAbs_TR_9,11.75,17.005958536050166,0.74751,0.6666746102242979,-0.6666746102242979,8
PercDevAbs_TR_9,12,16.02449177014737,0.74751,0.6666746102242979,-0.6666746102242979,8
PercDevAbs_TR_9,6,82.49465642877362,0.84134,0.9999803859660789,-0.9999803859660789,7
PercDevAbs_TR_9,6.25,80.15813591503596,0.84134,0.9999803859660789,-0.9999803859660789,7
PercDevAbs_TR_9,6.5,77.95398165311023,0.84134,0.9999803859660789,-0.9999803859660789,7
PercDevAbs_TR_9,6.75,75.79224459309758,0.84134,0.9999803859660789,-0.9999803859660789,7
PercDevAbs_TR_9,7,73.58662731212642,0.84134,0.9999803859660789,-0.9999803859660789,7
PercDevAbs_TR_9,7.25,71.2636229595596,0.84134,0.9999803859660789,-0.9999803859660789,7
PercDevAbs_TR_9,7.5,68.766615609888,0.84134,0.9999803859660789,-0.9999803859660789,7
PercDevAbs_TR_9,7.75,66.0601466884908,0.84134,0.9999803859660789,-0.9999803859660789,7
PercDevAbs_TR_9,8,63.12241910092236,0.84134,0.9999803859660789,-0.9999803859660789,7
PercDevAbs_TR_9,8.25,59.953524039922456,0.84134,0.9999803859660789,-0.9999803859660789,7
PercDevAbs_TR_9,8.5,56.59490126793779,0.84134,0.9999803859660789,-0.9999803859660789,7
PercDevAbs_TR_9,8.75,53.12010692882762,0.84134,0.9999803859660789,-0.9999803859660789,7
PercDevAbs_TR_9,9,49.634084825483306,0.84134,0.9999803859660789,-0.9999803859660789,7
PercDevAbs_TR_9,9.25,46.25175320375657,0.84134,0.9999803859660789,-0.9999803859660789,7
PercDevAbs_TR_9,9.5,43.058360642852435,0.84134,0.9999803859660789,-0.9999803859660789,7
PercDevAbs_TR_9,9.75,40.06547183027995,0.84134,0.9999803859660789,-0.9999803859660789,7
PercDevAbs_TR_9,10,37.29272123405766,0.84134,0.9999803859660789,-0.9999803859660789,7
PercDevAbs_TR_9,10.25,34.78164255769473,0.84134,0.9999803859660789,-0.9999803859660789,7
PercDevAbs_TR_9,10.5,32.555800396696114,0.84134,0.9999803859660789,-0.9999803859660789,7
PercDevAbs_TR_9,10.75,30.60288794354778,0.84134,0.9999803859660789,-0.9999803859660789,7
PercDevAbs_TR_9,11,28.87792763911078,0.84134,0.9999803859660789,-0.9999803859660789,7
PercDevAbs_TR_9,11.25,27.317491472136172,0.84134,0.9999803859660789,-0.9999803859660789,7
PercDevAbs_TR_9,11.5,25.86211106955962,0.84134,0.9999803859660789,-0.9999803859660789,7
PercDevAbs_TR_9,11.75,24.485089881176076,0.84134,0.9999803859660789,-0.9999803859660789,7
PercDevAbs_TR_9,12,23.17932156327373,0.84134,0.9999803859660789,-0.9999803859660789,7
PercDevAbs_TR_9,6,103.84440101449276,0.90879,1.3333407702662026,-1.3333407702662026,6
PercDevAbs_TR_9,6.25,102.08299812512762,0.90879,1.3333407702662026,-1.3333407702662026,6
PercDevAbs_TR_9,6.5,100.44762145512856,0.90879,1.3333407702662026,-1.3333407702662026,6
PercDevAbs_TR_9,6.75,98.79614175958838,0.90879,1.3333407702662026,-1.3333407702662026,6
PercDevAbs_TR_9,7,96.98703473706516,0.90879,1.3333407702662026,-1.3333407702662026,6
PercDevAbs_TR_9,7.25,94.89528152204197,0.90879,1.3333407702662026,-1.3333407702662026,6
PercDevAbs_TR_9,7.5,92.42079487847408,0.90879,1.3333407702662026,-1.3333407702662026,6
PercDevAbs_TR_9,7.75,89.49754919153021,0.90879,1.3333407702662026,-1.3333407702662026,6
PercDevAbs_TR_9,8,86.08273088895402,0.90879,1.3333407702662026,-1.3333407702662026,6
PercDevAbs_TR_9,8.25,82.17226965350669,0.90879,1.3333407702662026,-1.3333407702662026,6
PercDevAbs_TR_9,8.5,77.83573121290907,0.90879,1.3333407702662026,-1.3333407702662026,6
PercDevAbs_TR_9,8.75,73.20133378404509,0.90879,1.3333407702662026,-1.3333407702662026,6
PercDevAbs_TR_9,9,68.45432702268614,0.90879,1.3333407702662026,-1.3333407702662026,6
PercDevAbs_TR_9,9.25,63.79884927259304,0.90879,1.3333407702662026,-1.3333407702662026,6
PercDevAbs_TR_9,9.5,59.38813948621413,0.90879,1.3333407702662026,-1.3333407702662026,6
PercDevAbs_TR_9,9.75,55.24781643629903,0.90879,1.3333407702662026,-1.3333407702662026,6
PercDevAbs_TR_9,10,51.417042201722516,0.90879,1.3333407702662026,-1.3333407702662026,6
PercDevAbs_TR_9,10.25,47.97243836128293,0.90879,1.3333407702662026,-1.3333407702662026,6
PercDevAbs_TR_9,10.5,44.95944102796495,0.90879,1.3333407702662026,-1.3333407702662026,6
PercDevAbs_TR_9,10.75,42.361655531580354,0.90879,1.3333407702662026,-1.3333407702662026,6
PercDevAbs_TR_9,11,40.10621746988197,0.90879,1.3333407702662026,-1.3333407702662026,6
PercDevAbs_TR_9,11.25,38.08772550558047,0.90879,1.3333407702662026,-1.3333407702662026,6
PercDevAbs_TR_9,11.5,36.2065293677764,0.90879,1.3333407702662026,-1.3333407702662026,6
PercDevAbs_TR_9,11.75,34.41910555792215,0.90879,1.3333407702662026,-1.3333407702662026,6
PercDevAbs_TR_9,12,32.715726237846,0.90879,1.3333407702662026,-1.3333407702662026,6
PercDevAbs_TR_9,6,129.44097747848625,0.95221,1.6666702079210545,-1.6666702079210545,5
PercDevAbs_TR_9,6.25,128.6053680330483,0.95221,1.6666702079210545,-1.6666702079210545,5
PercDevAbs_TR_9,6.5,127.90432323254178,0.95221,1.6666702079210545,-1.6666702079210545,5
PercDevAbs_TR_9,6.75,127.12515242151213,0.95221,1.6666702079210545,-1.6666702079210545,5
PercDevAbs_TR_9,7,126.048810954037,0.95221,1.6666702079210545,-1.6666702079210545,5
PercDevAbs_TR_9,7.25,124.4751481464454,0.95221,1.6666702079210545,-1.6666702079210545,5
PercDevAbs_TR_9,7.5,122.23796654547557,0.95221,1.6666702079210545,-1.6666702079210545,5
PercDevAbs_TR_9,7.75,119.22188227329528,0.95221,1.6666702079210545,-1.6666702079210545,5
PercDevAbs_TR_9,8,115.34790400897927,0.95221,1.6666702079210545,-1.6666702079210545,5
PercDevAbs_TR_9,8.25,110.60009531081975,0.95221,1.6666702079210545,-1.6666702079210545,5
PercDevAbs_TR_9,8.5,105.08311046003418,0.95221,1.6666702079210545,-1.6666702079210545,5
PercDevAbs_TR_9,8.75,98.99975467554361,0.95221,1.6666702079210545,-1.6666702079210545,5
PercDevAbs_TR_9,9,92.64796083879232,0.95221,1.6666702079210545,-1.6666702079210545,5
PercDevAbs_TR_9,9.25,86.35834489907332,0.95221,1.6666702079210545,-1.6666702079210545,5
PercDevAbs_TR_9,9.5,80.38103502326157,0.95221,1.6666702079210545,-1.6666702079210545,5
PercDevAbs_TR_9,9.75,74.76230696598034,0.95221,1.6666702079210545,-1.6666702079210545,5
PercDevAbs_TR_9,10,69.56965575117121,0.95221,1.6666702079210545,-1.6666702079210545,5
PercDevAbs_TR_9,10.25,64.92997028404166,0.95221,1.6666702079210545,-1.6666702079210545,5
PercDevAbs_TR_9,10.5,60.92034526347243,0.95221,1.6666702079210545,-1.6666702079210545,5
PercDevAbs_TR_9,10.75,57.519585974633486,0.95221,1.6666702079210545,-1.6666702079210545,5
PercDevAbs_TR_9,11,54.61651665475646,0.95221,1.6666702079210545,-1.6666702079210545,5
PercDevAbs_TR_9,11.25,52.04725194701418,0.95221,1.6666702079210545,-1.6666702079210545,5
PercDevAbs_TR_9,11.5,49.655650621426794,0.95221,1.6666702079210545,-1.6666702079210545,5
PercDevAbs_TR_9,11.75,47.374513366972764,0.95221,1.6666702079210545,-1.6666702079210545,5
PercDevAbs_TR_9,12,45.19058118620938,0.95221,1.6666702079210545,-1.6666702079210545,5
PercDevAbs_TR_9,6,159.90069607948593,0.97725,2.0000024438996027,-2.0000024438996027,4
PercDevAbs_TR_9,6.25,160.42667338329878,0.97725,2.0000024438996027,-2.0000024438996027,4
PercDevAbs_TR_9,6.5,161.11866538347627,0.97725,2.0000024438996027,-2.0000024438996027,4
PercDevAbs_TR_9,6.75,161.67137088056808,0.97725,2.0000024438996027,-2.0000024438996027,4
PercDevAbs_TR_9,7,161.76071973798273,0.97725,2.0000024438996027,-2.0000024438996027,4
PercDevAbs_TR_9,7.25,161.08156096630387,0.97725,2.0000024438996027,-2.0000024438996027,4
PercDevAbs_TR_9,7.5,159.37228017718144,0.97725,2.0000024438996027,-2.0000024438996027,4
PercDevAbs_TR_9,7.75,156.44315153272146,0.97725,2.0000024438996027,-2.0000024438996027,4
PercDevAbs_TR_9,8,152.15834670837668,0.97725,2.0000024438996027,-2.0000024438996027,4
PercDevAbs_TR_9,8.25,146.47879471016827,0.97725,2.0000024438996027,-2.0000024438996027,4
PercDevAbs_TR_9,8.5,139.5517340907373,0.97725,2.0000024438996027,-2.0000024438996027,4
PercDevAbs_TR_9,8.75,131.67889794578224,0.97725,2.0000024438996027,-2.0000024438996027,4
PercDevAbs_TR_9,9,123.31145040326989,0.97725,2.0000024438996027,-2.0000024438996027,4
PercDevAbs_TR_9,9.25,114.95352096181291,0.97725,2.0000024438996027,-2.0000024438996027,4
PercDevAbs_TR_9,9.5,106.9887257582469,0.97725,2.0000024438996027,-2.0000024438996027,4
PercDevAbs_TR_9,9.75,99.492443386772,0.97725,2.0000024438996027,-2.0000024438996027,4
PercDevAbs_TR_9,10,92.57172067981,0.97725,2.0000024438996027,-2.0000024438996027,4
PercDevAbs_TR_9,10.25,86.42297483150357,0.97725,2.0000024438996027,-2.0000024438996027,4
PercDevAbs_TR_9,10.5,81.16743493596434,0.97725,2.0000024438996027,-2.0000024438996027,4
PercDevAbs_TR_9,10.75,76.7783905099662,0.97725,2.0000024438996027,-2.0000024438996027,4
PercDevAbs_TR_9,11,73.09341441700077,0.97725,2.0000024438996027,-2.0000024438996027,4
PercDevAbs_TR_9,11.25,69.86944823324252,0.97725,2.0000024438996027,-2.0000024438996027,4
PercDevAbs_TR_9,11.5,66.8732839519219,0.97725,2.0000024438996027,-2.0000024438996027,4
PercDevAbs_TR_9,11.75,64.00536802189366,0.97725,2.0000024438996027,-2.0000024438996027,4
PercDevAbs_TR_9,12,61.247753965422746,0.97725,2.0000024438996027,-2.0000024438996027,4
PercDevAbs_TR_9,6,195.87481601237678,0.99018,2.3331552225672416,-2.3331552225672416,3
PercDevAbs_TR_9,6.25,198.29338789888328,0.99018,2.3331552225672416,-2.3331552225672416,3
PercDevAbs_TR_9,6.5,200.94198449009468,0.99018,2.3331552225672416,-2.3331552225672416,3
PercDevAbs_TR_9,6.75,203.39667214325198,0.99018,2.3331552225672416,-2.3331552225672416,3
PercDevAbs_TR_9,7,205.19505428708885,0.99018,2.3331552225672416,-2.3331552225672416,3
PercDevAbs_TR_9,7.25,205.8900305193706,0.99018,2.3331552225672416,-2.3331552225672416,3
PercDevAbs_TR_9,7.5,205.08758925514454,0.99018,2.3331552225672416,-2.3331552225672416,3
PercDevAbs_TR_9,7.75,202.49144509259608,0.99018,2.3331552225672416,-2.3331552225672416,3
PercDevAbs_TR_9,8,197.88176897449654,0.99018,2.3331552225672416,-2.3331552225672416,3
PercDevAbs_TR_9,8.25,191.1807687923078,0.99018,2.3331552225672416,-2.3331552225672416,3
PercDevAbs_TR_9,8.5,182.5861543616687,0.99018,2.3331552225672416,-2.3331552225672416,3
PercDevAbs_TR_9,8.75,172.5278308859327,0.99018,2.3331552225672416,-2.3331552225672416,3
PercDevAbs_TR_9,9,161.6600179248294,0.99018,2.3331552225672416,-2.3331552225672416,3
PercDevAbs_TR_9,9.25,150.71856490375004,0.99018,2.3331552225672416,-2.3331552225672416,3
PercDevAbs_TR_9,9.5,140.2659898770247,0.99018,2.3331552225672416,-2.3331552225672416,3
PercDevAbs_TR_9,9.75,130.41734038069953,0.99018,2.3331552225672416,-2.3331552225672416,3
PercDevAbs_TR_9,10,121.33320538758063,0.99018,2.3331552225672416,-2.3331552225672416,3
PercDevAbs_TR_9,10.25,113.30346878597014,0.99018,2.3331552225672416,-2.3331552225672416,3
PercDevAbs_TR_9,10.5,106.50905967439935,0.99018,2.3331552225672416,-2.3331552225672416,3
PercDevAbs_TR_9,10.75,100.91706017066137,0.99018,2.3331552225672416,-2.3331552225672416,3
PercDevAbs_TR_9,11,96.29801201533222,0.99018,2.3331552225672416,-2.3331552225672416,3
PercDevAbs_TR_9,11.25,92.30424372957005,0.99018,2.3331552225672416,-2.3331552225672416,3
PercDevAbs_TR_9,11.5,88.60002813806419,0.99018,2.3331552225672416,-2.3331552225672416,3
PercDevAbs_TR_9,11.75,85.04267986047141,0.99018,2.3331552225672416,-2.3331552225672416,3
PercDevAbs_TR_9,12,81.60812289418418,0.99018,2.3331552225672416,-2.3331552225672416,3
PercDevAbs_TR_9,6,238.16438108613394,0.99617,2.6667000630340683,-2.6667000630340683,2
PercDevAbs_TR_9,6.25,243.1188433462196,0.99617,2.6667000630340683,-2.6667000630340683,2
PercDevAbs_TR_9,6.5,248.41154473714835,0.99617,2.6667000630340683,-2.6667000630340683,2
PercDevAbs_TR_9,6.75,253.46922352715345,0.99617,2.6667000630340683,-2.6667000630340683,2
PercDevAbs_TR_9,7,257.6509871396547,0.99617,2.6667000630340683,-2.6667000630340683,2
PercDevAbs_TR_9,7.25,260.32239449875664,0.99617,2.6667000630340683,-2.6667000630340683,2
PercDevAbs_TR_9,7.5,260.91085463935593,0.99617,2.6667000630340683,-2.6667000630340683,2
PercDevAbs_TR_9,7.75,258.97257947287665,0.99617,2.6667000630340683,-2.6667000630340683,2
PercDevAbs_TR_9,8,254.16868514827897,0.99617,2.6667000630340683,-2.6667000630340683,2
PercDevAbs_TR_9,8.25,246.36178718737133,0.99617,2.6667000630340683,-2.6667000630340683,2
PercDevAbs_TR_9,8.5,235.80833716906844,0.99617,2.6667000630340683,-2.6667000630340683,2
PercDevAbs_TR_9,8.75,223.10149608868042,0.99617,2.6667000630340683,-2.6667000630340683,2
PercDevAbs_TR_9,9,209.1594987604717,0.99617,2.6667000630340683,-2.6667000630340683,2
PercDevAbs_TR_9,9.25,195.02156075214347,0.99617,2.6667000630340683,-2.6667000630340683,2
PercDevAbs_TR_9,9.5,181.48512908861244,0.99617,2.6667000630340683,-2.6667000630340683,2
PercDevAbs_TR_9,9.75,168.71803887363941,0.99617,2.6667000630340683,-2.6667000630340683,2
PercDevAbs_TR_9,10,156.9517481872589,0.99617,2.6667000630340683,-2.6667000630340683,2
PercDevAbs_TR_9,10.25,146.59917764911364,0.99617,2.6667000630340683,-2.6667000630340683,2
PercDevAbs_TR_9,10.5,137.9202442348853,0.99617,2.6667000630340683,-2.6667000630340683,2
PercDevAbs_TR_9,10.75,130.87516746483385,0.99617,2.6667000630340683,-2.6667000630340683,2
PercDevAbs_TR_9,11,125.1482703553163,0.99617,2.6667000630340683,-2.6667000630340683,2
PercDevAbs_TR_9,11.25,120.25611574149244,0.99617,2.6667000630340683,-2.6667000630340683,2
PercDevAbs_TR_9,11.5,115.72913081103445,0.99617,2.6667000630340683,-2.6667000630340683,2
PercDevAbs_TR_9,11.75,111.36818710388056,0.99617,2.6667000630340683,-2.6667000630340683,2
PercDevAbs_TR_9,12,107.14128860064962,0.99617,2.6667000630340683,-2.6667000630340683,2
PercDevAbs_TR_9,6,287.48669374092475,0.99865,2.999976992703401,-2.999976992703401,1
PercDevAbs_TR_9,6.25,295.7369179729578,0.99865,2.999976992703401,-2.999976992703401,1
PercDevAbs_TR_9,6.5,304.4910520964203,0.99865,2.999976992703401,-2.999976992703401,1
PercDevAbs_TR_9,6.75,312.9912344246302,0.99865,2.999976992703401,-2.999976992703401,1
PercDevAbs_TR_9,7,320.3708894053614,0.99865,2.999976992703401,-2.999976992703401,1
PercDevAbs_TR_9,7.25,325.75397930598564,0.99865,2.999976992703401,-2.999976992703401,1
PercDevAbs_TR_9,7.5,328.3332856508342,0.99865,2.999976992703401,-2.999976992703401,1
PercDevAbs_TR_9,7.75,327.4670404516572,0.99865,2.999976992703401,-2.999976992703401,1
PercDevAbs_TR_9,8,322.65350112780254,0.99865,2.999976992703401,-2.999976992703401,1
PercDevAbs_TR_9,8.25,313.66879466074346,0.99865,2.999976992703401,-2.999976992703401,1
PercDevAbs_TR_9,8.5,300.8364079970366,0.99865,2.999976992703401,-2.999976992703401,1
PercDevAbs_TR_9,8.75,284.95376668972705,0.99865,2.999976992703401,-2.999976992703401,1
PercDevAbs_TR_9,9,267.2757474678622,0.99865,2.999976992703401,-2.999976992703401,1
PercDevAbs_TR_9,9.25,249.230779439619,0.99865,2.999976992703401,-2.999976992703401,1
PercDevAbs_TR_9,9.5,231.91851438603956,0.99865,2.999976992703401,-2.999976992703401,1
PercDevAbs_TR_9,9.75,215.57542115331398,0.99865,2.999976992703401,-2.999976992703401,1
PercDevAbs_TR_9,10,200.52470822829181,0.99865,2.999976992703401,-2.999976992703401,1
PercDevAbs_TR_9,10.25,187.33788184647864,0.99865,2.999976992703401,-2.999976992703401,1
PercDevAbs_TR_9,10.5,176.37710253338537,0.99865,2.999976992703401,-2.999976992703401,1
PercDevAbs_TR_9,10.75,167.59516368400813,0.99865,2.999976992703401,-2.999976992703401,1
PercDevAbs_TR_9,11,160.5674452596897,0.99865,2.999976992703401,-2.999976992703401,1
PercDevAbs_TR_9,11.25,154.6375998616163,0.99865,2.999976992703401,-2.999976992703401,1
PercDevAbs_TR_9,11.5,149.1646769711031,0.99865,2.999976992703401,-2.999976992703401,1
PercDevAbs_TR_9,11.75,143.87710459920962,0.99865,2.999976992703401,-2.999976992703401,1
PercDevAbs_TR_9,12,138.73280398745501,0.99865,2.999976992703401,-2.999976992703401,1
PercDevAbs_TR_10,6,0.05205761528253429,0.00135,-2.999976992703393,2.999976992703393,19
PercDevAbs_TR_10,6.25,0.04467915687141657,0.00135,-2.999976992703393,2.999976992703393,19
PercDevAbs_TR_10,6.5,0.03824762790269369,0.00135,-2.999976992703393,2.999976992703393,19
PercDevAbs_TR_10,6.75,0.03265585980129896,0.00135,-2.999976992703393,2.999976992703393,19
PercDevAbs_TR_10,7,0.027807030383848835,0.00135,-2.999976992703393,2.999976992703393,19
PercDevAbs_TR_10,7.25,0.023613826408345036,0.00135,-2.999976992703393,2.999976992703393,19
PercDevAbs_TR_10,7.5,0.019997672174387585,0.00135,-2.999976992703393,2.999976992703393,19
PercDevAbs_TR_10,7.75,0.01688800839853049,0.00135,-2.999976992703393,2.999976992703393,19
PercDevAbs_TR_10,8,0.014221676202673356,0.00135,-2.999976992703393,2.999976992703393,19
PercDevAbs_TR_10,8.25,0.011942294009179396,0.00135,-2.999976992703393,2.999976992703393,19
PercDevAbs_TR_10,8.5,0.009999649070491105,0.00135,-2.999976992703393,2.999976992703393,19
PercDevAbs_TR_10,8.75,0.008349140365725535,0.00135,-2.999976992703393,2.999976992703393,19
PercDevAbs_TR_10,9,0.006951269005524317,0.00135,-2.999976992703393,2.999976992703393,19
PercDevAbs_TR_10,9.25,0.005771147582444396,0.00135,-2.999976992703393,2.999976992703393,19
PercDevAbs_TR_10,9.5,0.004778040064159853,0.00135,-2.999976992703393,2.999976992703393,19
PercDevAbs_TR_10,9.75,0.003944950116450736,0.00135,-2.999976992703393,2.999976992703393,19
PercDevAbs_TR_10,10,0.0032482831372180536,0.00135,-2.999976992703393,2.999976992703393,19
PercDevAbs_TR_10,10.25,0.002667511436294932,0.00135,-2.999976992703393,2.999976992703393,19
PercDevAbs_TR_10,10.5,0.0021848492846705805,0.00135,-2.999976992703393,2.999976992703393,19
PercDevAbs_TR_10,10.75,0.0017849512095158514,0.00135,-2.999976992703393,2.999976992703393,19
PercDevAbs_TR_10,11,0.0014546316061054608,0.00135,-2.999976992703393,2.999976992703393,19
PercDevAbs_TR_10,11.25,0.001182603326648196,0.00135,-2.999976992703393,2.999976992703393,19
PercDevAbs_TR_10,11.5,9.592397617484376e-4,0.00135,-2.999976992703393,2.999976992703393,19
PercDevAbs_TR_10,11.75,7.763637243943871e-4,0.00135,-2.999976992703393,2.999976992703393,19
PercDevAbs_TR_10,12,6.270552822776424e-4,0.00135,-2.999976992703393,2.999976992703393,19
PercDevAbs_TR_10,6,0.19823167986242812,0.00383,-2.6667000630340683,2.6667000630340683,18
PercDevAbs_TR_10,6.25,0.17601920909371094,0.00383,-2.6667000630340683,2.6667000630340683,18
PercDevAbs_TR_10,6.5,0.15606521859517664,0.00383,-2.6667000630340683,2.6667000630340683,18
PercDevAbs_TR_10,6.75,0.13816483776551738,0.00383,-2.6667000630340683,2.6667000630340683,18
PercDevAbs_TR_10,7,0.12212956996444256,0.00383,-2.6667000630340683,2.6667000630340683,18
PercDevAbs_TR_10,7.25,0.10778609821663901,0.00383,-2.6667000630340683,2.6667000630340683,18
PercDevAbs_TR_10,7.5,0.09497518924428273,0.00383,-2.6667000630340683,2.6667000630340683,18
PercDevAbs_TR_10,7.75,0.08355065933046382,0.00383,-2.6667000630340683,2.6667000630340683,18
PercDevAbs_TR_10,8,0.07337859617227613,0.00383,-2.6667000630340683,2.6667000630340683,18
PercDevAbs_TR_10,8.25,0.06433650180543712,0.00383,-2.6667000630340683,2.6667000630340683,18
PercDevAbs_TR_10,8.5,0.05631240128547494,0.00383,-2.6667000630340683,2.6667000630340683,18
PercDevAbs_TR_10,8.75,0.04920403941979123,0.00383,-2.6667000630340683,2.6667000630340683,18
PercDevAbs_TR_10,9,0.04291816022070328,0.00383,-2.6667000630340683,2.6667000630340683,18
PercDevAbs_TR_10,9.25,0.037369763418771094,0.00383,-2.6667000630340683,2.6667000630340683,18
PercDevAbs_TR_10,9.5,0.03248137344880394,0.00383,-2.6667000630340683,2.6667000630340683,18
PercDevAbs_TR_10,9.75,0.028182401945158038,0.00383,-2.6667000630340683,2.6667000630340683,18
PercDevAbs_TR_10,10,0.024408757820191824,0.00383,-2.6667000630340683,2.6667000630340683,18
PercDevAbs_TR_10,10.25,0.02110241936741761,0.00383,-2.6667000630340683,2.6667000630340683,18
PercDevAbs_TR_10,10.5,0.018210977555265347,0.00383,-2.6667000630340683,2.6667000630340683,18
PercDevAbs_TR_10,10.75,0.015687205621175135,0.00383,-2.6667000630340683,2.6667000630340683,18
PercDevAbs_TR_10,11,0.01348864353239916,0.00383,-2.6667000630340683,2.6667000630340683,18
PercDevAbs_TR_10,11.25,0.011577180824089114,0.00383,-2.6667000630340683,2.6667000630340683,18
PercDevAbs_TR_10,11.5,0.00991866051000973,0.00383,-2.6667000630340683,2.6667000630340683,18
PercDevAbs_TR_10,11.75,0.00848253237623517,0.00383,-2.6667000630340683,2.6667000630340683,18
PercDevAbs_TR_10,12,0.007241514990509529,0.00383,-2.6667000630340683,2.6667000630340683,18
PercDevAbs_TR_10,6,0.5557231957878696,0.00982,-2.3331552225672434,2.3331552225672434,17
PercDevAbs_TR_10,6.25,0.5040882691895635,0.00982,-2.3331552225672434,2.3331552225672434,17
PercDevAbs_TR_10,6.5,0.4568561538637614,0.00982,-2.3331552225672434,2.3331552225672434,17
PercDevAbs_TR_10,6.75,0.41368520713074736,0.00982,-2.3331552225672434,2.3331552225672434,17
PercDevAbs_TR_10,7,0.37425791172507006,0.00982,-2.3331552225672434,2.3331552225672434,17
PercDevAbs_TR_10,7.25,0.33827923196385296,0.00982,-2.3331552225672434,2.3331552225672434,17
PercDevAbs_TR_10,7.5,0.3054751016366315,0.00982,-2.3331552225672434,2.3331552225672434,17
PercDevAbs_TR_10,7.75,0.2755909727205859,0.00982,-2.3331552225672434,2.3331552225672434,17
PercDevAbs_TR_10,8,0.24839087870007315,0.00982,-2.3331552225672434,2.3331552225672434,17
PercDevAbs_TR_10,8.25,0.2236562968986373,0.00982,-2.3331552225672434,2.3331552225672434,17
PercDevAbs_TR_10,8.5,0.20118487904299373,0.00982,-2.3331552225672434,2.3331552225672434,17
PercDevAbs_TR_10,8.75,0.18078933398151903,0.00982,-2.3331552225672434,2.3331552225672434,17
PercDevAbs_TR_10,9,0.16229644786523,0.00982,-2.3331552225672434,2.3331552225672434,17
PercDevAbs_TR_10,9.25,0.14554597551095932,0.00982,-2.3331552225672434,2.3331552225672434,17
PercDevAbs_TR_10,9.5,0.13038947029221945,0.00982,-2.3331552225672434,2.3331552225672434,17
PercDevAbs_TR_10,9.75,0.11668926220066417,0.00982,-2.3331552225672434,2.3331552225672434,17
PercDevAbs_TR_10,10,0.10431805955721868,0.00982,-2.3331552225672434,2.3331552225672434,17
PercDevAbs_TR_10,10.25,0.09315844591143811,0.00982,-2.3331552225672434,2.3331552225672434,17
PercDevAbs_TR_10,10.5,0.08310227240841979,0.00982,-2.3331552225672434,2.3331552225672434,17
PercDevAbs_TR_10,10.75,0.07405009232523768,0.00982,-2.3331552225672434,2.3331552225672434,17
PercDevAbs_TR_10,11,0.06591060115106323,0.00982,-2.3331552225672434,2.3331552225672434,17
PercDevAbs_TR_10,11.25,0.058600026213259146,0.00982,-2.3331552225672434,2.3331552225672434,17
PercDevAbs_TR_10,11.5,0.0520415236824314,0.00982,-2.3331552225672434,2.3331552225672434,17
PercDevAbs_TR_10,11.75,0.04616467813127113,0.00982,-2.3331552225672434,2.3331552225672434,17
PercDevAbs_TR_10,12,0.040904977697634105,0.00982,-2.3331552225672434,2.3331552225672434,17
PercDevAbs_TR_10,6,1.2783340400775132,0.02275,-2.000002443899604,2.000002443899604,16
PercDevAbs_TR_10,6.25,1.1762063833483727,0.02275,-2.000002443899604,2.000002443899604,16
PercDevAbs_TR_10,6.5,1.0816747363960484,0.02275,-2.000002443899604,2.000002443899604,16
PercDevAbs_TR_10,6.75,0.9942147126392383,0.02275,-2.000002443899604,2.000002443899604,16
PercDevAbs_TR_10,7,0.9133357110536038,0.02275,-2.000002443899604,2.000002443899604,16
PercDevAbs_TR_10,7.25,0.8385787422866935,0.02275,-2.000002443899604,2.000002443899604,16
PercDevAbs_TR_10,7.5,0.7695144154164585,0.02275,-2.000002443899604,2.000002443899604,16
PercDevAbs_TR_10,7.75,0.7057409663312854,0.02275,-2.000002443899604,2.000002443899604,16
PercDevAbs_TR_10,8,0.6468831596906272,0.02275,-2.000002443899604,2.000002443899604,16
PercDevAbs_TR_10,8.25,0.5925908257986598,0.02275,-2.000002443899604,2.000002443899604,16
PercDevAbs_TR_10,8.5,0.5425371258843,0.02275,-2.000002443899604,2.000002443899604,16
PercDevAbs_TR_10,8.75,0.49641708245444416,0.02275,-2.000002443899604,2.000002443899604,16
PercDevAbs_TR_10,9,0.4539463231489954,0.02275,-2.000002443899604,2.000002443899604,16
PercDevAbs_TR_10,9.25,0.41485951262651727,0.02275,-2.000002443899604,2.000002443899604,16
PercDevAbs_TR_10,9.5,0.37890857298294783,0.02275,-2.000002443899604,2.000002443899604,16
PercDevAbs_TR_10,9.75,0.34586109715902574,0.02275,-2.000002443899604,2.000002443899604,16
PercDevAbs_TR_10,10,0.3154999875965993,0.02275,-2.000002443899604,2.000002443899604,16
PercDevAbs_TR_10,10.25,0.2876228958000537,0.02275,-2.000002443899604,2.000002443899604,16
PercDevAbs_TR_10,10.5,0.2620414375561162,0.02275,-2.000002443899604,2.000002443899604,16
PercDevAbs_TR_10,10.75,0.2385804820349886,0.02275,-2.000002443899604,2.000002443899604,16
PercDevAbs_TR_10,11,0.2170774304350763,0.02275,-2.000002443899604,2.000002443899604,16
PercDevAbs_TR_10,11.25,0.19738136418284596,0.02275,-2.000002443899604,2.000002443899604,16
PercDevAbs_TR_10,11.5,0.17935216913855817,0.02275,-2.000002443899604,2.000002443899604,16
PercDevAbs_TR_10,11.75,0.16285984452659158,0.02275,-2.000002443899604,2.000002443899604,16
PercDevAbs_TR_10,12,0.14778372204411694,0.02275,-2.000002443899604,2.000002443899604,16
PercDevAbs_TR_10,6,2.5708638802354185,0.04779,-1.6666702079210545,1.6666702079210545,15
PercDevAbs_TR_10,6.25,2.389518395560524,0.04779,-1.6666702079210545,1.6666702079210545,15
PercDevAbs_TR_10,6.5,2.2202580349092904,0.04779,-1.6666702079210545,1.6666702079210545,15
PercDevAbs_TR_10,6.75,2.0623221619552394,0.04779,-1.6666702079210545,1.6666702079210545,15
PercDevAbs_TR_10,7,1.9149956960817407,0.04779,-1.6666702079210545,1.6666702079210545,15
PercDevAbs_TR_10,7.25,1.7776063350622953,0.04779,-1.6666702079210545,1.6666702079210545,15
PercDevAbs_TR_10,7.5,1.649521953855955,0.04779,-1.6666702079210545,1.6666702079210545,15
PercDevAbs_TR_10,7.75,1.5301480019661333,0.04779,-1.6666702079210545,1.6666702079210545,15
PercDevAbs_TR_10,8,1.418926194513825,0.04779,-1.6666702079210545,1.6666702079210545,15
PercDevAbs_TR_10,8.25,1.3153326511132384,0.04779,-1.6666702079210545,1.6666702079210545,15
PercDevAbs_TR_10,8.5,1.2188756023604552,0.04779,-1.6666702079210545,1.6666702079210545,15
PercDevAbs_TR_10,8.75,1.1290935536269147,0.04779,-1.6666702079210545,1.6666702079210545,15
PercDevAbs_TR_10,9,1.0455537587516854,0.04779,-1.6666702079210545,1.6666702079210545,15
PercDevAbs_TR_10,9.25,0.9678501234470315,0.04779,-1.6666702079210545,1.6666702079210545,15
PercDevAbs_TR_10,9.5,0.8956006694462683,0.04779,-1.6666702079210545,1.6666702079210545,15
PercDevAbs_TR_10,9.75,0.8284452110422129,0.04779,-1.6666702079210545,1.6666702079210545,15
PercDevAbs_TR_10,10,0.7660450583911894,0.04779,-1.6666702079210545,1.6666702079210545,15
PercDevAbs_TR_10,10.25,0.7080824039759225,0.04779,-1.6666702079210545,1.6666702079210545,15
PercDevAbs_TR_10,10.5,0.654259325161777,0.04779,-1.6666702079210545,1.6666702079210545,15
PercDevAbs_TR_10,10.75,0.604296910403412,0.04779,-1.6666702079210545,1.6666702079210545,15
PercDevAbs_TR_10,11,0.5579343477946883,0.04779,-1.6666702079210545,1.6666702079210545,15
PercDevAbs_TR_10,11.25,0.5149277876971259,0.04779,-1.6666702079210545,1.6666702079210545,15
PercDevAbs_TR_10,11.5,0.4750491389316791,0.04779,-1.6666702079210545,1.6666702079210545,15
PercDevAbs_TR_10,11.75,0.438085147780546,0.04779,-1.6666702079210545,1.6666702079210545,15
PercDevAbs_TR_10,12,0.40383629824458445,0.04779,-1.6666702079210545,1.6666702079210545,15
PercDevAbs_TR_10,6,4.689153729484153,0.09121,-1.3333407702662026,1.3333407702662026,14
PercDevAbs_TR_10,6.25,4.391240320585619,0.09121,-1.3333407702662026,1.3333407702662026,14
PercDevAbs_TR_10,6.5,4.111457926554563,0.09121,-1.3333407702662026,1.3333407702662026,14
PercDevAbs_TR_10,6.75,3.848748764269927,0.09121,-1.3333407702662026,1.3333407702662026,14
PercDevAbs_TR_10,7,3.60211468695621,0.09121,-1.3333407702662026,1.3333407702662026,14
PercDevAbs_TR_10,7.25,3.3706137438986423,0.09121,-1.3333407702662026,1.3333407702662026,14
PercDevAbs_TR_10,7.5,3.1533569057830615,0.09121,-1.3333407702662026,1.3333407702662026,14
PercDevAbs_TR_10,7.75,2.9495047161975463,0.09121,-1.3333407702662026,1.3333407702662026,14
PercDevAbs_TR_10,8,2.758265642292275,0.09121,-1.3333407702662026,1.3333407702662026,14
PercDevAbs_TR_10,8.25,2.5788936946133103,0.09121,-1.3333407702662026,1.3333407702662026,14
PercDevAbs_TR_10,8.5,2.410685470401537,0.09121,-1.3333407702662026,1.3333407702662026,14
PercDevAbs_TR_10,8.75,2.2529779641799728,0.09121,-1.3333407702662026,1.3333407702662026,14
PercDevAbs_TR_10,9,2.105146798964706,0.09121,-1.3333407702662026,1.3333407702662026,14
PercDevAbs_TR_10,9.25,1.9666035710721457,0.09121,-1.3333407702662026,1.3333407702662026,14
PercDevAbs_TR_10,9.5,1.836792466084428,0.09121,-1.3333407702662026,1.3333407702662026,14
PercDevAbs_TR_10,9.75,1.7151870664571511,0.09121,-1.3333407702662026,1.3333407702662026,14
PercDevAbs_TR_10,10,1.6012901029974567,0.09121,-1.3333407702662026,1.3333407702662026,14
PercDevAbs_TR_10,10.25,1.4946327560015635,0.09121,-1.3333407702662026,1.3333407702662026,14
PercDevAbs_TR_10,10.5,1.3947733872276822,0.09121,-1.3333407702662026,1.3333407702662026,14
PercDevAbs_TR_10,10.75,1.3012964611879643,0.09121,-1.3333407702662026,1.3333407702662026,14
PercDevAbs_TR_10,11,1.2138113815705567,0.09121,-1.3333407702662026,1.3333407702662026,14
PercDevAbs_TR_10,11.25,1.1319510234918073,0.09121,-1.3333407702662026,1.3333407702662026,14
PercDevAbs_TR_10,11.5,1.0553701638086754,0.09121,-1.3333407702662026,1.3333407702662026,14
PercDevAbs_TR_10,11.75,0.9837442794806044,0.09121,-1.3333407702662026,1.3333407702662026,14
PercDevAbs_TR_10,12,0.9167680823494789,0.09121,-1.3333407702662026,1.3333407702662026,14
PercDevAbs_TR_10,6,7.94447502680228,0.15866,-0.9999803859660789,0.9999803859660789,13
PercDevAbs_TR_10,6.25,7.48290984901112,0.15866,-0.9999803859660789,0.9999803859660789,13
PercDevAbs_TR_10,6.5,7.047360847212867,0.15866,-0.9999803859660789,0.9999803859660789,13
PercDevAbs_TR_10,6.75,6.636404353787783,0.15866,-0.9999803859660789,0.9999803859660789,13
PercDevAbs_TR_10,7,6.248692951746757,0.15866,-0.9999803859660789,0.9999803859660789,13
PercDevAbs_TR_10,7.25,5.882951333299932,0.15866,-0.9999803859660789,0.9999803859660789,13
PercDevAbs_TR_10,7.5,5.537972271713745,0.15866,-0.9999803859660789,0.9999803859660789,13
PercDevAbs_TR_10,7.75,5.212612412590865,0.15866,-0.9999803859660789,0.9999803859660789,13
PercDevAbs_TR_10,8,4.90579004074406,0.15866,-0.9999803859660789,0.9999803859660789,13
PercDevAbs_TR_10,8.25,4.61648199090188,0.15866,-0.9999803859660789,0.9999803859660789,13
PercDevAbs_TR_10,8.5,4.343719909531897,0.15866,-0.9999803859660789,0.9999803859660789,13
PercDevAbs_TR_10,8.75,4.086587759054102,0.15866,-0.9999803859660789,0.9999803859660789,13
PercDevAbs_TR_10,9,3.844219856586939,0.15866,-0.9999803859660789,0.9999803859660789,13
PercDevAbs_TR_10,9.25,3.6157976860728525,0.15866,-0.9999803859660789,0.9999803859660789,13
PercDevAbs_TR_10,9.5,3.400545665124447,0.15866,-0.9999803859660789,0.9999803859660789,13
PercDevAbs_TR_10,9.75,3.197727028733845,0.15866,-0.9999803859660789,0.9999803859660789,13
PercDevAbs_TR_10,10,3.006643542755594,0.15866,-0.9999803859660789,0.9999803859660789,13
PercDevAbs_TR_10,10.25,2.826634629154258,0.15866,-0.9999803859660789,0.9999803859660789,13
PercDevAbs_TR_10,10.5,2.6570757352074525,0.15866,-0.9999803859660789,0.9999803859660789,13
PercDevAbs_TR_10,10.75,2.4973769664499086,0.15866,-0.9999803859660789,0.9999803859660789,13
PercDevAbs_TR_10,11,2.346981553683726,0.15866,-0.9999803859660789,0.9999803859660789,13
PercDevAbs_TR_10,11.25,2.2053640050854515,0.15866,-0.9999803859660789,0.9999803859660789,13
PercDevAbs_TR_10,11.5,2.0720281572461894,0.15866,-0.9999803859660789,0.9999803859660789,13
PercDevAbs_TR_10,11.75,1.94650562038298,0.15866,-0.9999803859660789,0.9999803859660789,13
PercDevAbs_TR_10,12,1.8283539258038528,0.15866,-0.9999803859660789,0.9999803859660789,13
PercDevAbs_TR_10,6,12.703811148753346,0.25249,-0.6666746102242979,0.6666746102242979,12
PercDevAbs_TR_10,6.25,12.02076081783494,0.25249,-0.6666746102242979,0.6666746102242979,12
PercDevAbs_TR_10,6.5,11.373749937535637,0.25249,-0.6666746102242979,0.6666746102242979,12
PercDevAbs_TR_10,6.75,10.760912154264505,0.25249,-0.6666746102242979,0.6666746102242979,12
PercDevAbs_TR_10,7,10.180476742479799,0.25249,-0.6666746102242979,0.6666746102242979,12
PercDevAbs_TR_10,7.25,9.63076375406059,0.25249,-0.6666746102242979,0.6666746102242979,12
PercDevAbs_TR_10,7.5,9.110179167472637,0.25249,-0.6666746102242979,0.6666746102242979,12
PercDevAbs_TR_10,7.75,8.617209711046009,0.25249,-0.6666746102242979,0.6666746102242979,12
PercDevAbs_TR_10,8,8.150419653649339,0.25249,-0.6666746102242979,0.6666746102242979,12
PercDevAbs_TR_10,8.25,7.708446726291124,0.25249,-0.6666746102242979,0.6666746102242979,12
PercDevAbs_TR_10,8.5,7.289997468353904,0.25249,-0.6666746102242979,0.6666746102242979,12
PercDevAbs_TR_10,8.75,6.893844512957386,0.25249,-0.6666746102242979,0.6666746102242979,12
PercDevAbs_TR_10,9,6.518824507329477,0.25249,-0.6666746102242979,0.6666746102242979,12
PercDevAbs_TR_10,9.25,6.163834493951276,0.25249,-0.6666746102242979,0.6666746102242979,12
PercDevAbs_TR_10,9.5,5.827826958902683,0.25249,-0.6666746102242979,0.6666746102242979,12
PercDevAbs_TR_10,9.75,5.509804855552593,0.25249,-0.6666746102242979,0.6666746102242979,12
PercDevAbs_TR_10,10,5.208821098029397,0.25249,-0.6666746102242979,0.6666746102242979,12
PercDevAbs_TR_10,10.25,4.923977339558124,0.25249,-0.6666746102242979,0.6666746102242979,12
PercDevAbs_TR_10,10.5,4.6544218412677285,0.25249,-0.6666746102242979,0.6666746102242979,12
PercDevAbs_TR_10,10.75,4.399347675350877,0.25249,-0.6666746102242979,0.6666746102242979,12
PercDevAbs_TR_10,11,4.157990628273667,0.25249,-0.6666746102242979,0.6666746102242979,12
PercDevAbs_TR_10,11.25,3.929626915037195,0.25249,-0.6666746102242979,0.6666746102242979,12
PercDevAbs_TR_10,11.5,3.7135708713169775,0.25249,-0.6666746102242979,0.6666746102242979,12
PercDevAbs_TR_10,11.75,3.5091729416959065,0.25249,-0.6666746102242979,0.6666746102242979,12
PercDevAbs_TR_10,12,3.315817453603402,0.25249,-0.6666746102242979,0.6666746102242979,12
PercDevAbs_TR_10,6,19.39534579750248,0.36944,-0.33333688458431254,0.33333688458431254,11
PercDevAbs_TR_10,6.25,18.421031715564638,0.36944,-0.33333688458431254,0.33333688458431254,11
PercDevAbs_TR_10,6.5,17.495241616273976,0.36944,-0.33333688458431254,0.33333688458431254,11
PercDevAbs_TR_10,6.75,16.615581008457447,0.36944,-0.33333688458431254,0.33333688458431254,11
PercDevAbs_TR_10,7,15.779773419245647,0.36944,-0.33333688458431254,0.33333688458431254,11
PercDevAbs_TR_10,7.25,14.985654864897626,0.36944,-0.33333688458431254,0.33333688458431254,11
PercDevAbs_TR_10,7.5,14.231168123853855,0.36944,-0.33333688458431254,0.33333688458431254,11
PercDevAbs_TR_10,7.75,13.51435649656385,0.36944,-0.33333688458431254,0.33333688458431254,11
PercDevAbs_TR_10,8,12.8333590407958,0.36944,-0.33333688458431254,0.33333688458431254,11
PercDevAbs_TR_10,8.25,12.186405111565945,0.36944,-0.33333688458431254,0.33333688458431254,11
PercDevAbs_TR_10,8.5,11.571808639099801,0.36944,-0.33333688458431254,0.33333688458431254,11
PercDevAbs_TR_10,8.75,10.987965330873784,0.36944,-0.33333688458431254,0.33333688458431254,11
PercDevAbs_TR_10,9,10.433350573404748,0.36944,-0.33333688458431254,0.33333688458431254,11
PercDevAbs_TR_10,9.25,9.90651558046717,0.36944,-0.33333688458431254,0.33333688458431254,11
PercDevAbs_TR_10,9.5,9.406082027733508,0.36944,-0.33333688458431254,0.33333688458431254,11
PercDevAbs_TR_10,9.75,8.930736443206518,0.36944,-0.33333688458431254,0.33333688458431254,11
PercDevAbs_TR_10,10,8.479229175369356,0.36944,-0.33333688458431254,0.33333688458431254,11
PercDevAbs_TR_10,10.25,8.050372549812602,0.36944,-0.33333688458431254,0.33333688458431254,11
PercDevAbs_TR_10,10.5,7.643038042738044,0.36944,-0.33333688458431254,0.33333688458431254,11
PercDevAbs_TR_10,10.75,7.256153837315852,0.36944,-0.33333688458431254,0.33333688458431254,11
PercDevAbs_TR_10,11,6.888701868356002,0.36944,-0.33333688458431254,0.33333688458431254,11
PercDevAbs_TR_10,11.25,6.539715029941276,0.36944,-0.33333688458431254,0.33333688458431254,11
PercDevAbs_TR_10,11.5,6.208274572747556,0.36944,-0.33333688458431254,0.33333688458431254,11
PercDevAbs_TR_10,11.75,5.893507490128648,0.36944,-0.33333688458431254,0.33333688458431254,11
PercDevAbs_TR_10,12,5.594583979618532,0.36944,-0.33333688458431254,0.33333688458431254,11
PercDevAbs_TR_10,6,28.50683909395735,0.5,0,-0,10
PercDevAbs_TR_10,6.25,27.158495651312435,0.5,0,-0,10
PercDevAbs_TR_10,6.5,25.87396176091866,0.5,0,-0,10
PercDevAbs_TR_10,6.75,24.65022045715373,0.5,0,-0,10
PercDevAbs_TR_10,7,23.484398449230387,0.5,0,-0,10
PercDevAbs_TR_10,7.25,22.373759992365606,0.5,0,-0,10
PercDevAbs_TR_10,7.5,21.31570025298508,0.5,0,-0,10
PercDevAbs_TR_10,7.75,20.307737928881064,0.5,0,-0,10
PercDevAbs_TR_10,8,19.347508124511883,0.5,0,-0,10
PercDevAbs_TR_10,8.25,18.432754981081583,0.5,0,-0,10
PercDevAbs_TR_10,8.5,17.561324712833784,0.5,0,-0,10
PercDevAbs_TR_10,8.75,16.73116291705534,0.5,0,-0,10
PercDevAbs_TR_10,9,15.940312584461296,0.5,0,-0,10
PercDevAbs_TR_10,9.25,15.186910330840847,0.5,0,-0,10
PercDevAbs_TR_10,9.5,14.469181142535652,0.5,0,-0,10
PercDevAbs_TR_10,9.75,13.785432570628808,0.5,0,-0,10
PercDevAbs_TR_10,10,13.134052716629075,0.5,0,-0,10
PercDevAbs_TR_10,10.25,12.51350736466347,0.5,0,-0,10
PercDevAbs_TR_10,10.5,11.922336195569692,0.5,0,-0,10
PercDevAbs_TR_10,10.75,11.359149385775222,0.5,0,-0,10
PercDevAbs_TR_10,11,10.822623374393597,0.5,0,-0,10
PercDevAbs_TR_10,11.25,10.311497481474479,0.5,0,-0,10
PercDevAbs_TR_10,11.5,9.824571129183715,0.5,0,-0,10
PercDevAbs_TR_10,11.75,9.360700429141064,0.5,0,-0,10
PercDevAbs_TR_10,12,8.918795452658097,0.5,0,-0,10
PercDevAbs_TR_10,6,40.58926777363363,0.63056,0.33333688458431254,-0.33333688458431254,9
PercDevAbs_TR_10,6.25,38.76999419397007,0.63056,0.33333688458431254,-0.33333688458431254,9
PercDevAbs_TR_10,6.5,37.03297757486443,0.63056,0.33333688458431254,-0.33333688458431254,9
PercDevAbs_TR_10,6.75,35.374474828337206,0.63056,0.33333688458431254,-0.33333688458431254,9
PercDevAbs_TR_10,7,33.79091572940228,0.63056,0.33333688458431254,-0.33333688458431254,9
PercDevAbs_TR_10,7.25,32.27889632425445,0.63056,0.33333688458431254,-0.33333688458431254,9
PercDevAbs_TR_10,7.5,30.835171383333403,0.63056,0.33333688458431254,-0.33333688458431254,9
PercDevAbs_TR_10,7.75,29.456645831592333,0.63056,0.33333688458431254,-0.33333688458431254,9
PercDevAbs_TR_10,8,28.140364193039623,0.63056,0.33333688458431254,-0.33333688458431254,9
PercDevAbs_TR_10,8.25,26.883500622810914,0.63056,0.33333688458431254,-0.33333688458431254,9
PercDevAbs_TR_10,8.5,25.683350505023917,0.63056,0.33333688458431254,-0.33333688458431254,9
PercDevAbs_TR_10,8.75,24.537328125591557,0.63056,0.33333688458431254,-0.33333688458431254,9
PercDevAbs_TR_10,9,23.442964947287372,0.63056,0.33333688458431254,-0.33333688458431254,9
PercDevAbs_TR_10,9.25,22.39790638204376,0.63056,0.33333688458431254,-0.33333688458431254,9
PercDevAbs_TR_10,9.5,21.399907438738925,0.63056,0.33333688458431254,-0.33333688458431254,9
PercDevAbs_TR_10,9.75,20.446827417579428,0.63056,0.33333688458431254,-0.33333688458431254,9
PercDevAbs_TR_10,10,19.536626274598124,0.63056,0.33333688458431254,-0.33333688458431254,9
PercDevAbs_TR_10,10.25,18.667360173514023,0.63056,0.33333688458431254,-0.33333688458431254,9
PercDevAbs_TR_10,10.5,17.83717639452956,0.63056,0.33333688458431254,-0.33333688458431254,9
PercDevAbs_TR_10,10.75,17.044308552382667,0.63056,0.33333688458431254,-0.33333688458431254,9
PercDevAbs_TR_10,11,16.28707051731219,0.63056,0.33333688458431254,-0.33333688458431254,9
PercDevAbs_TR_10,11.25,15.563852343969646,0.63056,0.33333688458431254,-0.33333688458431254,9
PercDevAbs_TR_10,11.5,14.87311750092711,0.63056,0.33333688458431254,-0.33333688458431254,9
PercDevAbs_TR_10,11.75,14.213398400510561,0.63056,0.33333688458431254,-0.33333688458431254,9
PercDevAbs_TR_10,12,13.58329367224002,0.63056,0.33333688458431254,-0.33333688458431254,9
PercDevAbs_TR_10,6,56.25808642321821,0.74751,0.6666746102242979,-0.6666746102242979,8
PercDevAbs_TR_10,6.25,53.855701277513674,0.74751,0.6666746102242979,-0.6666746102242979,8
PercDevAbs_TR_10,6.5,51.557563457068824,0.74751,0.6666746102242979,-0.6666746102242979,8
PercDevAbs_TR_10,6.75,49.35909040541313,0.74751,0.6666746102242979,-0.6666746102242979,8
PercDevAbs_TR_10,7,47.25590542429331,0.74751,0.6666746102242979,-0.6666746102242979,8
PercDevAbs_TR_10,7.25,45.24383082326372,0.74751,0.6666746102242979,-0.6666746102242979,8
PercDevAbs_TR_10,7.5,43.3188794898055,0.74751,0.6666746102242979,-0.6666746102242979,8
PercDevAbs_TR_10,7.75,41.47724511263531,0.74751,0.6666746102242979,-0.6666746102242979,8
PercDevAbs_TR_10,8,39.71528681669333,0.74751,0.6666746102242979,-0.6666746102242979,8
PercDevAbs_TR_10,8.25,38.029515723917136,0.74751,0.6666746102242979,-0.6666746102242979,8
PercDevAbs_TR_10,8.5,36.41658488981077,0.74751,0.6666746102242979,-0.6666746102242979,8
PercDevAbs_TR_10,8.75,34.87328766549315,0.74751,0.6666746102242979,-0.6666746102242979,8
PercDevAbs_TR_10,9,33.39655642390888,0.74751,0.6666746102242979,-0.6666746102242979,8
PercDevAbs_TR_10,9.25,31.983460494247055,0.74751,0.6666746102242979,-0.6666746102242979,8
PercDevAbs_TR_10,9.5,30.631203819480675,0.74751,0.6666746102242979,-0.6666746102242979,8
PercDevAbs_TR_10,9.75,29.3371211580538,0.74751,0.6666746102242979,-0.6666746102242979,8
PercDevAbs_TR_10,10,28.098671976124336,0.74751,0.6666746102242979,-0.6666746102242979,8
PercDevAbs_TR_10,10.25,26.91343368388513,0.74751,0.6666746102242979,-0.6666746102242979,8
PercDevAbs_TR_10,10.5,25.77909479844166,0.74751,0.6666746102242979,-0.6666746102242979,8
PercDevAbs_TR_10,10.75,24.693448225315876,0.74751,0.6666746102242979,-0.6666746102242979,8
PercDevAbs_TR_10,11,23.65438258906297,0.74751,0.6666746102242979,-0.6666746102242979,8
PercDevAbs_TR_10,11.25,22.6598773523459,0.74751,0.6666746102242979,-0.6666746102242979,8
PercDevAbs_TR_10,11.5,21.708000315671303,0.74751,0.6666746102242979,-0.6666746102242979,8
PercDevAbs_TR_10,11.75,20.796901757681397,0.74751,0.6666746102242979,-0.6666746102242979,8
PercDevAbs_TR_10,12,19.924811993326585,0.74751,0.6666746102242979,-0.6666746102242979,8
PercDevAbs_TR_10,6,76.19253964095883,0.84134,0.9999803859660789,-0.9999803859660789,7
PercDevAbs_TR_10,6.25,73.07849777266604,0.84134,0.9999803859660789,-0.9999803859660789,7
PercDevAbs_TR_10,6.5,70.09463534088844,0.84134,0.9999803859660789,-0.9999803859660789,7
PercDevAbs_TR_10,6.75,67.23540699071414,0.84134,0.9999803859660789,-0.9999803859660789,7
PercDevAbs_TR_10,7,64.4955103093692,0.84134,0.9999803859660789,-0.9999803859660789,7
PercDevAbs_TR_10,7.25,61.86987899950518,0.84134,0.9999803859660789,-0.9999803859660789,7
PercDevAbs_TR_10,7.5,59.353673635382535,0.84134,0.9999803859660789,-0.9999803859660789,7
PercDevAbs_TR_10,7.75,56.94227070282057,0.84134,0.9999803859660789,-0.9999803859660789,7
PercDevAbs_TR_10,8,54.63124069531259,0.84134,0.9999803859660789,-0.9999803859660789,7
PercDevAbs_TR_10,8.25,52.416330119649274,0.84134,0.9999803859660789,-0.9999803859660789,7
PercDevAbs_TR_10,8.5,50.293449519692686,0.84134,0.9999803859660789,-0.9999803859660789,7
PercDevAbs_TR_10,8.75,48.25867293371353,0.84134,0.9999803859660789,-0.9999803859660789,7
PercDevAbs_TR_10,9,46.30823728993725,0.84134,0.9999803859660789,-0.9999803859660789,7
PercDevAbs_TR_10,9.25,44.438542312634546,0.84134,0.9999803859660789,-0.9999803859660789,7
PercDevAbs_TR_10,9.5,42.64615166307892,0.84134,0.9999803859660789,-0.9999803859660789,7
PercDevAbs_TR_10,9.75,40.927792019017346,0.84134,0.9999803859660789,-0.9999803859660789,7
PercDevAbs_TR_10,10,39.28034339992112,0.84134,0.9999803859660789,-0.9999803859660789,7
PercDevAbs_TR_10,10.25,37.700829146662144,0.84134,0.9999803859660789,-0.9999803859660789,7
PercDevAbs_TR_10,10.5,36.18640679000349,0.84134,0.9999803859660789,-0.9999803859660789,7
PercDevAbs_TR_10,10.75,34.73435868740857,0.84134,0.9999803859660789,-0.9999803859660789,7
PercDevAbs_TR_10,11,33.34207981680637,0.84134,0.9999803859660789,-0.9999803859660789,7
PercDevAbs_TR_10,11.25,32.00707194140669,0.84134,0.9999803859660789,-0.9999803859660789,7
PercDevAbs_TR_10,11.5,30.726941730930307,0.84134,0.9999803859660789,-0.9999803859660789,7
PercDevAbs_TR_10,11.75,29.499393095726276,0.84134,0.9999803859660789,-0.9999803859660789,7
PercDevAbs_TR_10,12,28.32222541241984,0.84134,0.9999803859660789,-0.9999803859660789,7
PercDevAbs_TR_10,6,101.14713799832923,0.90879,1.3333407702662026,-1.3333407702662026,6
PercDevAbs_TR_10,6.25,97.17507946304093,0.90879,1.3333407702662026,-1.3333407702662026,6
PercDevAbs_TR_10,6.5,93.3635035285706,0.90879,1.3333407702662026,-1.3333407702662026,6
PercDevAbs_TR_10,6.75,89.70576797445551,0.90879,1.3333407702662026,-1.3333407702662026,6
PercDevAbs_TR_10,7,86.1955150006927,0.90879,1.3333407702662026,-1.3333407702662026,6
PercDevAbs_TR_10,7.25,82.82666479548286,0.90879,1.3333407702662026,-1.3333407702662026,6
PercDevAbs_TR_10,7.5,79.59340559244993,0.90879,1.3333407702662026,-1.3333407702662026,6
PercDevAbs_TR_10,7.75,76.49018159874272,0.90879,1.3333407702662026,-1.3333407702662026,6
PercDevAbs_TR_10,8,73.51166242540096,0.90879,1.3333407702662026,-1.3333407702662026,6
PercDevAbs_TR_10,8.25,70.65271921494153,0.90879,1.3333407702662026,-1.3333407702662026,6
PercDevAbs_TR_10,8.5,67.9084104685565,0.90879,1.3333407702662026,-1.3333407702662026,6
PercDevAbs_TR_10,8.75,65.27398309323036,0.90879,1.3333407702662026,-1.3333407702662026,6
PercDevAbs_TR_10,9,62.74487271818636,0.90879,1.3333407702662026,-1.3333407702662026,6
PercDevAbs_TR_10,9.25,60.316706595861184,0.90879,1.3333407702662026,-1.3333407702662026,6
PercDevAbs_TR_10,9.5,57.9853101198418,0.90879,1.3333407702662026,-1.3333407702662026,6
PercDevAbs_TR_10,9.75,55.74671057194634,0.90879,1.3333407702662026,-1.3333407702662026,6
PercDevAbs_TR_10,10,53.59712250799067,0.90879,1.3333407702662026,-1.3333407702662026,6
PercDevAbs_TR_10,10.25,51.53293330475267,0.90879,1.3333407702662026,-1.3333407702662026,6
PercDevAbs_TR_10,10.5,49.55069106312101,0.90879,1.3333407702662026,-1.3333407702662026,6
PercDevAbs_TR_10,10.75,47.647091717613904,0.90879,1.3333407702662026,-1.3333407702662026,6
PercDevAbs_TR_10,11,45.81896211524079,0.90879,1.3333407702662026,-1.3333407702662026,6
PercDevAbs_TR_10,11.25,44.06325305373582,0.90879,1.3333407702662026,-1.3333407702662026,6
PercDevAbs_TR_10,11.5,42.37703847755383,0.90879,1.3333407702662026,-1.3333407702662026,6
PercDevAbs_TR_10,11.75,40.75750549198409,0.90879,1.3333407702662026,-1.3333407702662026,6
PercDevAbs_TR_10,12,39.20195375519596,0.90879,1.3333407702662026,-1.3333407702662026,6
PercDevAbs_TR_10,6,131.93370262448673,0.95221,1.6666702079210545,-1.6666702079210545,5
PercDevAbs_TR_10,6.25,126.93866458257969,0.95221,1.6666702079210545,-1.6666702079210545,5
PercDevAbs_TR_10,6.5,122.13921898620082,0.95221,1.6666702079210545,-1.6666702079210545,5
PercDevAbs_TR_10,6.75,117.52748208350307,0.95221,1.6666702079210545,-1.6666702079210545,5
PercDevAbs_TR_10,7,113.09590071154797,0.95221,1.6666702079210545,-1.6666702079210545,5
PercDevAbs_TR_10,7.25,108.83724672838717,0.95221,1.6666702079210545,-1.6666702079210545,5
PercDevAbs_TR_10,7.5,104.74460653925267,0.95221,1.6666702079210545,-1.6666702079210545,5
PercDevAbs_TR_10,7.75,100.81136804070098,0.95221,1.6666702079210545,-1.6666702079210545,5
PercDevAbs_TR_10,8,97.03117881917026,0.95221,1.6666702079210545,-1.6666702079210545,5
PercDevAbs_TR_10,8.25,93.39791481392666,0.95221,1.6666702079210545,-1.6666702079210545,5
PercDevAbs_TR_10,8.5,89.90566362973698,0.95221,1.6666702079210545,-1.6666702079210545,5
PercDevAbs_TR_10,8.75,86.54872776450998,0.95221,1.6666702079210545,-1.6666702079210545,5
PercDevAbs_TR_10,9,83.3216261325284,0.95221,1.6666702079210545,-1.6666702079210545,5
PercDevAbs_TR_10,9.25,80.21910122127028,0.95221,1.6666702079210545,-1.6666702079210545,5
PercDevAbs_TR_10,9.5,77.23613335111733,0.95221,1.6666702079210545,-1.6666702079210545,5
PercDevAbs_TR_10,9.75,74.36795135356878,0.95221,1.6666702079210545,-1.6666702079210545,5
PercDevAbs_TR_10,10,71.61001133598141,0.95221,1.6666702079210545,-1.6666702079210545,5
PercDevAbs_TR_10,10.25,68.95797635829192,0.95221,1.6666702079210545,-1.6666702079210545,5
PercDevAbs_TR_10,10.5,66.40770056465017,0.95221,1.6666702079210545,-1.6666702079210545,5
PercDevAbs_TR_10,10.75,63.955211688653876,0.95221,1.6666702079210545,-1.6666702079210545,5
PercDevAbs_TR_10,11,61.59668798121106,0.95221,1.6666702079210545,-1.6666702079210545,5
PercDevAbs_TR_10,11.25,59.32844991877618,0.95221,1.6666702079210545,-1.6666702079210545,5
PercDevAbs_TR_10,11.5,57.14696104163612,0.95221,1.6666702079210545,-1.6666702079210545,5
PercDevAbs_TR_10,11.75,55.04881502582729,0.95221,1.6666702079210545,-1.6666702079210545,5
PercDevAbs_TR_10,12,53.030736871279395,0.95221,1.6666702079210545,-1.6666702079210545,5
PercDevAbs_TR_10,6,169.44245901822137,0.97725,2.0000024438996027,-2.0000024438996027,4
PercDevAbs_TR_10,6.25,163.23938162505883,0.97725,2.0000024438996027,-2.0000024438996027,4
PercDevAbs_TR_10,6.5,157.27228004643695,0.97725,2.0000024438996027,-2.0000024438996027,4
PercDevAbs_TR_10,6.75,151.53187296576863,0.97725,2.0000024438996027,-2.0000024438996027,4
PercDevAbs_TR_10,7,146.0092608342894,0.97725,2.0000024438996027,-2.0000024438996027,4
PercDevAbs_TR_10,7.25,140.6959217475662,0.97725,2.0000024438996027,-2.0000024438996027,4
PercDevAbs_TR_10,7.5,135.58370066806467,0.97725,2.0000024438996027,-2.0000024438996027,4
PercDevAbs_TR_10,7.75,130.66479557729207,0.97725,2.0000024438996027,-2.0000024438996027,4
PercDevAbs_TR_10,8,125.9317013879105,0.97725,2.0000024438996027,-2.0000024438996027,4
PercDevAbs_TR_10,8.25,121.37716926181062,0.97725,2.0000024438996027,-2.0000024438996027,4
PercDevAbs_TR_10,8.5,116.99418705235199,0.97725,2.0000024438996027,-2.0000024438996027,4
PercDevAbs_TR_10,8.75,112.7759854086981,0.97725,2.0000024438996027,-2.0000024438996027,4
PercDevAbs_TR_10,9,108.71604082765509,0.97725,2.0000024438996027,-2.0000024438996027,4
PercDevAbs_TR_10,9.25,104.80808859192729,0.97725,2.0000024438996027,-2.0000024438996027,4
PercDevAbs_TR_10,9.5,101.0461476642049,0.97725,2.0000024438996027,-2.0000024438996027,4
PercDevAbs_TR_10,9.75,97.42454109287549,0.97725,2.0000024438996027,-2.0000024438996027,4
PercDevAbs_TR_10,10,93.93786612929823,0.97725,2.0000024438996027,-2.0000024438996027,4
PercDevAbs_TR_10,10.25,90.58096630471556,0.97725,2.0000024438996027,-2.0000024438996027,4
PercDevAbs_TR_10,10.5,87.34891083359967,0.97725,2.0000024438996027,-2.0000024438996027,4
PercDevAbs_TR_10,10.75,84.23697122000362,0.97725,2.0000024438996027,-2.0000024438996027,4
PercDevAbs_TR_10,11,81.24059030944485,0.97725,2.0000024438996027,-2.0000024438996027,4
PercDevAbs_TR_10,11.25,78.35537242840817,0.97725,2.0000024438996027,-2.0000024438996027,4
PercDevAbs_TR_10,11.5,75.57708656001013,0.97725,2.0000024438996027,-2.0000024438996027,4
PercDevAbs_TR_10,11.75,72.90164972985383,0.97725,2.0000024438996027,-2.0000024438996027,4
PercDevAbs_TR_10,12,70.32513076653663,0.97725,2.0000024438996027,-2.0000024438996027,4
PercDevAbs_TR_10,6,214.60585024304447,0.99018,2.3331552225672416,-2.3331552225672416,3
PercDevAbs_TR_10,6.25,206.9892667610102,0.99018,2.3331552225672416,-2.3331552225672416,3
PercDevAbs_TR_10,6.5,199.6547742471668,0.99018,2.3331552225672416,-2.3331552225672416,3
PercDevAbs_TR_10,6.75,192.59152703017776,0.99018,2.3331552225672416,-2.3331552225672416,3
PercDevAbs_TR_10,7,185.78911769029725,0.99018,2.3331552225672416,-2.3331552225672416,3
PercDevAbs_TR_10,7.25,179.23757508045455,0.99018,2.3331552225672416,-2.3331552225672416,3
PercDevAbs_TR_10,7.5,172.92735353899823,0.99018,2.3331552225672416,-2.3331552225672416,3
PercDevAbs_TR_10,7.75,166.84931851446933,0.99018,2.3331552225672416,-2.3331552225672416,3
PercDevAbs_TR_10,8,160.9946726120861,0.99018,2.3331552225672416,-2.3331552225672416,3
PercDevAbs_TR_10,8.25,155.35490337195216,0.99018,2.3331552225672416,-2.3331552225672416,3
PercDevAbs_TR_10,8.5,149.92176044601678,0.99018,2.3331552225672416,-2.3331552225672416,3
PercDevAbs_TR_10,8.75,144.68726538711627,0.99018,2.3331552225672416,-2.3331552225672416,3
PercDevAbs_TR_10,9,139.64371658727003,0.99018,2.3331552225672416,-2.3331552225672416,3
PercDevAbs_TR_10,9.25,134.78370980914002,0.99018,2.3331552225672416,-2.3331552225672416,3
PercDevAbs_TR_10,9.5,130.10017718191276,0.99018,2.3331552225672416,-2.3331552225672416,3
PercDevAbs_TR_10,9.75,125.58642071424362,0.99018,2.3331552225672416,-2.3331552225672416,3
PercDevAbs_TR_10,10,121.2360713649006,0.99018,2.3331552225672416,-2.3331552225672416,3
PercDevAbs_TR_10,10.25,117.04305147472276,0.99018,2.3331552225672416,-2.3331552225672416,3
PercDevAbs_TR_10,10.5,113.00154832337714,0.99018,2.3331552225672416,-2.3331552225672416,3
PercDevAbs_TR_10,10.75,109.10598330688912,0.99018,2.3331552225672416,-2.3331552225672416,3
PercDevAbs_TR_10,11,105.3509710761193,0.99018,2.3331552225672416,-2.3331552225672416,3
PercDevAbs_TR_10,11.25,101.7313078307424,0.99018,2.3331552225672416,-2.3331552225672416,3
PercDevAbs_TR_10,11.5,98.24197766613614,0.99018,2.3331552225672416,-2.3331552225672416,3
PercDevAbs_TR_10,11.75,94.87813139775648,0.99018,2.3331552225672416,-2.3331552225672416,3
PercDevAbs_TR_10,12,91.6350938303452,0.99018,2.3331552225672416,-2.3331552225672416,3
PercDevAbs_TR_10,6,268.5413233350354,0.99617,2.6667000630340683,-2.6667000630340683,2
PercDevAbs_TR_10,6.25,259.28065690735525,0.99617,2.6667000630340683,-2.6667000630340683,2
PercDevAbs_TR_10,6.5,250.3545196700428,0.99617,2.6667000630340683,-2.6667000630340683,2
PercDevAbs_TR_10,6.75,241.7503198992334,0.99617,2.6667000630340683,-2.6667000630340683,2
PercDevAbs_TR_10,7,233.45596635072886,0.99617,2.6667000630340683,-2.6667000630340683,2
PercDevAbs_TR_10,7.25,225.4598692631282,0.99617,2.6667000630340683,-2.6667000630340683,2
PercDevAbs_TR_10,7.5,217.75092992841508,0.99617,2.6667000630340683,-2.6667000630340683,2
PercDevAbs_TR_10,7.75,210.3185261343697,0.99617,2.6667000630340683,-2.6667000630340683,2
PercDevAbs_TR_10,8,203.15241614787425,0.99617,2.6667000630340683,-2.6667000630340683,2
PercDevAbs_TR_10,8.25,196.24267238524277,0.99617,2.6667000630340683,-2.6667000630340683,2
PercDevAbs_TR_10,8.5,189.57965487904212,0.99617,2.6667000630340683,-2.6667000630340683,2
PercDevAbs_TR_10,8.75,183.15402569007733,0.99617,2.6667000630340683,-2.6667000630340683,2
PercDevAbs_TR_10,9,176.9567561320438,0.99617,2.6667000630340683,-2.6667000630340683,2
PercDevAbs_TR_10,9.25,170.97915704083894,0.99617,2.6667000630340683,-2.6667000630340683,2
PercDevAbs_TR_10,9.5,165.21293600849037,0.99617,2.6667000630340683,-2.6667000630340683,2
PercDevAbs_TR_10,9.75,159.6502480611782,0.99617,2.6667000630340683,-2.6667000630340683,2
PercDevAbs_TR_10,10,154.2836408473344,0.99617,2.6667000630340683,-2.6667000630340683,2
PercDevAbs_TR_10,10.25,149.1060050089147,0.99617,2.6667000630340683,-2.6667000630340683,2
PercDevAbs_TR_10,10.5,144.11054058197405,0.99617,2.6667000630340683,-2.6667000630340683,2
PercDevAbs_TR_10,10.75,139.29071693815135,0.99617,2.6667000630340683,-2.6667000630340683,2
PercDevAbs_TR_10,11,134.6402196040307,0.99617,2.6667000630340683,-2.6667000630340683,2
PercDevAbs_TR_10,11.25,130.15293638615705,0.99617,2.6667000630340683,-2.6667000630340683,2
PercDevAbs_TR_10,11.5,125.82296788361832,0.99617,2.6667000630340683,-2.6667000630340683,2
PercDevAbs_TR_10,11.75,121.64460071933941,0.99617,2.6667000630340683,-2.6667000630340683,2
PercDevAbs_TR_10,12,117.61231943974546,0.99617,2.6667000630340683,-2.6667000630340683,2
PercDevAbs_TR_10,6,332.2527478257681,0.99865,2.999976992703401,-2.999976992703401,1
PercDevAbs_TR_10,6.25,321.096823774894,0.99865,2.999976992703401,-2.999976992703401,1
PercDevAbs_TR_10,6.5,310.3346177200577,0.99865,2.999976992703401,-2.999976992703401,1
PercDevAbs_TR_10,6.75,299.9516010850671,0.99865,2.999976992703401,-2.999976992703401,1
PercDevAbs_TR_10,7,289.93381397359434,0.99865,2.999976992703401,-2.999976992703401,1
PercDevAbs_TR_10,7.25,280.2678701310312,0.99865,2.999976992703401,-2.999976992703401,1
PercDevAbs_TR_10,7.5,270.9409473208103,0.99865,2.999976992703401,-2.999976992703401,1
PercDevAbs_TR_10,7.75,261.9407730196794,0.99865,2.999976992703401,-2.999976992703401,1
PercDevAbs_TR_10,8,253.25550154824626,0.99865,2.999976992703401,-2.999976992703401,1
PercDevAbs_TR_10,8.25,244.87363071133402,0.99865,2.999976992703401,-2.999976992703401,1
PercDevAbs_TR_10,8.5,236.78397106962638,0.99865,2.999976992703401,-2.999976992703401,1
PercDevAbs_TR_10,8.75,228.97566603638177,0.99865,2.999976992703401,-2.999976992703401,1
PercDevAbs_TR_10,9,221.43820182373793,0.99865,2.999976992703401,-2.999976992703401,1
PercDevAbs_TR_10,9.25,214.16144992188933,0.99865,2.999976992703401,-2.999976992703401,1
PercDevAbs_TR_10,9.5,207.13574737295687,0.99865,2.999976992703401,-2.999976992703401,1
PercDevAbs_TR_10,9.75,200.3519693537344,0.99865,2.999976992703401,-2.999976992703401,1
PercDevAbs_TR_10,10,193.80145721965226,0.99865,2.999976992703401,-2.999976992703401,1
PercDevAbs_TR_10,10.25,187.47595403927164,0.99865,2.999976992703401,-2.999976992703401,1
PercDevAbs_TR_10,10.5,181.36756234713712,0.99865,2.999976992703401,-2.999976992703401,1
PercDevAbs_TR_10,10.75,175.46869277289434,0.99865,2.999976992703401,-2.999976992703401,1
PercDevAbs_TR_10,11,169.77199577851874,0.99865,2.999976992703401,-2.999976992703401,1
PercDevAbs_TR_10,11.25,164.27034524770704,0.99865,2.999976992703401,-2.999976992703401,1
PercDevAbs_TR_10,11.5,158.95685431905332,0.99865,2.999976992703401,-2.999976992703401,1
PercDevAbs_TR_10,11.75,153.82484184230702,0.99865,2.999976992703401,-2.999976992703401,1
PercDevAbs_TR_10,12,148.8678502165549,0.99865,2.999976992703401,-2.999976992703401,1
PercDevAbs_TR_11,6,0.05112679491300436,0.00135,-2.999976992703393,2.999976992703393,19
PercDevAbs_TR_11,6.25,0.04545503535732496,0.00135,-2.999976992703393,2.999976992703393,19
PercDevAbs_TR_11,6.5,0.040360157740329354,0.00135,-2.999976992703393,2.999976992703393,19
PercDevAbs_TR_11,6.75,0.03578962648490254,0.00135,-2.999976992703393,2.999976992703393,19
PercDevAbs_TR_11,7,0.031695108397781425,0.00135,-2.999976992703393,2.999976992703393,19
PercDevAbs_TR_11,7.25,0.02803216702406124,0.00135,-2.999976992703393,2.999976992703393,19
PercDevAbs_TR_11,7.5,0.02475997168449163,0.00135,-2.999976992703393,2.999976992703393,19
PercDevAbs_TR_11,7.75,0.021840981671506828,0.00135,-2.999976992703393,2.999976992703393,19
PercDevAbs_TR_11,8,0.019240746436109367,0.00135,-2.999976992703393,2.999976992703393,19
PercDevAbs_TR_11,8.25,0.01692773263064594,0.00135,-2.999976992703393,2.999976992703393,19
PercDevAbs_TR_11,8.5,0.014873146034761621,0.00135,-2.999976992703393,2.999976992703393,19
PercDevAbs_TR_11,8.75,0.01305070586411492,0.00135,-2.999976992703393,2.999976992703393,19
PercDevAbs_TR_11,9,0.011436464459276442,0.00135,-2.999976992703393,2.999976992703393,19
PercDevAbs_TR_11,9.25,0.010008648992508164,0.00135,-2.999976992703393,2.999976992703393,19
PercDevAbs_TR_11,9.5,0.008747523144384662,0.00135,-2.999976992703393,2.999976992703393,19
PercDevAbs_TR_11,9.75,0.007635280307620316,0.00135,-2.999976992703393,2.999976992703393,19
PercDevAbs_TR_11,10,0.006655823598725584,0.00135,-2.999976992703393,2.999976992703393,19
PercDevAbs_TR_11,10.25,0.005794589616096966,0.00135,-2.999976992703393,2.999976992703393,19
PercDevAbs_TR_11,10.5,0.005038417641063226,0.00135,-2.999976992703393,2.999976992703393,19
PercDevAbs_TR_11,10.75,0.004375453070149927,0.00135,-2.999976992703393,2.999976992703393,19
PercDevAbs_TR_11,11,0.003795056574915568,0.00135,-2.999976992703393,2.999976992703393,19
PercDevAbs_TR_11,11.25,0.003287693433823008,0.00135,-2.999976992703393,2.999976992703393,19
PercDevAbs_TR_11,11.5,0.0028448205239145216,0.00135,-2.999976992703393,2.999976992703393,19
PercDevAbs_TR_11,11.75,0.0024587936497225548,0.00135,-2.999976992703393,2.999976992703393,19
PercDevAbs_TR_11,12,0.0021227885745994154,0.00135,-2.999976992703393,2.999976992703393,19
PercDevAbs_TR_11,6,0.20650115225659363,0.00383,-2.6667000630340683,2.6667000630340683,18
PercDevAbs_TR_11,6.25,0.18834904490557097,0.00383,-2.6667000630340683,2.6667000630340683,18
PercDevAbs_TR_11,6.5,0.17166375214018464,0.00383,-2.6667000630340683,2.6667000630340683,18
PercDevAbs_TR_11,6.75,0.15633798937218224,0.00383,-2.6667000630340683,2.6667000630340683,18
PercDevAbs_TR_11,7,0.14227161571104513,0.00383,-2.6667000630340683,2.6667000630340683,18
PercDevAbs_TR_11,7.25,0.1293711558473062,0.00383,-2.6667000630340683,2.6667000630340683,18
PercDevAbs_TR_11,7.5,0.11754933055063597,0.00383,-2.6667000630340683,2.6667000630340683,18
PercDevAbs_TR_11,7.75,0.10672446304589366,0.00383,-2.6667000630340683,2.6667000630340683,18
PercDevAbs_TR_11,8,0.0968202081981083,0.00383,-2.6667000630340683,2.6667000630340683,18
PercDevAbs_TR_11,8.25,0.08776535704704379,0.00383,-2.6667000630340683,2.6667000630340683,18
PercDevAbs_TR_11,8.5,0.07949361995073385,0.00383,-2.6667000630340683,2.6667000630340683,18
PercDevAbs_TR_11,8.75,0.07194323315714632,0.00383,-2.6667000630340683,2.6667000630340683,18
PercDevAbs_TR_11,9,0.06505669538882784,0.00383,-2.6667000630340683,2.6667000630340683,18
PercDevAbs_TR_11,9.25,0.05878056139548943,0.00383,-2.6667000630340683,2.6667000630340683,18
PercDevAbs_TR_11,9.5,0.053065296926885976,0.00383,-2.6667000630340683,2.6667000630340683,18
PercDevAbs_TR_11,9.75,0.047865258254727004,0.00383,-2.6667000630340683,2.6667000630340683,18
PercDevAbs_TR_11,10,0.043138213888031934,0.00383,-2.6667000630340683,2.6667000630340683,18
PercDevAbs_TR_11,10.25,0.03884497123364768,0.00383,-2.6667000630340683,2.6667000630340683,18
PercDevAbs_TR_11,10.5,0.03494914479031312,0.00383,-2.6667000630340683,2.6667000630340683,18
PercDevAbs_TR_11,10.75,0.03141705269591402,0.00383,-2.6667000630340683,2.6667000630340683,18
PercDevAbs_TR_11,11,0.028217633864681655,0.00383,-2.6667000630340683,2.6667000630340683,18
PercDevAbs_TR_11,11.25,0.025322259995391616,0.00383,-2.6667000630340683,2.6667000630340683,18
PercDevAbs_TR_11,11.5,0.02270450253964015,0.00383,-2.6667000630340683,2.6667000630340683,18
PercDevAbs_TR_11,11.75,0.020339964026118405,0.00383,-2.6667000630340683,2.6667000630340683,18
PercDevAbs_TR_11,12,0.01820615452203934,0.00383,-2.6667000630340683,2.6667000630340683,18
PercDevAbs_TR_11,6,0.5935769722804108,0.00982,-2.3331552225672434,2.3331552225672434,17
PercDevAbs_TR_11,6.25,0.5500449559128145,0.00982,-2.3331552225672434,2.3331552225672434,17
PercDevAbs_TR_11,6.5,0.5094830667685712,0.00982,-2.3331552225672434,2.3331552225672434,17
PercDevAbs_TR_11,6.75,0.4717043817243407,0.00982,-2.3331552225672434,2.3331552225672434,17
PercDevAbs_TR_11,7,0.436533071305464,0.00982,-2.3331552225672434,2.3331552225672434,17
PercDevAbs_TR_11,7.25,0.40380369593985294,0.00982,-2.3331552225672434,2.3331552225672434,17
PercDevAbs_TR_11,7.5,0.3733604938118362,0.00982,-2.3331552225672434,2.3331552225672434,17
PercDevAbs_TR_11,7.75,0.34505635175053156,0.00982,-2.3331552225672434,2.3331552225672434,17
PercDevAbs_TR_11,8,0.3187524421588718,0.00982,-2.3331552225672434,2.3331552225672434,17
PercDevAbs_TR_11,8.25,0.2943180158591317,0.00982,-2.3331552225672434,2.3331552225672434,17
PercDevAbs_TR_11,8.5,0.271630148480579,0.00982,-2.3331552225672434,2.3331552225672434,17
PercDevAbs_TR_11,8.75,0.25057308598444544,0.00982,-2.3331552225672434,2.3331552225672434,17
PercDevAbs_TR_11,9,0.2310378790336855,0.00982,-2.3331552225672434,2.3331552225672434,17
PercDevAbs_TR_11,9.25,0.21292213141908597,0.00982,-2.3331552225672434,2.3331552225672434,17
PercDevAbs_TR_11,9.5,0.19612988970808753,0.00982,-2.3331552225672434,2.3331552225672434,17
PercDevAbs_TR_11,9.75,0.18057186257536034,0.00982,-2.3331552225672434,2.3331552225672434,17
PercDevAbs_TR_11,10,0.16616453096405165,0.00982,-2.3331552225672434,2.3331552225672434,17
PercDevAbs_TR_11,10.25,0.1528294385446862,0.00982,-2.3331552225672434,2.3331552225672434,17
PercDevAbs_TR_11,10.5,0.14049278836035944,0.00982,-2.3331552225672434,2.3331552225672434,17
PercDevAbs_TR_11,10.75,0.12908536411722754,0.00982,-2.3331552225672434,2.3331552225672434,17
PercDevAbs_TR_11,11,0.11854252029015273,0.00982,-2.3331552225672434,2.3331552225672434,17
PercDevAbs_TR_11,11.25,0.10880389510914061,0.00982,-2.3331552225672434,2.3331552225672434,17
PercDevAbs_TR_11,11.5,0.09981297472642708,0.00982,-2.3331552225672434,2.3331552225672434,17
PercDevAbs_TR_11,11.75,0.09151680568749314,0.00982,-2.3331552225672434,2.3331552225672434,17
PercDevAbs_TR_11,12,0.08386582146553558,0.00982,-2.3331552225672434,2.3331552225672434,17
PercDevAbs_TR_11,6,1.3760449308926468,0.02275,-2.000002443899604,2.000002443899604,16
PercDevAbs_TR_11,6.25,1.2884725517613753,0.02275,-2.000002443899604,2.000002443899604,16
PercDevAbs_TR_11,6.5,1.206159377343138,0.02275,-2.000002443899604,2.000002443899604,16
PercDevAbs_TR_11,6.75,1.1288087534199114,0.02275,-2.000002443899604,2.000002443899604,16
PercDevAbs_TR_11,7,1.0561402184433708,0.02275,-2.000002443899604,2.000002443899604,16
PercDevAbs_TR_11,7.25,0.9878885292572988,0.02275,-2.000002443899604,2.000002443899604,16
PercDevAbs_TR_11,7.5,0.9238026549910979,0.02275,-2.000002443899604,2.000002443899604,16
PercDevAbs_TR_11,7.75,0.8636441664976893,0.02275,-2.000002443899604,2.000002443899604,16
PercDevAbs_TR_11,8,0.8071867582441223,0.02275,-2.000002443899604,2.000002443899604,16
PercDevAbs_TR_11,8.25,0.7542160223000871,0.02275,-2.000002443899604,2.000002443899604,16
PercDevAbs_TR_11,8.5,0.7045291350229675,0.02275,-2.000002443899604,2.000002443899604,16
PercDevAbs_TR_11,8.75,0.6579338468586226,0.02275,-2.000002443899604,2.000002443899604,16
PercDevAbs_TR_11,9,0.6142480092337783,0.02275,-2.000002443899604,2.000002443899604,16
PercDevAbs_TR_11,9.25,0.5732992794364676,0.02275,-2.000002443899604,2.000002443899604,16
PercDevAbs_TR_11,9.5,0.5349250705682964,0.02275,-2.000002443899604,2.000002443899604,16
PercDevAbs_TR_11,9.75,0.4989731490344294,0.02275,-2.000002443899604,2.000002443899604,16
PercDevAbs_TR_11,10,0.4653002220720877,0.02275,-2.000002443899604,2.000002443899604,16
PercDevAbs_TR_11,10.25,0.43377076740648784,0.02275,-2.000002443899604,2.000002443899604,16
PercDevAbs_TR_11,10.5,0.4042563764336473,0.02275,-2.000002443899604,2.000002443899604,16
PercDevAbs_TR_11,10.75,0.3766357178826306,0.02275,-2.000002443899604,2.000002443899604,16
PercDevAbs_TR_11,11,0.35079465654734787,0.02275,-2.000002443899604,2.000002443899604,16
PercDevAbs_TR_11,11.25,0.32662584685810436,0.02275,-2.000002443899604,2.000002443899604,16
PercDevAbs_TR_11,11.5,0.30402801201559293,0.02275,-2.000002443899604,2.000002443899604,16
PercDevAbs_TR_11,11.75,0.282905487447073,0.02275,-2.000002443899604,2.000002443899604,16
PercDevAbs_TR_11,12,0.26316798302435007,0.02275,-2.000002443899604,2.000002443899604,16
PercDevAbs_TR_11,6,2.764149986598796,0.04779,-1.6666702079210545,1.6666702079210545,15
PercDevAbs_TR_11,6.25,2.607123116376398,0.04779,-1.6666702079210545,1.6666702079210545,15
PercDevAbs_TR_11,6.5,2.4586295227351345,0.04779,-1.6666702079210545,1.6666702079210545,15
PercDevAbs_TR_11,6.75,2.318226948390074,0.04779,-1.6666702079210545,1.6666702079210545,15
PercDevAbs_TR_11,7,2.185495706836954,0.04779,-1.6666702079210545,1.6666702079210545,15
PercDevAbs_TR_11,7.25,2.060037401273457,0.04779,-1.6666702079210545,1.6666702079210545,15
PercDevAbs_TR_11,7.5,1.9414735915625885,0.04779,-1.6666702079210545,1.6666702079210545,15
PercDevAbs_TR_11,7.75,1.8294434923342628,0.04779,-1.6666702079210545,1.6666702079210545,15
PercDevAbs_TR_11,8,1.7236033540863833,0.04779,-1.6666702079210545,1.6666702079210545,15
PercDevAbs_TR_11,8.25,1.6236261764783226,0.04779,-1.6666702079210545,1.6666702079210545,15
PercDevAbs_TR_11,8.5,1.529201265897065,0.04779,-1.6666702079210545,1.6666702079210545,15
PercDevAbs_TR_11,8.75,1.4400327845652474,0.04779,-1.6666702079210545,1.6666702079210545,15
PercDevAbs_TR_11,9,1.3558391864597013,0.04779,-1.6666702079210545,1.6666702079210545,15
PercDevAbs_TR_11,9.25,1.2763528737172367,0.04779,-1.6666702079210545,1.6666702079210545,15
PercDevAbs_TR_11,9.5,1.2013201912418738,0.04779,-1.6666702079210545,1.6666702079210545,15
PercDevAbs_TR_11,9.75,1.1305024614706476,0.04779,-1.6666702079210545,1.6666702079210545,15
PercDevAbs_TR_11,10,1.0636740287098791,0.04779,-1.6666702079210545,1.6666702079210545,15
PercDevAbs_TR_11,10.25,1.0006205588359152,0.04779,-1.6666702079210545,1.6666702079210545,15
PercDevAbs_TR_11,10.5,0.9411380502204252,0.04779,-1.6666702079210545,1.6666702079210545,15
PercDevAbs_TR_11,10.75,0.8850328256593203,0.04779,-1.6666702079210545,1.6666702079210545,15
PercDevAbs_TR_11,11,0.8321217929258536,0.04779,-1.6666702079210545,1.6666702079210545,15
PercDevAbs_TR_11,11.25,0.7822318993738309,0.04779,-1.6666702079210545,1.6666702079210545,15
PercDevAbs_TR_11,11.5,0.7351990715321816,0.04779,-1.6666702079210545,1.6666702079210545,15
PercDevAbs_TR_11,11.75,0.6908675457325072,0.04779,-1.6666702079210545,1.6666702079210545,15
PercDevAbs_TR_11,12,0.6490895418651124,0.04779,-1.6666702079210545,1.6666702079210545,15
PercDevAbs_TR_11,6,5.011963434299378,0.09121,-1.3333407702662026,1.3333407702662026,14
PercDevAbs_TR_11,6.25,4.752493590588719,0.09121,-1.3333407702662026,1.3333407702662026,14
PercDevAbs_TR_11,6.5,4.5060292376479785,0.09121,-1.3333407702662026,1.3333407702662026,14
PercDevAbs_TR_11,6.75,4.2719407974387416,0.09121,-1.3333407702662026,1.3333407702662026,14
PercDevAbs_TR_11,7,4.049629033779076,0.09121,-1.3333407702662026,1.3333407702662026,14
PercDevAbs_TR_11,7.25,3.83852344100059,0.09121,-1.3333407702662026,1.3333407702662026,14
PercDevAbs_TR_11,7.5,3.638080578590827,0.09121,-1.3333407702662026,1.3333407702662026,14
PercDevAbs_TR_11,7.75,3.447781032547923,0.09121,-1.3333407702662026,1.3333407702662026,14
PercDevAbs_TR_11,8,3.2671286272542437,0.09121,-1.3333407702662026,1.3333407702662026,14
PercDevAbs_TR_11,8.25,3.095649986270747,0.09121,-1.3333407702662026,1.3333407702662026,14
PercDevAbs_TR_11,8.5,2.9328938251034162,0.09121,-1.3333407702662026,1.3333407702662026,14
PercDevAbs_TR_11,8.75,2.778428997324859,0.09121,-1.3333407702662026,1.3333407702662026,14
PercDevAbs_TR_11,9,2.631843886333971,0.09121,-1.3333407702662026,1.3333407702662026,14
PercDevAbs_TR_11,9.25,2.4927459971642034,0.09121,-1.3333407702662026,1.3333407702662026,14
PercDevAbs_TR_11,9.5,2.360761913996397,0.09121,-1.3333407702662026,1.3333407702662026,14
PercDevAbs_TR_11,9.75,2.2355386899682617,0.09121,-1.3333407702662026,1.3333407702662026,14
PercDevAbs_TR_11,10,2.116741466915574,0.09121,-1.3333407702662026,1.3333407702662026,14
PercDevAbs_TR_11,10.25,2.0040512708765155,0.09121,-1.3333407702662026,1.3333407702662026,14
PercDevAbs_TR_11,10.5,1.8971636273917887,0.09121,-1.3333407702662026,1.3333407702662026,14
PercDevAbs_TR_11,10.75,1.7957885164649412,0.09121,-1.3333407702662026,1.3333407702662026,14
PercDevAbs_TR_11,11,1.6996507115967008,0.09121,-1.3333407702662026,1.3333407702662026,14
PercDevAbs_TR_11,11.25,1.608489073927193,0.09121,-1.3333407702662026,1.3333407702662026,14
PercDevAbs_TR_11,11.5,1.5220551484561462,0.09121,-1.3333407702662026,1.3333407702662026,14
PercDevAbs_TR_11,11.75,1.440112253623987,0.09121,-1.3333407702662026,1.3333407702662026,14
PercDevAbs_TR_11,12,1.3624350278289072,0.09121,-1.3333407702662026,1.3333407702662026,14
PercDevAbs_TR_11,6,8.419695960188701,0.15866,-0.9999803859660789,0.9999803859660789,13
PercDevAbs_TR_11,6.25,8.01628740904571,0.15866,-0.9999803859660789,0.9999803859660789,13
PercDevAbs_TR_11,6.5,7.63178697085935,0.15866,-0.9999803859660789,0.9999803859660789,13
PercDevAbs_TR_11,6.75,7.265329771667298,0.15866,-0.9999803859660789,0.9999803859660789,13
PercDevAbs_TR_11,7,6.916090555612135,0.15866,-0.9999803859660789,0.9999803859660789,13
PercDevAbs_TR_11,7.25,6.5832817368130785,0.15866,-0.9999803859660789,0.9999803859660789,13
PercDevAbs_TR_11,7.5,6.266151433103542,0.15866,-0.9999803859660789,0.9999803859660789,13
PercDevAbs_TR_11,7.75,5.963979737535576,0.15866,-0.9999803859660789,0.9999803859660789,13
PercDevAbs_TR_11,8,5.676077730392931,0.15866,-0.9999803859660789,0.9999803859660789,13
PercDevAbs_TR_11,8.25,5.4017867307434795,0.15866,-0.9999803859660789,0.9999803859660789,13
PercDevAbs_TR_11,8.5,5.140477102933801,0.15866,-0.9999803859660789,0.9999803859660789,13
PercDevAbs_TR_11,8.75,4.891545772802251,0.15866,-0.9999803859660789,0.9999803859660789,13
PercDevAbs_TR_11,9,4.654415661181427,0.15866,-0.9999803859660789,0.9999803859660789,13
PercDevAbs_TR_11,9.25,4.4285351793959125,0.15866,-0.9999803859660789,0.9999803859660789,13
PercDevAbs_TR_11,9.5,4.213377977620311,0.15866,-0.9999803859660789,0.9999803859660789,13
PercDevAbs_TR_11,9.75,4.008444405998297,0.15866,-0.9999803859660789,0.9999803859660789,13
PercDevAbs_TR_11,10,3.8132590158972044,0.15866,-0.9999803859660789,0.9999803859660789,13
PercDevAbs_TR_11,10.25,3.6273680106630293,0.15866,-0.9999803859660789,0.9999803859660789,13
PercDevAbs_TR_11,10.5,3.4503374291706375,0.15866,-0.9999803859660789,0.9999803859660789,13
PercDevAbs_TR_11,10.75,3.2817529285531006,0.15866,-0.9999803859660789,0.9999803859660789,13
PercDevAbs_TR_11,11,3.121220029002956,0.15866,-0.9999803859660789,0.9999803859660789,13
PercDevAbs_TR_11,11.25,2.9683632216662743,0.15866,-0.9999803859660789,0.9999803859660789,13
PercDevAbs_TR_11,11.5,2.822824290604569,0.15866,-0.9999803859660789,0.9999803859660789,13
PercDevAbs_TR_11,11.75,2.6842611574574664,0.15866,-0.9999803859660789,0.9999803859660789,13
PercDevAbs_TR_11,12,2.55234724236486,0.15866,-0.9999803859660789,0.9999803859660789,13
PercDevAbs_TR_11,6,13.331867255168298,0.25249,-0.6666746102242979,0.6666746102242979,12
PercDevAbs_TR_11,6.25,12.733677262367,0.25249,-0.6666746102242979,0.6666746102242979,12
PercDevAbs_TR_11,6.5,12.1619756969649,0.25249,-0.6666746102242979,0.6666746102242979,12
PercDevAbs_TR_11,6.75,11.615607889137667,0.25249,-0.6666746102242979,0.6666746102242979,12
PercDevAbs_TR_11,7,11.093469671113441,0.25249,-0.6666746102242979,0.6666746102242979,12
PercDevAbs_TR_11,7.25,10.594505107265574,0.25249,-0.6666746102242979,0.6666746102242979,12
PercDevAbs_TR_11,7.5,10.117704304917634,0.25249,-0.6666746102242979,0.6666746102242979,12
PercDevAbs_TR_11,7.75,9.662099164137473,0.25249,-0.6666746102242979,0.6666746102242979,12
PercDevAbs_TR_11,8,9.22676215786171,0.25249,-0.6666746102242979,0.6666746102242979,12
PercDevAbs_TR_11,8.25,8.81080503770531,0.25249,-0.6666746102242979,0.6666746102242979,12
PercDevAbs_TR_11,8.5,8.413376827625955,0.25249,-0.6666746102242979,0.6666746102242979,12
PercDevAbs_TR_11,8.75,8.033660832120734,0.25249,-0.6666746102242979,0.6666746102242979,12
PercDevAbs_TR_11,9,7.670874245478811,0.25249,-0.6666746102242979,0.6666746102242979,12
PercDevAbs_TR_11,9.25,7.324267499414376,0.25249,-0.6666746102242979,0.6666746102242979,12
PercDevAbs_TR_11,9.5,6.993123515664494,0.25249,-0.6666746102242979,0.6666746102242979,12
PercDevAbs_TR_11,9.75,6.676758692455657,0.25249,-0.6666746102242979,0.6666746102242979,12
PercDevAbs_TR_11,10,6.374520830309458,0.25249,-0.6666746102242979,0.6666746102242979,12
PercDevAbs_TR_11,10.25,6.085786570939751,0.25249,-0.6666746102242979,0.6666746102242979,12
PercDevAbs_TR_11,10.5,5.809959152584966,0.25249,-0.6666746102242979,0.6666746102242979,12
PercDevAbs_TR_11,10.75,5.54646779638121,0.25249,-0.6666746102242979,0.6666746102242979,12
PercDevAbs_TR_11,11,5.294767541987632,0.25249,-0.6666746102242979,0.6666746102242979,12
PercDevAbs_TR_11,11.25,5.054338137246913,0.25249,-0.6666746102242979,0.6666746102242979,12
PercDevAbs_TR_11,11.5,4.824682250909325,0.25249,-0.6666746102242979,0.6666746102242979,12
PercDevAbs_TR_11,11.75,4.6053241020429985,0.25249,-0.6666746102242979,0.6666746102242979,12
PercDevAbs_TR_11,12,4.395808552759718,0.25249,-0.6666746102242979,0.6666746102242979,12
PercDevAbs_TR_11,6,20.14107165750951,0.36944,-0.33333688458431254,0.33333688458431254,11
PercDevAbs_TR_11,6.25,19.286924944585362,0.36944,-0.33333688458431254,0.33333688458431254,11
PercDevAbs_TR_11,6.5,18.468792821550185,0.36944,-0.33333688458431254,0.33333688458431254,11
PercDevAbs_TR_11,6.75,17.685169295691292,0.36944,-0.33333688458431254,0.33333688458431254,11
PercDevAbs_TR_11,7,16.93461146890428,0.36944,-0.33333688458431254,0.33333688458431254,11
PercDevAbs_TR_11,7.25,16.215736986879126,0.36944,-0.33333688458431254,0.33333688458431254,11
PercDevAbs_TR_11,7.5,15.527221761113998,0.36944,-0.33333688458431254,0.33333688458431254,11
PercDevAbs_TR_11,7.75,14.867795515094226,0.36944,-0.33333688458431254,0.33333688458431254,11
PercDevAbs_TR_11,8,14.236240299774822,0.36944,-0.33333688458431254,0.33333688458431254,11
PercDevAbs_TR_11,8.25,13.631388322124009,0.36944,-0.33333688458431254,0.33333688458431254,11
PercDevAbs_TR_11,8.5,13.052118674340118,0.36944,-0.33333688458431254,0.33333688458431254,11
PercDevAbs_TR_11,8.75,12.4973539179128,0.36944,-0.33333688458431254,0.33333688458431254,11
PercDevAbs_TR_11,9,11.966060059963874,0.36944,-0.33333688458431254,0.33333688458431254,11
PercDevAbs_TR_11,9.25,11.45724567726011,0.36944,-0.33333688458431254,0.33333688458431254,11
PercDevAbs_TR_11,9.5,10.969960247171098,0.36944,-0.33333688458431254,0.33333688458431254,11
PercDevAbs_TR_11,9.75,10.503293789820448,0.36944,-0.33333688458431254,0.33333688458431254,11
PercDevAbs_TR_11,10,10.056376048454256,0.36944,-0.33333688458431254,0.33333688458431254,11
PercDevAbs_TR_11,10.25,9.62837446286693,0.36944,-0.33333688458431254,0.33333688458431254,11
PercDevAbs_TR_11,10.5,9.218491551946112,0.36944,-0.33333688458431254,0.33333688458431254,11
PercDevAbs_TR_11,10.75,8.825963571495219,0.36944,-0.33333688458431254,0.33333688458431254,11
PercDevAbs_TR_11,11,8.450059450176964,0.36944,-0.33333688458431254,0.33333688458431254,11
PercDevAbs_TR_11,11.25,8.090079420731447,0.36944,-0.33333688458431254,0.33333688458431254,11
PercDevAbs_TR_11,11.5,7.745353407476962,0.36944,-0.33333688458431254,0.33333688458431254,11
PercDevAbs_TR_11,11.75,7.415239512828044,0.36944,-0.33333688458431254,0.33333688458431254,11
PercDevAbs_TR_11,12,7.099122730141936,0.36944,-0.33333688458431254,0.33333688458431254,11
PercDevAbs_TR_11,6,29.284494479513672,0.5,0,-0,10
PercDevAbs_TR_11,6.25,28.102045640630237,0.5,0,-0,10
PercDevAbs_TR_11,6.5,26.967366550260216,0.5,0,-0,10
PercDevAbs_TR_11,6.75,25.87853106486501,0.5,0,-0,10
PercDevAbs_TR_11,7,24.833690526744963,0.5,0,-0,10
PercDevAbs_TR_11,7.25,23.83107100370307,0.5,0,-0,10
PercDevAbs_TR_11,7.5,22.86897112247954,0.5,0,-0,10
PercDevAbs_TR_11,7.75,21.945757908830714,0.5,0,-0,10
PercDevAbs_TR_11,8,21.05986500577668,0.5,0,-0,10
PercDevAbs_TR_11,8.25,20.20978918336294,0.5,0,-0,10
PercDevAbs_TR_11,8.5,19.394085207235992,0.5,0,-0,10
PercDevAbs_TR_11,8.75,18.611362158194233,0.5,0,-0,10
PercDevAbs_TR_11,9,17.860284033489883,0.5,0,-0,10
PercDevAbs_TR_11,9.25,17.139568542996383,0.5,0,-0,10
PercDevAbs_TR_11,9.5,16.447983928777788,0.5,0,-0,10
PercDevAbs_TR_11,9.75,15.784346007759614,0.5,0,-0,10
PercDevAbs_TR_11,10,15.147519773924055,0.5,0,-0,10
PercDevAbs_TR_11,10.25,14.536418706693475,0.5,0,-0,10
PercDevAbs_TR_11,10.5,13.950001900782675,0.5,0,-0,10
PercDevAbs_TR_11,10.75,13.387271536122032,0.5,0,-0,10
PercDevAbs_TR_11,11,12.847270214669416,0.5,0,-0,10
PercDevAbs_TR_11,11.25,12.329079282898434,0.5,0,-0,10
PercDevAbs_TR_11,11.5,11.83181782056291,0.5,0,-0,10
PercDevAbs_TR_11,11.75,11.354641108846277,0.5,0,-0,10
PercDevAbs_TR_11,12,10.896738817915415,0.5,0,-0,10
PercDevAbs_TR_11,6,41.246017419868174,0.63056,0.33333688458431254,-0.33333688458431254,9
PercDevAbs_TR_11,6.25,39.650832411878156,0.63056,0.33333688458431254,-0.33333688458431254,9
PercDevAbs_TR_11,6.5,38.117702648560986,0.63056,0.33333688458431254,-0.33333688458431254,9
PercDevAbs_TR_11,6.75,36.64420530948023,0.63056,0.33333688458431254,-0.33333688458431254,9
PercDevAbs_TR_11,7,35.22801133367276,0.63056,0.33333688458431254,-0.33333688458431254,9
PercDevAbs_TR_11,7.25,33.86688255619427,0.63056,0.33333688458431254,-0.33333688458431254,9
PercDevAbs_TR_11,7.5,32.558669929079635,0.63056,0.33333688458431254,-0.33333688458431254,9
PercDevAbs_TR_11,7.75,31.301310361599565,0.63056,0.33333688458431254,-0.33333688458431254,9
PercDevAbs_TR_11,8,30.092824609639777,0.63056,0.33333688458431254,-0.33333688458431254,9
PercDevAbs_TR_11,8.25,28.931311899934144,0.63056,0.33333688458431254,-0.33333688458431254,9
PercDevAbs_TR_11,8.5,27.814942177312716,0.63056,0.33333688458431254,-0.33333688458431254,9
PercDevAbs_TR_11,8.75,26.741952408710947,0.63056,0.33333688458431254,-0.33333688458431254,9
PercDevAbs_TR_11,9,25.710648143151282,0.63056,0.33333688458431254,-0.33333688458431254,9
PercDevAbs_TR_11,9.25,24.719401843027846,0.63056,0.33333688458431254,-0.33333688458431254,9
PercDevAbs_TR_11,9.5,23.766647413775683,0.63056,0.33333688458431254,-0.33333688458431254,9
PercDevAbs_TR_11,9.75,22.85087294411796,0.63056,0.33333688458431254,-0.33333688458431254,9
PercDevAbs_TR_11,10,21.97062628522594,0.63056,0.33333688458431254,-0.33333688458431254,9
PercDevAbs_TR_11,10.25,21.1245167892428,0.63056,0.33333688458431254,-0.33333688458431254,9
PercDevAbs_TR_11,10.5,20.311212383867897,0.63056,0.33333688458431254,-0.33333688458431254,9
PercDevAbs_TR_11,10.75,19.529435248555515,0.63056,0.33333688458431254,-0.33333688458431254,9
PercDevAbs_TR_11,11,18.77795661009513,0.63056,0.33333688458431254,-0.33333688458431254,9
PercDevAbs_TR_11,11.25,18.05559469403724,0.63056,0.33333688458431254,-0.33333688458431254,9
PercDevAbs_TR_11,11.5,17.361214907225353,0.63056,0.33333688458431254,-0.33333688458431254,9
PercDevAbs_TR_11,11.75,16.693728473699384,0.63056,0.33333688458431254,-0.33333688458431254,9
PercDevAbs_TR_11,12,16.052089913040074,0.63056,0.33333688458431254,-0.33333688458431254,9
PercDevAbs_TR_11,6,56.555955427884875,0.74751,0.6666746102242979,-0.6666746102242979,8
PercDevAbs_TR_11,6.25,54.45060794952486,0.74751,0.6666746102242979,-0.6666746102242979,8
PercDevAbs_TR_11,6.5,52.42445045570866,0.74751,0.6666746102242979,-0.6666746102242979,8
PercDevAbs_TR_11,6.75,50.47447885341466,0.74751,0.6666746102242979,-0.6666746102242979,8
PercDevAbs_TR_11,7,48.59780104140446,0.74751,0.6666746102242979,-0.6666746102242979,8
PercDevAbs_TR_11,7.25,46.7916340896272,0.74751,0.6666746102242979,-0.6666746102242979,8
PercDevAbs_TR_11,7.5,45.053303209592706,0.74751,0.6666746102242979,-0.6666746102242979,8
PercDevAbs_TR_11,7.75,43.380240539384474,0.74751,0.6666746102242979,-0.6666746102242979,8
PercDevAbs_TR_11,8,41.7699826743255,0.74751,0.6666746102242979,-0.6666746102242979,8
PercDevAbs_TR_11,8.25,40.220162698447915,0.74751,0.6666746102242979,-0.6666746102242979,8
PercDevAbs_TR_11,8.5,38.728498865299606,0.74751,0.6666746102242979,-0.6666746102242979,8
PercDevAbs_TR_11,8.75,37.29279123844566,0.74751,0.6666746102242979,-0.6666746102242979,8
PercDevAbs_TR_11,9,35.91092462903625,0.74751,0.6666746102242979,-0.6666746102242979,8
PercDevAbs_TR_11,9.25,34.580866288013254,0.74751,0.6666746102242979,-0.6666746102242979,8
PercDevAbs_TR_11,9.5,33.300657153630475,0.74751,0.6666746102242979,-0.6666746102242979,8
PercDevAbs_TR_11,9.75,32.068398075983545,0.74751,0.6666746102242979,-0.6666746102242979,8
PercDevAbs_TR_11,10,30.88226136698212,0.74751,0.6666746102242979,-0.6666746102242979,8
PercDevAbs_TR_11,10.25,29.740496399881064,0.74751,0.6666746102242979,-0.6666746102242979,8
PercDevAbs_TR_11,10.5,28.64142691613667,0.74751,0.6666746102242979,-0.6666746102242979,8
PercDevAbs_TR_11,10.75,27.583444136199027,0.74751,0.6666746102242979,-0.6666746102242979,8
PercDevAbs_TR_11,11,26.56499779525398,0.74751,0.6666746102242979,-0.6666746102242979,8
PercDevAbs_TR_11,11.25,25.5845936472474,0.74751,0.6666746102242979,-0.6666746102242979,8
PercDevAbs_TR_11,11.5,24.640795623392783,0.74751,0.6666746102242979,-0.6666746102242979,8
PercDevAbs_TR_11,11.75,23.732224893065624,0.74751,0.6666746102242979,-0.6666746102242979,8
PercDevAbs_TR_11,12,22.857556405748923,0.74751,0.6666746102242979,-0.6666746102242979,8
PercDevAbs_TR_11,6,75.78903808611005,0.84134,0.9999803859660789,-0.9999803859660789,7
PercDevAbs_TR_11,6.25,73.062272678731,0.84134,0.9999803859660789,-0.9999803859660789,7
PercDevAbs_TR_11,6.5,70.43501552938132,0.84134,0.9999803859660789,-0.9999803859660789,7
PercDevAbs_TR_11,6.75,67.90358830814023,0.84134,0.9999803859660789,-0.9999803859660789,7
PercDevAbs_TR_11,7,65.464444934452,0.84134,0.9999803859660789,-0.9999803859660789,7
PercDevAbs_TR_11,7.25,63.11416898947492,0.84134,0.9999803859660789,-0.9999803859660789,7
PercDevAbs_TR_11,7.5,60.84947389330655,0.84134,0.9999803859660789,-0.9999803859660789,7
PercDevAbs_TR_11,7.75,58.667204846898855,0.84134,0.9999803859660789,-0.9999803859660789,7
PercDevAbs_TR_11,8,56.56433597682921,0.84134,0.9999803859660789,-0.9999803859660789,7
PercDevAbs_TR_11,8.25,54.537958911367866,0.84134,0.9999803859660789,-0.9999803859660789,7
PercDevAbs_TR_11,8.5,52.58526674583555,0.84134,0.9999803859660789,-0.9999803859660789,7
PercDevAbs_TR_11,8.75,50.70355148836521,0.84134,0.9999803859660789,-0.9999803859660789,7
PercDevAbs_TR_11,9,48.890208888311,0.84134,0.9999803859660789,-0.9999803859660789,7
PercDevAbs_TR_11,9.25,47.14273527376036,0.84134,0.9999803859660789,-0.9999803859660789,7
PercDevAbs_TR_11,9.5,45.45871428637184,0.84134,0.9999803859660789,-0.9999803859660789,7
PercDevAbs_TR_11,9.75,43.83579380481017,0.84134,0.9999803859660789,-0.9999803859660789,7
PercDevAbs_TR_11,10,42.271705948120335,0.84134,0.9999803859660789,-0.9999803859660789,7
PercDevAbs_TR_11,10.25,40.76427834324114,0.84134,0.9999803859660789,-0.9999803859660789,7
PercDevAbs_TR_11,10.5,39.3114320545485,0.84134,0.9999803859660789,-0.9999803859660789,7
PercDevAbs_TR_11,10.75,37.911171172654896,0.84134,0.9999803859660789,-0.9999803859660789,7
PercDevAbs_TR_11,11,36.561568561822014,0.84134,0.9999803859660789,-0.9999803859660789,7
PercDevAbs_TR_11,11.25,35.26076282432235,0.84134,0.9999803859660789,-0.9999803859660789,7
PercDevAbs_TR_11,11.5,34.006963430265685,0.84134,0.9999803859660789,-0.9999803859660789,7
PercDevAbs_TR_11,11.75,32.79845054129953,0.84134,0.9999803859660789,-0.9999803859660789,7
PercDevAbs_TR_11,12,31.633570341043377,0.84134,0.9999803859660789,-0.9999803859660789,7
PercDevAbs_TR_11,6,99.5741428168503,0.90879,1.3333407702662026,-1.3333407702662026,6
PercDevAbs_TR_11,6.25,96.09972897584262,0.90879,1.3333407702662026,-1.3333407702662026,6
PercDevAbs_TR_11,6.5,92.74868485266084,0.90879,1.3333407702662026,-1.3333407702662026,6
PercDevAbs_TR_11,6.75,89.51655592066352,0.90879,1.3333407702662026,-1.3333407702662026,6
PercDevAbs_TR_11,7,86.39904225197866,0.90879,1.3333407702662026,-1.3333407702662026,6
PercDevAbs_TR_11,7.25,83.39199640167914,0.90879,1.3333407702662026,-1.3333407702662026,6
PercDevAbs_TR_11,7.5,80.49142535530923,0.90879,1.3333407702662026,-1.3333407702662026,6
PercDevAbs_TR_11,7.75,77.6934971384755,0.90879,1.3333407702662026,-1.3333407702662026,6
PercDevAbs_TR_11,8,74.994537551904,0.90879,1.3333407702662026,-1.3333407702662026,6
PercDevAbs_TR_11,8.25,72.39101425734108,0.90879,1.3333407702662026,-1.3333407702662026,6
PercDevAbs_TR_11,8.5,69.87951465263046,0.90879,1.3333407702662026,-1.3333407702662026,6
PercDevAbs_TR_11,8.75,67.45674472242624,0.90879,1.3333407702662026,-1.3333407702662026,6
PercDevAbs_TR_11,9,65.11953637520716,0.90879,1.3333407702662026,-1.3333407702662026,6
PercDevAbs_TR_11,9.25,62.86484316434466,0.90879,1.3333407702662026,-1.3333407702662026,6
PercDevAbs_TR_11,9.5,60.68972101448687,0.90879,1.3333407702662026,-1.3333407702662026,6
PercDevAbs_TR_11,9.75,58.59129241963613,0.90879,1.3333407702662026,-1.3333407702662026,6
PercDevAbs_TR_11,10,56.56677792584892,0.90879,1.3333407702662026,-1.3333407702662026,6
PercDevAbs_TR_11,10.25,54.613515293352165,0.90879,1.3333407702662026,-1.3333407702662026,6
PercDevAbs_TR_11,10.5,52.72895855524539,0.90879,1.3333407702662026,-1.3333407702662026,6
PercDevAbs_TR_11,10.75,50.91066292189026,0.90879,1.3333407702662026,-1.3333407702662026,6
PercDevAbs_TR_11,11,49.15626336537627,0.90879,1.3333407702662026,-1.3333407702662026,6
PercDevAbs_TR_11,11.25,47.4634709338457,0.90879,1.3333407702662026,-1.3333407702662026,6
PercDevAbs_TR_11,11.5,45.830082086203596,0.90879,1.3333407702662026,-1.3333407702662026,6
PercDevAbs_TR_11,11.75,44.25397970693716,0.90879,1.3333407702662026,-1.3333407702662026,6
PercDevAbs_TR_11,12,42.73312689672803,0.90879,1.3333407702662026,-1.3333407702662026,6
PercDevAbs_TR_11,6,128.57584702159872,0.95221,1.6666702079210545,-1.6666702079210545,5
PercDevAbs_TR_11,6.25,124.21202351609583,0.95221,1.6666702079210545,-1.6666702079210545,5
PercDevAbs_TR_11,6.5,119.99934028338218,0.95221,1.6666702079210545,-1.6666702079210545,5
PercDevAbs_TR_11,6.75,115.93245564655346,0.95221,1.6666702079210545,-1.6666702079210545,5
PercDevAbs_TR_11,7,112.00620701662633,0.95221,1.6666702079210545,-1.6666702079210545,5
PercDevAbs_TR_11,7.25,108.21560954063457,0.95221,1.6666702079210545,-1.6666702079210545,5
PercDevAbs_TR_11,7.5,104.5558604981187,0.95221,1.6666702079210545,-1.6666702079210545,5
PercDevAbs_TR_11,7.75,101.02235241562448,0.95221,1.6666702079210545,-1.6666702079210545,5
PercDevAbs_TR_11,8,97.61066937263597,0.95221,1.6666702079210545,-1.6666702079210545,5
PercDevAbs_TR_11,8.25,94.31656537706546,0.95221,1.6666702079210545,-1.6666702079210545,5
PercDevAbs_TR_11,8.5,91.13593453205928,0.95221,1.6666702079210545,-1.6666702079210545,5
PercDevAbs_TR_11,8.75,88.06481203557553,0.95221,1.6666702079210545,-1.6666702079210545,5
PercDevAbs_TR_11,9,85.09938475658083,0.95221,1.6666702079210545,-1.6666702079210545,5
PercDevAbs_TR_11,9.25,82.23598552791019,0.95221,1.6666702079210545,-1.6666702079210545,5
PercDevAbs_TR_11,9.5,79.47106608067291,0.95221,1.6666702079210545,-1.6666702079210545,5
PercDevAbs_TR_11,9.75,76.80114439625882,0.95221,1.6666702079210545,-1.6666702079210545,5
PercDevAbs_TR_11,10,74.22285128382129,0.95221,1.6666702079210545,-1.6666702079210545,5
PercDevAbs_TR_11,10.25,71.73296012113136,0.95221,1.6666702079210545,-1.6666702079210545,5
PercDevAbs_TR_11,10.5,69.32838767745602,0.95221,1.6666702079210545,-1.6666702079210545,5
PercDevAbs_TR_11,10.75,67.00617294782786,0.95221,1.6666702079210545,-1.6666702079210545,5
PercDevAbs_TR_11,11,64.76344632280369,0.95221,1.6666702079210545,-1.6666702079210545,5
PercDevAbs_TR_11,11.25,62.59742512258065,0.95221,1.6666702079210545,-1.6666702079210545,5
PercDevAbs_TR_11,11.5,60.50542863047075,0.95221,1.6666702079210545,-1.6666702079210545,5
PercDevAbs_TR_11,11.75,58.48488082677639,0.95221,1.6666702079210545,-1.6666702079210545,5
PercDevAbs_TR_11,12,56.53330225396442,0.95221,1.6666702079210545,-1.6666702079210545,5
PercDevAbs_TR_11,6,163.51347523213332,0.97725,2.0000024438996027,-2.0000024438996027,4
PercDevAbs_TR_11,6.25,158.1017903032916,0.97725,2.0000024438996027,-2.0000024438996027,4
PercDevAbs_TR_11,6.5,152.87331691887164,0.97725,2.0000024438996027,-2.0000024438996027,4
PercDevAbs_TR_11,6.75,147.82170566829708,0.97725,2.0000024438996027,-2.0000024438996027,4
PercDevAbs_TR_11,7,142.9408129057836,0.97725,2.0000024438996027,-2.0000024438996027,4
PercDevAbs_TR_11,7.25,138.22470051239338,0.97725,2.0000024438996027,-2.0000024438996027,4
PercDevAbs_TR_11,7.5,133.6676435459223,0.97725,2.0000024438996027,-2.0000024438996027,4
PercDevAbs_TR_11,7.75,129.26415205535451,0.97725,2.0000024438996027,-2.0000024438996027,4
PercDevAbs_TR_11,8,125.0089669433747,0.97725,2.0000024438996027,-2.0000024438996027,4
PercDevAbs_TR_11,8.25,120.89703120883159,0.97725,2.0000024438996027,-2.0000024438996027,4
PercDevAbs_TR_11,8.5,116.9234505219669,0.97725,2.0000024438996027,-2.0000024438996027,4
PercDevAbs_TR_11,8.75,113.08349727531501,0.97725,2.0000024438996027,-2.0000024438996027,4
PercDevAbs_TR_11,9,109.37262525273923,0.97725,2.0000024438996027,-2.0000024438996027,4
PercDevAbs_TR_11,9.25,105.78646212754909,0.97725,2.0000024438996027,-2.0000024438996027,4
PercDevAbs_TR_11,9.5,102.32077250642187,0.97725,2.0000024438996027,-2.0000024438996027,4
PercDevAbs_TR_11,9.75,98.97138355071155,0.97725,2.0000024438996027,-2.0000024438996027,4
PercDevAbs_TR_11,10,95.73425090883828,0.97725,2.0000024438996027,-2.0000024438996027,4
PercDevAbs_TR_11,10.25,92.60550222149969,0.97725,2.0000024438996027,-2.0000024438996027,4
PercDevAbs_TR_11,10.5,89.58144048559491,0.97725,2.0000024438996027,-2.0000024438996027,4
PercDevAbs_TR_11,10.75,86.65851518823449,0.97725,2.0000024438996027,-2.0000024438996027,4
PercDevAbs_TR_11,11,83.8332793962873,0.97725,2.0000024438996027,-2.0000024438996027,4
PercDevAbs_TR_11,11.25,81.10238435809703,0.97725,2.0000024438996027,-2.0000024438996027,4
PercDevAbs_TR_11,11.5,78.46260201525601,0.97725,2.0000024438996027,-2.0000024438996027,4
PercDevAbs_TR_11,11.75,75.91083009311376,0.97725,2.0000024438996027,-2.0000024438996027,4
PercDevAbs_TR_11,12,73.44408159225942,0.97725,2.0000024438996027,-2.0000024438996027,4
PercDevAbs_TR_11,6,205.1264314962727,0.99018,2.3331552225672416,-2.3331552225672416,3
PercDevAbs_TR_11,6.25,198.49162073707984,0.99018,2.3331552225672416,-2.3331552225672416,3
PercDevAbs_TR_11,6.5,192.07677912499372,0.99018,2.3331552225672416,-2.3331552225672416,3
PercDevAbs_TR_11,6.75,185.87441966266954,0.99018,2.3331552225672416,-2.3331552225672416,3
PercDevAbs_TR_11,7,179.8772900038389,0.99018,2.3331552225672416,-2.3331552225672416,3
PercDevAbs_TR_11,7.25,174.07837374092819,0.99018,2.3331552225672416,-2.3331552225672416,3
PercDevAbs_TR_11,7.5,168.47090224584832,0.99018,2.3331552225672416,-2.3331552225672416,3
PercDevAbs_TR_11,7.75,163.04838775992815,0.99018,2.3331552225672416,-2.3331552225672416,3
PercDevAbs_TR_11,8,157.80461880496293,0.99018,2.3331552225672416,-2.3331552225672416,3
PercDevAbs_TR_11,8.25,152.73362265787011,0.99018,2.3331552225672416,-2.3331552225672416,3
PercDevAbs_TR_11,8.5,147.8296141731208,0.99018,2.3331552225672416,-2.3331552225672416,3
PercDevAbs_TR_11,8.75,143.08700395721806,0.99018,2.3331552225672416,-2.3331552225672416,3
PercDevAbs_TR_11,9,138.5004181134957,0.99018,2.3331552225672416,-2.3331552225672416,3
PercDevAbs_TR_11,9.25,134.06468852121986,0.99018,2.3331552225672416,-2.3331552225672416,3
PercDevAbs_TR_11,9.5,129.77480355818506,0.99018,2.3331552225672416,-2.3331552225672416,3
PercDevAbs_TR_11,9.75,125.62580629702376,0.99018,2.3331552225672416,-2.3331552225672416,3
PercDevAbs_TR_11,10,121.61288473312275,0.99018,2.3331552225672416,-2.3331552225672416,3
PercDevAbs_TR_11,10.25,117.73143277150287,0.99018,2.3331552225672416,-2.3331552225672416,3
PercDevAbs_TR_11,10.5,113.97705706125873,0.99018,2.3331552225672416,-2.3331552225672416,3
PercDevAbs_TR_11,10.75,110.34553854128868,0.99018,2.3331552225672416,-2.3331552225672416,3
PercDevAbs_TR_11,11,106.8327743458343,0.99018,2.3331552225672416,-2.3331552225672416,3
PercDevAbs_TR_11,11.25,103.43477129830343,0.99018,2.3331552225672416,-2.3331552225672416,3
PercDevAbs_TR_11,11.5,100.1476779843862,0.99018,2.3331552225672416,-2.3331552225672416,3
PercDevAbs_TR_11,11.75,96.96779295406441,0.99018,2.3331552225672416,-2.3331552225672416,3
PercDevAbs_TR_11,12,93.89155132554679,0.99018,2.3331552225672416,-2.3331552225672416,3
PercDevAbs_TR_11,6,254.30412016936853,0.99617,2.6667000630340683,-2.6667000630340683,2
PercDevAbs_TR_11,6.25,246.250198073908,0.99617,2.6667000630340683,-2.6667000630340683,2
PercDevAbs_TR_11,6.5,238.45818159553392,0.99617,2.6667000630340683,-2.6667000630340683,2
PercDevAbs_TR_11,6.75,230.9193039140391,0.99617,2.6667000630340683,-2.6667000630340683,2
PercDevAbs_TR_11,7,223.6250640380247,0.99617,2.6667000630340683,-2.6667000630340683,2
PercDevAbs_TR_11,7.25,216.56723009987206,0.99617,2.6667000630340683,-2.6667000630340683,2
PercDevAbs_TR_11,7.5,209.7378564788058,0.99617,2.6667000630340683,-2.6667000630340683,2
PercDevAbs_TR_11,7.75,203.12933118135635,0.99617,2.6667000630340683,-2.6667000630340683,2
PercDevAbs_TR_11,8,196.7343707989661,0.99617,2.6667000630340683,-2.6667000630340683,2
PercDevAbs_TR_11,8.25,190.54597233038533,0.99617,2.6667000630340683,-2.6667000630340683,2
PercDevAbs_TR_11,8.5,184.5573477624252,0.99617,2.6667000630340683,-2.6667000630340683,2
PercDevAbs_TR_11,8.75,178.76193763483502,0.99617,2.6667000630340683,-2.6667000630340683,2
PercDevAbs_TR_11,9,173.1534369953604,0.99617,2.6667000630340683,-2.6667000630340683,2
PercDevAbs_TR_11,9.25,167.72578296779815,0.99617,2.6667000630340683,-2.6667000630340683,2
PercDevAbs_TR_11,9.5,162.47309033355103,0.99617,2.6667000630340683,-2.6667000630340683,2
PercDevAbs_TR_11,9.75,157.38951566553754,0.99617,2.6667000630340683,-2.6667000630340683,2
PercDevAbs_TR_11,10,152.46937758603238,0.99617,2.6667000630340683,-2.6667000630340683,2
PercDevAbs_TR_11,10.25,147.70723957046766,0.99617,2.6667000630340683,-2.6667000630340683,2
PercDevAbs_TR_11,10.5,143.09792135660902,0.99617,2.6667000630340683,-2.6667000630340683,2
PercDevAbs_TR_11,10.75,138.6364487121669,0.99617,2.6667000630340683,-2.6667000630340683,2
PercDevAbs_TR_11,11,134.31797654122693,0.99617,2.6667000630340683,-2.6667000630340683,2
PercDevAbs_TR_11,11.25,130.13778106664014,0.99617,2.6667000630340683,-2.6667000630340683,2
PercDevAbs_TR_11,11.5,126.09130389958739,0.99617,2.6667000630340683,-2.6667000630340683,2
PercDevAbs_TR_11,11.75,122.17416424302571,0.99617,2.6667000630340683,-2.6667000630340683,2
PercDevAbs_TR_11,12,118.38214201655084,0.99617,2.6667000630340683,-2.6667000630340683,2
PercDevAbs_TR_11,6,311.81162195957023,0.99865,2.999976992703401,-2.999976992703401,1
PercDevAbs_TR_11,6.25,302.12594657635634,0.99865,2.999976992703401,-2.999976992703401,1
PercDevAbs_TR_11,6.5,292.7496544461082,0.99865,2.999976992703401,-2.999976992703401,1
PercDevAbs_TR_11,6.75,283.6725484704155,0.99865,2.999976992703401,-2.999976992703401,1
PercDevAbs_TR_11,7,274.88473081099124,0.99865,2.999976992703401,-2.999976992703401,1
PercDevAbs_TR_11,7.25,266.37660874184127,0.99865,2.999976992703401,-2.999976992703401,1
PercDevAbs_TR_11,7.5,258.13891829188316,0.99865,2.999976992703401,-2.999976992703401,1
PercDevAbs_TR_11,7.75,250.1627893518945,0.99865,2.999976992703401,-2.999976992703401,1
PercDevAbs_TR_11,8,242.43974018535624,0.99865,2.999976992703401,-2.999976992703401,1
PercDevAbs_TR_11,8.25,234.9616164856678,0.99865,2.999976992703401,-2.999976992703401,1
PercDevAbs_TR_11,8.5,227.72050892765554,0.99865,2.999976992703401,-2.999976992703401,1
PercDevAbs_TR_11,8.75,220.70877358005575,0.99865,2.999976992703401,-2.999976992703401,1
PercDevAbs_TR_11,9,213.91906534497747,0.99865,2.999976992703401,-2.999976992703401,1
PercDevAbs_TR_11,9.25,207.34432226009645,0.99865,2.999976992703401,-2.999976992703401,1
PercDevAbs_TR_11,9.5,200.97768275717988,0.99865,2.999976992703401,-2.999976992703401,1
PercDevAbs_TR_11,9.75,194.81230820611356,0.99865,2.999976992703401,-2.999976992703401,1
PercDevAbs_TR_11,10,188.8415396794918,0.99865,2.999976992703401,-2.999976992703401,1
PercDevAbs_TR_11,10.25,183.05900749351926,0.99865,2.999976992703401,-2.999976992703401,1
PercDevAbs_TR_11,10.5,177.4586484686279,0.99865,2.999976992703401,-2.999976992703401,1
PercDevAbs_TR_11,10.75,172.03464144805918,0.99865,2.999976992703401,-2.999976992703401,1
PercDevAbs_TR_11,11,166.78130750879524,0.99865,2.999976992703401,-2.999976992703401,1
PercDevAbs_TR_11,11.25,161.69310060346493,0.99865,2.999976992703401,-2.999976992703401,1
PercDevAbs_TR_11,11.5,156.76466639669897,0.99865,2.999976992703401,-2.999976992703401,1
PercDevAbs_TR_11,11.75,151.9908594911733,0.99865,2.999976992703401,-2.999976992703401,1
PercDevAbs_TR_11,12,147.36672241137526,0.99865,2.999976992703401,-2.999976992703401,1
PercDevAbs_TR_12,6,0.03533973994630653,0.00135,-2.999976992703393,2.999976992703393,19
PercDevAbs_TR_12,6.25,0.026536227028225116,0.00135,-2.999976992703393,2.999976992703393,19
PercDevAbs_TR_12,6.5,0.0197957478216348,0.00135,-2.999976992703393,2.999976992703393,19
PercDevAbs_TR_12,6.75,0.014680146549794435,0.00135,-2.999976992703393,2.999976992703393,19
PercDevAbs_TR_12,7,0.010829774558105795,0.00135,-2.999976992703393,2.999976992703393,19
PercDevAbs_TR_12,7.25,0.007953775756508954,0.00135,-2.999976992703393,2.999976992703393,19
PercDevAbs_TR_12,7.5,0.005820350380453999,0.00135,-2.999976992703393,2.999976992703393,19
PercDevAbs_TR_12,7.75,0.004247354149475868,0.00135,-2.999976992703393,2.999976992703393,19
PercDevAbs_TR_12,8,0.003093568911840165,0.00135,-2.999976992703393,2.999976992703393,19
PercDevAbs_TR_12,8.25,0.0022508665808750887,0.00135,-2.999976992703393,2.999976992703393,19
PercDevAbs_TR_12,8.5,0.0016373993170744683,0.00135,-2.999976992703393,2.999976992703393,19
PercDevAbs_TR_12,8.75,0.0011918516311176285,0.00135,-2.999976992703393,2.999976992703393,19
PercDevAbs_TR_12,9,8.687155139360544e-4,0.00135,-2.999976992703393,2.999976992703393,19
PercDevAbs_TR_12,9.25,6.344841425581019e-4,0.00135,-2.999976992703393,2.999976992703393,19
PercDevAbs_TR_12,9.5,4.6465012734873187e-4,0.00135,-2.999976992703393,2.999976992703393,19
PercDevAbs_TR_12,9.75,3.4138226462596165e-4,0.00135,-2.999976992703393,2.999976992703393,19
PercDevAbs_TR_12,10,2.517579121954069e-4,0.00135,-2.999976992703393,2.999976992703393,19
PercDevAbs_TR_12,10.25,1.8644006318736814e-4,0.00135,-2.999976992703393,2.999976992703393,19
PercDevAbs_TR_12,10.5,1.386965938480447e-4,0.00135,-2.999976992703393,2.999976992703393,19
PercDevAbs_TR_12,10.75,1.0367909688300137e-4,0.00135,-2.999976992703393,2.999976992703393,19
PercDevAbs_TR_12,11,7.789665056918952e-5,0.00135,-2.999976992703393,2.999976992703393,19
PercDevAbs_TR_12,11.25,5.883417356982051e-5,0.00135,-2.999976992703393,2.999976992703393,19
PercDevAbs_TR_12,11.5,4.467715412126032e-5,0.00135,-2.999976992703393,2.999976992703393,19
PercDevAbs_TR_12,11.75,3.411388097244324e-5,0.00135,-2.999976992703393,2.999976992703393,19
PercDevAbs_TR_12,12,2.6193671064746298e-5,0.00135,-2.999976992703393,2.999976992703393,19
PercDevAbs_TR_12,6,0.1943239108697005,0.00383,-2.6667000630340683,2.6667000630340683,18
PercDevAbs_TR_12,6.25,0.1581126768296595,0.00383,-2.6667000630340683,2.6667000630340683,18
PercDevAbs_TR_12,6.5,0.12799304285611948,0.00383,-2.6667000630340683,2.6667000630340683,18
PercDevAbs_TR_12,6.75,0.10309266034063191,0.00383,-2.6667000630340683,2.6667000630340683,18
PercDevAbs_TR_12,7,0.08263306980503693,0.00383,-2.6667000630340683,2.6667000630340683,18
PercDevAbs_TR_12,7.25,0.0659248868792514,0.00383,-2.6667000630340683,2.6667000630340683,18
PercDevAbs_TR_12,7.5,0.052362615005756716,0.00383,-2.6667000630340683,2.6667000630340683,18
PercDevAbs_TR_12,7.75,0.04141897214435951,0.00383,-2.6667000630340683,2.6667000630340683,18
PercDevAbs_TR_12,8,0.03263886223556939,0.00383,-2.6667000630340683,2.6667000630340683,18
PercDevAbs_TR_12,8.25,0.025633049248157135,0.00383,-2.6667000630340683,2.6667000630340683,18
PercDevAbs_TR_12,8.5,0.020071692437579763,0.00383,-2.6667000630340683,2.6667000630340683,18
PercDevAbs_TR_12,8.75,0.015677902417362995,0.00383,-2.6667000630340683,2.6667000630340683,18
PercDevAbs_TR_12,9,0.01222148228379754,0.00383,-2.6667000630340683,2.6667000630340683,18
PercDevAbs_TR_12,9.25,0.00951285415421138,0.00383,-2.6667000630340683,2.6667000630340683,18
PercDevAbs_TR_12,9.5,0.007397292969712453,0.00383,-2.6667000630340683,2.6667000630340683,18
PercDevAbs_TR_12,9.75,0.005749569745650745,0.00383,-2.6667000630340683,2.6667000630340683,18
PercDevAbs_TR_12,10,0.0044690980624587425,0.00383,-2.6667000630340683,2.6667000630340683,18
PercDevAbs_TR_12,10.25,0.0034756758077342026,0.00383,-2.6667000630340683,2.6667000630340683,18
PercDevAbs_TR_12,10.5,0.0027057928890298682,0.00383,-2.6667000630340683,2.6667000630340683,18
PercDevAbs_TR_12,10.75,0.0021094687082820348,0.00383,-2.6667000630340683,2.6667000630340683,18
PercDevAbs_TR_12,11,0.0016475839927400033,0.00383,-2.6667000630340683,2.6667000630340683,18
PercDevAbs_TR_12,11.25,0.0012896609179676474,0.00383,-2.6667000630340683,2.6667000630340683,18
PercDevAbs_TR_12,11.5,0.0010120437300159067,0.00383,-2.6667000630340683,2.6667000630340683,18
PercDevAbs_TR_12,11.75,7.964269378075199e-4,0.00383,-2.6667000630340683,2.6667000630340683,18
PercDevAbs_TR_12,12,6.286770276522424e-4,0.00383,-2.6667000630340683,2.6667000630340683,18
PercDevAbs_TR_12,6,0.6564043174754957,0.00982,-2.3331552225672434,2.3331552225672434,17
PercDevAbs_TR_12,6.25,0.5625367740008014,0.00982,-2.3331552225672434,2.3331552225672434,17
PercDevAbs_TR_12,6.5,0.48055641305959007,0.00982,-2.3331552225672434,2.3331552225672434,17
PercDevAbs_TR_12,6.75,0.40920825514723447,0.00982,-2.3331552225672434,2.3331552225672434,17
PercDevAbs_TR_12,7,0.34733632728558933,0.00982,-2.3331552225672434,2.3331552225672434,17
PercDevAbs_TR_12,7.25,0.29387912070676514,0.00982,-2.3331552225672434,2.3331552225672434,17
PercDevAbs_TR_12,7.5,0.24786526468530695,0.00982,-2.3331552225672434,2.3331552225672434,17
PercDevAbs_TR_12,7.75,0.20840905516668454,0.00982,-2.3331552225672434,2.3331552225672434,17
PercDevAbs_TR_12,8,0.17470600422051166,0.00982,-2.3331552225672434,2.3331552225672434,17
PercDevAbs_TR_12,8.25,0.14602827656025502,0.00982,-2.3331552225672434,2.3331552225672434,17
PercDevAbs_TR_12,8.5,0.12172013600638965,0.00982,-2.3331552225672434,2.3331552225672434,17
PercDevAbs_TR_12,8.75,0.10119354676114287,0.00982,-2.3331552225672434,2.3331552225672434,17
PercDevAbs_TR_12,9,0.08392413499448101,0.00982,-2.3331552225672434,2.3331552225672434,17
PercDevAbs_TR_12,9.25,0.06944703789095263,0.00982,-2.3331552225672434,2.3331552225672434,17
PercDevAbs_TR_12,9.5,0.05735259413890983,0.00982,-2.3331552225672434,2.3331552225672434,17
PercDevAbs_TR_12,9.75,0.04728184469825435,0.00982,-2.3331552225672434,2.3331552225672434,17
PercDevAbs_TR_12,10,0.03892194150464095,0.00982,-2.3331552225672434,2.3331552225672434,17
PercDevAbs_TR_12,10.25,0.03200183113706109,0.00982,-2.3331552225672434,2.3331552225672434,17
PercDevAbs_TR_12,10.5,0.026288135894894368,0.00982,-2.3331552225672434,2.3331552225672434,17
PercDevAbs_TR_12,10.75,0.021581174510404356,0.00982,-2.3331552225672434,2.3331552225672434,17
PercDevAbs_TR_12,11,0.017711141869234684,0.00982,-2.3331552225672434,2.3331552225672434,17
PercDevAbs_TR_12,11.25,0.014534469213225099,0.00982,-2.3331552225672434,2.3331552225672434,17
PercDevAbs_TR_12,11.5,0.011930421831192129,0.00982,-2.3331552225672434,2.3331552225672434,17
PercDevAbs_TR_12,11.75,0.009797973246415589,0.00982,-2.3331552225672434,2.3331552225672434,17
PercDevAbs_TR_12,12,0.008052969051211771,0.00982,-2.3331552225672434,2.3331552225672434,17
PercDevAbs_TR_12,6,1.6436041162710555,0.02275,-2.000002443899604,2.000002443899604,16
PercDevAbs_TR_12,6.25,1.455875241443301,0.02275,-2.000002443899604,2.000002443899604,16
PercDevAbs_TR_12,6.5,1.2871491387128886,0.02275,-2.000002443899604,2.000002443899604,16
PercDevAbs_TR_12,6.75,1.1358003045785996,0.02275,-2.000002443899604,2.000002443899604,16
PercDevAbs_TR_12,7,1.0003137830714919,0.02275,-2.000002443899604,2.000002443899604,16
PercDevAbs_TR_12,7.25,0.8792796216785749,0.02275,-2.000002443899604,2.000002443899604,16
PercDevAbs_TR_12,7.5,0.771387784368135,0.02275,-2.000002443899604,2.000002443899604,16
PercDevAbs_TR_12,7.75,0.67542289234596,0.02275,-2.000002443899604,2.000002443899604,16
PercDevAbs_TR_12,8,0.5902591100349333,0.02275,-2.000002443899604,2.000002443899604,16
PercDevAbs_TR_12,8.25,0.5148548689204305,0.02275,-2.000002443899604,2.000002443899604,16
PercDevAbs_TR_12,8.5,0.44824768495798856,0.02275,-2.000002443899604,2.000002443899604,16
PercDevAbs_TR_12,8.75,0.3895494817917096,0.02275,-2.000002443899604,2.000002443899604,16
PercDevAbs_TR_12,9,0.3379430507511836,0.02275,-2.000002443899604,2.000002443899604,16
PercDevAbs_TR_12,9.25,0.29267863149941303,0.02275,-2.000002443899604,2.000002443899604,16
PercDevAbs_TR_12,9.5,0.2530704212777879,0.02275,-2.000002443899604,2.000002443899604,16
PercDevAbs_TR_12,9.75,0.21849275443600127,0.02275,-2.000002443899604,2.000002443899604,16
PercDevAbs_TR_12,10,0.1883759605234602,0.02275,-2.000002443899604,2.000002443899604,16
PercDevAbs_TR_12,10.25,0.1622028227616331,0.02275,-2.000002443899604,2.000002443899604,16
PercDevAbs_TR_12,10.5,0.13950542489263684,0.02275,-2.000002443899604,2.000002443899604,16
PercDevAbs_TR_12,10.75,0.11986212488594539,0.02275,-2.000002443899604,2.000002443899604,16
PercDevAbs_TR_12,11,0.10289455990757176,0.02275,-2.000002443899604,2.000002443899604,16
PercDevAbs_TR_12,11.25,0.08826458441407463,0.02275,-2.000002443899604,2.000002443899604,16
PercDevAbs_TR_12,11.5,0.07567119294085835,0.02275,-2.000002443899604,2.000002443899604,16
PercDevAbs_TR_12,11.75,0.06484747687620557,0.02275,-2.000002443899604,2.000002443899604,16
PercDevAbs_TR_12,12,0.055557621280201815,0.02275,-2.000002443899604,2.000002443899604,16
PercDevAbs_TR_12,6,3.4080240208608052,0.04779,-1.6666702079210545,1.6666702079210545,15
PercDevAbs_TR_12,6.25,3.085787880032819,0.04779,-1.6666702079210545,1.6666702079210545,15
PercDevAbs_TR_12,6.5,2.7909124132722143,0.04779,-1.6666702079210545,1.6666702079210545,15
PercDevAbs_TR_12,6.75,2.5213777984424093,0.04779,-1.6666702079210545,1.6666702079210545,15
PercDevAbs_TR_12,7,2.275290626288517,0.04779,-1.6666702079210545,1.6666702079210545,15
PercDevAbs_TR_12,7.25,2.0508774997394235,0.04779,-1.6666702079210545,1.6666702079210545,15
PercDevAbs_TR_12,7.5,1.8464792570275523,0.04779,-1.6666702079210545,1.6666702079210545,15
PercDevAbs_TR_12,7.75,1.6605448949006474,0.04779,-1.6666702079210545,1.6666702079210545,15
PercDevAbs_TR_12,8,1.4916256351853379,0.04779,-1.6666702079210545,1.6666702079210545,15
PercDevAbs_TR_12,8.25,1.3383685216892491,0.04779,-1.6666702079210545,1.6666702079210545,15
PercDevAbs_TR_12,8.5,1.199509919094919,0.04779,-1.6666702079210545,1.6666702079210545,15
PercDevAbs_TR_12,8.75,1.0738697123530163,0.04779,-1.6666702079210545,1.6666702079210545,15
PercDevAbs_TR_12,9,0.9603473969742954,0.04779,-1.6666702079210545,1.6666702079210545,15
PercDevAbs_TR_12,9.25,0.8579184338540164,0.04779,-1.6666702079210545,1.6666702079210545,15
PercDevAbs_TR_12,9.5,0.7656305615262987,0.04779,-1.6666702079210545,1.6666702079210545,15
PercDevAbs_TR_12,9.75,0.6825995566954975,0.04779,-1.6666702079210545,1.6666702079210545,15
PercDevAbs_TR_12,10,0.6080042905500541,0.04779,-1.6666702079210545,1.6666702079210545,15
PercDevAbs_TR_12,10.25,0.5410827947852483,0.04779,-1.6666702079210545,1.6666702079210545,15
PercDevAbs_TR_12,10.5,0.481129119809976,0.04779,-1.6666702079210545,1.6666702079210545,15
PercDevAbs_TR_12,10.75,0.4274905843085165,0.04779,-1.6666702079210545,1.6666702079210545,15
PercDevAbs_TR_12,11,0.37956521999284065,0.04779,-1.6666702079210545,1.6666702079210545,15
PercDevAbs_TR_12,11.25,0.33679915775415803,0.04779,-1.6666702079210545,1.6666702079210545,15
PercDevAbs_TR_12,11.5,0.2986839780190923,0.04779,-1.6666702079210545,1.6666702079210545,15
PercDevAbs_TR_12,11.75,0.2647540506171301,0.04779,-1.6666702079210545,1.6666702079210545,15
PercDevAbs_TR_12,12,0.23458380767676526,0.04779,-1.6666702079210545,1.6666702079210545,15
PercDevAbs_TR_12,6,6.222064997628216,0.09121,-1.3333407702662026,1.3333407702662026,14
PercDevAbs_TR_12,6.25,5.7208326191956855,0.09121,-1.3333407702662026,1.3333407702662026,14
PercDevAbs_TR_12,6.5,5.256581824430421,0.09121,-1.3333407702662026,1.3333407702662026,14
PercDevAbs_TR_12,6.75,4.8268648645359855,0.09121,-1.3333407702662026,1.3333407702662026,14
PercDevAbs_TR_12,7,4.429378361055459,0.09121,-1.3333407702662026,1.3333407702662026,14
PercDevAbs_TR_12,7.25,4.0619561134881925,0.09121,-1.3333407702662026,1.3333407702662026,14
PercDevAbs_TR_12,7.5,3.7225626898561406,0.09121,-1.3333407702662026,1.3333407702662026,14
PercDevAbs_TR_12,7.75,3.409286670343106,0.09121,-1.3333407702662026,1.3333407702662026,14
PercDevAbs_TR_12,8,3.120334077059714,0.09121,-1.3333407702662026,1.3333407702662026,14
PercDevAbs_TR_12,8.25,2.854020964647244,0.09121,-1.3333407702662026,1.3333407702662026,14
PercDevAbs_TR_12,8.5,2.6087656346339156,0.09121,-1.3333407702662026,1.3333407702662026,14
PercDevAbs_TR_12,8.75,2.383081765805258,0.09121,-1.3333407702662026,1.3333407702662026,14
PercDevAbs_TR_12,9,2.175574089706098,0.09121,-1.3333407702662026,1.3333407702662026,14
PercDevAbs_TR_12,9.25,1.984934373289288,0.09121,-1.3333407702662026,1.3333407702662026,14
PercDevAbs_TR_12,9.5,1.8099373245395607,0.09121,-1.3333407702662026,1.3333407702662026,14
PercDevAbs_TR_12,9.75,1.6494357290734083,0.09121,-1.3333407702662026,1.3333407702662026,14
PercDevAbs_TR_12,10,1.5023544440666912,0.09121,-1.3333407702662026,1.3333407702662026,14
PercDevAbs_TR_12,10.25,1.3676855787333253,0.09121,-1.3333407702662026,1.3333407702662026,14
PercDevAbs_TR_12,10.5,1.2444847371781873,0.09121,-1.3333407702662026,1.3333407702662026,14
PercDevAbs_TR_12,10.75,1.1318679213249643,0.09121,-1.3333407702662026,1.3333407702662026,14
PercDevAbs_TR_12,11,1.029008828306648,0.09121,-1.3333407702662026,1.3333407702662026,14
PercDevAbs_TR_12,11.25,0.935136176446487,0.09121,-1.3333407702662026,1.3333407702662026,14
PercDevAbs_TR_12,11.5,0.8495310413972594,0.09121,-1.3333407702662026,1.3333407702662026,14
PercDevAbs_TR_12,11.75,0.7715241708983339,0.09121,-1.3333407702662026,1.3333407702662026,14
PercDevAbs_TR_12,12,0.7004931572441617,0.09121,-1.3333407702662026,1.3333407702662026,14
PercDevAbs_TR_12,6,10.37857549742512,0.15866,-0.9999803859660789,0.9999803859660789,13
PercDevAbs_TR_12,6.25,9.650104534558047,0.15866,-0.9999803859660789,0.9999803859660789,13
PercDevAbs_TR_12,6.5,8.969540421276031,0.15866,-0.9999803859660789,0.9999803859660789,13
PercDevAbs_TR_12,6.75,8.333972549984445,0.15866,-0.9999803859660789,0.9999803859660789,13
PercDevAbs_TR_12,7,7.740654048721046,0.15866,-0.9999803859660789,0.9999803859660789,13
PercDevAbs_TR_12,7.25,7.186993661538057,0.15866,-0.9999803859660789,0.9999803859660789,13
PercDevAbs_TR_12,7.5,6.670548522835101,0.15866,-0.9999803859660789,0.9999803859660789,13
PercDevAbs_TR_12,7.75,6.189016693690275,0.15866,-0.9999803859660789,0.9999803859660789,13
PercDevAbs_TR_12,8,5.740230030288343,0.15866,-0.9999803859660789,0.9999803859660789,13
PercDevAbs_TR_12,8.25,5.322145878302523,0.15866,-0.9999803859660789,0.9999803859660789,13
PercDevAbs_TR_12,8.5,4.932838137455853,0.15866,-0.9999803859660789,0.9999803859660789,13
PercDevAbs_TR_12,8.75,4.570489611964578,0.15866,-0.9999803859660789,0.9999803859660789,13
PercDevAbs_TR_12,9,4.233387324795879,0.15866,-0.9999803859660789,0.9999803859660789,13
PercDevAbs_TR_12,9.25,3.9199180578991624,0.15866,-0.9999803859660789,0.9999803859660789,13
PercDevAbs_TR_12,9.5,3.6285637475372168,0.15866,-0.9999803859660789,0.9999803859660789,13
PercDevAbs_TR_12,9.75,3.3578961114468378,0.15866,-0.9999803859660789,0.9999803859660789,13
PercDevAbs_TR_12,10,3.106569982912662,0.15866,-0.9999803859660789,0.9999803859660789,13
PercDevAbs_TR_12,10.25,2.8733176527066977,0.15866,-0.9999803859660789,0.9999803859660789,13
PercDevAbs_TR_12,10.5,2.6569442542277066,0.15866,-0.9999803859660789,0.9999803859660789,13
PercDevAbs_TR_12,10.75,2.4563240114254645,0.15866,-0.9999803859660789,0.9999803859660789,13
PercDevAbs_TR_12,11,2.270397042622291,0.15866,-0.9999803859660789,0.9999803859660789,13
PercDevAbs_TR_12,11.25,2.0981663714149557,0.15866,-0.9999803859660789,0.9999803859660789,13
PercDevAbs_TR_12,11.5,1.9386950514837231,0.15866,-0.9999803859660789,0.9999803859660789,13
PercDevAbs_TR_12,11.75,1.79110323279344,0.15866,-0.9999803859660789,0.9999803859660789,13
PercDevAbs_TR_12,12,1.6545650121204107,0.15866,-0.9999803859660789,0.9999803859660789,13
PercDevAbs_TR_12,6,16.18667025971369,0.25249,-0.6666746102242979,0.6666746102242979,12
PercDevAbs_TR_12,6.25,15.179177327809285,0.25249,-0.6666746102242979,0.6666746102242979,12
PercDevAbs_TR_12,6.5,14.231855056615274,0.25249,-0.6666746102242979,0.6666746102242979,12
PercDevAbs_TR_12,6.75,13.341295694191134,0.25249,-0.6666746102242979,0.6666746102242979,12
PercDevAbs_TR_12,7,12.504275977284307,0.25249,-0.6666746102242979,0.6666746102242979,12
PercDevAbs_TR_12,7.25,11.71774779754735,0.25249,-0.6666746102242979,0.6666746102242979,12
PercDevAbs_TR_12,7.5,10.978829760435469,0.25249,-0.6666746102242979,0.6666746102242979,12
PercDevAbs_TR_12,7.75,10.284798827227165,0.25249,-0.6666746102242979,0.6666746102242979,12
PercDevAbs_TR_12,8,9.633082569877331,0.25249,-0.6666746102242979,0.6666746102242979,12
PercDevAbs_TR_12,8.25,9.021250021173987,0.25249,-0.6666746102242979,0.6666746102242979,12
PercDevAbs_TR_12,8.5,8.447001749239456,0.25249,-0.6666746102242979,0.6666746102242979,12
PercDevAbs_TR_12,8.75,7.908161847738887,0.25249,-0.6666746102242979,0.6666746102242979,12
PercDevAbs_TR_12,9,7.402672877276411,0.25249,-0.6666746102242979,0.6666746102242979,12
PercDevAbs_TR_12,9.25,6.928590755407828,0.25249,-0.6666746102242979,0.6666746102242979,12
PercDevAbs_TR_12,9.5,6.4840793853924215,0.25249,-0.6666746102242979,0.6666746102242979,12
PercDevAbs_TR_12,9.75,6.067404934757258,0.25249,-0.6666746102242979,0.6666746102242979,12
PercDevAbs_TR_12,10,5.67692933296674,0.25249,-0.6666746102242979,0.6666746102242979,12
PercDevAbs_TR_12,10.25,5.311104108712115,0.25249,-0.6666746102242979,0.6666746102242979,12
PercDevAbs_TR_12,10.5,4.968464798378645,0.25249,-0.6666746102242979,0.6666746102242979,12
PercDevAbs_TR_12,10.75,4.647626295735415,0.25249,-0.6666746102242979,0.6666746102242979,12
PercDevAbs_TR_12,11,4.3472788272795,0.25249,-0.6666746102242979,0.6666746102242979,12
PercDevAbs_TR_12,11.25,4.066184463525729,0.25249,-0.6666746102242979,0.6666746102242979,12
PercDevAbs_TR_12,11.5,3.8031739549442007,0.25249,-0.6666746102242979,0.6666746102242979,12
PercDevAbs_TR_12,11.75,3.557143445964173,0.25249,-0.6666746102242979,0.6666746102242979,12
PercDevAbs_TR_12,12,3.3270509537279143,0.25249,-0.6666746102242979,0.6666746102242979,12
PercDevAbs_TR_12,6,23.97456169261107,0.36944,-0.33333688458431254,0.33333688458431254,11
PercDevAbs_TR_12,6.25,22.6327076008855,0.36944,-0.33333688458431254,0.33333688458431254,11
PercDevAbs_TR_12,6.5,21.364662949771088,0.36944,-0.33333688458431254,0.33333688458431254,11
PercDevAbs_TR_12,6.75,20.166489006855283,0.36944,-0.33333688458431254,0.33333688458431254,11
PercDevAbs_TR_12,7,19.03445388866623,0.36944,-0.33333688458431254,0.33333688458431254,11
PercDevAbs_TR_12,7.25,17.965021603400775,0.36944,-0.33333688458431254,0.33333688458431254,11
PercDevAbs_TR_12,7.5,16.95484180120402,0.36944,-0.33333688458431254,0.33333688458431254,11
PercDevAbs_TR_12,7.75,16.000740197610014,0.36944,-0.33333688458431254,0.33333688458431254,11
PercDevAbs_TR_12,8,15.099710053592316,0.36944,-0.33333688458431254,0.33333688458431254,11
PercDevAbs_TR_12,8.25,14.248902193004888,0.36944,-0.33333688458431254,0.33333688458431254,11
PercDevAbs_TR_12,8.5,13.445614288010928,0.36944,-0.33333688458431254,0.33333688458431254,11
PercDevAbs_TR_12,8.75,12.6872830542433,0.36944,-0.33333688458431254,0.33333688458431254,11
PercDevAbs_TR_12,9,11.971478727894269,0.36944,-0.33333688458431254,0.33333688458431254,11
PercDevAbs_TR_12,9.25,11.295898924087833,0.36944,-0.33333688458431254,0.33333688458431254,11
PercDevAbs_TR_12,9.5,10.658362034848897,0.36944,-0.33333688458431254,0.33333688458431254,11
PercDevAbs_TR_12,9.75,10.056801310351135,0.36944,-0.33333688458431254,0.33333688458431254,11
PercDevAbs_TR_12,10,9.489259730120812,0.36944,-0.33333688458431254,0.33333688458431254,11
PercDevAbs_TR_12,10.25,8.953883899854912,0.36944,-0.33333688458431254,0.33333688458431254,11
PercDevAbs_TR_12,10.5,8.448917405616916,0.36944,-0.33333688458431254,0.33333688458431254,11
PercDevAbs_TR_12,10.75,7.9726949894473,0.36944,-0.33333688458431254,0.33333688458431254,11
PercDevAbs_TR_12,11,7.523637259815673,0.36944,-0.33333688458431254,0.33333688458431254,11
PercDevAbs_TR_12,11.25,7.1002464755257115,0.36944,-0.33333688458431254,0.33333688458431254,11
PercDevAbs_TR_12,11.5,6.701103023676221,0.36944,-0.33333688458431254,0.33333688458431254,11
PercDevAbs_TR_12,11.75,6.324861688125351,0.36944,-0.33333688458431254,0.33333688458431254,11
PercDevAbs_TR_12,12,5.97024778386444,0.36944,-0.33333688458431254,0.33333688458431254,11
PercDevAbs_TR_12,6,34.083916292840044,0.5,0,-0,10
PercDevAbs_TR_12,6.25,32.34900105245416,0.5,0,-0,10
PercDevAbs_TR_12,6.5,30.702939049375786,0.5,0,-0,10
PercDevAbs_TR_12,6.75,29.14122712396598,0.5,0,-0,10
PercDevAbs_TR_12,7,27.65959322219699,0.5,0,-0,10
PercDevAbs_TR_12,7.25,26.253983294378052,0.5,0,-0,10
PercDevAbs_TR_12,7.5,24.920548455794506,0.5,0,-0,10
PercDevAbs_TR_12,7.75,23.655633739233625,0.5,0,-0,10
PercDevAbs_TR_12,8,22.45576853993411,0.5,0,-0,10
PercDevAbs_TR_12,8.25,21.31765578551182,0.5,0,-0,10
PercDevAbs_TR_12,8.5,20.23816069366893,0.5,0,-0,10
PercDevAbs_TR_12,8.75,19.21430390701338,0.5,0,-0,10
PercDevAbs_TR_12,9,18.243255338804005,0.5,0,-0,10
PercDevAbs_TR_12,9.25,17.32232643802724,0.5,0,-0,10
PercDevAbs_TR_12,9.5,16.448961670001818,0.5,0,-0,10
PercDevAbs_TR_12,9.75,15.620732536281267,0.5,0,-0,10
PercDevAbs_TR_12,10,14.835335435880367,0.5,0,-0,10
PercDevAbs_TR_12,10.25,14.090586421540763,0.5,0,-0,10
PercDevAbs_TR_12,10.5,13.384413450354982,0.5,0,-0,10
PercDevAbs_TR_12,10.75,12.714849052551651,0.5,0,-0,10
PercDevAbs_TR_12,11,12.08002320331044,0.5,0,-0,10
PercDevAbs_TR_12,11.25,11.478158071004593,0.5,0,-0,10
PercDevAbs_TR_12,11.5,10.907564038227468,0.5,0,-0,10
PercDevAbs_TR_12,11.75,10.366635399465649,0.5,0,-0,10
PercDevAbs_TR_12,12,9.85384621720963,0.5,0,-0,10
PercDevAbs_TR_12,6,46.87112372895423,0.63056,0.33333688458431254,-0.33333688458431254,9
PercDevAbs_TR_12,6.25,44.68114728386097,0.63056,0.33333688458431254,-0.33333688458431254,9
PercDevAbs_TR_12,6.5,42.59650303488866,0.63056,0.33333688458431254,-0.33333688458431254,9
PercDevAbs_TR_12,6.75,40.61209008705907,0.63056,0.33333688458431254,-0.33333688458431254,9
PercDevAbs_TR_12,7,38.723065124928986,0.63056,0.33333688458431254,-0.33333688458431254,9
PercDevAbs_TR_12,7.25,36.924826537696,0.63056,0.33333688458431254,-0.33333688458431254,9
PercDevAbs_TR_12,7.5,35.21299801881823,0.63056,0.33333688458431254,-0.33333688458431254,9
PercDevAbs_TR_12,7.75,33.58341506790479,0.63056,0.33333688458431254,-0.33333688458431254,9
PercDevAbs_TR_12,8,32.0321140432079,0.63056,0.33333688458431254,-0.33333688458431254,9
PercDevAbs_TR_12,8.25,30.555320449659792,0.63056,0.33333688458431254,-0.33333688458431254,9
PercDevAbs_TR_12,8.5,29.149437503046517,0.63056,0.33333688458431254,-0.33333688458431254,9
PercDevAbs_TR_12,8.75,27.811041127500513,0.63056,0.33333688458431254,-0.33333688458431254,9
PercDevAbs_TR_12,9,26.536872929709254,0.63056,0.33333688458431254,-0.33333688458431254,9
PercDevAbs_TR_12,9.25,25.323830123393915,0.63056,0.33333688458431254,-0.33333688458431254,9
PercDevAbs_TR_12,9.5,24.168954173631768,0.63056,0.33333688458431254,-0.33333688458431254,9
PercDevAbs_TR_12,9.75,23.069424877327698,0.63056,0.33333688458431254,-0.33333688458431254,9
PercDevAbs_TR_12,10,22.0225632653448,0.63056,0.33333688458431254,-0.33333688458431254,9
PercDevAbs_TR_12,10.25,21.02582827056638,0.63056,0.33333688458431254,-0.33333688458431254,9
PercDevAbs_TR_12,10.5,20.076807855954332,0.63056,0.33333688458431254,-0.33333688458431254,9
PercDevAbs_TR_12,10.75,19.17320978102354,0.63056,0.33333688458431254,-0.33333688458431254,9
PercDevAbs_TR_12,11,18.312851910045058,0.63056,0.33333688458431254,-0.33333688458431254,9
PercDevAbs_TR_12,11.25,17.493655522886048,0.63056,0.33333688458431254,-0.33333688458431254,9
PercDevAbs_TR_12,11.5,16.713640738178313,0.63056,0.33333688458431254,-0.33333688458431254,9
PercDevAbs_TR_12,11.75,15.970921468620032,0.63056,0.33333688458431254,-0.33333688458431254,9
PercDevAbs_TR_12,12,15.263701092727635,0.63056,0.33333688458431254,-0.33333688458431254,9
PercDevAbs_TR_12,6,62.70589807770417,0.74751,0.6666746102242979,-0.6666746102242979,8
PercDevAbs_TR_12,6.25,59.99563115843979,0.74751,0.6666746102242979,-0.6666746102242979,8
PercDevAbs_TR_12,6.5,57.40864016581289,0.74751,0.6666746102242979,-0.6666746102242979,8
PercDevAbs_TR_12,6.75,54.93919316515502,0.74751,0.6666746102242979,-0.6666746102242979,8
PercDevAbs_TR_12,7,52.58184482895304,0.74751,0.6666746102242979,-0.6666746102242979,8
PercDevAbs_TR_12,7.25,50.33141704827488,0.74751,0.6666746102242979,-0.6666746102242979,8
PercDevAbs_TR_12,7.5,48.18297780391047,0.74751,0.6666746102242979,-0.6666746102242979,8
PercDevAbs_TR_12,7.75,46.13182470767835,0.74751,0.6666746102242979,-0.6666746102242979,8
PercDevAbs_TR_12,8,44.173472206437594,0.74751,0.6666746102242979,-0.6666746102242979,8
PercDevAbs_TR_12,8.25,42.30363893719159,0.74751,0.6666746102242979,-0.6666746102242979,8
PercDevAbs_TR_12,8.5,40.51823651321002,0.74751,0.6666746102242979,-0.6666746102242979,8
PercDevAbs_TR_12,8.75,38.81336751016678,0.74751,0.6666746102242979,-0.6666746102242979,8
PercDevAbs_TR_12,9,37.18531725541525,0.74751,0.6666746102242979,-0.6666746102242979,8
PercDevAbs_TR_12,9.25,35.63054047216956,0.74751,0.6666746102242979,-0.6666746102242979,8
PercDevAbs_TR_12,9.5,34.14564592606816,0.74751,0.6666746102242979,-0.6666746102242979,8
PercDevAbs_TR_12,9.75,32.727390675122784,0.74751,0.6666746102242979,-0.6666746102242979,8
PercDevAbs_TR_12,10,31.372690524636223,0.74751,0.6666746102242979,-0.6666746102242979,8
PercDevAbs_TR_12,10.25,30.07861992905191,0.74751,0.6666746102242979,-0.6666746102242979,8
PercDevAbs_TR_12,10.5,28.842402013297455,0.74751,0.6666746102242979,-0.6666746102242979,8
PercDevAbs_TR_12,10.75,27.661396976917697,0.74751,0.6666746102242979,-0.6666746102242979,8
PercDevAbs_TR_12,11,26.533088954190116,0.74751,0.6666746102242979,-0.6666746102242979,8
PercDevAbs_TR_12,11.25,25.455077385936587,0.74751,0.6666746102242979,-0.6666746102242979,8
PercDevAbs_TR_12,11.5,24.42507165725502,0.74751,0.6666746102242979,-0.6666746102242979,8
PercDevAbs_TR_12,11.75,23.440885086640243,0.74751,0.6666746102242979,-0.6666746102242979,8
PercDevAbs_TR_12,12,22.500430533048768,0.74751,0.6666746102242979,-0.6666746102242979,8
PercDevAbs_TR_12,6,81.96837857439601,0.84134,0.9999803859660789,-0.9999803859660789,7
PercDevAbs_TR_12,6.25,78.66948323208112,0.84134,0.9999803859660789,-0.9999803859660789,7
PercDevAbs_TR_12,6.5,75.51329957462183,0.84134,0.9999803859660789,-0.9999803859660789,7
PercDevAbs_TR_12,6.75,72.49343131191152,0.84134,0.9999803859660789,-0.9999803859660789,7
PercDevAbs_TR_12,7,69.60380068718494,0.84134,0.9999803859660789,-0.9999803859660789,7
PercDevAbs_TR_12,7.25,66.83862472203336,0.84134,0.9999803859660789,-0.9999803859660789,7
PercDevAbs_TR_12,7.5,64.19238798934364,0.84134,0.9999803859660789,-0.9999803859660789,7
PercDevAbs_TR_12,7.75,61.65982235001413,0.84134,0.9999803859660789,-0.9999803859660789,7
PercDevAbs_TR_12,8,59.23589175092023,0.84134,0.9999803859660789,-0.9999803859660789,7
PercDevAbs_TR_12,8.25,56.91577858048878,0.84134,0.9999803859660789,-0.9999803859660789,7
PercDevAbs_TR_12,8.5,54.69487317965529,0.84134,0.9999803859660789,-0.9999803859660789,7
PercDevAbs_TR_12,8.75,52.56877615710881,0.84134,0.9999803859660789,-0.9999803859660789,7
PercDevAbs_TR_12,9,50.53328860570712,0.84134,0.9999803859660789,-0.9999803859660789,7
PercDevAbs_TR_12,9.25,48.58439432719175,0.84134,0.9999803859660789,-0.9999803859660789,7
PercDevAbs_TR_12,9.5,46.71823906696727,0.84134,0.9999803859660789,-0.9999803859660789,7
PercDevAbs_TR_12,9.75,44.93112502954043,0.84134,0.9999803859660789,-0.9999803859660789,7
PercDevAbs_TR_12,10,43.219531882097016,0.84134,0.9999803859660789,-0.9999803859660789,7
PercDevAbs_TR_12,10.25,41.58012149699037,0.84134,0.9999803859660789,-0.9999803859660789,7
PercDevAbs_TR_12,10.5,40.009726921507905,0.84134,0.9999803859660789,-0.9999803859660789,7
PercDevAbs_TR_12,10.75,38.505337894200736,0.84134,0.9999803859660789,-0.9999803859660789,7
PercDevAbs_TR_12,11,37.06408320660328,0.84134,0.9999803859660789,-0.9999803859660789,7
PercDevAbs_TR_12,11.25,35.68321953007032,0.84134,0.9999803859660789,-0.9999803859660789,7
PercDevAbs_TR_12,11.5,34.360125031236905,0.84134,0.9999803859660789,-0.9999803859660789,7
PercDevAbs_TR_12,11.75,33.09229211562293,0.84134,0.9999803859660789,-0.9999803859660789,7
PercDevAbs_TR_12,12,31.877323115941444,0.84134,0.9999803859660789,-0.9999803859660789,7
PercDevAbs_TR_12,6,105.05797180083161,0.90879,1.3333407702662026,-1.3333407702662026,6
PercDevAbs_TR_12,6.25,101.0988279244155,0.90879,1.3333407702662026,-1.3333407702662026,6
PercDevAbs_TR_12,6.5,97.30335769086524,0.90879,1.3333407702662026,-1.3333407702662026,6
PercDevAbs_TR_12,6.75,93.66446683369485,0.90879,1.3333407702662026,-1.3333407702662026,6
PercDevAbs_TR_12,7,90.17541481214205,0.90879,1.3333407702662026,-1.3333407702662026,6
PercDevAbs_TR_12,7.25,86.82978571947949,0.90879,1.3333407702662026,-1.3333407702662026,6
PercDevAbs_TR_12,7.5,83.62145337624217,0.90879,1.3333407702662026,-1.3333407702662026,6
PercDevAbs_TR_12,7.75,80.54455627807636,0.90879,1.3333407702662026,-1.3333407702662026,6
PercDevAbs_TR_12,8,77.5934793238858,0.90879,1.3333407702662026,-1.3333407702662026,6
PercDevAbs_TR_12,8.25,74.76283908949144,0.90879,1.3333407702662026,-1.3333407702662026,6
PercDevAbs_TR_12,8.5,72.04747465900317,0.90879,1.3333407702662026,-1.3333407702662026,6
PercDevAbs_TR_12,8.75,69.44245583628704,0.90879,1.3333407702662026,-1.3333407702662026,6
PercDevAbs_TR_12,9,66.943071323251,0.90879,1.3333407702662026,-1.3333407702662026,6
PercDevAbs_TR_12,9.25,64.54480517687558,0.90879,1.3333407702662026,-1.3333407702662026,6
PercDevAbs_TR_12,9.5,62.243308952895724,0.90879,1.3333407702662026,-1.3333407702662026,6
PercDevAbs_TR_12,9.75,60.03439656948191,0.90879,1.3333407702662026,-1.3333407702662026,6
PercDevAbs_TR_12,10,57.91407936565912,0.90879,1.3333407702662026,-1.3333407702662026,6
PercDevAbs_TR_12,10.25,55.87857759246183,0.90879,1.3333407702662026,-1.3333407702662026,6
PercDevAbs_TR_12,10.5,53.92430842896116,0.90879,1.3333407702662026,-1.3333407702662026,6
PercDevAbs_TR_12,10.75,52.04786801753288,0.90879,1.3333407702662026,-1.3333407702662026,6
PercDevAbs_TR_12,11,50.24600810291569,0.90879,1.3333407702662026,-1.3333407702662026,6
PercDevAbs_TR_12,11.25,48.51562159858467,0.90879,1.3333407702662026,-1.3333407702662026,6
PercDevAbs_TR_12,11.5,46.853734891266576,0.90879,1.3333407702662026,-1.3333407702662026,6
PercDevAbs_TR_12,11.75,45.25749900099417,0.90879,1.3333407702662026,-1.3333407702662026,6
PercDevAbs_TR_12,12,43.72418552404972,0.90879,1.3333407702662026,-1.3333407702662026,6
PercDevAbs_TR_12,6,132.3744464314983,0.95221,1.6666702079210545,-1.6666702079210545,5
PercDevAbs_TR_12,6.25,127.68051208535351,0.95221,1.6666702079210545,-1.6666702079210545,5
PercDevAbs_TR_12,6.5,123.17276304300408,0.95221,1.6666702079210545,-1.6666702079210545,5
PercDevAbs_TR_12,6.75,118.8433734555189,0.95221,1.6666702079210545,-1.6666702079210545,5
PercDevAbs_TR_12,7,114.68491001931501,0.95221,1.6666702079210545,-1.6666702079210545,5
PercDevAbs_TR_12,7.25,110.69029645907297,0.95221,1.6666702079210545,-1.6666702079210545,5
PercDevAbs_TR_12,7.5,106.85276914446754,0.95221,1.6666702079210545,-1.6666702079210545,5
PercDevAbs_TR_12,7.75,103.16584612202196,0.95221,1.6666702079210545,-1.6666702079210545,5
PercDevAbs_TR_12,8,99.62330500100524,0.95221,1.6666702079210545,-1.6666702079210545,5
PercDevAbs_TR_12,8.25,96.21916704726827,0.95221,1.6666702079210545,-1.6666702079210545,5
PercDevAbs_TR_12,8.5,92.94769002699259,0.95221,1.6666702079210545,-1.6666702079210545,5
PercDevAbs_TR_12,8.75,89.80338411485725,0.95221,1.6666702079210545,-1.6666702079210545,5
PercDevAbs_TR_12,9,86.7809974900391,0.95221,1.6666702079210545,-1.6666702079210545,5
PercDevAbs_TR_12,9.25,83.87548546317122,0.95221,1.6666702079210545,-1.6666702079210545,5
PercDevAbs_TR_12,9.5,81.08197357722857,0.95221,1.6666702079210545,-1.6666702079210545,5
PercDevAbs_TR_12,9.75,78.39575288799779,0.95221,1.6666702079210545,-1.6666702079210545,5
PercDevAbs_TR_12,10,75.81233310787732,0.95221,1.6666702079210545,-1.6666702079210545,5
PercDevAbs_TR_12,10.25,73.32746306506311,0.95221,1.6666702079210545,-1.6666702079210545,5
PercDevAbs_TR_12,10.5,70.93711791017692,0.95221,1.6666702079210545,-1.6666702079210545,5
PercDevAbs_TR_12,10.75,68.6374770096909,0.95221,1.6666702079210545,-1.6666702079210545,5
PercDevAbs_TR_12,11,66.42489346065773,0.95221,1.6666702079210545,-1.6666702079210545,5
PercDevAbs_TR_12,11.25,64.29587556908345,0.95221,1.6666702079210545,-1.6666702079210545,5
PercDevAbs_TR_12,11.5,62.24707750158017,0.95221,1.6666702079210545,-1.6666702079210545,5
PercDevAbs_TR_12,11.75,60.275288463456164,0.95221,1.6666702079210545,-1.6666702079210545,5
PercDevAbs_TR_12,12,58.37742909830998,0.95221,1.6666702079210545,-1.6666702079210545,5
PercDevAbs_TR_12,6,164.33605827483177,0.97725,2.0000024438996027,-2.0000024438996027,4
PercDevAbs_TR_12,6.25,158.8296741584925,0.97725,2.0000024438996027,-2.0000024438996027,4
PercDevAbs_TR_12,6.5,153.5335672533517,0.97725,2.0000024438996027,-2.0000024438996027,4
PercDevAbs_TR_12,6.75,148.43914627190574,0.97725,2.0000024438996027,-2.0000024438996027,4
PercDevAbs_TR_12,7,143.5382553026858,0.97725,2.0000024438996027,-2.0000024438996027,4
PercDevAbs_TR_12,7.25,138.82313065560777,0.97725,2.0000024438996027,-2.0000024438996027,4
PercDevAbs_TR_12,7.5,134.28634498079825,0.97725,2.0000024438996027,-2.0000024438996027,4
PercDevAbs_TR_12,7.75,129.92076910820532,0.97725,2.0000024438996027,-2.0000024438996027,4
PercDevAbs_TR_12,8,125.7195452053378,0.97725,2.0000024438996027,-2.0000024438996027,4
PercDevAbs_TR_12,8.25,121.67606957700671,0.97725,2.0000024438996027,-2.0000024438996027,4
PercDevAbs_TR_12,8.5,117.78398831394469,0.97725,2.0000024438996027,-2.0000024438996027,4
PercDevAbs_TR_12,8.75,114.0372229419711,0.97725,2.0000024438996027,-2.0000024438996027,4
PercDevAbs_TR_12,9,110.4299528094415,0.97725,2.0000024438996027,-2.0000024438996027,4
PercDevAbs_TR_12,9.25,106.95657509819044,0.97725,2.0000024438996027,-2.0000024438996027,4
PercDevAbs_TR_12,9.5,103.61165664532169,0.97725,2.0000024438996027,-2.0000024438996027,4
PercDevAbs_TR_12,9.75,100.38992969397802,0.97725,2.0000024438996027,-2.0000024438996027,4
PercDevAbs_TR_12,10,97.28636770095201,0.97725,2.0000024438996027,-2.0000024438996027,4
PercDevAbs_TR_12,10.25,94.29621730891492,0.97725,2.0000024438996027,-2.0000024438996027,4
PercDevAbs_TR_12,10.5,91.4149849370333,0.97725,2.0000024438996027,-2.0000024438996027,4
PercDevAbs_TR_12,10.75,88.63840980164223,0.97725,2.0000024438996027,-2.0000024438996027,4
PercDevAbs_TR_12,11,85.96242471986258,0.97725,2.0000024438996027,-2.0000024438996027,4
PercDevAbs_TR_12,11.25,83.38313255548842,0.97725,2.0000024438996027,-2.0000024438996027,4
PercDevAbs_TR_12,11.5,80.89679482025652,0.97725,2.0000024438996027,-2.0000024438996027,4
PercDevAbs_TR_12,11.75,78.49981840839058,0.97725,2.0000024438996027,-2.0000024438996027,4
PercDevAbs_TR_12,12,76.18875268475351,0.97725,2.0000024438996027,-2.0000024438996027,4
PercDevAbs_TR_12,6,201.34751614605733,0.99018,2.3331552225672416,-2.3331552225672416,3
PercDevAbs_TR_12,6.25,194.94850481350144,0.99018,2.3331552225672416,-2.3331552225672416,3
PercDevAbs_TR_12,6.5,188.78545657746278,0.99018,2.3331552225672416,-2.3331552225672416,3
PercDevAbs_TR_12,6.75,182.848981108776,0.99018,2.3331552225672416,-2.3331552225672416,3
PercDevAbs_TR_12,7,177.13017065989277,0.99018,2.3331552225672416,-2.3331552225672416,3
PercDevAbs_TR_12,7.25,171.62054793957253,0.99018,2.3331552225672416,-2.3331552225672416,3
PercDevAbs_TR_12,7.5,166.31199649007888,0.99018,2.3331552225672416,-2.3331552225672416,3
PercDevAbs_TR_12,7.75,161.19671391020336,0.99018,2.3331552225672416,-2.3331552225672416,3
PercDevAbs_TR_12,8,156.26717928544716,0.99018,2.3331552225672416,-2.3331552225672416,3
PercDevAbs_TR_12,8.25,151.51613456343003,0.99018,2.3331552225672416,-2.3331552225672416,3
PercDevAbs_TR_12,8.5,146.9365839014469,0.99018,2.3331552225672416,-2.3331552225672416,3
PercDevAbs_TR_12,8.75,142.52183134497776,0.99018,2.3331552225672416,-2.3331552225672416,3
PercDevAbs_TR_12,9,138.26545929820628,0.99018,2.3331552225672416,-2.3331552225672416,3
PercDevAbs_TR_12,9.25,134.16127740940107,0.99018,2.3331552225672416,-2.3331552225672416,3
PercDevAbs_TR_12,9.5,130.2032605921311,0.99018,2.3331552225672416,-2.3331552225672416,3
PercDevAbs_TR_12,9.75,126.38554528350923,0.99018,2.3331552225672416,-2.3331552225672416,3
PercDevAbs_TR_12,10,122.70253304184988,0.99018,2.3331552225672416,-2.3331552225672416,3
PercDevAbs_TR_12,10.25,119.14893690468024,0.99018,2.3331552225672416,-2.3331552225672416,3
PercDevAbs_TR_12,10.5,115.71976760862356,0.99018,2.3331552225672416,-2.3331552225672416,3
PercDevAbs_TR_12,10.75,112.41030093846032,0.99018,2.3331552225672416,-2.3331552225672416,3
PercDevAbs_TR_12,11,109.21602804889486,0.99018,2.3331552225672416,-2.3331552225672416,3
PercDevAbs_TR_12,11.25,106.13262581676611,0.99018,2.3331552225672416,-2.3331552225672416,3
PercDevAbs_TR_12,11.5,103.15594293856792,0.99018,2.3331552225672416,-2.3331552225672416,3
PercDevAbs_TR_12,11.75,100.28198369645231,0.99018,2.3331552225672416,-2.3331552225672416,3
PercDevAbs_TR_12,12,97.50690599724719,0.99018,2.3331552225672416,-2.3331552225672416,3
PercDevAbs_TR_12,6,243.91364769285954,0.99617,2.6667000630340683,-2.6667000630340683,2
PercDevAbs_TR_12,6.25,236.53721436896893,0.99617,2.6667000630340683,-2.6667000630340683,2
PercDevAbs_TR_12,6.5,229.42409753223032,0.99617,2.6667000630340683,-2.6667000630340683,2
PercDevAbs_TR_12,6.75,222.56407260493495,0.99617,2.6667000630340683,-2.6667000630340683,2
PercDevAbs_TR_12,7,215.94744965806115,0.99617,2.6667000630340683,-2.6667000630340683,2
PercDevAbs_TR_12,7.25,209.56501083612292,0.99617,2.6667000630340683,-2.6667000630340683,2
PercDevAbs_TR_12,7.5,203.40792448640303,0.99617,2.6667000630340683,-2.6667000630340683,2
PercDevAbs_TR_12,7.75,197.46768816721743,0.99617,2.6667000630340683,-2.6667000630340683,2
PercDevAbs_TR_12,8,191.73608921980988,0.99617,2.6667000630340683,-2.6667000630340683,2
PercDevAbs_TR_12,8.25,186.20518456926507,0.99617,2.6667000630340683,-2.6667000630340683,2
PercDevAbs_TR_12,8.5,180.86730477938394,0.99617,2.6667000630340683,-2.6667000630340683,2
PercDevAbs_TR_12,8.75,175.71510633067885,0.99617,2.6667000630340683,-2.6667000630340683,2
PercDevAbs_TR_12,9,170.7415453711728,0.99617,2.6667000630340683,-2.6667000630340683,2
PercDevAbs_TR_12,9.25,165.9398132083318,0.99617,2.6667000630340683,-2.6667000630340683,2
PercDevAbs_TR_12,9.5,161.30325767942168,0.99617,2.6667000630340683,-2.6667000630340683,2
PercDevAbs_TR_12,9.75,156.82537993825756,0.99617,2.6667000630340683,-2.6667000630340683,2
PercDevAbs_TR_12,10,152.49997160342218,0.99617,2.6667000630340683,-2.6667000630340683,2
PercDevAbs_TR_12,10.25,148.32117874956987,0.99617,2.6667000630340683,-2.6667000630340683,2
PercDevAbs_TR_12,10.5,144.28348805563837,0.99617,2.6667000630340683,-2.6667000630340683,2
PercDevAbs_TR_12,10.75,140.3816876001431,0.99617,2.6667000630340683,-2.6667000630340683,2
PercDevAbs_TR_12,11,136.61080471497837,0.99617,2.6667000630340683,-2.6667000630340683,2
PercDevAbs_TR_12,11.25,132.96606904733005,0.99617,2.6667000630340683,-2.6667000630340683,2
PercDevAbs_TR_12,11.5,129.44289563617215,0.99617,2.6667000630340683,-2.6667000630340683,2
PercDevAbs_TR_12,11.75,126.03686511182507,0.99617,2.6667000630340683,-2.6667000630340683,2
PercDevAbs_TR_12,12,122.74372298208955,0.99617,2.6667000630340683,-2.6667000630340683,2
PercDevAbs_TR_12,6,292.39899462660304,0.99865,2.999976992703401,-2.999976992703401,1
PercDevAbs_TR_12,6.25,283.9592412994693,0.99865,2.999976992703401,-2.999976992703401,1
PercDevAbs_TR_12,6.5,275.81179976329975,0.99865,2.999976992703401,-2.999976992703401,1
PercDevAbs_TR_12,6.75,267.9455774113807,0.99865,2.999976992703401,-2.999976992703401,1
PercDevAbs_TR_12,7,260.350073525064,0.99865,2.999976992703401,-2.999976992703401,1
PercDevAbs_TR_12,7.25,253.01530465709712,0.99865,2.999976992703401,-2.999976992703401,1
PercDevAbs_TR_12,7.5,245.9316997945582,0.99865,2.999976992703401,-2.999976992703401,1
PercDevAbs_TR_12,7.75,239.0900314117378,0.99865,2.999976992703401,-2.999976992703401,1
PercDevAbs_TR_12,8,232.4813679420844,0.99865,2.999976992703401,-2.999976992703401,1
PercDevAbs_TR_12,8.25,226.09705183957692,0.99865,2.999976992703401,-2.999976992703401,1
PercDevAbs_TR_12,8.5,219.92870945061338,0.99865,2.999976992703401,-2.999976992703401,1
PercDevAbs_TR_12,8.75,213.96832070007102,0.99865,2.999976992703401,-2.999976992703401,1
PercDevAbs_TR_12,9,208.20818723914113,0.99865,2.999976992703401,-2.999976992703401,1
PercDevAbs_TR_12,9.25,202.64085205735557,0.99865,2.999976992703401,-2.999976992703401,1
PercDevAbs_TR_12,9.5,197.2590010719852,0.99865,2.999976992703401,-2.999976992703401,1
PercDevAbs_TR_12,9.75,192.05546044528117,0.99865,2.999976992703401,-2.999976992703401,1
PercDevAbs_TR_12,10,187.02337357793374,0.99865,2.999976992703401,-2.999976992703401,1
PercDevAbs_TR_12,10.25,182.15628630532572,0.99865,2.999976992703401,-2.999976992703401,1
PercDevAbs_TR_12,10.5,177.4481333298171,0.99865,2.999976992703401,-2.999976992703401,1
PercDevAbs_TR_12,10.75,172.89319151836065,0.99865,2.999976992703401,-2.999976992703401,1
PercDevAbs_TR_12,11,168.4860031250737,0.99865,2.999976992703401,-2.999976992703401,1
PercDevAbs_TR_12,11.25,164.22133025269525,0.99865,2.999976992703401,-2.999976992703401,1
PercDevAbs_TR_12,11.5,160.09413433561346,0.99865,2.999976992703401,-2.999976992703401,1
PercDevAbs_TR_12,11.75,156.09955211252284,0.99865,2.999976992703401,-2.999976992703401,1
PercDevAbs_TR_12,12,152.23289648665204,0.99865,2.999976992703401,-2.999976992703401,1
AverageDevAbs_TR,6,6.634669485738387,0.00135,-2.999976992703393,2.999976992703393,19
AverageDevAbs_TR,6.25,6.148198157786009,0.00135,-2.999976992703393,2.999976992703393,19
AverageDevAbs_TR,6.5,5.7069197175916235,0.00135,-2.999976992703393,2.999976992703393,19
AverageDevAbs_TR,6.75,5.312897069159841,0.00135,-2.999976992703393,2.999976992703393,19
AverageDevAbs_TR,7,4.964155949815892,0.00135,-2.999976992703393,2.999976992703393,19
AverageDevAbs_TR,7.25,4.655877325169869,0.00135,-2.999976992703393,2.999976992703393,19
AverageDevAbs_TR,7.5,4.38360902807033,0.00135,-2.999976992703393,2.999976992703393,19
AverageDevAbs_TR,7.75,4.142856030176179,0.00135,-2.999976992703393,2.999976992703393,19
AverageDevAbs_TR,8,3.9319587306011066,0.00135,-2.999976992703393,2.999976992703393,19
AverageDevAbs_TR,8.25,3.750765793792538,0.00135,-2.999976992703393,2.999976992703393,19
AverageDevAbs_TR,8.5,3.596844635468328,0.00135,-2.999976992703393,2.999976992703393,19
AverageDevAbs_TR,8.75,3.4681853996299816,0.00135,-2.999976992703393,2.999976992703393,19
AverageDevAbs_TR,9,3.365348310521482,0.00135,-2.999976992703393,2.999976992703393,19
AverageDevAbs_TR,9.25,3.2883363405981325,0.00135,-2.999976992703393,2.999976992703393,19
AverageDevAbs_TR,9.5,3.229975636051159,0.00135,-2.999976992703393,2.999976992703393,19
AverageDevAbs_TR,9.75,3.1763549296805285,0.00135,-2.999976992703393,2.999976992703393,19
AverageDevAbs_TR,10,3.11542315420371,0.00135,-2.999976992703393,2.999976992703393,19
AverageDevAbs_TR,10.25,3.041199213551124,0.00135,-2.999976992703393,2.999976992703393,19
AverageDevAbs_TR,10.5,2.9531522194044384,0.00135,-2.999976992703393,2.999976992703393,19
AverageDevAbs_TR,10.75,2.854873734945385,0.00135,-2.999976992703393,2.999976992703393,19
AverageDevAbs_TR,11,2.750799211020672,0.00135,-2.999976992703393,2.999976992703393,19
AverageDevAbs_TR,11.25,2.6448856640008023,0.00135,-2.999976992703393,2.999976992703393,19
AverageDevAbs_TR,11.5,2.5406704273225187,0.00135,-2.999976992703393,2.999976992703393,19
AverageDevAbs_TR,11.75,2.4396450476633045,0.00135,-2.999976992703393,2.999976992703393,19
AverageDevAbs_TR,12,2.342227766364563,0.00135,-2.999976992703393,2.999976992703393,19
AverageDevAbs_TR,6,8.061262556260205,0.00383,-2.6667000630340683,2.6667000630340683,18
AverageDevAbs_TR,6.25,7.464737037531371,0.00383,-2.6667000630340683,2.6667000630340683,18
AverageDevAbs_TR,6.5,6.923920840631438,0.00383,-2.6667000630340683,2.6667000630340683,18
AverageDevAbs_TR,6.75,6.4411911468088725,0.00383,-2.6667000630340683,2.6667000630340683,18
AverageDevAbs_TR,7,6.014027909021863,0.00383,-2.6667000630340683,2.6667000630340683,18
AverageDevAbs_TR,7.25,5.636475020737266,0.00383,-2.6667000630340683,2.6667000630340683,18
AverageDevAbs_TR,7.5,5.3030377824281345,0.00383,-2.6667000630340683,2.6667000630340683,18
AverageDevAbs_TR,7.75,5.0081857733420785,0.00383,-2.6667000630340683,2.6667000630340683,18
AverageDevAbs_TR,8,4.749829901872875,0.00383,-2.6667000630340683,2.6667000630340683,18
AverageDevAbs_TR,8.25,4.527708025397344,0.00383,-2.6667000630340683,2.6667000630340683,18
AverageDevAbs_TR,8.5,4.33880726146039,0.00383,-2.6667000630340683,2.6667000630340683,18
AverageDevAbs_TR,8.75,4.1806330716226,0.00383,-2.6667000630340683,2.6667000630340683,18
AverageDevAbs_TR,9,4.053794038241824,0.00383,-2.6667000630340683,2.6667000630340683,18
AverageDevAbs_TR,9.25,3.9582264783368117,0.00383,-2.6667000630340683,2.6667000630340683,18
AverageDevAbs_TR,9.5,3.8852343835267877,0.00383,-2.6667000630340683,2.6667000630340683,18
AverageDevAbs_TR,9.75,3.818047957659854,0.00383,-2.6667000630340683,2.6667000630340683,18
AverageDevAbs_TR,10,3.7421791353999065,0.00383,-2.6667000630340683,2.6667000630340683,18
AverageDevAbs_TR,10.25,3.650466540780512,0.00383,-2.6667000630340683,2.6667000630340683,18
AverageDevAbs_TR,10.5,3.542306307267453,0.00383,-2.6667000630340683,2.6667000630340683,18
AverageDevAbs_TR,10.75,3.4220376024001693,0.00383,-2.6667000630340683,2.6667000630340683,18
AverageDevAbs_TR,11,3.294998194401611,0.00383,-2.6667000630340683,2.6667000630340683,18
AverageDevAbs_TR,11.25,3.165938203363912,0.00383,-2.6667000630340683,2.6667000630340683,18
AverageDevAbs_TR,11.5,3.0390925246447758,0.00383,-2.6667000630340683,2.6667000630340683,18
AverageDevAbs_TR,11.75,2.9162389846612817,0.00383,-2.6667000630340683,2.6667000630340683,18
AverageDevAbs_TR,12,2.7978684697623333,0.00383,-2.6667000630340683,2.6667000630340683,18
AverageDevAbs_TR,6,9.851059557119479,0.00982,-2.3331552225672434,2.3331552225672434,17
AverageDevAbs_TR,6.25,9.115040171620548,0.00982,-2.3331552225672434,2.3331552225672434,17
AverageDevAbs_TR,6.5,8.448143312085895,0.00982,-2.3331552225672434,2.3331552225672434,17
AverageDevAbs_TR,6.75,7.853104348482164,0.00982,-2.3331552225672434,2.3331552225672434,17
AverageDevAbs_TR,7,7.326685041417571,0.00982,-2.3331552225672434,2.3331552225672434,17
AverageDevAbs_TR,7.25,6.861475035018358,0.00982,-2.3331552225672434,2.3331552225672434,17
AverageDevAbs_TR,7.5,6.450648434331911,0.00982,-2.3331552225672434,2.3331552225672434,17
AverageDevAbs_TR,7.75,6.0873571151428605,0.00982,-2.3331552225672434,2.3331552225672434,17
AverageDevAbs_TR,8,5.768953797011473,0.00982,-2.3331552225672434,2.3331552225672434,17
AverageDevAbs_TR,8.25,5.4950168724163975,0.00982,-2.3331552225672434,2.3331552225672434,17
AverageDevAbs_TR,8.5,5.2617905846688755,0.00982,-2.3331552225672434,2.3331552225672434,17
AverageDevAbs_TR,8.75,5.066158908114768,0.00982,-2.3331552225672434,2.3331552225672434,17
AverageDevAbs_TR,9,4.908773049433888,0.00982,-2.3331552225672434,2.3331552225672434,17
AverageDevAbs_TR,9.25,4.789469152805492,0.00982,-2.3331552225672434,2.3331552225672434,17
AverageDevAbs_TR,9.5,4.697646861275289,0.00982,-2.3331552225672434,2.3331552225672434,17
AverageDevAbs_TR,9.75,4.612982887584229,0.00982,-2.3331552225672434,2.3331552225672434,17
AverageDevAbs_TR,10,4.51796922891236,0.00982,-2.3331552225672434,2.3331552225672434,17
AverageDevAbs_TR,10.25,4.40398881152256,0.00982,-2.3331552225672434,2.3331552225672434,17
AverageDevAbs_TR,10.5,4.27035520005828,0.00982,-2.3331552225672434,2.3331552225672434,17
AverageDevAbs_TR,10.75,4.122338451257387,0.00982,-2.3331552225672434,2.3331552225672434,17
AverageDevAbs_TR,11,3.966395014921779,0.00982,-2.3331552225672434,2.3331552225672434,17
AverageDevAbs_TR,11.25,3.8082553794322407,0.00982,-2.3331552225672434,2.3331552225672434,17
AverageDevAbs_TR,11.5,3.653013925214792,0.00982,-2.3331552225672434,2.3331552225672434,17
AverageDevAbs_TR,11.75,3.502799013691364,0.00982,-2.3331552225672434,2.3331552225672434,17
AverageDevAbs_TR,12,3.3581882317425475,0.00982,-2.3331552225672434,2.3331552225672434,17
AverageDevAbs_TR,6,12.106774506548406,0.02275,-2.000002443899604,2.000002443899604,16
AverageDevAbs_TR,6.25,11.19305471968268,0.02275,-2.000002443899604,2.000002443899604,16
AverageDevAbs_TR,6.5,10.365658259580359,0.02275,-2.000002443899604,2.000002443899604,16
AverageDevAbs_TR,6.75,9.627723003787427,0.02275,-2.000002443899604,2.000002443899604,16
AverageDevAbs_TR,7,8.975060353491166,0.02275,-2.000002443899604,2.000002443899604,16
AverageDevAbs_TR,7.25,8.398389769215767,0.02275,-2.000002443899604,2.000002443899604,16
AverageDevAbs_TR,7.5,7.889176304752091,0.02275,-2.000002443899604,2.000002443899604,16
AverageDevAbs_TR,7.75,7.438885922458567,0.02275,-2.000002443899604,2.000002443899604,16
AverageDevAbs_TR,8,7.044141902653937,0.02275,-2.000002443899604,2.000002443899604,16
AverageDevAbs_TR,8.25,6.704294371662486,0.02275,-2.000002443899604,2.000002443899604,16
AverageDevAbs_TR,8.5,6.414631547538344,0.02275,-2.000002443899604,2.000002443899604,16
AverageDevAbs_TR,8.75,6.1712363282847615,0.02275,-2.000002443899604,2.000002443899604,16
AverageDevAbs_TR,9,5.9747897881156495,0.02275,-2.000002443899604,2.000002443899604,16
AverageDevAbs_TR,9.25,5.8249800352265435,0.02275,-2.000002443899604,2.000002443899604,16
AverageDevAbs_TR,9.5,5.708813734270142,0.02275,-2.000002443899604,2.000002443899604,16
AverageDevAbs_TR,9.75,5.601532267851612,0.02275,-2.000002443899604,2.000002443899604,16
AverageDevAbs_TR,10,5.481870764380663,0.02275,-2.000002443899604,2.000002443899604,16
AverageDevAbs_TR,10.25,5.339410215346417,0.02275,-2.000002443899604,2.000002443899604,16
AverageDevAbs_TR,10.5,5.173371612186371,0.02275,-2.000002443899604,2.000002443899604,16
AverageDevAbs_TR,10.75,4.990188660574663,0.02275,-2.000002443899604,2.000002443899604,16
AverageDevAbs_TR,11,4.797709916318128,0.02275,-2.000002443899604,2.000002443899604,16
AverageDevAbs_TR,11.25,4.602882030930543,0.02275,-2.000002443899604,2.000002443899604,16
AverageDevAbs_TR,11.5,4.4118619420763885,0.02275,-2.000002443899604,2.000002443899604,16
AverageDevAbs_TR,11.75,4.227208398787085,0.02275,-2.000002443899604,2.000002443899604,16
AverageDevAbs_TR,12,4.0496023673624615,0.02275,-2.000002443899604,2.000002443899604,16
AverageDevAbs_TR,6,14.974317730663667,0.04779,-1.6666702079210545,1.6666702079210545,15
AverageDevAbs_TR,6.25,13.832148348053327,0.04779,-1.6666702079210545,1.6666702079210545,15
AverageDevAbs_TR,6.5,12.79857204679711,0.04779,-1.6666702079210545,1.6666702079210545,15
AverageDevAbs_TR,6.75,11.877171339315144,0.04779,-1.6666702079210545,1.6666702079210545,15
AverageDevAbs_TR,7,11.062487725595794,0.04779,-1.6666702079210545,1.6666702079210545,15
AverageDevAbs_TR,7.25,10.34281223303093,0.04779,-1.6666702079210545,1.6666702079210545,15
AverageDevAbs_TR,7.5,9.707394634556033,0.04779,-1.6666702079210545,1.6666702079210545,15
AverageDevAbs_TR,7.75,9.14552341512602,0.04779,-1.6666702079210545,1.6666702079210545,15
AverageDevAbs_TR,8,8.65285941356016,0.04779,-1.6666702079210545,1.6666702079210545,15
AverageDevAbs_TR,8.25,8.228425771885945,0.04779,-1.6666702079210545,1.6666702079210545,15
AverageDevAbs_TR,8.5,7.8662687619441245,0.04779,-1.6666702079210545,1.6666702079210545,15
AverageDevAbs_TR,8.75,7.561429038460815,0.04779,-1.6666702079210545,1.6666702079210545,15
AverageDevAbs_TR,9,7.314593801124278,0.04779,-1.6666702079210545,1.6666702079210545,15
AverageDevAbs_TR,9.25,7.12523400573165,0.04779,-1.6666702079210545,1.6666702079210545,15
AverageDevAbs_TR,9.5,6.977323833085599,0.04779,-1.6666702079210545,1.6666702079210545,15
AverageDevAbs_TR,9.75,6.840523753596426,0.04779,-1.6666702079210545,1.6666702079210545,15
AverageDevAbs_TR,10,6.688858210924642,0.04779,-1.6666702079210545,1.6666702079210545,15
AverageDevAbs_TR,10.25,6.509660558918534,0.04779,-1.6666702079210545,1.6666702079210545,15
AverageDevAbs_TR,10.5,6.302048893592141,0.04779,-1.6666702079210545,1.6666702079210545,15
AverageDevAbs_TR,10.75,6.073923075291642,0.04779,-1.6666702079210545,1.6666702079210545,15
AverageDevAbs_TR,11,5.834877431341453,0.04779,-1.6666702079210545,1.6666702079210545,15
AverageDevAbs_TR,11.25,5.5933786742373,0.04779,-1.6666702079210545,1.6666702079210545,15
AverageDevAbs_TR,11.5,5.356906984162692,0.04779,-1.6666702079210545,1.6666702079210545,15
AverageDevAbs_TR,11.75,5.128553034898971,0.04779,-1.6666702079210545,1.6666702079210545,15
AverageDevAbs_TR,12,4.909121320147004,0.04779,-1.6666702079210545,1.6666702079210545,15
AverageDevAbs_TR,6,18.644958519488075,0.09121,-1.3333407702662026,1.3333407702662026,14
AverageDevAbs_TR,6.25,17.206891643509447,0.09121,-1.3333407702662026,1.3333407702662026,14
AverageDevAbs_TR,6.5,15.906480204275296,0.09121,-1.3333407702662026,1.3333407702662026,14
AverageDevAbs_TR,6.75,14.747783058640902,0.09121,-1.3333407702662026,1.3333407702662026,14
AverageDevAbs_TR,7,13.723630900963512,0.09121,-1.3333407702662026,1.3333407702662026,14
AverageDevAbs_TR,7.25,12.819135929741137,0.09121,-1.3333407702662026,1.3333407702662026,14
AverageDevAbs_TR,7.5,12.020653493233354,0.09121,-1.3333407702662026,1.3333407702662026,14
AverageDevAbs_TR,7.75,11.314637634111076,0.09121,-1.3333407702662026,1.3333407702662026,14
AverageDevAbs_TR,8,10.695469113902481,0.09121,-1.3333407702662026,1.3333407702662026,14
AverageDevAbs_TR,8.25,10.161702411601194,0.09121,-1.3333407702662026,1.3333407702662026,14
AverageDevAbs_TR,8.5,9.705757861404008,0.09121,-1.3333407702662026,1.3333407702662026,14
AverageDevAbs_TR,8.75,9.321309637617002,0.09121,-1.3333407702662026,1.3333407702662026,14
AverageDevAbs_TR,9,9.009009895895032,0.09121,-1.3333407702662026,1.3333407702662026,14
AverageDevAbs_TR,9.25,8.768012786282503,0.09121,-1.3333407702662026,1.3333407702662026,14
AverageDevAbs_TR,9.5,8.578423661784889,0.09121,-1.3333407702662026,1.3333407702662026,14
AverageDevAbs_TR,9.75,8.40283605206294,0.09121,-1.3333407702662026,1.3333407702662026,14
AverageDevAbs_TR,10,8.209331433705097,0.09121,-1.3333407702662026,1.3333407702662026,14
AverageDevAbs_TR,10.25,7.982423117446884,0.09121,-1.3333407702662026,1.3333407702662026,14
AverageDevAbs_TR,10.5,7.7211166169862295,0.09121,-1.3333407702662026,1.3333407702662026,14
AverageDevAbs_TR,10.75,7.435170422247787,0.09121,-1.3333407702662026,1.3333407702662026,14
AverageDevAbs_TR,11,7.136381108607905,0.09121,-1.3333407702662026,1.3333407702662026,14
AverageDevAbs_TR,11.25,6.83512613083996,0.09121,-1.3333407702662026,1.3333407702662026,14
AverageDevAbs_TR,11.5,6.540542561477922,0.09121,-1.3333407702662026,1.3333407702662026,14
AverageDevAbs_TR,11.75,6.2563815353846355,0.09121,-1.3333407702662026,1.3333407702662026,14
AverageDevAbs_TR,12,5.983595007282425,0.09121,-1.3333407702662026,1.3333407702662026,14
AverageDevAbs_TR,6,23.38133438119157,0.15866,-0.9999803859660789,0.9999803859660789,13
AverageDevAbs_TR,6.25,21.55670011966417,0.15866,-0.9999803859660789,0.9999803859660789,13
AverageDevAbs_TR,6.5,19.9079946534938,0.15866,-0.9999803859660789,0.9999803859660789,13
AverageDevAbs_TR,6.75,18.439761607992498,0.15866,-0.9999803859660789,0.9999803859660789,13
AverageDevAbs_TR,7,17.142505252629668,0.15866,-0.9999803859660789,0.9999803859660789,13
AverageDevAbs_TR,7.25,15.997138133680362,0.15866,-0.9999803859660789,0.9999803859660789,13
AverageDevAbs_TR,7.5,14.986199159127809,0.15866,-0.9999803859660789,0.9999803859660789,13
AverageDevAbs_TR,7.75,14.092419515052002,0.15866,-0.9999803859660789,0.9999803859660789,13
AverageDevAbs_TR,8,13.30846177074559,0.15866,-0.9999803859660789,0.9999803859660789,13
AverageDevAbs_TR,8.25,12.632206790716417,0.15866,-0.9999803859660789,0.9999803859660789,13
AverageDevAbs_TR,8.5,12.053927264616275,0.15866,-0.9999803859660789,0.9999803859660789,13
AverageDevAbs_TR,8.75,11.565489930258884,0.15866,-0.9999803859660789,0.9999803859660789,13
AverageDevAbs_TR,9,11.16744343172929,0.15866,-0.9999803859660789,0.9999803859660789,13
AverageDevAbs_TR,9.25,10.858480586248108,0.15866,-0.9999803859660789,0.9999803859660789,13
AverageDevAbs_TR,9.5,10.61373234440913,0.15866,-0.9999803859660789,0.9999803859660789,13
AverageDevAbs_TR,9.75,10.386777577390866,0.15866,-0.9999803859660789,0.9999803859660789,13
AverageDevAbs_TR,10,10.138146464234111,0.15866,-0.9999803859660789,0.9999803859660789,13
AverageDevAbs_TR,10.25,9.84878979170065,0.15866,-0.9999803859660789,0.9999803859660789,13
AverageDevAbs_TR,10.5,9.517592683356748,0.15866,-0.9999803859660789,0.9999803859660789,13
AverageDevAbs_TR,10.75,9.156686557227955,0.15866,-0.9999803859660789,0.9999803859660789,13
AverageDevAbs_TR,11,8.780665204912339,0.15866,-0.9999803859660789,0.9999803859660789,13
AverageDevAbs_TR,11.25,8.402323895562049,0.15866,-0.9999803859660789,0.9999803859660789,13
AverageDevAbs_TR,11.5,8.032887619913268,0.15866,-0.9999803859660789,0.9999803859660789,13
AverageDevAbs_TR,11.75,7.676932010112423,0.15866,-0.9999803859660789,0.9999803859660789,13
AverageDevAbs_TR,12,7.335584764846906,0.15866,-0.9999803859660789,0.9999803859660789,13
AverageDevAbs_TR,6,29.542796818854193,0.25249,-0.6666746102242979,0.6666746102242979,12
AverageDevAbs_TR,6.25,27.208686795197455,0.25249,-0.6666746102242979,0.6666746102242979,12
AverageDevAbs_TR,6.5,25.101381702234818,0.25249,-0.6666746102242979,0.6666746102242979,12
AverageDevAbs_TR,6.75,23.225872014039563,0.25249,-0.6666746102242979,0.6666746102242979,12
AverageDevAbs_TR,7,21.569467921387858,0.25249,-0.6666746102242979,0.6666746102242979,12
AverageDevAbs_TR,7.25,20.107480898771577,0.25249,-0.6666746102242979,0.6666746102242979,12
AverageDevAbs_TR,7.5,18.817370360647274,0.25249,-0.6666746102242979,0.6666746102242979,12
AverageDevAbs_TR,7.75,17.67693259348958,0.25249,-0.6666746102242979,0.6666746102242979,12
AverageDevAbs_TR,8,16.676502193968435,0.25249,-0.6666746102242979,0.6666746102242979,12
AverageDevAbs_TR,8.25,15.812988065662179,0.25249,-0.6666746102242979,0.6666746102242979,12
AverageDevAbs_TR,8.5,15.073800260788435,0.25249,-0.6666746102242979,0.6666746102242979,12
AverageDevAbs_TR,8.75,14.448393212641042,0.25249,-0.6666746102242979,0.6666746102242979,12
AverageDevAbs_TR,9,13.937100910042702,0.25249,-0.6666746102242979,0.6666746102242979,12
AverageDevAbs_TR,9.25,13.53794427269807,0.25249,-0.6666746102242979,0.6666746102242979,12
AverageDevAbs_TR,9.5,13.219607565651566,0.25249,-0.6666746102242979,0.6666746102242979,12
AverageDevAbs_TR,9.75,12.924084685102414,0.25249,-0.6666746102242979,0.6666746102242979,12
AverageDevAbs_TR,10,12.602241574026976,0.25249,-0.6666746102242979,0.6666746102242979,12
AverageDevAbs_TR,10.25,12.230497401013155,0.25249,-0.6666746102242979,0.6666746102242979,12
AverageDevAbs_TR,10.5,11.807613191311814,0.25249,-0.6666746102242979,0.6666746102242979,12
AverageDevAbs_TR,10.75,11.348771530217993,0.25249,-0.6666746102242979,0.6666746102242979,12
AverageDevAbs_TR,11,10.872143636175846,0.25249,-0.6666746102242979,0.6666746102242979,12
AverageDevAbs_TR,11.25,10.393604535289697,0.25249,-0.6666746102242979,0.6666746102242979,12
AverageDevAbs_TR,11.5,9.927026966594148,0.25249,-0.6666746102242979,0.6666746102242979,12
AverageDevAbs_TR,11.75,9.47802119047391,0.25249,-0.6666746102242979,0.6666746102242979,12
AverageDevAbs_TR,12,9.047923545329963,0.25249,-0.6666746102242979,0.6666746102242979,12
AverageDevAbs_TR,6,37.63244169700071,0.36944,-0.33333688458431254,0.33333688458431254,11
AverageDevAbs_TR,6.25,34.620168511597136,0.36944,-0.33333688458431254,0.33333688458431254,11
AverageDevAbs_TR,6.5,31.90304487391349,0.36944,-0.33333688458431254,0.33333688458431254,11
AverageDevAbs_TR,6.75,29.486384599469048,0.36944,-0.33333688458431254,0.33333688458431254,11
AverageDevAbs_TR,7,27.35306482454411,0.36944,-0.33333688458431254,0.33333688458431254,11
AverageDevAbs_TR,7.25,25.47084666620318,0.36944,-0.33333688458431254,0.33333688458431254,11
AverageDevAbs_TR,7.5,23.810357175463356,0.36944,-0.33333688458431254,0.33333688458431254,11
AverageDevAbs_TR,7.75,22.34278278962995,0.36944,-0.33333688458431254,0.33333688458431254,11
AverageDevAbs_TR,8,21.055270451547447,0.36944,-0.33333688458431254,0.33333688458431254,11
AverageDevAbs_TR,8.25,19.943318510668554,0.36944,-0.33333688458431254,0.33333688458431254,11
AverageDevAbs_TR,8.5,18.990482043904372,0.36944,-0.33333688458431254,0.33333688458431254,11
AverageDevAbs_TR,8.75,18.182963022385564,0.36944,-0.33333688458431254,0.33333688458431254,11
AverageDevAbs_TR,9,17.520702615241817,0.36944,-0.33333688458431254,0.33333688458431254,11
AverageDevAbs_TR,9.25,17.00074054007262,0.36944,-0.33333688458431254,0.33333688458431254,11
AverageDevAbs_TR,9.5,16.583330971699795,0.36944,-0.33333688458431254,0.33333688458431254,11
AverageDevAbs_TR,9.75,16.195453149476016,0.36944,-0.33333688458431254,0.33333688458431254,11
AverageDevAbs_TR,10,15.775502659193878,0.36944,-0.33333688458431254,0.33333688458431254,11
AverageDevAbs_TR,10.25,15.29408872909791,0.36944,-0.33333688458431254,0.33333688458431254,11
AverageDevAbs_TR,10.5,14.749852175632082,0.36944,-0.33333688458431254,0.33333688458431254,11
AverageDevAbs_TR,10.75,14.161930642005988,0.36944,-0.33333688458431254,0.33333688458431254,11
AverageDevAbs_TR,11,13.553106482798968,0.36944,-0.33333688458431254,0.33333688458431254,11
AverageDevAbs_TR,11.25,12.943207271168054,0.36944,-0.33333688458431254,0.33333688458431254,11
AverageDevAbs_TR,11.5,12.34948766103605,0.36944,-0.33333688458431254,0.33333688458431254,11
AverageDevAbs_TR,11.75,11.778863849886072,0.36944,-0.33333688458431254,0.33333688458431254,11
AverageDevAbs_TR,12,11.232918348674117,0.36944,-0.33333688458431254,0.33333688458431254,11
AverageDevAbs_TR,6,48.35533012453603,0.5,0,-0,10
AverageDevAbs_TR,6.25,44.43102056856908,0.5,0,-0,10
AverageDevAbs_TR,6.5,40.894681957258136,0.5,0,-0,10
AverageDevAbs_TR,6.75,37.75167431965079,0.5,0,-0,10
AverageDevAbs_TR,7,34.97865242445713,0.5,0,-0,10
AverageDevAbs_TR,7.25,32.53308561047502,0.5,0,-0,10
AverageDevAbs_TR,7.5,30.376309264615976,0.5,0,-0,10
AverageDevAbs_TR,7.75,28.470560426524404,0.5,0,-0,10
AverageDevAbs_TR,8,26.798573102724387,0.5,0,-0,10
AverageDevAbs_TR,8.25,25.35378475969987,0.5,0,-0,10
AverageDevAbs_TR,8.5,24.114503704064923,0.5,0,-0,10
AverageDevAbs_TR,8.75,23.062500287655233,0.5,0,-0,10
AverageDevAbs_TR,9,22.197039253458097,0.5,0,-0,10
AverageDevAbs_TR,9.25,21.51372152267094,0.5,0,-0,10
AverageDevAbs_TR,9.5,20.961675058161973,0.5,0,-0,10
AverageDevAbs_TR,9.75,20.448249697066945,0.5,0,-0,10
AverageDevAbs_TR,10,19.89561385760312,0.5,0,-0,10
AverageDevAbs_TR,10.25,19.26686760730211,0.5,0,-0,10
AverageDevAbs_TR,10.5,18.560548841351597,0.5,0,-0,10
AverageDevAbs_TR,10.75,17.800964176845056,0.5,0,-0,10
AverageDevAbs_TR,11,17.016886807152336,0.5,0,-0,10
AverageDevAbs_TR,11.25,16.233255699964882,0.5,0,-0,10
AverageDevAbs_TR,11.5,15.471676491555538,0.5,0,-0,10
AverageDevAbs_TR,11.75,14.740723084919598,0.5,0,-0,10
AverageDevAbs_TR,12,14.042265326535098,0.5,0,-0,10
AverageDevAbs_TR,6,62.71601857814591,0.63056,0.33333688458431254,-0.33333688458431254,9
AverageDevAbs_TR,6.25,57.551397953804916,0.63056,0.33333688458431254,-0.33333688458431254,9
AverageDevAbs_TR,6.5,52.90231798270888,0.63056,0.33333688458431254,-0.33333688458431254,9
AverageDevAbs_TR,6.75,48.77363744161931,0.63056,0.33333688458431254,-0.33333688458431254,9
AverageDevAbs_TR,7,45.13316975000022,0.63056,0.33333688458431254,-0.33333688458431254,9
AverageDevAbs_TR,7.25,41.92418550075795,0.63056,0.33333688458431254,-0.33333688458431254,9
AverageDevAbs_TR,7.5,39.09523236241813,0.63056,0.33333688458431254,-0.33333688458431254,9
AverageDevAbs_TR,7.75,36.59628755212529,0.63056,0.33333688458431254,-0.33333688458431254,9
AverageDevAbs_TR,8,34.40390288163543,0.63056,0.33333688458431254,-0.33333688458431254,9
AverageDevAbs_TR,8.25,32.50848031584351,0.63056,0.33333688458431254,-0.33333688458431254,9
AverageDevAbs_TR,8.5,30.881104452785376,0.63056,0.33333688458431254,-0.33333688458431254,9
AverageDevAbs_TR,8.75,29.49743819818033,0.63056,0.33333688458431254,-0.33333688458431254,9
AverageDevAbs_TR,9,28.355619184751095,0.63056,0.33333688458431254,-0.33333688458431254,9
AverageDevAbs_TR,9.25,27.449126272370666,0.63056,0.33333688458431254,-0.33333688458431254,9
AverageDevAbs_TR,9.5,26.712254866359476,0.63056,0.33333688458431254,-0.33333688458431254,9
AverageDevAbs_TR,9.75,26.02645005270693,0.63056,0.33333688458431254,-0.33333688458431254,9
AverageDevAbs_TR,10,25.29257151476217,0.63056,0.33333688458431254,-0.33333688458431254,9
AverageDevAbs_TR,10.25,24.463928859669572,0.63056,0.33333688458431254,-0.33333688458431254,9
AverageDevAbs_TR,10.5,23.538996971260968,0.63056,0.33333688458431254,-0.33333688458431254,9
AverageDevAbs_TR,10.75,22.548897746863343,0.63056,0.33333688458431254,-0.33333688458431254,9
AverageDevAbs_TR,11,21.530254259241133,0.63056,0.33333688458431254,-0.33333688458431254,9
AverageDevAbs_TR,11.25,20.514669532521523,0.63056,0.33333688458431254,-0.33333688458431254,9
AverageDevAbs_TR,11.5,19.52939030159383,0.63056,0.33333688458431254,-0.33333688458431254,9
AverageDevAbs_TR,11.75,18.585106939156688,0.63056,0.33333688458431254,-0.33333688458431254,9
AverageDevAbs_TR,12,17.684018795848694,0.63056,0.33333688458431254,-0.33333688458431254,9
AverageDevAbs_TR,6,82.16339809576448,0.74751,0.6666746102242979,-0.6666746102242979,8
AverageDevAbs_TR,6.25,75.29166008750148,0.74751,0.6666746102242979,-0.6666746102242979,8
AverageDevAbs_TR,6.5,69.11304902593267,0.74751,0.6666746102242979,-0.6666746102242979,8
AverageDevAbs_TR,6.75,63.63090270755739,0.74751,0.6666746102242979,-0.6666746102242979,8
AverageDevAbs_TR,7,58.80030498491583,0.74751,0.6666746102242979,-0.6666746102242979,8
AverageDevAbs_TR,7.25,54.544680934555544,0.74751,0.6666746102242979,-0.6666746102242979,8
AverageDevAbs_TR,7.5,50.79475115390023,0.74751,0.6666746102242979,-0.6666746102242979,8
AverageDevAbs_TR,7.75,47.483484346511396,0.74751,0.6666746102242979,-0.6666746102242979,8
AverageDevAbs_TR,8,44.57865998816233,0.74751,0.6666746102242979,-0.6666746102242979,8
AverageDevAbs_TR,8.25,42.06616687368705,0.74751,0.6666746102242979,-0.6666746102242979,8
AverageDevAbs_TR,8.5,39.90702004162705,0.74751,0.6666746102242979,-0.6666746102242979,8
AverageDevAbs_TR,8.75,38.0683615680108,0.74751,0.6666746102242979,-0.6666746102242979,8
AverageDevAbs_TR,9,36.54648442123677,0.74751,0.6666746102242979,-0.6666746102242979,8
AverageDevAbs_TR,9.25,35.33171467804981,0.74751,0.6666746102242979,-0.6666746102242979,8
AverageDevAbs_TR,9.5,34.33835979559847,0.74751,0.6666746102242979,-0.6666746102242979,8
AverageDevAbs_TR,9.75,33.41333190300611,0.74751,0.6666746102242979,-0.6666746102242979,8
AverageDevAbs_TR,10,32.42923452875075,0.74751,0.6666746102242979,-0.6666746102242979,8
AverageDevAbs_TR,10.25,31.32649215606813,0.74751,0.6666746102242979,-0.6666746102242979,8
AverageDevAbs_TR,10.5,30.103593957475344,0.74751,0.6666746102242979,-0.6666746102242979,8
AverageDevAbs_TR,10.75,28.800732418823642,0.74751,0.6666746102242979,-0.6666746102242979,8
AverageDevAbs_TR,11,27.464909886643074,0.74751,0.6666746102242979,-0.6666746102242979,8
AverageDevAbs_TR,11.25,26.1364930593513,0.74751,0.6666746102242979,-0.6666746102242979,8
AverageDevAbs_TR,11.5,24.85010221799611,0.74751,0.6666746102242979,-0.6666746102242979,8
AverageDevAbs_TR,11.75,23.619145674452742,0.74751,0.6666746102242979,-0.6666746102242979,8
AverageDevAbs_TR,12,22.446189555668663,0.74751,0.6666746102242979,-0.6666746102242979,8
AverageDevAbs_TR,6,108.81355362034242,0.84134,0.9999803859660789,-0.9999803859660789,7
AverageDevAbs_TR,6.25,99.56181392219067,0.84134,0.9999803859660789,-0.9999803859660789,7
AverageDevAbs_TR,6.5,91.25383384686232,0.84134,0.9999803859660789,-0.9999803859660789,7
AverageDevAbs_TR,6.75,83.88958658474273,0.84134,0.9999803859660789,-0.9999803859660789,7
AverageDevAbs_TR,7,77.40556677811807,0.84134,0.9999803859660789,-0.9999803859660789,7
AverageDevAbs_TR,7.25,71.69707126042067,0.84134,0.9999803859660789,-0.9999803859660789,7
AverageDevAbs_TR,7.5,66.66962282940518,0.84134,0.9999803859660789,-0.9999803859660789,7
AverageDevAbs_TR,7.75,62.232271279587664,0.84134,0.9999803859660789,-0.9999803859660789,7
AverageDevAbs_TR,8,58.340176660137985,0.84134,0.9999803859660789,-0.9999803859660789,7
AverageDevAbs_TR,8.25,54.97244614858702,0.84134,0.9999803859660789,-0.9999803859660789,7
AverageDevAbs_TR,8.5,52.07587080708232,0.84134,0.9999803859660789,-0.9999803859660789,7
AverageDevAbs_TR,8.75,49.605547897854784,0.84134,0.9999803859660789,-0.9999803859660789,7
AverageDevAbs_TR,9,47.55477800561982,0.84134,0.9999803859660789,-0.9999803859660789,7
AverageDevAbs_TR,9.25,45.909162209489395,0.84134,0.9999803859660789,-0.9999803859660789,7
AverageDevAbs_TR,9.5,44.55576076328501,0.84134,0.9999803859660789,-0.9999803859660789,7
AverageDevAbs_TR,9.75,43.29495335391008,0.84134,0.9999803859660789,-0.9999803859660789,7
AverageDevAbs_TR,10,41.961483432245984,0.84134,0.9999803859660789,-0.9999803859660789,7
AverageDevAbs_TR,10.25,40.47864718145838,0.84134,0.9999803859660789,-0.9999803859660789,7
AverageDevAbs_TR,10.5,38.84508630775669,0.84134,0.9999803859660789,-0.9999803859660789,7
AverageDevAbs_TR,10.75,37.11318529637711,0.84134,0.9999803859660789,-0.9999803859660789,7
AverageDevAbs_TR,11,35.34380134968249,0.84134,0.9999803859660789,-0.9999803859660789,7
AverageDevAbs_TR,11.25,33.58893060241919,0.84134,0.9999803859660789,-0.9999803859660789,7
AverageDevAbs_TR,11.5,31.89291340874055,0.84134,0.9999803859660789,-0.9999803859660789,7
AverageDevAbs_TR,11.75,30.27266800806368,0.84134,0.9999803859660789,-0.9999803859660789,7
AverageDevAbs_TR,12,28.731147629291844,0.84134,0.9999803859660789,-0.9999803859660789,7
AverageDevAbs_TR,6,145.82088314453574,0.90879,1.3333407702662026,-1.3333407702662026,6
AverageDevAbs_TR,6.25,133.2031662453631,0.90879,1.3333407702662026,-1.3333407702662026,6
AverageDevAbs_TR,6.5,121.88839092260595,0.90879,1.3333407702662026,-1.3333407702662026,6
AverageDevAbs_TR,6.75,111.86987581120499,0.90879,1.3333407702662026,-1.3333407702662026,6
AverageDevAbs_TR,7,103.05653752598461,0.90879,1.3333407702662026,-1.3333407702662026,6
AverageDevAbs_TR,7.25,95.30317933209346,0.90879,1.3333407702662026,-1.3333407702662026,6
AverageDevAbs_TR,7.5,88.47915568908923,0.90879,1.3333407702662026,-1.3333407702662026,6
AverageDevAbs_TR,7.75,82.4593665806405,0.90879,1.3333407702662026,-1.3333407702662026,6
AverageDevAbs_TR,8,77.18053941024074,0.90879,1.3333407702662026,-1.3333407702662026,6
AverageDevAbs_TR,8.25,72.611463994297,0.90879,1.3333407702662026,-1.3333407702662026,6
AverageDevAbs_TR,8.5,68.67854012144016,0.90879,1.3333407702662026,-1.3333407702662026,6
AverageDevAbs_TR,8.75,65.3195884490555,0.90879,1.3333407702662026,-1.3333407702662026,6
AverageDevAbs_TR,9,62.52306574000986,0.90879,1.3333407702662026,-1.3333407702662026,6
AverageDevAbs_TR,9.25,60.26741648695744,0.90879,1.3333407702662026,-1.3333407702662026,6
AverageDevAbs_TR,9.5,58.402077401334886,0.90879,1.3333407702662026,-1.3333407702662026,6
AverageDevAbs_TR,9.75,56.663969607672946,0.90879,1.3333407702662026,-1.3333407702662026,6
AverageDevAbs_TR,10,54.83651586118755,0.90879,1.3333407702662026,-1.3333407702662026,6
AverageDevAbs_TR,10.25,52.819987061357004,0.90879,1.3333407702662026,-1.3333407702662026,6
AverageDevAbs_TR,10.5,50.61341437541836,0.90879,1.3333407702662026,-1.3333407702662026,6
AverageDevAbs_TR,10.75,48.28574984977002,0.90879,1.3333407702662026,-1.3333407702662026,6
AverageDevAbs_TR,11,45.916540686125536,0.90879,1.3333407702662026,-1.3333407702662026,6
AverageDevAbs_TR,11.25,43.57337011514906,0.90879,1.3333407702662026,-1.3333407702662026,6
AverageDevAbs_TR,11.5,41.313511859798076,0.90879,1.3333407702662026,-1.3333407702662026,6
AverageDevAbs_TR,11.75,39.158442840825984,0.90879,1.3333407702662026,-1.3333407702662026,6
AverageDevAbs_TR,12,37.11148352971163,0.90879,1.3333407702662026,-1.3333407702662026,6
AverageDevAbs_TR,6,197.9263483857303,0.95221,1.6666702079210545,-1.6666702079210545,5
AverageDevAbs_TR,6.25,180.47614679670832,0.95221,1.6666702079210545,-1.6666702079210545,5
AverageDevAbs_TR,6.5,164.8519981315567,0.95221,1.6666702079210545,-1.6666702079210545,5
AverageDevAbs_TR,6.75,151.03472250633507,0.95221,1.6666702079210545,-1.6666702079210545,5
AverageDevAbs_TR,7,138.89163630330617,0.95221,1.6666702079210545,-1.6666702079210545,5
AverageDevAbs_TR,7.25,128.21828268915837,0.95221,1.6666702079210545,-1.6666702079210545,5
AverageDevAbs_TR,7.5,118.8312520219746,0.95221,1.6666702079210545,-1.6666702079210545,5
AverageDevAbs_TR,7.75,110.55590398576005,0.95221,1.6666702079210545,-1.6666702079210545,5
AverageDevAbs_TR,8,103.30160700199757,0.95221,1.6666702079210545,-1.6666702079210545,5
AverageDevAbs_TR,8.25,97.0212428150185,0.95221,1.6666702079210545,-1.6666702079210545,5
AverageDevAbs_TR,8.5,91.61152190461534,0.95221,1.6666702079210545,-1.6666702079210545,5
AverageDevAbs_TR,8.75,86.98510167746059,0.95221,1.6666702079210545,-1.6666702079210545,5
AverageDevAbs_TR,9,83.12258170022686,0.95221,1.6666702079210545,-1.6666702079210545,5
AverageDevAbs_TR,9.25,79.99144021355008,0.95221,1.6666702079210545,-1.6666702079210545,5
AverageDevAbs_TR,9.5,77.38846076017437,0.95221,1.6666702079210545,-1.6666702079210545,5
AverageDevAbs_TR,9.75,74.96293765886307,0.95221,1.6666702079210545,-1.6666702079210545,5
AverageDevAbs_TR,10,72.42788438039702,0.95221,1.6666702079210545,-1.6666702079210545,5
AverageDevAbs_TR,10.25,69.65225746116694,0.95221,1.6666702079210545,-1.6666702079210545,5
AverageDevAbs_TR,10.5,66.63587321207277,0.95221,1.6666702079210545,-1.6666702079210545,5
AverageDevAbs_TR,10.75,63.470449107539196,0.95221,1.6666702079210545,-1.6666702079210545,5
AverageDevAbs_TR,11,60.261015957661755,0.95221,1.6666702079210545,-1.6666702079210545,5
AverageDevAbs_TR,11.25,57.09625973712175,0.95221,1.6666702079210545,-1.6666702079210545,5
AverageDevAbs_TR,11.5,54.05082358923523,0.95221,1.6666702079210545,-1.6666702079210545,5
AverageDevAbs_TR,11.75,51.152133037295236,0.95221,1.6666702079210545,-1.6666702079210545,5
AverageDevAbs_TR,12,48.40377103068817,0.95221,1.6666702079210545,-1.6666702079210545,5
AverageDevAbs_TR,6,272.43057683087665,0.97725,2.0000024438996027,-2.0000024438996027,4
AverageDevAbs_TR,6.25,247.92526978478259,0.97725,2.0000024438996027,-2.0000024438996027,4
AverageDevAbs_TR,6.5,226.0216927296349,0.97725,2.0000024438996027,-2.0000024438996027,4
AverageDevAbs_TR,6.75,206.67774876590875,0.97725,2.0000024438996027,-2.0000024438996027,4
AverageDevAbs_TR,7,189.69682691070497,0.97725,2.0000024438996027,-2.0000024438996027,4
AverageDevAbs_TR,7.25,174.7861431945854,0.97725,2.0000024438996027,-2.0000024438996027,4
AverageDevAbs_TR,7.5,161.68390805620822,0.97725,2.0000024438996027,-2.0000024438996027,4
AverageDevAbs_TR,7.75,150.14232447880406,0.97725,2.0000024438996027,-2.0000024438996027,4
AverageDevAbs_TR,8,140.02942150750872,0.97725,2.0000024438996027,-2.0000024438996027,4
AverageDevAbs_TR,8.25,131.2731728420462,0.97725,2.0000024438996027,-2.0000024438996027,4
AverageDevAbs_TR,8.5,123.72630927717113,0.97725,2.0000024438996027,-2.0000024438996027,4
AverageDevAbs_TR,8.75,117.26420806428195,0.97725,2.0000024438996027,-2.0000024438996027,4
AverageDevAbs_TR,9,111.85464305873239,0.97725,2.0000024438996027,-2.0000024438996027,4
AverageDevAbs_TR,9.25,107.44805831745613,0.97725,2.0000024438996027,-2.0000024438996027,4
AverageDevAbs_TR,9.5,103.76643862165056,0.97725,2.0000024438996027,-2.0000024438996027,4
AverageDevAbs_TR,9.75,100.3363839271292,0.97725,2.0000024438996027,-2.0000024438996027,4
AverageDevAbs_TR,10,96.7730028350878,0.97725,2.0000024438996027,-2.0000024438996027,4
AverageDevAbs_TR,10.25,92.90210544307567,0.97725,2.0000024438996027,-2.0000024438996027,4
AverageDevAbs_TR,10.5,88.72494413686188,0.97725,2.0000024438996027,-2.0000024438996027,4
AverageDevAbs_TR,10.75,84.36490397109395,0.97725,2.0000024438996027,-2.0000024438996027,4
AverageDevAbs_TR,11,79.96217383197573,0.97725,2.0000024438996027,-2.0000024438996027,4
AverageDevAbs_TR,11.25,75.63432648082879,0.97725,2.0000024438996027,-2.0000024438996027,4
AverageDevAbs_TR,11.5,71.47956887763377,0.97725,2.0000024438996027,-2.0000024438996027,4
AverageDevAbs_TR,11.75,67.5331208541565,0.97725,2.0000024438996027,-2.0000024438996027,4
AverageDevAbs_TR,12,63.79855423490526,0.97725,2.0000024438996027,-2.0000024438996027,4
AverageDevAbs_TR,6,380.69461620782505,0.99018,2.3331552225672416,-2.3331552225672416,3
AverageDevAbs_TR,6.25,345.7066044000767,0.99018,2.3331552225672416,-2.3331552225672416,3
AverageDevAbs_TR,6.5,314.49252114971125,0.99018,2.3331552225672416,-2.3331552225672416,3
AverageDevAbs_TR,6.75,286.96864741058477,0.99018,2.3331552225672416,-2.3331552225672416,3
AverageDevAbs_TR,7,262.83819088379204,0.99018,2.3331552225672416,-2.3331552225672416,3
AverageDevAbs_TR,7.25,241.6741440309852,0.99018,2.3331552225672416,-2.3331552225672416,3
AverageDevAbs_TR,7.5,223.0960412914356,0.99018,2.3331552225672416,-2.3331552225672416,3
AverageDevAbs_TR,7.75,206.74600804829913,0.99018,2.3331552225672416,-2.3331552225672416,3
AverageDevAbs_TR,8,192.42842550595086,0.99018,2.3331552225672416,-2.3331552225672416,3
AverageDevAbs_TR,8.25,180.03162192186832,0.99018,2.3331552225672416,-2.3331552225672416,3
AverageDevAbs_TR,8.5,169.34198751207214,0.99018,2.3331552225672416,-2.3331552225672416,3
AverageDevAbs_TR,8.75,160.17867096892522,0.99018,2.3331552225672416,-2.3331552225672416,3
AverageDevAbs_TR,9,152.48832258065855,0.99018,2.3331552225672416,-2.3331552225672416,3
AverageDevAbs_TR,9.25,146.19453659557195,0.99018,2.3331552225672416,-2.3331552225672416,3
AverageDevAbs_TR,9.5,140.9113645248642,0.99018,2.3331552225672416,-2.3331552225672416,3
AverageDevAbs_TR,9.75,135.99111201279797,0.99018,2.3331552225672416,-2.3331552225672416,3
AverageDevAbs_TR,10,130.91084072014897,0.99018,2.3331552225672416,-2.3331552225672416,3
AverageDevAbs_TR,10.25,125.43610017221506,0.99018,2.3331552225672416,-2.3331552225672416,3
AverageDevAbs_TR,10.5,119.57063762455948,0.99018,2.3331552225672416,-2.3331552225672416,3
AverageDevAbs_TR,10.75,113.48243735813064,0.99018,2.3331552225672416,-2.3331552225672416,3
AverageDevAbs_TR,11,107.3607711932164,0.99018,2.3331552225672416,-2.3331552225672416,3
AverageDevAbs_TR,11.25,101.36318920326141,0.99018,2.3331552225672416,-2.3331552225672416,3
AverageDevAbs_TR,11.5,95.62018162164534,0.99018,2.3331552225672416,-2.3331552225672416,3
AverageDevAbs_TR,11.75,90.17719988955861,0.99018,2.3331552225672416,-2.3331552225672416,3
AverageDevAbs_TR,12,85.03720408449807,0.99018,2.3331552225672416,-2.3331552225672416,3
AverageDevAbs_TR,6,541.2424061624665,0.99617,2.6667000630340683,-2.6667000630340683,2
AverageDevAbs_TR,6.25,490.33338569308796,0.99617,2.6667000630340683,-2.6667000630340683,2
AverageDevAbs_TR,6.5,445.0118332458639,0.99617,2.6667000630340683,-2.6667000630340683,2
AverageDevAbs_TR,6.75,405.11819102344907,0.99617,2.6667000630340683,-2.6667000630340683,2
AverageDevAbs_TR,7,370.1948197588361,0.99617,2.6667000630340683,-2.6667000630340683,2
AverageDevAbs_TR,7.25,339.60579845476445,0.99617,2.6667000630340683,-2.6667000630340683,2
AverageDevAbs_TR,7.5,312.7866703324711,0.99617,2.6667000630340683,-2.6667000630340683,2
AverageDevAbs_TR,7.75,289.2100249904494,0.99617,2.6667000630340683,-2.6667000630340683,2
AverageDevAbs_TR,8,268.5799409327445,0.99617,2.6667000630340683,-2.6667000630340683,2
AverageDevAbs_TR,8.25,250.72030180259094,0.99617,2.6667000630340683,-2.6667000630340683,2
AverageDevAbs_TR,8.5,235.31514586187478,0.99617,2.6667000630340683,-2.6667000630340683,2
AverageDevAbs_TR,8.75,222.09690496750298,0.99617,2.6667000630340683,-2.6667000630340683,2
AverageDevAbs_TR,9,210.97692474390686,0.99617,2.6667000630340683,-2.6667000630340683,2
AverageDevAbs_TR,9.25,201.83565825601897,0.99617,2.6667000630340683,-2.6667000630340683,2
AverageDevAbs_TR,9.5,194.1283038757883,0.99617,2.6667000630340683,-2.6667000630340683,2
AverageDevAbs_TR,9.75,186.95497667649403,0.99617,2.6667000630340683,-2.6667000630340683,2
AverageDevAbs_TR,10,179.59459043148962,0.99617,2.6667000630340683,-2.6667000630340683,2
AverageDevAbs_TR,10.25,171.72704592573044,0.99617,2.6667000630340683,-2.6667000630340683,2
AverageDevAbs_TR,10.5,163.36030623803413,0.99617,2.6667000630340683,-2.6667000630340683,2
AverageDevAbs_TR,10.75,154.7261663369373,0.99617,2.6667000630340683,-2.6667000630340683,2
AverageDevAbs_TR,11,146.0834686738741,0.99617,2.6667000630340683,-2.6667000630340683,2
AverageDevAbs_TR,11.25,137.645874206241,0.99617,2.6667000630340683,-2.6667000630340683,2
AverageDevAbs_TR,11.5,129.5886683876009,0.99617,2.6667000630340683,-2.6667000630340683,2
AverageDevAbs_TR,11.75,121.97075606558289,0.99617,2.6667000630340683,-2.6667000630340683,2
AverageDevAbs_TR,12,114.79325377646619,0.99617,2.6667000630340683,-2.6667000630340683,2
AverageDevAbs_TR,6,783.7521336328217,0.99865,2.999976992703401,-2.999976992703401,1
AverageDevAbs_TR,6.25,708.1677617671114,0.99865,2.999976992703401,-2.999976992703401,1
AverageDevAbs_TR,6.5,641.0390782321273,0.99865,2.999976992703401,-2.999976992703401,1
AverageDevAbs_TR,6.75,582.0673886218121,0.99865,2.999976992703401,-2.999976992703401,1
AverageDevAbs_TR,7,530.5308420691566,0.99865,2.999976992703401,-2.999976992703401,1
AverageDevAbs_TR,7.25,485.46094113724484,0.99865,2.999976992703401,-2.999976992703401,1
AverageDevAbs_TR,7.5,446.0015704000581,0.99865,2.999976992703401,-2.999976992703401,1
AverageDevAbs_TR,7.75,411.35845324641963,0.99865,2.999976992703401,-2.999976992703401,1
AverageDevAbs_TR,8,381.07413168227816,0.99865,2.999976992703401,-2.999976992703401,1
AverageDevAbs_TR,8.25,354.8656663601986,0.99865,2.999976992703401,-2.999976992703401,1
AverageDevAbs_TR,8.5,332.2558495664978,0.99865,2.999976992703401,-2.999976992703401,1
AverageDevAbs_TR,8.75,312.8405967975279,0.99865,2.999976992703401,-2.999976992703401,1
AverageDevAbs_TR,9,296.4714172754305,0.99865,2.999976992703401,-2.999976992703401,1
AverageDevAbs_TR,9.25,282.95821796760555,0.99865,2.999976992703401,-2.999976992703401,1
AverageDevAbs_TR,9.5,271.5181942598199,0.99865,2.999976992703401,-2.999976992703401,1
AverageDevAbs_TR,9.75,260.8805654492815,0.99865,2.999976992703401,-2.999976992703401,1
AverageDevAbs_TR,10,250.03533662121157,0.99865,2.999976992703401,-2.999976992703401,1
AverageDevAbs_TR,10.25,238.53878005832487,0.99865,2.999976992703401,-2.999976992703401,1
AverageDevAbs_TR,10.5,226.40583666826558,0.99865,2.999976992703401,-2.999976992703401,1
AverageDevAbs_TR,10.75,213.96079249966584,0.99865,2.999976992703401,-2.999976992703401,1
AverageDevAbs_TR,11,201.56232077412366,0.99865,2.999976992703401,-2.999976992703401,1
AverageDevAbs_TR,11.25,189.5037069928504,0.99865,2.999976992703401,-2.999976992703401,1
AverageDevAbs_TR,11.5,178.02297089517876,0.99865,2.999976992703401,-2.999976992703401,1
AverageDevAbs_TR,11.75,167.19659057366138,0.99865,2.999976992703401,-2.999976992703401,1
AverageDevAbs_TR,12,157.02140178404153,0.99865,2.999976992703401,-2.999976992703401,1
