measure,age,p,raw,z_aligned,ss_1_19
AverageDevAbs_TR,6,0.00135,6.6346694857383985,2.999976992703393,19
AverageDevAbs_TR,6,0.00383,8.06126255626021,2.6667000630340683,18
AverageDevAbs_TR,6,0.00982,9.851059557119484,2.3331552225672434,17
AverageDevAbs_TR,6,0.02275,12.10677450654843,2.000002443899604,16
AverageDevAbs_TR,6,0.04779,14.974317730663676,1.6666702079210545,15
AverageDevAbs_TR,6,0.09121,18.644958519488114,1.3333407702662026,14
AverageDevAbs_TR,6,0.15866,23.38133438119159,0.9999803859660789,13
AverageDevAbs_TR,6,0.25249,29.542796818854256,0.6666746102242979,12
AverageDevAbs_TR,6,0.36944,37.63244169700074,0.33333688458431254,11
AverageDevAbs_TR,6,0.5,48.355330124536074,-0,10
AverageDevAbs_TR,6,0.63056,62.71601857814597,-0.33333688458431254,9
AverageDevAbs_TR,6,0.74751,82.16339809576455,-0.6666746102242979,8
AverageDevAbs_TR,6,0.84134,108.81355362034253,-0.9999803859660789,7
AverageDevAbs_TR,6,0.90879,145.82088314453577,-1.3333407702662026,6
AverageDevAbs_TR,6,0.95221,197.92634838573036,-1.6666702079210545,5
AverageDevAbs_TR,6,0.97725,272.43057683087693,-2.0000024438996027,4
AverageDevAbs_TR,6,0.99018,380.6946162078247,-2.3331552225672416,3
AverageDevAbs_TR,6,0.99617,541.2424061624672,-2.6667000630340683,2
AverageDevAbs_TR,6,0.99865,783.7521336328217,-2.999976992703401,1
AverageDevAbs_TR,6.25,0.00135,6.148198157786014,2.999976992703393,19
AverageDevAbs_TR,6.25,0.00383,7.464737037531388,2.6667000630340683,18
AverageDevAbs_TR,6.25,0.00982,9.115040171620569,2.3331552225672434,17
AverageDevAbs_TR,6.25,0.02275,11.19305471968269,2.000002443899604,16
AverageDevAbs_TR,6.25,0.04779,13.832148348053343,1.6666702079210545,15
AverageDevAbs_TR,6.25,0.09121,17.20689164350947,1.3333407702662026,14
AverageDevAbs_TR,6.25,0.15866,21.5567001196642,0.9999803859660789,13
AverageDevAbs_TR,6.25,0.25249,27.208686795197487,0.6666746102242979,12
AverageDevAbs_TR,6.25,0.36944,34.62016851159718,0.33333688458431254,11
AverageDevAbs_TR,6.25,0.5,44.43102056856914,-0,10
AverageDevAbs_TR,6.25,0.63056,57.55139795380499,-0.33333688458431254,9
AverageDevAbs_TR,6.25,0.74751,75.29166008750151,-0.6666746102242979,8
AverageDevAbs_TR,6.25,0.84134,99.5618139221908,-0.9999803859660789,7
AverageDevAbs_TR,6.25,0.90879,133.2031662453633,-1.3333407702662026,6
AverageDevAbs_TR,6.25,0.95221,180.4761467967084,-1.6666702079210545,5
AverageDevAbs_TR,6.25,0.97725,247.92526978478273,-2.0000024438996027,4
AverageDevAbs_TR,6.25,0.99018,345.70660440007725,-2.3331552225672416,3
AverageDevAbs_TR,6.25,0.99617,490.3333856930882,-2.6667000630340683,2
AverageDevAbs_TR,6.25,0.99865,708.167761767111,-2.999976992703401,1
AverageDevAbs_TR,6.5,0.00135,5.706919717591632,2.999976992703393,19
AverageDevAbs_TR,6.5,0.00383,6.92392084063144,2.6667000630340683,18
AverageDevAbs_TR,6.5,0.00982,8.448143312085898,2.3331552225672434,17
AverageDevAbs_TR,6.5,0.02275,10.365658259580362,2.000002443899604,16
AverageDevAbs_TR,6.5,0.04779,12.798572046797116,1.6666702079210545,15
AverageDevAbs_TR,6.5,0.09121,15.9064802042753,1.3333407702662026,14
AverageDevAbs_TR,6.5,0.15866,19.90799465349381,0.9999803859660789,13
AverageDevAbs_TR,6.5,0.25249,25.101381702234832,0.6666746102242979,12
AverageDevAbs_TR,6.5,0.36944,31.903044873913508,0.33333688458431254,11
AverageDevAbs_TR,6.5,0.5,40.89468195725816,-0,10
AverageDevAbs_TR,6.5,0.63056,52.90231798270891,-0.33333688458431254,9
AverageDevAbs_TR,6.5,0.74751,69.1130490259327,-0.6666746102242979,8
AverageDevAbs_TR,6.5,0.84134,91.25383384686238,-0.9999803859660789,7
AverageDevAbs_TR,6.5,0.90879,121.88839092260604,-1.3333407702662026,6
AverageDevAbs_TR,6.5,0.95221,164.85199813155685,-1.6666702079210545,5
AverageDevAbs_TR,6.5,0.97725,226.02169272963508,-2.0000024438996027,4
AverageDevAbs_TR,6.5,0.99018,314.49252114971154,-2.3331552225672416,3
AverageDevAbs_TR,6.5,0.99617,445.01183324586384,-2.6667000630340683,2
AverageDevAbs_TR,6.5,0.99865,641.0390782321272,-2.999976992703401,1
AverageDevAbs_TR,6.75,0.00135,5.312897069159842,2.999976992703393,19
AverageDevAbs_TR,6.75,0.00383,6.441191146808873,2.6667000630340683,18
AverageDevAbs_TR,6.75,0.00982,7.853104348482175,2.3331552225672434,17
AverageDevAbs_TR,6.75,0.02275,9.62772300378743,2.000002443899604,16
AverageDevAbs_TR,6.75,0.04779,11.877171339315147,1.6666702079210545,15
AverageDevAbs_TR,6.75,0.09121,14.747783058640906,1.3333407702662026,14
AverageDevAbs_TR,6.75,0.15866,18.439761607992505,0.9999803859660789,13
AverageDevAbs_TR,6.75,0.25249,23.225872014039574,0.6666746102242979,12
AverageDevAbs_TR,6.75,0.36944,29.48638459946905,0.33333688458431254,11
AverageDevAbs_TR,6.75,0.5,37.7516743196508,-0,10
AverageDevAbs_TR,6.75,0.63056,48.773637441619336,-0.33333688458431254,9
AverageDevAbs_TR,6.75,0.74751,63.63090270755742,-0.6666746102242979,8
AverageDevAbs_TR,6.75,0.84134,83.88958658474269,-0.9999803859660789,7
AverageDevAbs_TR,6.75,0.90879,111.86987581120495,-1.3333407702662026,6
AverageDevAbs_TR,6.75,0.95221,151.03472250633504,-1.6666702079210545,5
AverageDevAbs_TR,6.75,0.97725,206.67774876590883,-2.0000024438996027,4
AverageDevAbs_TR,6.75,0.99018,286.96864741058494,-2.3331552225672416,3
AverageDevAbs_TR,6.75,0.99617,405.11819102344936,-2.6667000630340683,2
AverageDevAbs_TR,6.75,0.99865,582.0673886218119,-2.999976992703401,1
AverageDevAbs_TR,7,0.00135,4.964155949815893,2.999976992703393,19
AverageDevAbs_TR,7,0.00383,6.014027909021864,2.6667000630340683,18
AverageDevAbs_TR,7,0.00982,7.326685041417572,2.3331552225672434,17
AverageDevAbs_TR,7,0.02275,8.97506035349118,2.000002443899604,16
AverageDevAbs_TR,7,0.04779,11.062487725595798,1.6666702079210545,15
AverageDevAbs_TR,7,0.09121,13.723630900963515,1.3333407702662026,14
AverageDevAbs_TR,7,0.15866,17.14250525262967,0.9999803859660789,13
AverageDevAbs_TR,7,0.25249,21.569467921387865,0.6666746102242979,12
AverageDevAbs_TR,7,0.36944,27.353064824544116,0.33333688458431254,11
AverageDevAbs_TR,7,0.5,34.978652424457145,-0,10
AverageDevAbs_TR,7,0.63056,45.13316975000024,-0.33333688458431254,9
AverageDevAbs_TR,7,0.74751,58.800304984915805,-0.6666746102242979,8
AverageDevAbs_TR,7,0.84134,77.40556677811804,-0.9999803859660789,7
AverageDevAbs_TR,7,0.90879,103.05653752598467,-1.3333407702662026,6
AverageDevAbs_TR,7,0.95221,138.89163630330626,-1.6666702079210545,5
AverageDevAbs_TR,7,0.97725,189.6968269107049,-2.0000024438996027,4
AverageDevAbs_TR,7,0.99018,262.838190883792,-2.3331552225672416,3
AverageDevAbs_TR,7,0.99617,370.19481975883593,-2.6667000630340683,2
AverageDevAbs_TR,7,0.99865,530.5308420691565,-2.999976992703401,1
AverageDevAbs_TR,7.25,0.00135,4.655877325169875,2.999976992703393,19
AverageDevAbs_TR,7.25,0.00383,5.636475020737267,2.6667000630340683,18
AverageDevAbs_TR,7.25,0.00982,6.86147503501836,2.3331552225672434,17
AverageDevAbs_TR,7.25,0.02275,8.39838976921577,2.000002443899604,16
AverageDevAbs_TR,7.25,0.04779,10.342812233030935,1.6666702079210545,15
AverageDevAbs_TR,7.25,0.09121,12.81913592974114,1.3333407702662026,14
AverageDevAbs_TR,7.25,0.15866,15.997138133680368,0.9999803859660789,13
AverageDevAbs_TR,7.25,0.25249,20.107480898771588,0.6666746102242979,12
AverageDevAbs_TR,7.25,0.36944,25.47084666620319,0.33333688458431254,11
AverageDevAbs_TR,7.25,0.5,32.533085610475034,-0,10
AverageDevAbs_TR,7.25,0.63056,41.92418550075798,-0.33333688458431254,9
AverageDevAbs_TR,7.25,0.74751,54.54468093455557,-0.6666746102242979,8
AverageDevAbs_TR,7.25,0.84134,71.69707126042071,-0.9999803859660789,7
AverageDevAbs_TR,7.25,0.90879,95.30317933209344,-1.3333407702662026,6
AverageDevAbs_TR,7.25,0.95221,128.21828268915831,-1.6666702079210545,5
AverageDevAbs_TR,7.25,0.97725,174.78614319458552,-2.0000024438996027,4
AverageDevAbs_TR,7.25,0.99018,241.67414403098508,-2.3331552225672416,3
AverageDevAbs_TR,7.25,0.99617,339.60579845476474,-2.6667000630340683,2
AverageDevAbs_TR,7.25,0.99865,485.46094113724524,-2.999976992703401,1
AverageDevAbs_TR,7.5,0.00135,4.383609028070336,2.999976992703393,19
AverageDevAbs_TR,7.5,0.00383,5.303037782428136,2.6667000630340683,18
AverageDevAbs_TR,7.5,0.00982,6.450648434331921,2.3331552225672434,17
AverageDevAbs_TR,7.5,0.02275,7.8891763047520955,2.000002443899604,16
AverageDevAbs_TR,7.5,0.04779,9.707394634556037,1.6666702079210545,15
AverageDevAbs_TR,7.5,0.09121,12.02065349323336,1.3333407702662026,14
AverageDevAbs_TR,7.5,0.15866,14.986199159127814,0.9999803859660789,13
AverageDevAbs_TR,7.5,0.25249,18.81737036064728,0.6666746102242979,12
AverageDevAbs_TR,7.5,0.36944,23.810357175463363,0.33333688458431254,11
AverageDevAbs_TR,7.5,0.5,30.37630926461599,-0,10
AverageDevAbs_TR,7.5,0.63056,39.09523236241815,-0.33333688458431254,9
AverageDevAbs_TR,7.5,0.74751,50.794751153900215,-0.6666746102242979,8
AverageDevAbs_TR,7.5,0.84134,66.66962282940516,-0.9999803859660789,7
AverageDevAbs_TR,7.5,0.90879,88.47915568908928,-1.3333407702662026,6
AverageDevAbs_TR,7.5,0.95221,118.83125202197469,-1.6666702079210545,5
AverageDevAbs_TR,7.5,0.97725,161.68390805620817,-2.0000024438996027,4
AverageDevAbs_TR,7.5,0.99018,223.09604129143554,-2.3331552225672416,3
AverageDevAbs_TR,7.5,0.99617,312.78667033247103,-2.6667000630340683,2
AverageDevAbs_TR,7.5,0.99865,446.0015704000574,-2.999976992703401,1
AverageDevAbs_TR,7.75,0.00135,4.142856030176177,2.999976992703393,19
AverageDevAbs_TR,7.75,0.00383,5.008185773342077,2.6667000630340683,18
AverageDevAbs_TR,7.75,0.00982,6.08735711514286,2.3331552225672434,17
AverageDevAbs_TR,7.75,0.02275,7.4388859224585655,2.000002443899604,16
AverageDevAbs_TR,7.75,0.04779,9.14552341512602,1.6666702079210545,15
AverageDevAbs_TR,7.75,0.09121,11.314637634111074,1.3333407702662026,14
AverageDevAbs_TR,7.75,0.15866,14.092419515052002,0.9999803859660789,13
AverageDevAbs_TR,7.75,0.25249,17.676932593489575,0.6666746102242979,12
AverageDevAbs_TR,7.75,0.36944,22.342782789629947,0.33333688458431254,11
AverageDevAbs_TR,7.75,0.5,28.470560426524404,-0,10
AverageDevAbs_TR,7.75,0.63056,36.5962875521253,-0.33333688458431254,9
AverageDevAbs_TR,7.75,0.74751,47.483484346511396,-0.6666746102242979,8
AverageDevAbs_TR,7.75,0.84134,62.23227127958768,-0.9999803859660789,7
AverageDevAbs_TR,7.75,0.90879,82.45936658064052,-1.3333407702662026,6
AverageDevAbs_TR,7.75,0.95221,110.55590398576008,-1.6666702079210545,5
AverageDevAbs_TR,7.75,0.97725,150.14232447880394,-2.0000024438996027,4
AverageDevAbs_TR,7.75,0.99018,206.7460080482992,-2.3331552225672416,3
AverageDevAbs_TR,7.75,0.99617,289.21002499044954,-2.6667000630340683,2
AverageDevAbs_TR,7.75,0.99865,411.3584532464197,-2.999976992703401,1
AverageDevAbs_TR,8,0.00135,3.931958730601108,2.999976992703393,19
AverageDevAbs_TR,8,0.00383,4.749829901872877,2.6667000630340683,18
AverageDevAbs_TR,8,0.00982,5.7689537970114815,2.3331552225672434,17
AverageDevAbs_TR,8,0.02275,7.04414190265394,2.000002443899604,16
AverageDevAbs_TR,8,0.04779,8.652859413560163,1.6666702079210545,15
AverageDevAbs_TR,8,0.09121,10.695469113902499,1.3333407702662026,14
AverageDevAbs_TR,8,0.15866,13.308461770745614,0.9999803859660789,13
AverageDevAbs_TR,8,0.25249,16.676502193968442,0.6666746102242979,12
AverageDevAbs_TR,8,0.36944,21.055270451547457,0.33333688458431254,11
AverageDevAbs_TR,8,0.5,26.7985731027244,-0,10
AverageDevAbs_TR,8,0.63056,34.40390288163545,-0.33333688458431254,9
AverageDevAbs_TR,8,0.74751,44.57865998816232,-0.6666746102242979,8
AverageDevAbs_TR,8,0.84134,58.34017666013803,-0.9999803859660789,7
AverageDevAbs_TR,8,0.90879,77.1805394102408,-1.3333407702662026,6
AverageDevAbs_TR,8,0.95221,103.30160700199764,-1.6666702079210545,5
AverageDevAbs_TR,8,0.97725,140.0294215075087,-2.0000024438996027,4
AverageDevAbs_TR,8,0.99018,192.4284255059508,-2.3331552225672416,3
AverageDevAbs_TR,8,0.99617,268.57994093274436,-2.6667000630340683,2
AverageDevAbs_TR,8,0.99865,381.07413168227845,-2.999976992703401,1
AverageDevAbs_TR,8.25,0.00135,3.750765793792537,2.999976992703393,19
AverageDevAbs_TR,8.25,0.00383,4.527708025397348,2.6667000630340683,18
AverageDevAbs_TR,8.25,0.00982,5.495016872416396,2.3331552225672434,17
AverageDevAbs_TR,8.25,0.02275,6.704294371662484,2.000002443899604,16
AverageDevAbs_TR,8.25,0.04779,8.228425771885952,1.6666702079210545,15
AverageDevAbs_TR,8.25,0.09121,10.161702411601194,1.3333407702662026,14
AverageDevAbs_TR,8.25,0.15866,12.632206790716415,0.9999803859660789,13
AverageDevAbs_TR,8.25,0.25249,15.812988065662177,0.6666746102242979,12
AverageDevAbs_TR,8.25,0.36944,19.943318510668554,0.33333688458431254,11
AverageDevAbs_TR,8.25,0.5,25.35378475969987,-0,10
AverageDevAbs_TR,8.25,0.63056,32.50848031584351,-0.33333688458431254,9
AverageDevAbs_TR,8.25,0.74751,42.06616687368705,-0.6666746102242979,8
AverageDevAbs_TR,8.25,0.84134,54.97244614858703,-0.9999803859660789,7
AverageDevAbs_TR,8.25,0.90879,72.61146399429701,-1.3333407702662026,6
AverageDevAbs_TR,8.25,0.95221,97.0212428150185,-1.6666702079210545,5
AverageDevAbs_TR,8.25,0.97725,131.27317284204608,-2.0000024438996027,4
AverageDevAbs_TR,8.25,0.99018,180.03162192186838,-2.3331552225672416,3
AverageDevAbs_TR,8.25,0.99617,250.72030180259048,-2.6667000630340683,2
AverageDevAbs_TR,8.25,0.99865,354.8656663601987,-2.999976992703401,1
AverageDevAbs_TR,8.5,0.00135,3.5968446354683272,2.999976992703393,19
AverageDevAbs_TR,8.5,0.00383,4.33880726146039,2.6667000630340683,18
AverageDevAbs_TR,8.5,0.00982,5.261790584668874,2.3331552225672434,17
AverageDevAbs_TR,8.5,0.02275,6.4146315475383435,2.000002443899604,16
AverageDevAbs_TR,8.5,0.04779,7.866268761944124,1.6666702079210545,15
AverageDevAbs_TR,8.5,0.09121,9.705757861404006,1.3333407702662026,14
AverageDevAbs_TR,8.5,0.15866,12.053927264616274,0.9999803859660789,13
AverageDevAbs_TR,8.5,0.25249,15.073800260788433,0.6666746102242979,12
AverageDevAbs_TR,8.5,0.36944,18.990482043904372,0.33333688458431254,11
AverageDevAbs_TR,8.5,0.5,24.114503704064923,-0,10
AverageDevAbs_TR,8.5,0.63056,30.881104452785376,-0.33333688458431254,9
AverageDevAbs_TR,8.5,0.74751,39.90702004162705,-0.6666746102242979,8
AverageDevAbs_TR,8.5,0.84134,52.075870807082325,-0.9999803859660789,7
AverageDevAbs_TR,8.5,0.90879,68.67854012144016,-1.3333407702662026,6
AverageDevAbs_TR,8.5,0.95221,91.61152190461527,-1.6666702079210545,5
AverageDevAbs_TR,8.5,0.97725,123.72630927717101,-2.0000024438996027,4
AverageDevAbs_TR,8.5,0.99018,169.34198751207217,-2.3331552225672416,3
AverageDevAbs_TR,8.5,0.99617,235.3151458618746,-2.6667000630340683,2
AverageDevAbs_TR,8.5,0.99865,332.2558495664975,-2.999976992703401,1
AverageDevAbs_TR,8.75,0.00135,3.4681853996299847,2.999976992703393,19
AverageDevAbs_TR,8.75,0.00383,4.180633071622598,2.6667000630340683,18
AverageDevAbs_TR,8.75,0.00982,5.066158908114773,2.3331552225672434,17
AverageDevAbs_TR,8.75,0.02275,6.171236328284768,2.000002443899604,16
AverageDevAbs_TR,8.75,0.04779,7.561429038460824,1.6666702079210545,15
AverageDevAbs_TR,8.75,0.09121,9.321309637617,1.3333407702662026,14
AverageDevAbs_TR,8.75,0.15866,11.565489930258881,0.9999803859660789,13
AverageDevAbs_TR,8.75,0.25249,14.448393212641042,0.6666746102242979,12
AverageDevAbs_TR,8.75,0.36944,18.182963022385564,0.33333688458431254,11
AverageDevAbs_TR,8.75,0.5,23.062500287655233,-0,10
AverageDevAbs_TR,8.75,0.63056,29.49743819818033,-0.33333688458431254,9
AverageDevAbs_TR,8.75,0.74751,38.06836156801081,-0.6666746102242979,8
AverageDevAbs_TR,8.75,0.84134,49.60554789785474,-0.9999803859660789,7
AverageDevAbs_TR,8.75,0.90879,65.3195884490555,-1.3333407702662026,6
AverageDevAbs_TR,8.75,0.95221,86.98510167746053,-1.6666702079210545,5
AverageDevAbs_TR,8.75,0.97725,117.26420806428196,-2.0000024438996027,4
AverageDevAbs_TR,8.75,0.99018,160.17867096892508,-2.3331552225672416,3
AverageDevAbs_TR,8.75,0.99617,222.0969049675028,-2.6667000630340683,2
AverageDevAbs_TR,8.75,0.99865,312.84059679752767,-2.999976992703401,1
AverageDevAbs_TR,9,0.00135,3.365348310521485,2.999976992703393,19
AverageDevAbs_TR,9,0.00383,4.053794038241828,2.6667000630340683,18
AverageDevAbs_TR,9,0.00982,4.908773049433887,2.3331552225672434,17
AverageDevAbs_TR,9,0.02275,5.974789788115656,2.000002443899604,16
AverageDevAbs_TR,9,0.04779,7.314593801124287,1.6666702079210545,15
AverageDevAbs_TR,9,0.09121,9.00900989589503,1.3333407702662026,14
AverageDevAbs_TR,9,0.15866,11.16744343172929,0.9999803859660789,13
AverageDevAbs_TR,9,0.25249,13.937100910042721,0.6666746102242979,12
AverageDevAbs_TR,9,0.36944,17.520702615241813,0.33333688458431254,11
AverageDevAbs_TR,9,0.5,22.197039253458097,-0,10
AverageDevAbs_TR,9,0.63056,28.355619184751095,-0.33333688458431254,9
AverageDevAbs_TR,9,0.74751,36.54648442123677,-0.6666746102242979,8
AverageDevAbs_TR,9,0.84134,47.55477800561983,-0.9999803859660789,7
AverageDevAbs_TR,9,0.90879,62.523065740009876,-1.3333407702662026,6
AverageDevAbs_TR,9,0.95221,83.1225817002268,-1.6666702079210545,5
AverageDevAbs_TR,9,0.97725,111.85464305873231,-2.0000024438996027,4
AverageDevAbs_TR,9,0.99018,152.48832258065843,-2.3331552225672416,3
AverageDevAbs_TR,9,0.99617,210.97692474390666,-2.6667000630340683,2
AverageDevAbs_TR,9,0.99865,296.47141727543027,-2.999976992703401,1
AverageDevAbs_TR,9.25,0.00135,3.288336340598133,2.999976992703393,19
AverageDevAbs_TR,9.25,0.00383,3.9582264783368175,2.6667000630340683,18
AverageDevAbs_TR,9.25,0.00982,4.789469152805499,2.3331552225672434,17
AverageDevAbs_TR,9.25,0.02275,5.824980035226544,2.000002443899604,16
AverageDevAbs_TR,9.25,0.04779,7.1252340057316506,1.6666702079210545,15
AverageDevAbs_TR,9.25,0.09121,8.768012786282505,1.3333407702662026,14
AverageDevAbs_TR,9.25,0.15866,10.858480586248112,0.9999803859660789,13
AverageDevAbs_TR,9.25,0.25249,13.537944272698072,0.6666746102242979,12
AverageDevAbs_TR,9.25,0.36944,17.000740540072623,0.33333688458431254,11
AverageDevAbs_TR,9.25,0.5,21.51372152267095,-0,10
AverageDevAbs_TR,9.25,0.63056,27.449126272370673,-0.33333688458431254,9
AverageDevAbs_TR,9.25,0.74751,35.33171467804982,-0.6666746102242979,8
AverageDevAbs_TR,9.25,0.84134,45.90916220948938,-0.9999803859660789,7
AverageDevAbs_TR,9.25,0.90879,60.267416486957465,-1.3333407702662026,6
AverageDevAbs_TR,9.25,0.95221,79.9914402135501,-1.6666702079210545,5
AverageDevAbs_TR,9.25,0.97725,107.44805831745619,-2.0000024438996027,4
AverageDevAbs_TR,9.25,0.99018,146.19453659557203,-2.3331552225672416,3
AverageDevAbs_TR,9.25,0.99617,201.8356582560189,-2.6667000630340683,2
AverageDevAbs_TR,9.25,0.99865,282.95821796760544,-2.999976992703401,1
AverageDevAbs_TR,9.5,0.00135,3.2299756360511616,2.999976992703393,19
AverageDevAbs_TR,9.5,0.00383,3.8852343835267917,2.6667000630340683,18
AverageDevAbs_TR,9.5,0.00982,4.697646861275287,2.3331552225672434,17
AverageDevAbs_TR,9.5,0.02275,5.70881373427014,2.000002443899604,16
AverageDevAbs_TR,9.5,0.04779,6.977323833085597,1.6666702079210545,15
AverageDevAbs_TR,9.5,0.09121,8.578423661784887,1.3333407702662026,14
AverageDevAbs_TR,9.5,0.15866,10.613732344409126,0.9999803859660789,13
AverageDevAbs_TR,9.5,0.25249,13.219607565651563,0.6666746102242979,12
AverageDevAbs_TR,9.5,0.36944,16.58333097169979,0.33333688458431254,11
AverageDevAbs_TR,9.5,0.5,20.961675058161973,-0,10
AverageDevAbs_TR,9.5,0.63056,26.712254866359476,-0.33333688458431254,9
AverageDevAbs_TR,9.5,0.74751,34.33835979559847,-0.6666746102242979,8
AverageDevAbs_TR,9.5,0.84134,44.555760763284965,-0.9999803859660789,7
AverageDevAbs_TR,9.5,0.90879,58.40207740133484,-1.3333407702662026,6
AverageDevAbs_TR,9.5,0.95221,77.38846076017438,-1.6666702079210545,5
AverageDevAbs_TR,9.5,0.97725,103.76643862165058,-2.0000024438996027,4
AverageDevAbs_TR,9.5,0.99018,140.91136452486424,-2.3331552225672416,3
AverageDevAbs_TR,9.5,0.99617,194.12830387578813,-2.6667000630340683,2
AverageDevAbs_TR,9.5,0.99865,271.51819425981995,-2.999976992703401,1
AverageDevAbs_TR,9.75,0.00135,3.176354929680533,2.999976992703393,19
AverageDevAbs_TR,9.75,0.00383,3.818047957659856,2.6667000630340683,18
AverageDevAbs_TR,9.75,0.00982,4.612982887584231,2.3331552225672434,17
AverageDevAbs_TR,9.75,0.02275,5.601532267851614,2.000002443899604,16
AverageDevAbs_TR,9.75,0.04779,6.840523753596438,1.6666702079210545,15
AverageDevAbs_TR,9.75,0.09121,8.402836052062941,1.3333407702662026,14
AverageDevAbs_TR,9.75,0.15866,10.386777577390871,0.9999803859660789,13
AverageDevAbs_TR,9.75,0.25249,12.92408468510242,0.6666746102242979,12
AverageDevAbs_TR,9.75,0.36944,16.195453149476027,0.33333688458431254,11
AverageDevAbs_TR,9.75,0.5,20.448249697066956,-0,10
AverageDevAbs_TR,9.75,0.63056,26.026450052706945,-0.33333688458431254,9
AverageDevAbs_TR,9.75,0.74751,33.41333190300613,-0.6666746102242979,8
AverageDevAbs_TR,9.75,0.84134,43.2949533539101,-0.9999803859660789,7
AverageDevAbs_TR,9.75,0.90879,56.66396960767298,-1.3333407702662026,6
AverageDevAbs_TR,9.75,0.95221,74.96293765886313,-1.6666702079210545,5
AverageDevAbs_TR,9.75,0.97725,100.33638392712929,-2.0000024438996027,4
AverageDevAbs_TR,9.75,0.99018,135.99111201279794,-2.3331552225672416,3
AverageDevAbs_TR,9.75,0.99617,186.9549766764942,-2.6667000630340683,2
AverageDevAbs_TR,9.75,0.99865,260.88056544928173,-2.999976992703401,1
AverageDevAbs_TR,10,0.00135,3.1154231542037096,2.999976992703393,19
AverageDevAbs_TR,10,0.00383,3.742179135399906,2.6667000630340683,18
AverageDevAbs_TR,10,0.00982,4.517969228912359,2.3331552225672434,17
AverageDevAbs_TR,10,0.02275,5.481870764380669,2.000002443899604,16
AverageDevAbs_TR,10,0.04779,6.68885821092464,1.6666702079210545,15
AverageDevAbs_TR,10,0.09121,8.209331433705106,1.3333407702662026,14
AverageDevAbs_TR,10,0.15866,10.138146464234111,0.9999803859660789,13
AverageDevAbs_TR,10,0.25249,12.602241574026976,0.6666746102242979,12
AverageDevAbs_TR,10,0.36944,15.775502659193874,0.33333688458431254,11
AverageDevAbs_TR,10,0.5,19.89561385760312,-0,10
AverageDevAbs_TR,10,0.63056,25.29257151476217,-0.33333688458431254,9
AverageDevAbs_TR,10,0.74751,32.42923452875075,-0.6666746102242979,8
AverageDevAbs_TR,10,0.84134,41.96148343224599,-0.9999803859660789,7
AverageDevAbs_TR,10,0.90879,54.83651586118756,-1.3333407702662026,6
AverageDevAbs_TR,10,0.95221,72.42788438039695,-1.6666702079210545,5
AverageDevAbs_TR,10,0.97725,96.77300283508782,-2.0000024438996027,4
AverageDevAbs_TR,10,0.99018,130.91084072014885,-2.3331552225672416,3
AverageDevAbs_TR,10,0.99617,179.59459043148948,-2.6667000630340683,2
AverageDevAbs_TR,10,0.99865,250.03533662121134,-2.999976992703401,1
AverageDevAbs_TR,10.25,0.00135,3.0411992135511237,2.999976992703393,19
AverageDevAbs_TR,10.25,0.00383,3.6504665407805117,2.6667000630340683,18
AverageDevAbs_TR,10.25,0.00982,4.403988811522559,2.3331552225672434,17
AverageDevAbs_TR,10.25,0.02275,5.339410215346423,2.000002443899604,16
AverageDevAbs_TR,10.25,0.04779,6.509660558918532,1.6666702079210545,15
AverageDevAbs_TR,10.25,0.09121,7.982423117446883,1.3333407702662026,14
AverageDevAbs_TR,10.25,0.15866,9.848789791700646,0.9999803859660789,13
AverageDevAbs_TR,10.25,0.25249,12.230497401013155,0.6666746102242979,12
AverageDevAbs_TR,10.25,0.36944,15.29408872909791,0.33333688458431254,11
AverageDevAbs_TR,10.25,0.5,19.26686760730211,-0,10
AverageDevAbs_TR,10.25,0.63056,24.463928859669572,-0.33333688458431254,9
AverageDevAbs_TR,10.25,0.74751,31.32649215606813,-0.6666746102242979,8
AverageDevAbs_TR,10.25,0.84134,40.47864718145835,-0.9999803859660789,7
AverageDevAbs_TR,10.25,0.90879,52.81998706135701,-1.3333407702662026,6
AverageDevAbs_TR,10.25,0.95221,69.65225746116695,-1.6666702079210545,5
AverageDevAbs_TR,10.25,0.97725,92.9021054430757,-2.0000024438996027,4
AverageDevAbs_TR,10.25,0.99018,125.43610017221509,-2.3331552225672416,3
AverageDevAbs_TR,10.25,0.99617,171.72704592573047,-2.6667000630340683,2
AverageDevAbs_TR,10.25,0.99865,238.5387800583247,-2.999976992703401,1
AverageDevAbs_TR,10.5,0.00135,2.953152219404437,2.999976992703393,19
AverageDevAbs_TR,10.5,0.00383,3.5423063072674528,2.6667000630340683,18
AverageDevAbs_TR,10.5,0.00982,4.270355200058279,2.3331552225672434,17
AverageDevAbs_TR,10.5,0.02275,5.1733716121863775,2.000002443899604,16
AverageDevAbs_TR,10.5,0.04779,6.30204889359214,1.6666702079210545,15
AverageDevAbs_TR,10.5,0.09121,7.721116616986239,1.3333407702662026,14
AverageDevAbs_TR,10.5,0.15866,9.517592683356748,0.9999803859660789,13
AverageDevAbs_TR,10.5,0.25249,11.80761319131183,0.6666746102242979,12
AverageDevAbs_TR,10.5,0.36944,14.749852175632082,0.33333688458431254,11
AverageDevAbs_TR,10.5,0.5,18.560548841351597,-0,10
AverageDevAbs_TR,10.5,0.63056,23.538996971260975,-0.33333688458431254,9
AverageDevAbs_TR,10.5,0.74751,30.103593957475347,-0.6666746102242979,8
AverageDevAbs_TR,10.5,0.84134,38.84508630775669,-0.9999803859660789,7
AverageDevAbs_TR,10.5,0.90879,50.613414375418316,-1.3333407702662026,6
AverageDevAbs_TR,10.5,0.95221,66.63587321207278,-1.6666702079210545,5
AverageDevAbs_TR,10.5,0.97725,88.72494413686181,-2.0000024438996027,4
AverageDevAbs_TR,10.5,0.99018,119.57063762455938,-2.3331552225672416,3
AverageDevAbs_TR,10.5,0.99617,163.36030623803416,-2.6667000630340683,2
AverageDevAbs_TR,10.5,0.99865,226.4058366682654,-2.999976992703401,1
AverageDevAbs_TR,10.75,0.00135,2.8548737349453828,2.999976992703393,19
AverageDevAbs_TR,10.75,0.00383,3.4220376024001675,2.6667000630340683,18
AverageDevAbs_TR,10.75,0.00982,4.122338451257384,2.3331552225672434,17
AverageDevAbs_TR,10.75,0.02275,4.99018866057466,2.000002443899604,16
AverageDevAbs_TR,10.75,0.04779,6.073923075291646,1.6666702079210545,15
AverageDevAbs_TR,10.75,0.09121,7.435170422247785,1.3333407702662026,14
AverageDevAbs_TR,10.75,0.15866,9.156686557227951,0.9999803859660789,13
AverageDevAbs_TR,10.75,0.25249,11.348771530217986,0.6666746102242979,12
AverageDevAbs_TR,10.75,0.36944,14.161930642006004,0.33333688458431254,11
AverageDevAbs_TR,10.75,0.5,17.80096417684505,-0,10
AverageDevAbs_TR,10.75,0.63056,22.54889774686334,-0.33333688458431254,9
AverageDevAbs_TR,10.75,0.74751,28.800732418823628,-0.6666746102242979,8
AverageDevAbs_TR,10.75,0.84134,37.11318529637707,-0.9999803859660789,7
AverageDevAbs_TR,10.75,0.90879,48.285749849770006,-1.3333407702662026,6
AverageDevAbs_TR,10.75,0.95221,63.470449107539174,-1.6666702079210545,5
AverageDevAbs_TR,10.75,0.97725,84.36490397109395,-2.0000024438996027,4
AverageDevAbs_TR,10.75,0.99018,113.48243735813051,-2.3331552225672416,3
AverageDevAbs_TR,10.75,0.99617,154.72616633693727,-2.6667000630340683,2
AverageDevAbs_TR,10.75,0.99865,213.96079249966562,-2.999976992703401,1
AverageDevAbs_TR,11,0.00135,2.750799211020674,2.999976992703393,19
AverageDevAbs_TR,11,0.00383,3.2949981944016145,2.6667000630340683,18
AverageDevAbs_TR,11,0.00982,3.966395014921778,2.3331552225672434,17
AverageDevAbs_TR,11,0.02275,4.797709916318127,2.000002443899604,16
AverageDevAbs_TR,11,0.04779,5.834877431341461,1.6666702079210545,15
AverageDevAbs_TR,11,0.09121,7.136381108607915,1.3333407702662026,14
AverageDevAbs_TR,11,0.15866,8.780665204912339,0.9999803859660789,13
AverageDevAbs_TR,11,0.25249,10.872143636175846,0.6666746102242979,12
AverageDevAbs_TR,11,0.36944,13.553106482798968,0.33333688458431254,11
AverageDevAbs_TR,11,0.5,17.016886807152336,-0,10
AverageDevAbs_TR,11,0.63056,21.530254259241133,-0.33333688458431254,9
AverageDevAbs_TR,11,0.74751,27.464909886643078,-0.6666746102242979,8
AverageDevAbs_TR,11,0.84134,35.34380134968249,-0.9999803859660789,7
AverageDevAbs_TR,11,0.90879,45.916540686125536,-1.3333407702662026,6
AverageDevAbs_TR,11,0.95221,60.26101595766176,-1.6666702079210545,5
AverageDevAbs_TR,11,0.97725,79.96217383197568,-2.0000024438996027,4
AverageDevAbs_TR,11,0.99018,107.36077119321631,-2.3331552225672416,3
AverageDevAbs_TR,11,0.99617,146.083468673874,-2.6667000630340683,2
AverageDevAbs_TR,11,0.99865,201.56232077412372,-2.999976992703401,1
AverageDevAbs_TR,11.25,0.00135,2.644885664000801,2.999976992703393,19
AverageDevAbs_TR,11.25,0.00383,3.16593820336391,2.6667000630340683,18
AverageDevAbs_TR,11.25,0.00982,3.808255379432238,2.3331552225672434,17
AverageDevAbs_TR,11.25,0.02275,4.602882030930545,2.000002443899604,16
AverageDevAbs_TR,11.25,0.04779,5.593378674237304,1.6666702079210545,15
AverageDevAbs_TR,11.25,0.09121,6.8351261308399565,1.3333407702662026,14
AverageDevAbs_TR,11.25,0.15866,8.402323895562045,0.9999803859660789,13
AverageDevAbs_TR,11.25,0.25249,10.393604535289692,0.6666746102242979,12
AverageDevAbs_TR,11.25,0.36944,12.943207271168047,0.33333688458431254,11
AverageDevAbs_TR,11.25,0.5,16.233255699964875,-0,10
AverageDevAbs_TR,11.25,0.63056,20.514669532521513,-0.33333688458431254,9
AverageDevAbs_TR,11.25,0.74751,26.136493059351263,-0.6666746102242979,8
AverageDevAbs_TR,11.25,0.84134,33.588930602419154,-0.9999803859660789,7
AverageDevAbs_TR,11.25,0.90879,43.57337011514904,-1.3333407702662026,6
AverageDevAbs_TR,11.25,0.95221,57.09625973712168,-1.6666702079210545,5
AverageDevAbs_TR,11.25,0.97725,75.63432648082878,-2.0000024438996027,4
AverageDevAbs_TR,11.25,0.99018,101.3631892032613,-2.3331552225672416,3
AverageDevAbs_TR,11.25,0.99617,137.64587420624082,-2.6667000630340683,2
AverageDevAbs_TR,11.25,0.99865,189.50370699285017,-2.999976992703401,1
AverageDevAbs_TR,11.5,0.00135,2.5406704273225165,2.999976992703393,19
AverageDevAbs_TR,11.5,0.00383,3.0390925246447726,2.6667000630340683,18
AverageDevAbs_TR,11.5,0.00982,3.6530139252147884,2.3331552225672434,17
AverageDevAbs_TR,11.5,0.02275,4.411861942076385,2.000002443899604,16
AverageDevAbs_TR,11.5,0.04779,5.356906984162688,1.6666702079210545,15
AverageDevAbs_TR,11.5,0.09121,6.540542561477917,1.3333407702662026,14
AverageDevAbs_TR,11.5,0.15866,8.032887619913259,0.9999803859660789,13
AverageDevAbs_TR,11.5,0.25249,9.92702696659414,0.6666746102242979,12
AverageDevAbs_TR,11.5,0.36944,12.349487661036042,0.33333688458431254,11
AverageDevAbs_TR,11.5,0.5,15.471676491555526,-0,10
AverageDevAbs_TR,11.5,0.63056,19.529390301593814,-0.33333688458431254,9
AverageDevAbs_TR,11.5,0.74751,24.85010221799609,-0.6666746102242979,8
AverageDevAbs_TR,11.5,0.84134,31.892913408740526,-0.9999803859660789,7
AverageDevAbs_TR,11.5,0.90879,41.31351185979805,-1.3333407702662026,6
AverageDevAbs_TR,11.5,0.95221,54.050823589235144,-1.6666702079210545,5
AverageDevAbs_TR,11.5,0.97725,71.47956887763372,-2.0000024438996027,4
AverageDevAbs_TR,11.5,0.99018,95.6201816216453,-2.3331552225672416,3
AverageDevAbs_TR,11.5,0.99617,129.58866838760082,-2.6667000630340683,2
AverageDevAbs_TR,11.5,0.99865,178.02297089517847,-2.999976992703401,1
AverageDevAbs_TR,11.75,0.00135,2.439645047663301,2.999976992703393,19
AverageDevAbs_TR,11.75,0.00383,2.9162389846612773,2.6667000630340683,18
AverageDevAbs_TR,11.75,0.00982,3.502799013691359,2.3331552225672434,17
AverageDevAbs_TR,11.75,0.02275,4.227208398787079,2.000002443899604,16
AverageDevAbs_TR,11.75,0.04779,5.128553034898963,1.6666702079210545,15
AverageDevAbs_TR,11.75,0.09121,6.256381535384627,1.3333407702662026,14
AverageDevAbs_TR,11.75,0.15866,7.676932010112413,0.9999803859660789,13
AverageDevAbs_TR,11.75,0.25249,9.478021190473898,0.6666746102242979,12
AverageDevAbs_TR,11.75,0.36944,11.778863849886054,0.33333688458431254,11
AverageDevAbs_TR,11.75,0.5,14.740723084919578,-0,10
AverageDevAbs_TR,11.75,0.63056,18.585106939156667,-0.33333688458431254,9
AverageDevAbs_TR,11.75,0.74751,23.619145674452714,-0.6666746102242979,8
AverageDevAbs_TR,11.75,0.84134,30.272668008063643,-0.9999803859660789,7
AverageDevAbs_TR,11.75,0.90879,39.158442840825934,-1.3333407702662026,6
AverageDevAbs_TR,11.75,0.95221,51.15213303729517,-1.6666702079210545,5
AverageDevAbs_TR,11.75,0.97725,67.53312085415635,-2.0000024438996027,4
AverageDevAbs_TR,11.75,0.99018,90.17719988955841,-2.3331552225672416,3
AverageDevAbs_TR,11.75,0.99617,121.97075606558265,-2.6667000630340683,2
AverageDevAbs_TR,11.75,0.99865,167.196590573661,-2.999976992703401,1
AverageDevAbs_TR,12,0.00135,2.3422277663645596,2.999976992703393,19
AverageDevAbs_TR,12,0.00383,2.797868469762333,2.6667000630340683,18
AverageDevAbs_TR,12,0.00982,3.3581882317425427,2.3331552225672434,17
AverageDevAbs_TR,12,0.02275,4.049602367362455,2.000002443899604,16
AverageDevAbs_TR,12,0.04779,4.909121320146996,1.6666702079210545,15
AverageDevAbs_TR,12,0.09121,5.983595007282417,1.3333407702662026,14
AverageDevAbs_TR,12,0.15866,7.335584764846905,0.9999803859660789,13
AverageDevAbs_TR,12,0.25249,9.047923545329951,0.6666746102242979,12
AverageDevAbs_TR,12,0.36944,11.2329183486741,0.33333688458431254,11
AverageDevAbs_TR,12,0.5,14.042265326535079,-0,10
AverageDevAbs_TR,12,0.63056,17.68401879584867,-0.33333688458431254,9
AverageDevAbs_TR,12,0.74751,22.44618955566863,-0.6666746102242979,8
AverageDevAbs_TR,12,0.84134,28.7311476292918,-0.9999803859660789,7
AverageDevAbs_TR,12,0.90879,37.11148352971155,-1.3333407702662026,6
AverageDevAbs_TR,12,0.95221,48.403771030688105,-1.6666702079210545,5
AverageDevAbs_TR,12,0.97725,63.79855423490518,-2.0000024438996027,4
AverageDevAbs_TR,12,0.99018,85.03720408449796,-2.3331552225672416,3
AverageDevAbs_TR,12,0.99617,114.79325377646593,-2.6667000630340683,2
AverageDevAbs_TR,12,0.99865,157.0214017840412,-2.999976992703401,1
OTm_management,6,0.00135,0,-2.999976992703393,1
OTm_management,6,0.00383,0,-2.6667000630340683,2
OTm_management,6,0.00982,0,-2.3331552225672434,3
OTm_management,6,0.02275,0,-2.000002443899604,4
OTm_management,6,0.04779,1,-1.6666702079210545,5
OTm_management,6,0.09121,1,-1.3333407702662026,6
OTm_management,6,0.15866,1,-0.9999803859660789,7
OTm_management,6,0.25249,2,-0.6666746102242979,8
OTm_management,6,0.36944,2,-0.33333688458431254,9
OTm_management,6,0.5,3,0,10
OTm_management,6,0.63056,3,0.33333688458431254,11
OTm_management,6,0.74751,4,0.6666746102242979,12
OTm_management,6,0.84134,4,0.9999803859660789,13
OTm_management,6,0.90879,5,1.3333407702662026,14
OTm_management,6,0.95221,5,1.6666702079210545,15
OTm_management,6,0.97725,5,2.0000024438996027,16
OTm_management,6,0.99018,6,2.3331552225672416,17
OTm_management,6,0.99617,6,2.6667000630340683,18
OTm_management,6,0.99865,6,2.999976992703401,19
OTm_management,6.25,0.00135,0,-2.999976992703393,1
OTm_management,6.25,0.00383,0,-2.6667000630340683,2
OTm_management,6.25,0.00982,0,-2.3331552225672434,3
OTm_management,6.25,0.02275,0,-2.000002443899604,4
OTm_management,6.25,0.04779,1,-1.6666702079210545,5
OTm_management,6.25,0.09121,1,-1.3333407702662026,6
OTm_management,6.25,0.15866,1,-0.9999803859660789,7
OTm_management,6.25,0.25249,2,-0.6666746102242979,8
OTm_management,6.25,0.36944,2,-0.33333688458431254,9
OTm_management,6.25,0.5,3,0,10
OTm_management,6.25,0.63056,3,0.33333688458431254,11
OTm_management,6.25,0.74751,4,0.6666746102242979,12
OTm_management,6.25,0.84134,4,0.9999803859660789,13
OTm_management,6.25,0.90879,5,1.3333407702662026,14
OTm_management,6.25,0.95221,5,1.6666702079210545,15
OTm_management,6.25,0.97725,6,2.0000024438996027,16
OTm_management,6.25,0.99018,6,2.3331552225672416,17
OTm_management,6.25,0.99617,6,2.6667000630340683,18
OTm_management,6.25,0.99865,6,2.999976992703401,19
OTm_management,6.5,0.00135,0,-2.999976992703393,1
OTm_management,6.5,0.00383,0,-2.6667000630340683,2
OTm_management,6.5,0.00982,0,-2.3331552225672434,3
OTm_management,6.5,0.02275,0,-2.000002443899604,4
OTm_management,6.5,0.04779,1,-1.6666702079210545,5
OTm_management,6.5,0.09121,1,-1.3333407702662026,6
OTm_management,6.5,0.15866,1,-0.9999803859660789,7
OTm_management,6.5,0.25249,2,-0.6666746102242979,8
OTm_management,6.5,0.36944,2,-0.33333688458431254,9
OTm_management,6.5,0.5,3,0,10
OTm_management,6.5,0.63056,3,0.33333688458431254,11
OTm_management,6.5,0.74751,4,0.6666746102242979,12
OTm_management,6.5,0.84134,4,0.9999803859660789,13
OTm_management,6.5,0.90879,5,1.3333407702662026,14
OTm_management,6.5,0.95221,5,1.6666702079210545,15
OTm_management,6.5,0.97725,6,2.0000024438996027,16
OTm_management,6.5,0.99018,6,2.3331552225672416,17
OTm_management,6.5,0.99617,6,2.6667000630340683,18
OTm_management,6.5,0.99865,6,2.999976992703401,19
OTm_management,6.75,0.00135,0,-2.999976992703393,1
OTm_management,6.75,0.00383,0,-2.6667000630340683,2
OTm_management,6.75,0.00982,0,-2.3331552225672434,3
OTm_management,6.75,0.02275,0,-2.000002443899604,4
OTm_management,6.75,0.04779,1,-1.6666702079210545,5
OTm_management,6.75,0.09121,1,-1.3333407702662026,6
OTm_management,6.75,0.15866,2,-0.9999803859660789,7
OTm_management,6.75,0.25249,2,-0.6666746102242979,8
OTm_management,6.75,0.36944,2,-0.33333688458431254,9
OTm_management,6.75,0.5,3,0,10
OTm_management,6.75,0.63056,3,0.33333688458431254,11
OTm_management,6.75,0.74751,4,0.6666746102242979,12
OTm_management,6.75,0.84134,4,0.9999803859660789,13
OTm_management,6.75,0.90879,5,1.3333407702662026,14
OTm_management,6.75,0.95221,5,1.6666702079210545,15
OTm_management,6.75,0.97725,6,2.0000024438996027,16
OTm_management,6.75,0.99018,6,2.3331552225672416,17
OTm_management,6.75,0.99617,6,2.6667000630340683,18
OTm_management,6.75,0.99865,6,2.999976992703401,19
OTm_management,7,0.00135,0,-2.999976992703393,1
OTm_management,7,0.00383,0,-2.6667000630340683,2
OTm_management,7,0.00982,0,-2.3331552225672434,3
OTm_management,7,0.02275,0,-2.000002443899604,4
OTm_management,7,0.04779,1,-1.6666702079210545,5
OTm_management,7,0.09121,1,-1.3333407702662026,6
OTm_management,7,0.15866,2,-0.9999803859660789,7
OTm_management,7,0.25249,2,-0.6666746102242979,8
OTm_management,7,0.36944,3,-0.33333688458431254,9
OTm_management,7,0.5,3,0,10
OTm_management,7,0.63056,4,0.33333688458431254,11
OTm_management,7,0.74751,4,0.6666746102242979,12
OTm_management,7,0.84134,4,0.9999803859660789,13
OTm_management,7,0.90879,5,1.3333407702662026,14
OTm_management,7,0.95221,5,1.6666702079210545,15
OTm_management,7,0.97725,6,2.0000024438996027,16
OTm_management,7,0.99018,6,2.3331552225672416,17
OTm_management,7,0.99617,6,2.6667000630340683,18
OTm_management,7,0.99865,6,2.999976992703401,19
OTm_management,7.25,0.00135,0,-2.999976992703393,1
OTm_management,7.25,0.00383,0,-2.6667000630340683,2
OTm_management,7.25,0.00982,0,-2.3331552225672434,3
OTm_management,7.25,0.02275,0,-2.000002443899604,4
OTm_management,7.25,0.04779,1,-1.6666702079210545,5
OTm_management,7.25,0.09121,1,-1.3333407702662026,6
OTm_management,7.25,0.15866,2,-0.9999803859660789,7
OTm_management,7.25,0.25249,2,-0.6666746102242979,8
OTm_management,7.25,0.36944,3,-0.33333688458431254,9
OTm_management,7.25,0.5,3,0,10
OTm_management,7.25,0.63056,4,0.33333688458431254,11
OTm_management,7.25,0.74751,4,0.6666746102242979,12
OTm_management,7.25,0.84134,5,0.9999803859660789,13
OTm_management,7.25,0.90879,5,1.3333407702662026,14
OTm_management,7.25,0.95221,5,1.6666702079210545,15
OTm_management,7.25,0.97725,6,2.0000024438996027,16
OTm_management,7.25,0.99018,6,2.3331552225672416,17
OTm_management,7.25,0.99617,6,2.6667000630340683,18
OTm_management,7.25,0.99865,6,2.999976992703401,19
OTm_management,7.5,0.00135,0,-2.999976992703393,1
OTm_management,7.5,0.00383,0,-2.6667000630340683,2
OTm_management,7.5,0.00982,0,-2.3331552225672434,3
OTm_management,7.5,0.02275,0,-2.000002443899604,4
OTm_management,7.5,0.04779,1,-1.6666702079210545,5
OTm_management,7.5,0.09121,1,-1.3333407702662026,6
OTm_management,7.5,0.15866,2,-0.9999803859660789,7
OTm_management,7.5,0.25249,2,-0.6666746102242979,8
OTm_management,7.5,0.36944,3,-0.33333688458431254,9
OTm_management,7.5,0.5,3,0,10
OTm_management,7.5,0.63056,4,0.33333688458431254,11
OTm_management,7.5,0.74751,4,0.6666746102242979,12
OTm_management,7.5,0.84134,5,0.9999803859660789,13
OTm_management,7.5,0.90879,5,1.3333407702662026,14
OTm_management,7.5,0.95221,5,1.6666702079210545,15
OTm_management,7.5,0.97725,6,2.0000024438996027,16
OTm_management,7.5,0.99018,6,2.3331552225672416,17
OTm_management,7.5,0.99617,6,2.6667000630340683,18
OTm_management,7.5,0.99865,6,2.999976992703401,19
OTm_management,7.75,0.00135,0,-2.999976992703393,1
OTm_management,7.75,0.00383,0,-2.6667000630340683,2
OTm_management,7.75,0.00982,0,-2.3331552225672434,3
OTm_management,7.75,0.02275,1,-2.000002443899604,4
OTm_management,7.75,0.04779,1,-1.6666702079210545,5
OTm_management,7.75,0.09121,1,-1.3333407702662026,6
OTm_management,7.75,0.15866,2,-0.9999803859660789,7
OTm_management,7.75,0.25249,2,-0.6666746102242979,8
OTm_management,7.75,0.36944,3,-0.33333688458431254,9
OTm_management,7.75,0.5,3,0,10
OTm_management,7.75,0.63056,4,0.33333688458431254,11
OTm_management,7.75,0.74751,4,0.6666746102242979,12
OTm_management,7.75,0.84134,5,0.9999803859660789,13
OTm_management,7.75,0.90879,5,1.3333407702662026,14
OTm_management,7.75,0.95221,5,1.6666702079210545,15
OTm_management,7.75,0.97725,6,2.0000024438996027,16
OTm_management,7.75,0.99018,6,2.3331552225672416,17
OTm_management,7.75,0.99617,6,2.6667000630340683,18
OTm_management,7.75,0.99865,6,2.999976992703401,19
OTm_management,8,0.00135,0,-2.999976992703393,1
OTm_management,8,0.00383,0,-2.6667000630340683,2
OTm_management,8,0.00982,0,-2.3331552225672434,3
OTm_management,8,0.02275,1,-2.000002443899604,4
OTm_management,8,0.04779,1,-1.6666702079210545,5
OTm_management,8,0.09121,1,-1.3333407702662026,6
OTm_management,8,0.15866,2,-0.9999803859660789,7
OTm_management,8,0.25249,2,-0.6666746102242979,8
OTm_management,8,0.36944,3,-0.33333688458431254,9
OTm_management,8,0.5,3,0,10
OTm_management,8,0.63056,4,0.33333688458431254,11
OTm_management,8,0.74751,4,0.6666746102242979,12
OTm_management,8,0.84134,5,0.9999803859660789,13
OTm_management,8,0.90879,5,1.3333407702662026,14
OTm_management,8,0.95221,6,1.6666702079210545,15
OTm_management,8,0.97725,6,2.0000024438996027,16
OTm_management,8,0.99018,6,2.3331552225672416,17
OTm_management,8,0.99617,6,2.6667000630340683,18
OTm_management,8,0.99865,6,2.999976992703401,19
OTm_management,8.25,0.00135,0,-2.999976992703393,1
OTm_management,8.25,0.00383,0,-2.6667000630340683,2
OTm_management,8.25,0.00982,0,-2.3331552225672434,3
OTm_management,8.25,0.02275,1,-2.000002443899604,4
OTm_management,8.25,0.04779,1,-1.6666702079210545,5
OTm_management,8.25,0.09121,1,-1.3333407702662026,6
OTm_management,8.25,0.15866,2,-0.9999803859660789,7
OTm_management,8.25,0.25249,2,-0.6666746102242979,8
OTm_management,8.25,0.36944,3,-0.33333688458431254,9
OTm_management,8.25,0.5,3,0,10
OTm_management,8.25,0.63056,4,0.33333688458431254,11
OTm_management,8.25,0.74751,4,0.6666746102242979,12
OTm_management,8.25,0.84134,5,0.9999803859660789,13
OTm_management,8.25,0.90879,5,1.3333407702662026,14
OTm_management,8.25,0.95221,6,1.6666702079210545,15
OTm_management,8.25,0.97725,6,2.0000024438996027,16
OTm_management,8.25,0.99018,6,2.3331552225672416,17
OTm_management,8.25,0.99617,6,2.6667000630340683,18
OTm_management,8.25,0.99865,6,2.999976992703401,19
OTm_management,8.5,0.00135,0,-2.999976992703393,1
OTm_management,8.5,0.00383,0,-2.6667000630340683,2
OTm_management,8.5,0.00982,0,-2.3331552225672434,3
OTm_management,8.5,0.02275,1,-2.000002443899604,4
OTm_management,8.5,0.04779,1,-1.6666702079210545,5
OTm_management,8.5,0.09121,2,-1.3333407702662026,6
OTm_management,8.5,0.15866,2,-0.9999803859660789,7
OTm_management,8.5,0.25249,2,-0.6666746102242979,8
OTm_management,8.5,0.36944,3,-0.33333688458431254,9
OTm_management,8.5,0.5,3,0,10
OTm_management,8.5,0.63056,4,0.33333688458431254,11
OTm_management,8.5,0.74751,4,0.6666746102242979,12
OTm_management,8.5,0.84134,5,0.9999803859660789,13
OTm_management,8.5,0.90879,5,1.3333407702662026,14
OTm_management,8.5,0.95221,6,1.6666702079210545,15
OTm_management,8.5,0.97725,6,2.0000024438996027,16
OTm_management,8.5,0.99018,6,2.3331552225672416,17
OTm_management,8.5,0.99617,6,2.6667000630340683,18
OTm_management,8.5,0.99865,6,2.999976992703401,19
OTm_management,8.75,0.00135,0,-2.999976992703393,1
OTm_management,8.75,0.00383,0,-2.6667000630340683,2
OTm_management,8.75,0.00982,0,-2.3331552225672434,3
OTm_management,8.75,0.02275,1,-2.000002443899604,4
OTm_management,8.75,0.04779,1,-1.6666702079210545,5
OTm_management,8.75,0.09121,2,-1.3333407702662026,6
OTm_management,8.75,0.15866,2,-0.9999803859660789,7
OTm_management,8.75,0.25249,3,-0.6666746102242979,8
OTm_management,8.75,0.36944,3,-0.33333688458431254,9
OTm_management,8.75,0.5,4,0,10
OTm_management,8.75,0.63056,4,0.33333688458431254,11
OTm_management,8.75,0.74751,5,0.6666746102242979,12
OTm_management,8.75,0.84134,5,0.9999803859660789,13
OTm_management,8.75,0.90879,5,1.3333407702662026,14
OTm_management,8.75,0.95221,6,1.6666702079210545,15
OTm_management,8.75,0.97725,6,2.0000024438996027,16
OTm_management,8.75,0.99018,6,2.3331552225672416,17
OTm_management,8.75,0.99617,6,2.6667000630340683,18
OTm_management,8.75,0.99865,6,2.999976992703401,19
OTm_management,9,0.00135,0,-2.999976992703393,1
OTm_management,9,0.00383,0,-2.6667000630340683,2
OTm_management,9,0.00982,0,-2.3331552225672434,3
OTm_management,9,0.02275,1,-2.000002443899604,4
OTm_management,9,0.04779,1,-1.6666702079210545,5
OTm_management,9,0.09121,2,-1.3333407702662026,6
OTm_management,9,0.15866,2,-0.9999803859660789,7
OTm_management,9,0.25249,3,-0.6666746102242979,8
OTm_management,9,0.36944,3,-0.33333688458431254,9
OTm_management,9,0.5,4,0,10
OTm_management,9,0.63056,4,0.33333688458431254,11
OTm_management,9,0.74751,5,0.6666746102242979,12
OTm_management,9,0.84134,5,0.9999803859660789,13
OTm_management,9,0.90879,5,1.3333407702662026,14
OTm_management,9,0.95221,6,1.6666702079210545,15
OTm_management,9,0.97725,6,2.0000024438996027,16
OTm_management,9,0.99018,6,2.3331552225672416,17
OTm_management,9,0.99617,6,2.6667000630340683,18
OTm_management,9,0.99865,6,2.999976992703401,19
OTm_management,9.25,0.00135,0,-2.999976992703393,1
OTm_management,9.25,0.00383,0,-2.6667000630340683,2
OTm_management,9.25,0.00982,0,-2.3331552225672434,3
OTm_management,9.25,0.02275,1,-2.000002443899604,4
OTm_management,9.25,0.04779,1,-1.6666702079210545,5
OTm_management,9.25,0.09121,2,-1.3333407702662026,6
OTm_management,9.25,0.15866,2,-0.9999803859660789,7
OTm_management,9.25,0.25249,3,-0.6666746102242979,8
OTm_management,9.25,0.36944,3,-0.33333688458431254,9
OTm_management,9.25,0.5,4,0,10
OTm_management,9.25,0.63056,4,0.33333688458431254,11
OTm_management,9.25,0.74751,5,0.6666746102242979,12
OTm_management,9.25,0.84134,5,0.9999803859660789,13
OTm_management,9.25,0.90879,6,1.3333407702662026,14
OTm_management,9.25,0.95221,6,1.6666702079210545,15
OTm_management,9.25,0.97725,6,2.0000024438996027,16
OTm_management,9.25,0.99018,6,2.3331552225672416,17
OTm_management,9.25,0.99617,6,2.6667000630340683,18
OTm_management,9.25,0.99865,6,2.999976992703401,19
OTm_management,9.5,0.00135,0,-2.999976992703393,1
OTm_management,9.5,0.00383,0,-2.6667000630340683,2
OTm_management,9.5,0.00982,0,-2.3331552225672434,3
OTm_management,9.5,0.02275,1,-2.000002443899604,4
OTm_management,9.5,0.04779,1,-1.6666702079210545,5
OTm_management,9.5,0.09121,2,-1.3333407702662026,6
OTm_management,9.5,0.15866,2,-0.9999803859660789,7
OTm_management,9.5,0.25249,3,-0.6666746102242979,8
OTm_management,9.5,0.36944,3,-0.33333688458431254,9
OTm_management,9.5,0.5,4,0,10
OTm_management,9.5,0.63056,4,0.33333688458431254,11
OTm_management,9.5,0.74751,5,0.6666746102242979,12
OTm_management,9.5,0.84134,5,0.9999803859660789,13
OTm_management,9.5,0.90879,6,1.3333407702662026,14
OTm_management,9.5,0.95221,6,1.6666702079210545,15
OTm_management,9.5,0.97725,6,2.0000024438996027,16
OTm_management,9.5,0.99018,6,2.3331552225672416,17
OTm_management,9.5,0.99617,6,2.6667000630340683,18
OTm_management,9.5,0.99865,6,2.999976992703401,19
OTm_management,9.75,0.00135,0,-2.999976992703393,1
OTm_management,9.75,0.00383,0,-2.6667000630340683,2
OTm_management,9.75,0.00982,0,-2.3331552225672434,3
OTm_management,9.75,0.02275,1,-2.000002443899604,4
OTm_management,9.75,0.04779,1,-1.6666702079210545,5
OTm_management,9.75,0.09121,2,-1.3333407702662026,6
OTm_management,9.75,0.15866,2,-0.9999803859660789,7
OTm_management,9.75,0.25249,3,-0.6666746102242979,8
OTm_management,9.75,0.36944,3,-0.33333688458431254,9
OTm_management,9.75,0.5,4,0,10
OTm_management,9.75,0.63056,4,0.33333688458431254,11
OTm_management,9.75,0.74751,5,0.6666746102242979,12
OTm_management,9.75,0.84134,5,0.9999803859660789,13
OTm_management,9.75,0.90879,6,1.3333407702662026,14
OTm_management,9.75,0.95221,6,1.6666702079210545,15
OTm_management,9.75,0.97725,6,2.0000024438996027,16
OTm_management,9.75,0.99018,6,2.3331552225672416,17
OTm_management,9.75,0.99617,6,2.6667000630340683,18
OTm_management,9.75,0.99865,6,2.999976992703401,19
OTm_management,10,0.00135,0,-2.999976992703393,1
OTm_management,10,0.00383,0,-2.6667000630340683,2
OTm_management,10,0.00982,0,-2.3331552225672434,3
OTm_management,10,0.02275,1,-2.000002443899604,4
OTm_management,10,0.04779,1,-1.6666702079210545,5
OTm_management,10,0.09121,2,-1.3333407702662026,6
OTm_management,10,0.15866,2,-0.9999803859660789,7
OTm_management,10,0.25249,3,-0.6666746102242979,8
OTm_management,10,0.36944,3,-0.33333688458431254,9
OTm_management,10,0.5,4,0,10
OTm_management,10,0.63056,4,0.33333688458431254,11
OTm_management,10,0.74751,5,0.6666746102242979,12
OTm_management,10,0.84134,5,0.9999803859660789,13
OTm_management,10,0.90879,6,1.3333407702662026,14
OTm_management,10,0.95221,6,1.6666702079210545,15
OTm_management,10,0.97725,6,2.0000024438996027,16
OTm_management,10,0.99018,6,2.3331552225672416,17
OTm_management,10,0.99617,6,2.6667000630340683,18
OTm_management,10,0.99865,6,2.999976992703401,19
OTm_management,10.25,0.00135,0,-2.999976992703393,1
OTm_management,10.25,0.00383,0,-2.6667000630340683,2
OTm_management,10.25,0.00982,0,-2.3331552225672434,3
OTm_management,10.25,0.02275,1,-2.000002443899604,4
OTm_management,10.25,0.04779,1,-1.6666702079210545,5
OTm_management,10.25,0.09121,2,-1.3333407702662026,6
OTm_management,10.25,0.15866,2,-0.9999803859660789,7
OTm_management,10.25,0.25249,3,-0.6666746102242979,8
OTm_management,10.25,0.36944,3,-0.33333688458431254,9
OTm_management,10.25,0.5,4,0,10
OTm_management,10.25,0.63056,5,0.33333688458431254,11
OTm_management,10.25,0.74751,5,0.6666746102242979,12
OTm_management,10.25,0.84134,5,0.9999803859660789,13
OTm_management,10.25,0.90879,6,1.3333407702662026,14
OTm_management,10.25,0.95221,6,1.6666702079210545,15
OTm_management,10.25,0.97725,6,2.0000024438996027,16
OTm_management,10.25,0.99018,6,2.3331552225672416,17
OTm_management,10.25,0.99617,6,2.6667000630340683,18
OTm_management,10.25,0.99865,6,2.999976992703401,19
OTm_management,10.5,0.00135,0,-2.999976992703393,1
OTm_management,10.5,0.00383,0,-2.6667000630340683,2
OTm_management,10.5,0.00982,0,-2.3331552225672434,3
OTm_management,10.5,0.02275,1,-2.000002443899604,4
OTm_management,10.5,0.04779,1,-1.6666702079210545,5
OTm_management,10.5,0.09121,2,-1.3333407702662026,6
OTm_management,10.5,0.15866,2,-0.9999803859660789,7
OTm_management,10.5,0.25249,3,-0.6666746102242979,8
OTm_management,10.5,0.36944,4,-0.33333688458431254,9
OTm_management,10.5,0.5,4,0,10
OTm_management,10.5,0.63056,5,0.33333688458431254,11
OTm_management,10.5,0.74751,5,0.6666746102242979,12
OTm_management,10.5,0.84134,5,0.9999803859660789,13
OTm_management,10.5,0.90879,6,1.3333407702662026,14
OTm_management,10.5,0.95221,6,1.6666702079210545,15
OTm_management,10.5,0.97725,6,2.0000024438996027,16
OTm_management,10.5,0.99018,6,2.3331552225672416,17
OTm_management,10.5,0.99617,6,2.6667000630340683,18
OTm_management,10.5,0.99865,6,2.999976992703401,19
OTm_management,10.75,0.00135,0,-2.999976992703393,1
OTm_management,10.75,0.00383,0,-2.6667000630340683,2
OTm_management,10.75,0.00982,0,-2.3331552225672434,3
OTm_management,10.75,0.02275,1,-2.000002443899604,4
OTm_management,10.75,0.04779,1,-1.6666702079210545,5
OTm_management,10.75,0.09121,2,-1.3333407702662026,6
OTm_management,10.75,0.15866,2,-0.9999803859660789,7
OTm_management,10.75,0.25249,3,-0.6666746102242979,8
OTm_management,10.75,0.36944,4,-0.33333688458431254,9
OTm_management,10.75,0.5,4,0,10
OTm_management,10.75,0.63056,5,0.33333688458431254,11
OTm_management,10.75,0.74751,5,0.6666746102242979,12
OTm_management,10.75,0.84134,5,0.9999803859660789,13
OTm_management,10.75,0.90879,6,1.3333407702662026,14
OTm_management,10.75,0.95221,6,1.6666702079210545,15
OTm_management,10.75,0.97725,6,2.0000024438996027,16
OTm_management,10.75,0.99018,6,2.3331552225672416,17
OTm_management,10.75,0.99617,6,2.6667000630340683,18
OTm_management,10.75,0.99865,6,2.999976992703401,19
OTm_management,11,0.00135,0,-2.999976992703393,1
OTm_management,11,0.00383,0,-2.6667000630340683,2
OTm_management,11,0.00982,1,-2.3331552225672434,3
OTm_management,11,0.02275,1,-2.000002443899604,4
OTm_management,11,0.04779,1,-1.6666702079210545,5
OTm_management,11,0.09121,2,-1.3333407702662026,6
OTm_management,11,0.15866,3,-0.9999803859660789,7
OTm_management,11,0.25249,3,-0.6666746102242979,8
OTm_management,11,0.36944,4,-0.33333688458431254,9
OTm_management,11,0.5,4,0,10
OTm_management,11,0.63056,5,0.33333688458431254,11
OTm_management,11,0.74751,5,0.6666746102242979,12
OTm_management,11,0.84134,6,0.9999803859660789,13
OTm_management,11,0.90879,6,1.3333407702662026,14
OTm_management,11,0.95221,6,1.6666702079210545,15
OTm_management,11,0.97725,6,2.0000024438996027,16
OTm_management,11,0.99018,6,2.3331552225672416,17
OTm_management,11,0.99617,6,2.6667000630340683,18
OTm_management,11,0.99865,6,2.999976992703401,19
OTm_management,11.25,0.00135,0,-2.999976992703393,1
OTm_management,11.25,0.00383,0,-2.6667000630340683,2
OTm_management,11.25,0.00982,1,-2.3331552225672434,3
OTm_management,11.25,0.02275,1,-2.000002443899604,4
OTm_management,11.25,0.04779,2,-1.6666702079210545,5
OTm_management,11.25,0.09121,2,-1.3333407702662026,6
OTm_management,11.25,0.15866,3,-0.9999803859660789,7
OTm_management,11.25,0.25249,3,-0.6666746102242979,8
OTm_management,11.25,0.36944,4,-0.33333688458431254,9
OTm_management,11.25,0.5,4,0,10
OTm_management,11.25,0.63056,5,0.33333688458431254,11
OTm_management,11.25,0.74751,5,0.6666746102242979,12
OTm_management,11.25,0.84134,6,0.9999803859660789,13
OTm_management,11.25,0.90879,6,1.3333407702662026,14
OTm_management,11.25,0.95221,6,1.6666702079210545,15
OTm_management,11.25,0.97725,6,2.0000024438996027,16
OTm_management,11.25,0.99018,6,2.3331552225672416,17
OTm_management,11.25,0.99617,6,2.6667000630340683,18
OTm_management,11.25,0.99865,6,2.999976992703401,19
OTm_management,11.5,0.00135,0,-2.999976992703393,1
OTm_management,11.5,0.00383,0,-2.6667000630340683,2
OTm_management,11.5,0.00982,1,-2.3331552225672434,3
OTm_management,11.5,0.02275,1,-2.000002443899604,4
OTm_management,11.5,0.04779,2,-1.6666702079210545,5
OTm_management,11.5,0.09121,2,-1.3333407702662026,6
OTm_management,11.5,0.15866,3,-0.9999803859660789,7
OTm_management,11.5,0.25249,3,-0.6666746102242979,8
OTm_management,11.5,0.36944,4,-0.33333688458431254,9
OTm_management,11.5,0.5,4,0,10
OTm_management,11.5,0.63056,5,0.33333688458431254,11
OTm_management,11.5,0.74751,5,0.6666746102242979,12
OTm_management,11.5,0.84134,6,0.9999803859660789,13
OTm_management,11.5,0.90879,6,1.3333407702662026,14
OTm_management,11.5,0.95221,6,1.6666702079210545,15
OTm_management,11.5,0.97725,6,2.0000024438996027,16
OTm_management,11.5,0.99018,6,2.3331552225672416,17
OTm_management,11.5,0.99617,6,2.6667000630340683,18
OTm_management,11.5,0.99865,6,2.999976992703401,19
OTm_management,11.75,0.00135,0,-2.999976992703393,1
OTm_management,11.75,0.00383,0,-2.6667000630340683,2
OTm_management,11.75,0.00982,1,-2.3331552225672434,3
OTm_management,11.75,0.02275,1,-2.000002443899604,4
OTm_management,11.75,0.04779,2,-1.6666702079210545,5
OTm_management,11.75,0.09121,2,-1.3333407702662026,6
OTm_management,11.75,0.15866,3,-0.9999803859660789,7
OTm_management,11.75,0.25249,3,-0.6666746102242979,8
OTm_management,11.75,0.36944,4,-0.33333688458431254,9
OTm_management,11.75,0.5,4,0,10
OTm_management,11.75,0.63056,5,0.33333688458431254,11
OTm_management,11.75,0.74751,5,0.6666746102242979,12
OTm_management,11.75,0.84134,6,0.9999803859660789,13
OTm_management,11.75,0.90879,6,1.3333407702662026,14
OTm_management,11.75,0.95221,6,1.6666702079210545,15
OTm_management,11.75,0.97725,6,2.0000024438996027,16
OTm_management,11.75,0.99018,6,2.3331552225672416,17
OTm_management,11.75,0.99617,6,2.6667000630340683,18
OTm_management,11.75,0.99865,6,2.999976992703401,19
OTm_management,12,0.00135,0,-2.999976992703393,1
OTm_management,12,0.00383,0,-2.6667000630340683,2
OTm_management,12,0.00982,1,-2.3331552225672434,3
OTm_management,12,0.02275,1,-2.000002443899604,4
OTm_management,12,0.04779,2,-1.6666702079210545,5
OTm_management,12,0.09121,2,-1.3333407702662026,6
OTm_management,12,0.15866,3,-0.9999803859660789,7
OTm_management,12,0.25249,3,-0.6666746102242979,8
OTm_management,12,0.36944,4,-0.33333688458431254,9
OTm_management,12,0.5,4,0,10
OTm_management,12,0.63056,5,0.33333688458431254,11
OTm_management,12,0.74751,5,0.6666746102242979,12
OTm_management,12,0.84134,6,0.9999803859660789,13
OTm_management,12,0.90879,6,1.3333407702662026,14
OTm_management,12,0.95221,6,1.6666702079210545,15
OTm_management,12,0.97725,6,2.0000024438996027,16
OTm_management,12,0.99018,6,2.3331552225672416,17
OTm_management,12,0.99617,6,2.6667000630340683,18
OTm_management,12,0.99865,6,2.999976992703401,19
OTm_orientation,6,0.00135,0,-2.999976992703393,1
OTm_orientation,6,0.00383,0,-2.6667000630340683,2
OTm_orientation,6,0.00982,1,-2.3331552225672434,3
OTm_orientation,6,0.02275,1,-2.000002443899604,4
OTm_orientation,6,0.04779,2,-1.6666702079210545,5
OTm_orientation,6,0.09121,2,-1.3333407702662026,6
OTm_orientation,6,0.15866,3,-0.9999803859660789,7
OTm_orientation,6,0.25249,4,-0.6666746102242979,8
OTm_orientation,6,0.36944,4,-0.33333688458431254,9
OTm_orientation,6,0.5,5,0,10
OTm_orientation,6,0.63056,6,0.33333688458431254,11
OTm_orientation,6,0.74751,6,0.6666746102242979,12
OTm_orientation,6,0.84134,7,0.9999803859660789,13
OTm_orientation,6,0.90879,8,1.3333407702662026,14
OTm_orientation,6,0.95221,8,1.6666702079210545,15
OTm_orientation,6,0.97725,9,2.0000024438996027,16
OTm_orientation,6,0.99018,9,2.3331552225672416,17
OTm_orientation,6,0.99617,10,2.6667000630340683,18
OTm_orientation,6,0.99865,10,2.999976992703401,19
OTm_orientation,6.25,0.00135,0,-2.999976992703393,1
OTm_orientation,6.25,0.00383,0,-2.6667000630340683,2
OTm_orientation,6.25,0.00982,1,-2.3331552225672434,3
OTm_orientation,6.25,0.02275,1,-2.000002443899604,4
OTm_orientation,6.25,0.04779,2,-1.6666702079210545,5
OTm_orientation,6.25,0.09121,3,-1.3333407702662026,6
OTm_orientation,6.25,0.15866,3,-0.9999803859660789,7
OTm_orientation,6.25,0.25249,4,-0.6666746102242979,8
OTm_orientation,6.25,0.36944,5,-0.33333688458431254,9
OTm_orientation,6.25,0.5,5,0,10
OTm_orientation,6.25,0.63056,6,0.33333688458431254,11
OTm_orientation,6.25,0.74751,6,0.6666746102242979,12
OTm_orientation,6.25,0.84134,7,0.9999803859660789,13
OTm_orientation,6.25,0.90879,8,1.3333407702662026,14
OTm_orientation,6.25,0.95221,8,1.6666702079210545,15
OTm_orientation,6.25,0.97725,9,2.0000024438996027,16
OTm_orientation,6.25,0.99018,9,2.3331552225672416,17
OTm_orientation,6.25,0.99617,10,2.6667000630340683,18
OTm_orientation,6.25,0.99865,10,2.999976992703401,19
OTm_orientation,6.5,0.00135,0,-2.999976992703393,1
OTm_orientation,6.5,0.00383,1,-2.6667000630340683,2
OTm_orientation,6.5,0.00982,1,-2.3331552225672434,3
OTm_orientation,6.5,0.02275,2,-2.000002443899604,4
OTm_orientation,6.5,0.04779,2,-1.6666702079210545,5
OTm_orientation,6.5,0.09121,3,-1.3333407702662026,6
OTm_orientation,6.5,0.15866,3,-0.9999803859660789,7
OTm_orientation,6.5,0.25249,4,-0.6666746102242979,8
OTm_orientation,6.5,0.36944,5,-0.33333688458431254,9
OTm_orientation,6.5,0.5,5,0,10
OTm_orientation,6.5,0.63056,6,0.33333688458431254,11
OTm_orientation,6.5,0.74751,7,0.6666746102242979,12
OTm_orientation,6.5,0.84134,7,0.9999803859660789,13
OTm_orientation,6.5,0.90879,8,1.3333407702662026,14
OTm_orientation,6.5,0.95221,8,1.6666702079210545,15
OTm_orientation,6.5,0.97725,9,2.0000024438996027,16
OTm_orientation,6.5,0.99018,9,2.3331552225672416,17
OTm_orientation,6.5,0.99617,10,2.6667000630340683,18
OTm_orientation,6.5,0.99865,10,2.999976992703401,19
OTm_orientation,6.75,0.00135,0,-2.999976992703393,1
OTm_orientation,6.75,0.00383,1,-2.6667000630340683,2
OTm_orientation,6.75,0.00982,1,-2.3331552225672434,3
OTm_orientation,6.75,0.02275,2,-2.000002443899604,4
OTm_orientation,6.75,0.04779,2,-1.6666702079210545,5
OTm_orientation,6.75,0.09121,3,-1.3333407702662026,6
OTm_orientation,6.75,0.15866,4,-0.9999803859660789,7
OTm_orientation,6.75,0.25249,4,-0.6666746102242979,8
OTm_orientation,6.75,0.36944,5,-0.33333688458431254,9
OTm_orientation,6.75,0.5,6,0,10
OTm_orientation,6.75,0.63056,6,0.33333688458431254,11
OTm_orientation,6.75,0.74751,7,0.6666746102242979,12
OTm_orientation,6.75,0.84134,8,0.9999803859660789,13
OTm_orientation,6.75,0.90879,8,1.3333407702662026,14
OTm_orientation,6.75,0.95221,9,1.6666702079210545,15
OTm_orientation,6.75,0.97725,9,2.0000024438996027,16
OTm_orientation,6.75,0.99018,10,2.3331552225672416,17
OTm_orientation,6.75,0.99617,10,2.6667000630340683,18
OTm_orientation,6.75,0.99865,10,2.999976992703401,19
OTm_orientation,7,0.00135,0,-2.999976992703393,1
OTm_orientation,7,0.00383,1,-2.6667000630340683,2
OTm_orientation,7,0.00982,1,-2.3331552225672434,3
OTm_orientation,7,0.02275,2,-2.000002443899604,4
OTm_orientation,7,0.04779,3,-1.6666702079210545,5
OTm_orientation,7,0.09121,3,-1.3333407702662026,6
OTm_orientation,7,0.15866,4,-0.9999803859660789,7
OTm_orientation,7,0.25249,4,-0.6666746102242979,8
OTm_orientation,7,0.36944,5,-0.33333688458431254,9
OTm_orientation,7,0.5,6,0,10
OTm_orientation,7,0.63056,6,0.33333688458431254,11
OTm_orientation,7,0.74751,7,0.6666746102242979,12
OTm_orientation,7,0.84134,8,0.9999803859660789,13
OTm_orientation,7,0.90879,8,1.3333407702662026,14
OTm_orientation,7,0.95221,9,1.6666702079210545,15
OTm_orientation,7,0.97725,9,2.0000024438996027,16
OTm_orientation,7,0.99018,10,2.3331552225672416,17
OTm_orientation,7,0.99617,10,2.6667000630340683,18
OTm_orientation,7,0.99865,10,2.999976992703401,19
OTm_orientation,7.25,0.00135,1,-2.999976992703393,1
OTm_orientation,7.25,0.00383,1,-2.6667000630340683,2
OTm_orientation,7.25,0.00982,2,-2.3331552225672434,3
OTm_orientation,7.25,0.02275,2,-2.000002443899604,4
OTm_orientation,7.25,0.04779,3,-1.6666702079210545,5
OTm_orientation,7.25,0.09121,3,-1.3333407702662026,6
OTm_orientation,7.25,0.15866,4,-0.9999803859660789,7
OTm_orientation,7.25,0.25249,5,-0.6666746102242979,8
OTm_orientation,7.25,0.36944,5,-0.33333688458431254,9
OTm_orientation,7.25,0.5,6,0,10
OTm_orientation,7.25,0.63056,7,0.33333688458431254,11
OTm_orientation,7.25,0.74751,7,0.6666746102242979,12
OTm_orientation,7.25,0.84134,8,0.9999803859660789,13
OTm_orientation,7.25,0.90879,8,1.3333407702662026,14
OTm_orientation,7.25,0.95221,9,1.6666702079210545,15
OTm_orientation,7.25,0.97725,9,2.0000024438996027,16
OTm_orientation,7.25,0.99018,10,2.3331552225672416,17
OTm_orientation,7.25,0.99617,10,2.6667000630340683,18
OTm_orientation,7.25,0.99865,10,2.999976992703401,19
OTm_orientation,7.5,0.00135,1,-2.999976992703393,1
OTm_orientation,7.5,0.00383,1,-2.6667000630340683,2
OTm_orientation,7.5,0.00982,2,-2.3331552225672434,3
OTm_orientation,7.5,0.02275,2,-2.000002443899604,4
OTm_orientation,7.5,0.04779,3,-1.6666702079210545,5
OTm_orientation,7.5,0.09121,4,-1.3333407702662026,6
OTm_orientation,7.5,0.15866,4,-0.9999803859660789,7
OTm_orientation,7.5,0.25249,5,-0.6666746102242979,8
OTm_orientation,7.5,0.36944,6,-0.33333688458431254,9
OTm_orientation,7.5,0.5,6,0,10
OTm_orientation,7.5,0.63056,7,0.33333688458431254,11
OTm_orientation,7.5,0.74751,7,0.6666746102242979,12
OTm_orientation,7.5,0.84134,8,0.9999803859660789,13
OTm_orientation,7.5,0.90879,9,1.3333407702662026,14
OTm_orientation,7.5,0.95221,9,1.6666702079210545,15
OTm_orientation,7.5,0.97725,10,2.0000024438996027,16
OTm_orientation,7.5,0.99018,10,2.3331552225672416,17
OTm_orientation,7.5,0.99617,10,2.6667000630340683,18
OTm_orientation,7.5,0.99865,10,2.999976992703401,19
OTm_orientation,7.75,0.00135,1,-2.999976992703393,1
OTm_orientation,7.75,0.00383,1,-2.6667000630340683,2
OTm_orientation,7.75,0.00982,2,-2.3331552225672434,3
OTm_orientation,7.75,0.02275,3,-2.000002443899604,4
OTm_orientation,7.75,0.04779,3,-1.6666702079210545,5
OTm_orientation,7.75,0.09121,4,-1.3333407702662026,6
OTm_orientation,7.75,0.15866,4,-0.9999803859660789,7
OTm_orientation,7.75,0.25249,5,-0.6666746102242979,8
OTm_orientation,7.75,0.36944,6,-0.33333688458431254,9
OTm_orientation,7.75,0.5,6,0,10
OTm_orientation,7.75,0.63056,7,0.33333688458431254,11
OTm_orientation,7.75,0.74751,8,0.6666746102242979,12
OTm_orientation,7.75,0.84134,8,0.9999803859660789,13
OTm_orientation,7.75,0.90879,9,1.3333407702662026,14
OTm_orientation,7.75,0.95221,9,1.6666702079210545,15
OTm_orientation,7.75,0.97725,10,2.0000024438996027,16
OTm_orientation,7.75,0.99018,10,2.3331552225672416,17
OTm_orientation,7.75,0.99617,10,2.6667000630340683,18
OTm_orientation,7.75,0.99865,10,2.999976992703401,19
OTm_orientation,8,0.00135,1,-2.999976992703393,1
OTm_orientation,8,0.00383,2,-2.6667000630340683,2
OTm_orientation,8,0.00982,2,-2.3331552225672434,3
OTm_orientation,8,0.02275,3,-2.000002443899604,4
OTm_orientation,8,0.04779,3,-1.6666702079210545,5
OTm_orientation,8,0.09121,4,-1.3333407702662026,6
OTm_orientation,8,0.15866,5,-0.9999803859660789,7
OTm_orientation,8,0.25249,5,-0.6666746102242979,8
OTm_orientation,8,0.36944,6,-0.33333688458431254,9
OTm_orientation,8,0.5,7,0,10
OTm_orientation,8,0.63056,7,0.33333688458431254,11
OTm_orientation,8,0.74751,8,0.6666746102242979,12
OTm_orientation,8,0.84134,8,0.9999803859660789,13
OTm_orientation,8,0.90879,9,1.3333407702662026,14
OTm_orientation,8,0.95221,9,1.6666702079210545,15
OTm_orientation,8,0.97725,10,2.0000024438996027,16
OTm_orientation,8,0.99018,10,2.3331552225672416,17
OTm_orientation,8,0.99617,10,2.6667000630340683,18
OTm_orientation,8,0.99865,10,2.999976992703401,19
OTm_orientation,8.25,0.00135,1,-2.999976992703393,1
OTm_orientation,8.25,0.00383,2,-2.6667000630340683,2
OTm_orientation,8.25,0.00982,2,-2.3331552225672434,3
OTm_orientation,8.25,0.02275,3,-2.000002443899604,4
OTm_orientation,8.25,0.04779,4,-1.6666702079210545,5
OTm_orientation,8.25,0.09121,4,-1.3333407702662026,6
OTm_orientation,8.25,0.15866,5,-0.9999803859660789,7
OTm_orientation,8.25,0.25249,6,-0.6666746102242979,8
OTm_orientation,8.25,0.36944,6,-0.33333688458431254,9
OTm_orientation,8.25,0.5,7,0,10
OTm_orientation,8.25,0.63056,7,0.33333688458431254,11
OTm_orientation,8.25,0.74751,8,0.6666746102242979,12
OTm_orientation,8.25,0.84134,9,0.9999803859660789,13
OTm_orientation,8.25,0.90879,9,1.3333407702662026,14
OTm_orientation,8.25,0.95221,9,1.6666702079210545,15
OTm_orientation,8.25,0.97725,10,2.0000024438996027,16
OTm_orientation,8.25,0.99018,10,2.3331552225672416,17
OTm_orientation,8.25,0.99617,10,2.6667000630340683,18
OTm_orientation,8.25,0.99865,10,2.999976992703401,19
OTm_orientation,8.5,0.00135,1,-2.999976992703393,1
OTm_orientation,8.5,0.00383,2,-2.6667000630340683,2
OTm_orientation,8.5,0.00982,2,-2.3331552225672434,3
OTm_orientation,8.5,0.02275,3,-2.000002443899604,4
OTm_orientation,8.5,0.04779,4,-1.6666702079210545,5
OTm_orientation,8.5,0.09121,4,-1.3333407702662026,6
OTm_orientation,8.5,0.15866,5,-0.9999803859660789,7
OTm_orientation,8.5,0.25249,6,-0.6666746102242979,8
OTm_orientation,8.5,0.36944,6,-0.33333688458431254,9
OTm_orientation,8.5,0.5,7,0,10
OTm_orientation,8.5,0.63056,8,0.33333688458431254,11
OTm_orientation,8.5,0.74751,8,0.6666746102242979,12
OTm_orientation,8.5,0.84134,9,0.9999803859660789,13
OTm_orientation,8.5,0.90879,9,1.3333407702662026,14
OTm_orientation,8.5,0.95221,10,1.6666702079210545,15
OTm_orientation,8.5,0.97725,10,2.0000024438996027,16
OTm_orientation,8.5,0.99018,10,2.3331552225672416,17
OTm_orientation,8.5,0.99617,10,2.6667000630340683,18
OTm_orientation,8.5,0.99865,10,2.999976992703401,19
OTm_orientation,8.75,0.00135,1,-2.999976992703393,1
OTm_orientation,8.75,0.00383,2,-2.6667000630340683,2
OTm_orientation,8.75,0.00982,3,-2.3331552225672434,3
OTm_orientation,8.75,0.02275,3,-2.000002443899604,4
OTm_orientation,8.75,0.04779,4,-1.6666702079210545,5
OTm_orientation,8.75,0.09121,5,-1.3333407702662026,6
OTm_orientation,8.75,0.15866,5,-0.9999803859660789,7
OTm_orientation,8.75,0.25249,6,-0.6666746102242979,8
OTm_orientation,8.75,0.36944,7,-0.33333688458431254,9
OTm_orientation,8.75,0.5,7,0,10
OTm_orientation,8.75,0.63056,8,0.33333688458431254,11
OTm_orientation,8.75,0.74751,8,0.6666746102242979,12
OTm_orientation,8.75,0.84134,9,0.9999803859660789,13
OTm_orientation,8.75,0.90879,9,1.3333407702662026,14
OTm_orientation,8.75,0.95221,10,1.6666702079210545,15
OTm_orientation,8.75,0.97725,10,2.0000024438996027,16
OTm_orientation,8.75,0.99018,10,2.3331552225672416,17
OTm_orientation,8.75,0.99617,10,2.6667000630340683,18
OTm_orientation,8.75,0.99865,10,2.999976992703401,19
OTm_orientation,9,0.00135,2,-2.999976992703393,1
OTm_orientation,9,0.00383,2,-2.6667000630340683,2
OTm_orientation,9,0.00982,3,-2.3331552225672434,3
OTm_orientation,9,0.02275,3,-2.000002443899604,4
OTm_orientation,9,0.04779,4,-1.6666702079210545,5
OTm_orientation,9,0.09121,5,-1.3333407702662026,6
OTm_orientation,9,0.15866,6,-0.9999803859660789,7
OTm_orientation,9,0.25249,6,-0.6666746102242979,8
OTm_orientation,9,0.36944,7,-0.33333688458431254,9
OTm_orientation,9,0.5,7,0,10
OTm_orientation,9,0.63056,8,0.33333688458431254,11
OTm_orientation,9,0.74751,9,0.6666746102242979,12
OTm_orientation,9,0.84134,9,0.9999803859660789,13
OTm_orientation,9,0.90879,9,1.3333407702662026,14
OTm_orientation,9,0.95221,10,1.6666702079210545,15
OTm_orientation,9,0.97725,10,2.0000024438996027,16
OTm_orientation,9,0.99018,10,2.3331552225672416,17
OTm_orientation,9,0.99617,10,2.6667000630340683,18
OTm_orientation,9,0.99865,10,2.999976992703401,19
OTm_orientation,9.25,0.00135,2,-2.999976992703393,1
OTm_orientation,9.25,0.00383,2,-2.6667000630340683,2
OTm_orientation,9.25,0.00982,3,-2.3331552225672434,3
OTm_orientation,9.25,0.02275,4,-2.000002443899604,4
OTm_orientation,9.25,0.04779,4,-1.6666702079210545,5
OTm_orientation,9.25,0.09121,5,-1.3333407702662026,6
OTm_orientation,9.25,0.15866,6,-0.9999803859660789,7
OTm_orientation,9.25,0.25249,6,-0.6666746102242979,8
OTm_orientation,9.25,0.36944,7,-0.33333688458431254,9
OTm_orientation,9.25,0.5,8,0,10
OTm_orientation,9.25,0.63056,8,0.33333688458431254,11
OTm_orientation,9.25,0.74751,9,0.6666746102242979,12
OTm_orientation,9.25,0.84134,9,0.9999803859660789,13
OTm_orientation,9.25,0.90879,9,1.3333407702662026,14
OTm_orientation,9.25,0.95221,10,1.6666702079210545,15
OTm_orientation,9.25,0.97725,10,2.0000024438996027,16
OTm_orientation,9.25,0.99018,10,2.3331552225672416,17
OTm_orientation,9.25,0.99617,10,2.6667000630340683,18
OTm_orientation,9.25,0.99865,10,2.999976992703401,19
OTm_orientation,9.5,0.00135,2,-2.999976992703393,1
OTm_orientation,9.5,0.00383,3,-2.6667000630340683,2
OTm_orientation,9.5,0.00982,3,-2.3331552225672434,3
OTm_orientation,9.5,0.02275,4,-2.000002443899604,4
OTm_orientation,9.5,0.04779,5,-1.6666702079210545,5
OTm_orientation,9.5,0.09121,5,-1.3333407702662026,6
OTm_orientation,9.5,0.15866,6,-0.9999803859660789,7
OTm_orientation,9.5,0.25249,7,-0.6666746102242979,8
OTm_orientation,9.5,0.36944,7,-0.33333688458431254,9
OTm_orientation,9.5,0.5,8,0,10
OTm_orientation,9.5,0.63056,8,0.33333688458431254,11
OTm_orientation,9.5,0.74751,9,0.6666746102242979,12
OTm_orientation,9.5,0.84134,9,0.9999803859660789,13
OTm_orientation,9.5,0.90879,10,1.3333407702662026,14
OTm_orientation,9.5,0.95221,10,1.6666702079210545,15
OTm_orientation,9.5,0.97725,10,2.0000024438996027,16
OTm_orientation,9.5,0.99018,10,2.3331552225672416,17
OTm_orientation,9.5,0.99617,10,2.6667000630340683,18
OTm_orientation,9.5,0.99865,10,2.999976992703401,19
OTm_orientation,9.75,0.00135,2,-2.999976992703393,1
OTm_orientation,9.75,0.00383,3,-2.6667000630340683,2
OTm_orientation,9.75,0.00982,3,-2.3331552225672434,3
OTm_orientation,9.75,0.02275,4,-2.000002443899604,4
OTm_orientation,9.75,0.04779,5,-1.6666702079210545,5
OTm_orientation,9.75,0.09121,5,-1.3333407702662026,6
OTm_orientation,9.75,0.15866,6,-0.9999803859660789,7
OTm_orientation,9.75,0.25249,7,-0.6666746102242979,8
OTm_orientation,9.75,0.36944,7,-0.33333688458431254,9
OTm_orientation,9.75,0.5,8,0,10
OTm_orientation,9.75,0.63056,8,0.33333688458431254,11
OTm_orientation,9.75,0.74751,9,0.6666746102242979,12
OTm_orientation,9.75,0.84134,9,0.9999803859660789,13
OTm_orientation,9.75,0.90879,10,1.3333407702662026,14
OTm_orientation,9.75,0.95221,10,1.6666702079210545,15
OTm_orientation,9.75,0.97725,10,2.0000024438996027,16
OTm_orientation,9.75,0.99018,10,2.3331552225672416,17
OTm_orientation,9.75,0.99617,10,2.6667000630340683,18
OTm_orientation,9.75,0.99865,10,2.999976992703401,19
OTm_orientation,10,0.00135,2,-2.999976992703393,1
OTm_orientation,10,0.00383,3,-2.6667000630340683,2
OTm_orientation,10,0.00982,4,-2.3331552225672434,3
OTm_orientation,10,0.02275,4,-2.000002443899604,4
OTm_orientation,10,0.04779,5,-1.6666702079210545,5
OTm_orientation,10,0.09121,6,-1.3333407702662026,6
OTm_orientation,10,0.15866,6,-0.9999803859660789,7
OTm_orientation,10,0.25249,7,-0.6666746102242979,8
OTm_orientation,10,0.36944,7,-0.33333688458431254,9
OTm_orientation,10,0.5,8,0,10
OTm_orientation,10,0.63056,9,0.33333688458431254,11
OTm_orientation,10,0.74751,9,0.6666746102242979,12
OTm_orientation,10,0.84134,9,0.9999803859660789,13
OTm_orientation,10,0.90879,10,1.3333407702662026,14
OTm_orientation,10,0.95221,10,1.6666702079210545,15
OTm_orientation,10,0.97725,10,2.0000024438996027,16
OTm_orientation,10,0.99018,10,2.3331552225672416,17
OTm_orientation,10,0.99617,10,2.6667000630340683,18
OTm_orientation,10,0.99865,10,2.999976992703401,19
OTm_orientation,10.25,0.00135,2,-2.999976992703393,1
OTm_orientation,10.25,0.00383,3,-2.6667000630340683,2
OTm_orientation,10.25,0.00982,4,-2.3331552225672434,3
OTm_orientation,10.25,0.02275,4,-2.000002443899604,4
OTm_orientation,10.25,0.04779,5,-1.6666702079210545,5
OTm_orientation,10.25,0.09121,6,-1.3333407702662026,6
OTm_orientation,10.25,0.15866,6,-0.9999803859660789,7
OTm_orientation,10.25,0.25249,7,-0.6666746102242979,8
OTm_orientation,10.25,0.36944,8,-0.33333688458431254,9
OTm_orientation,10.25,0.5,8,0,10
OTm_orientation,10.25,0.63056,9,0.33333688458431254,11
OTm_orientation,10.25,0.74751,9,0.6666746102242979,12
OTm_orientation,10.25,0.84134,10,0.9999803859660789,13
OTm_orientation,10.25,0.90879,10,1.3333407702662026,14
OTm_orientation,10.25,0.95221,10,1.6666702079210545,15
OTm_orientation,10.25,0.97725,10,2.0000024438996027,16
OTm_orientation,10.25,0.99018,10,2.3331552225672416,17
OTm_orientation,10.25,0.99617,10,2.6667000630340683,18
OTm_orientation,10.25,0.99865,10,2.999976992703401,19
OTm_orientation,10.5,0.00135,3,-2.999976992703393,1
OTm_orientation,10.5,0.00383,3,-2.6667000630340683,2
OTm_orientation,10.5,0.00982,4,-2.3331552225672434,3
OTm_orientation,10.5,0.02275,5,-2.000002443899604,4
OTm_orientation,10.5,0.04779,5,-1.6666702079210545,5
OTm_orientation,10.5,0.09121,6,-1.3333407702662026,6
OTm_orientation,10.5,0.15866,7,-0.9999803859660789,7
OTm_orientation,10.5,0.25249,7,-0.6666746102242979,8
OTm_orientation,10.5,0.36944,8,-0.33333688458431254,9
OTm_orientation,10.5,0.5,8,0,10
OTm_orientation,10.5,0.63056,9,0.33333688458431254,11
OTm_orientation,10.5,0.74751,9,0.6666746102242979,12
OTm_orientation,10.5,0.84134,10,0.9999803859660789,13
OTm_orientation,10.5,0.90879,10,1.3333407702662026,14
OTm_orientation,10.5,0.95221,10,1.6666702079210545,15
OTm_orientation,10.5,0.97725,10,2.0000024438996027,16
OTm_orientation,10.5,0.99018,10,2.3331552225672416,17
OTm_orientation,10.5,0.99617,10,2.6667000630340683,18
OTm_orientation,10.5,0.99865,10,2.999976992703401,19
OTm_orientation,10.75,0.00135,3,-2.999976992703393,1
OTm_orientation,10.75,0.00383,3,-2.6667000630340683,2
OTm_orientation,10.75,0.00982,4,-2.3331552225672434,3
OTm_orientation,10.75,0.02275,5,-2.000002443899604,4
OTm_orientation,10.75,0.04779,5,-1.6666702079210545,5
OTm_orientation,10.75,0.09121,6,-1.3333407702662026,6
OTm_orientation,10.75,0.15866,7,-0.9999803859660789,7
OTm_orientation,10.75,0.25249,7,-0.6666746102242979,8
OTm_orientation,10.75,0.36944,8,-0.33333688458431254,9
OTm_orientation,10.75,0.5,8,0,10
OTm_orientation,10.75,0.63056,9,0.33333688458431254,11
OTm_orientation,10.75,0.74751,9,0.6666746102242979,12
OTm_orientation,10.75,0.84134,10,0.9999803859660789,13
OTm_orientation,10.75,0.90879,10,1.3333407702662026,14
OTm_orientation,10.75,0.95221,10,1.6666702079210545,15
OTm_orientation,10.75,0.97725,10,2.0000024438996027,16
OTm_orientation,10.75,0.99018,10,2.3331552225672416,17
OTm_orientation,10.75,0.99617,10,2.6667000630340683,18
OTm_orientation,10.75,0.99865,10,2.999976992703401,19
OTm_orientation,11,0.00135,3,-2.999976992703393,1
OTm_orientation,11,0.00383,4,-2.6667000630340683,2
OTm_orientation,11,0.00982,4,-2.3331552225672434,3
OTm_orientation,11,0.02275,5,-2.000002443899604,4
OTm_orientation,11,0.04779,6,-1.6666702079210545,5
OTm_orientation,11,0.09121,6,-1.3333407702662026,6
OTm_orientation,11,0.15866,7,-0.9999803859660789,7
OTm_orientation,11,0.25249,8,-0.6666746102242979,8
OTm_orientation,11,0.36944,8,-0.33333688458431254,9
OTm_orientation,11,0.5,9,0,10
OTm_orientation,11,0.63056,9,0.33333688458431254,11
OTm_orientation,11,0.74751,9,0.6666746102242979,12
OTm_orientation,11,0.84134,10,0.9999803859660789,13
OTm_orientation,11,0.90879,10,1.3333407702662026,14
OTm_orientation,11,0.95221,10,1.6666702079210545,15
OTm_orientation,11,0.97725,10,2.0000024438996027,16
OTm_orientation,11,0.99018,10,2.3331552225672416,17
OTm_orientation,11,0.99617,10,2.6667000630340683,18
OTm_orientation,11,0.99865,10,2.999976992703401,19
OTm_orientation,11.25,0.00135,3,-2.999976992703393,1
OTm_orientation,11.25,0.00383,4,-2.6667000630340683,2
OTm_orientation,11.25,0.00982,4,-2.3331552225672434,3
OTm_orientation,11.25,0.02275,5,-2.000002443899604,4
OTm_orientation,11.25,0.04779,6,-1.6666702079210545,5
OTm_orientation,11.25,0.09121,6,-1.3333407702662026,6
OTm_orientation,11.25,0.15866,7,-0.9999803859660789,7
OTm_orientation,11.25,0.25249,8,-0.6666746102242979,8
OTm_orientation,11.25,0.36944,8,-0.33333688458431254,9
OTm_orientation,11.25,0.5,9,0,10
OTm_orientation,11.25,0.63056,9,0.33333688458431254,11
OTm_orientation,11.25,0.74751,10,0.6666746102242979,12
OTm_orientation,11.25,0.84134,10,0.9999803859660789,13
OTm_orientation,11.25,0.90879,10,1.3333407702662026,14
OTm_orientation,11.25,0.95221,10,1.6666702079210545,15
OTm_orientation,11.25,0.97725,10,2.0000024438996027,16
OTm_orientation,11.25,0.99018,10,2.3331552225672416,17
OTm_orientation,11.25,0.99617,10,2.6667000630340683,18
OTm_orientation,11.25,0.99865,10,2.999976992703401,19
OTm_orientation,11.5,0.00135,3,-2.999976992703393,1
OTm_orientation,11.5,0.00383,4,-2.6667000630340683,2
OTm_orientation,11.5,0.00982,5,-2.3331552225672434,3
OTm_orientation,11.5,0.02275,5,-2.000002443899604,4
OTm_orientation,11.5,0.04779,6,-1.6666702079210545,5
OTm_orientation,11.5,0.09121,7,-1.3333407702662026,6
OTm_orientation,11.5,0.15866,7,-0.9999803859660789,7
OTm_orientation,11.5,0.25249,8,-0.6666746102242979,8
OTm_orientation,11.5,0.36944,8,-0.33333688458431254,9
OTm_orientation,11.5,0.5,9,0,10
OTm_orientation,11.5,0.63056,9,0.33333688458431254,11
OTm_orientation,11.5,0.74751,10,0.6666746102242979,12
OTm_orientation,11.5,0.84134,10,0.9999803859660789,13
OTm_orientation,11.5,0.90879,10,1.3333407702662026,14
OTm_orientation,11.5,0.95221,10,1.6666702079210545,15
OTm_orientation,11.5,0.97725,10,2.0000024438996027,16
OTm_orientation,11.5,0.99018,10,2.3331552225672416,17
OTm_orientation,11.5,0.99617,10,2.6667000630340683,18
OTm_orientation,11.5,0.99865,10,2.999976992703401,19
OTm_orientation,11.75,0.00135,3,-2.999976992703393,1
OTm_orientation,11.75,0.00383,4,-2.6667000630340683,2
OTm_orientation,11.75,0.00982,5,-2.3331552225672434,3
OTm_orientation,11.75,0.02275,5,-2.000002443899604,4
OTm_orientation,11.75,0.04779,6,-1.6666702079210545,5
OTm_orientation,11.75,0.09121,7,-1.3333407702662026,6
OTm_orientation,11.75,0.15866,7,-0.9999803859660789,7
OTm_orientation,11.75,0.25249,8,-0.6666746102242979,8
OTm_orientation,11.75,0.36944,8,-0.33333688458431254,9
OTm_orientation,11.75,0.5,9,0,10
OTm_orientation,11.75,0.63056,9,0.33333688458431254,11
OTm_orientation,11.75,0.74751,10,0.6666746102242979,12
OTm_orientation,11.75,0.84134,10,0.9999803859660789,13
OTm_orientation,11.75,0.90879,10,1.3333407702662026,14
OTm_orientation,11.75,0.95221,10,1.6666702079210545,15
OTm_orientation,11.75,0.97725,10,2.0000024438996027,16
OTm_orientation,11.75,0.99018,10,2.3331552225672416,17
OTm_orientation,11.75,0.99617,10,2.6667000630340683,18
OTm_orientation,11.75,0.99865,10,2.999976992703401,19
OTm_orientation,12,0.00135,4,-2.999976992703393,1
OTm_orientation,12,0.00383,4,-2.6667000630340683,2
OTm_orientation,12,0.00982,5,-2.3331552225672434,3
OTm_orientation,12,0.02275,6,-2.000002443899604,4
OTm_orientation,12,0.04779,6,-1.6666702079210545,5
OTm_orientation,12,0.09121,7,-1.3333407702662026,6
OTm_orientation,12,0.15866,8,-0.9999803859660789,7
OTm_orientation,12,0.25249,8,-0.6666746102242979,8
OTm_orientation,12,0.36944,9,-0.33333688458431254,9
OTm_orientation,12,0.5,9,0,10
OTm_orientation,12,0.63056,9,0.33333688458431254,11
OTm_orientation,12,0.74751,10,0.6666746102242979,12
OTm_orientation,12,0.84134,10,0.9999803859660789,13
OTm_orientation,12,0.90879,10,1.3333407702662026,14
OTm_orientation,12,0.95221,10,1.6666702079210545,15
OTm_orientation,12,0.97725,10,2.0000024438996027,16
OTm_orientation,12,0.99018,10,2.3331552225672416,17
OTm_orientation,12,0.99617,10,2.6667000630340683,18
OTm_orientation,12,0.99865,10,2.999976992703401,19
OTm_total,6,0.00135,1,-2.999976992703393,1
OTm_total,6,0.00383,1,-2.6667000630340683,2
OTm_total,6,0.00982,2,-2.3331552225672434,3
OTm_total,6,0.02275,3,-2.000002443899604,4
OTm_total,6,0.04779,4,-1.6666702079210545,5
OTm_total,6,0.09121,4,-1.3333407702662026,6
OTm_total,6,0.15866,5,-0.9999803859660789,7
OTm_total,6,0.25249,6,-0.6666746102242979,8
OTm_total,6,0.36944,7,-0.33333688458431254,9
OTm_total,6,0.5,8,0,10
OTm_total,6,0.63056,9,0.33333688458431254,11
OTm_total,6,0.74751,10,0.6666746102242979,12
OTm_total,6,0.84134,11,0.9999803859660789,13
OTm_total,6,0.90879,12,1.3333407702662026,14
OTm_total,6,0.95221,12,1.6666702079210545,15
OTm_total,6,0.97725,13,2.0000024438996027,16
OTm_total,6,0.99018,14,2.3331552225672416,17
OTm_total,6,0.99617,15,2.6667000630340683,18
OTm_total,6,0.99865,15,2.999976992703401,19
OTm_total,6.25,0.00135,1,-2.999976992703393,1
OTm_total,6.25,0.00383,2,-2.6667000630340683,2
OTm_total,6.25,0.00982,2,-2.3331552225672434,3
OTm_total,6.25,0.02275,3,-2.000002443899604,4
OTm_total,6.25,0.04779,4,-1.6666702079210545,5
OTm_total,6.25,0.09121,5,-1.3333407702662026,6
OTm_total,6.25,0.15866,5,-0.9999803859660789,7
OTm_total,6.25,0.25249,6,-0.6666746102242979,8
OTm_total,6.25,0.36944,7,-0.33333688458431254,9
OTm_total,6.25,0.5,8,0,10
OTm_total,6.25,0.63056,9,0.33333688458431254,11
OTm_total,6.25,0.74751,10,0.6666746102242979,12
OTm_total,6.25,0.84134,11,0.9999803859660789,13
OTm_total,6.25,0.90879,12,1.3333407702662026,14
OTm_total,6.25,0.95221,13,1.6666702079210545,15
OTm_total,6.25,0.97725,13,2.0000024438996027,16
OTm_total,6.25,0.99018,14,2.3331552225672416,17
OTm_total,6.25,0.99617,15,2.6667000630340683,18
OTm_total,6.25,0.99865,15,2.999976992703401,19
OTm_total,6.5,0.00135,1,-2.999976992703393,1
OTm_total,6.5,0.00383,2,-2.6667000630340683,2
OTm_total,6.5,0.00982,2,-2.3331552225672434,3
OTm_total,6.5,0.02275,3,-2.000002443899604,4
OTm_total,6.5,0.04779,4,-1.6666702079210545,5
OTm_total,6.5,0.09121,5,-1.3333407702662026,6
OTm_total,6.5,0.15866,6,-0.9999803859660789,7
OTm_total,6.5,0.25249,7,-0.6666746102242979,8
OTm_total,6.5,0.36944,8,-0.33333688458431254,9
OTm_total,6.5,0.5,8,0,10
OTm_total,6.5,0.63056,9,0.33333688458431254,11
OTm_total,6.5,0.74751,10,0.6666746102242979,12
OTm_total,6.5,0.84134,11,0.9999803859660789,13
OTm_total,6.5,0.90879,12,1.3333407702662026,14
OTm_total,6.5,0.95221,13,1.6666702079210545,15
OTm_total,6.5,0.97725,14,2.0000024438996027,16
OTm_total,6.5,0.99018,14,2.3331552225672416,17
OTm_total,6.5,0.99617,15,2.6667000630340683,18
OTm_total,6.5,0.99865,15,2.999976992703401,19
OTm_total,6.75,0.00135,1,-2.999976992703393,1
OTm_total,6.75,0.00383,2,-2.6667000630340683,2
OTm_total,6.75,0.00982,3,-2.3331552225672434,3
OTm_total,6.75,0.02275,3,-2.000002443899604,4
OTm_total,6.75,0.04779,4,-1.6666702079210545,5
OTm_total,6.75,0.09121,5,-1.3333407702662026,6
OTm_total,6.75,0.15866,6,-0.9999803859660789,7
OTm_total,6.75,0.25249,7,-0.6666746102242979,8
OTm_total,6.75,0.36944,8,-0.33333688458431254,9
OTm_total,6.75,0.5,9,0,10
OTm_total,6.75,0.63056,10,0.33333688458431254,11
OTm_total,6.75,0.74751,11,0.6666746102242979,12
OTm_total,6.75,0.84134,11,0.9999803859660789,13
OTm_total,6.75,0.90879,12,1.3333407702662026,14
OTm_total,6.75,0.95221,13,1.6666702079210545,15
OTm_total,6.75,0.97725,14,2.0000024438996027,16
OTm_total,6.75,0.99018,14,2.3331552225672416,17
OTm_total,6.75,0.99617,15,2.6667000630340683,18
OTm_total,6.75,0.99865,15,2.999976992703401,19
OTm_total,7,0.00135,1,-2.999976992703393,1
OTm_total,7,0.00383,2,-2.6667000630340683,2
OTm_total,7,0.00982,3,-2.3331552225672434,3
OTm_total,7,0.02275,4,-2.000002443899604,4
OTm_total,7,0.04779,4,-1.6666702079210545,5
OTm_total,7,0.09121,5,-1.3333407702662026,6
OTm_total,7,0.15866,6,-0.9999803859660789,7
OTm_total,7,0.25249,7,-0.6666746102242979,8
OTm_total,7,0.36944,8,-0.33333688458431254,9
OTm_total,7,0.5,9,0,10
OTm_total,7,0.63056,10,0.33333688458431254,11
OTm_total,7,0.74751,11,0.6666746102242979,12
OTm_total,7,0.84134,12,0.9999803859660789,13
OTm_total,7,0.90879,12,1.3333407702662026,14
OTm_total,7,0.95221,13,1.6666702079210545,15
OTm_total,7,0.97725,14,2.0000024438996027,16
OTm_total,7,0.99018,15,2.3331552225672416,17
OTm_total,7,0.99617,15,2.6667000630340683,18
OTm_total,7,0.99865,16,2.999976992703401,19
OTm_total,7.25,0.00135,2,-2.999976992703393,1
OTm_total,7.25,0.00383,2,-2.6667000630340683,2
OTm_total,7.25,0.00982,3,-2.3331552225672434,3
OTm_total,7.25,0.02275,4,-2.000002443899604,4
OTm_total,7.25,0.04779,5,-1.6666702079210545,5
OTm_total,7.25,0.09121,6,-1.3333407702662026,6
OTm_total,7.25,0.15866,6,-0.9999803859660789,7
OTm_total,7.25,0.25249,7,-0.6666746102242979,8
OTm_total,7.25,0.36944,8,-0.33333688458431254,9
OTm_total,7.25,0.5,9,0,10
OTm_total,7.25,0.63056,10,0.33333688458431254,11
OTm_total,7.25,0.74751,11,0.6666746102242979,12
OTm_total,7.25,0.84134,12,0.9999803859660789,13
OTm_total,7.25,0.90879,13,1.3333407702662026,14
OTm_total,7.25,0.95221,13,1.6666702079210545,15
OTm_total,7.25,0.97725,14,2.0000024438996027,16
OTm_total,7.25,0.99018,15,2.3331552225672416,17
OTm_total,7.25,0.99617,15,2.6667000630340683,18
OTm_total,7.25,0.99865,16,2.999976992703401,19
OTm_total,7.5,0.00135,2,-2.999976992703393,1
OTm_total,7.5,0.00383,2,-2.6667000630340683,2
OTm_total,7.5,0.00982,3,-2.3331552225672434,3
OTm_total,7.5,0.02275,4,-2.000002443899604,4
OTm_total,7.5,0.04779,5,-1.6666702079210545,5
OTm_total,7.5,0.09121,6,-1.3333407702662026,6
OTm_total,7.5,0.15866,7,-0.9999803859660789,7
OTm_total,7.5,0.25249,8,-0.6666746102242979,8
OTm_total,7.5,0.36944,9,-0.33333688458431254,9
OTm_total,7.5,0.5,10,0,10
OTm_total,7.5,0.63056,10,0.33333688458431254,11
OTm_total,7.5,0.74751,11,0.6666746102242979,12
OTm_total,7.5,0.84134,12,0.9999803859660789,13
OTm_total,7.5,0.90879,13,1.3333407702662026,14
OTm_total,7.5,0.95221,14,1.6666702079210545,15
OTm_total,7.5,0.97725,14,2.0000024438996027,16
OTm_total,7.5,0.99018,15,2.3331552225672416,17
OTm_total,7.5,0.99617,15,2.6667000630340683,18
OTm_total,7.5,0.99865,16,2.999976992703401,19
OTm_total,7.75,0.00135,2,-2.999976992703393,1
OTm_total,7.75,0.00383,3,-2.6667000630340683,2
OTm_total,7.75,0.00982,3,-2.3331552225672434,3
OTm_total,7.75,0.02275,4,-2.000002443899604,4
OTm_total,7.75,0.04779,5,-1.6666702079210545,5
OTm_total,7.75,0.09121,6,-1.3333407702662026,6
OTm_total,7.75,0.15866,7,-0.9999803859660789,7
OTm_total,7.75,0.25249,8,-0.6666746102242979,8
OTm_total,7.75,0.36944,9,-0.33333688458431254,9
OTm_total,7.75,0.5,10,0,10
OTm_total,7.75,0.63056,11,0.33333688458431254,11
OTm_total,7.75,0.74751,12,0.6666746102242979,12
OTm_total,7.75,0.84134,12,0.9999803859660789,13
OTm_total,7.75,0.90879,13,1.3333407702662026,14
OTm_total,7.75,0.95221,14,1.6666702079210545,15
OTm_total,7.75,0.97725,14,2.0000024438996027,16
OTm_total,7.75,0.99018,15,2.3331552225672416,17
OTm_total,7.75,0.99617,15,2.6667000630340683,18
OTm_total,7.75,0.99865,16,2.999976992703401,19
OTm_total,8,0.00135,2,-2.999976992703393,1
OTm_total,8,0.00383,3,-2.6667000630340683,2
OTm_total,8,0.00982,4,-2.3331552225672434,3
OTm_total,8,0.02275,5,-2.000002443899604,4
OTm_total,8,0.04779,5,-1.6666702079210545,5
OTm_total,8,0.09121,6,-1.3333407702662026,6
OTm_total,8,0.15866,7,-0.9999803859660789,7
OTm_total,8,0.25249,8,-0.6666746102242979,8
OTm_total,8,0.36944,9,-0.33333688458431254,9
OTm_total,8,0.5,10,0,10
OTm_total,8,0.63056,11,0.33333688458431254,11
OTm_total,8,0.74751,12,0.6666746102242979,12
OTm_total,8,0.84134,13,0.9999803859660789,13
OTm_total,8,0.90879,13,1.3333407702662026,14
OTm_total,8,0.95221,14,1.6666702079210545,15
OTm_total,8,0.97725,15,2.0000024438996027,16
OTm_total,8,0.99018,15,2.3331552225672416,17
OTm_total,8,0.99617,16,2.6667000630340683,18
OTm_total,8,0.99865,16,2.999976992703401,19
OTm_total,8.25,0.00135,2,-2.999976992703393,1
OTm_total,8.25,0.00383,3,-2.6667000630340683,2
OTm_total,8.25,0.00982,4,-2.3331552225672434,3
OTm_total,8.25,0.02275,5,-2.000002443899604,4
OTm_total,8.25,0.04779,6,-1.6666702079210545,5
OTm_total,8.25,0.09121,7,-1.3333407702662026,6
OTm_total,8.25,0.15866,8,-0.9999803859660789,7
OTm_total,8.25,0.25249,8,-0.6666746102242979,8
OTm_total,8.25,0.36944,9,-0.33333688458431254,9
OTm_total,8.25,0.5,10,0,10
OTm_total,8.25,0.63056,11,0.33333688458431254,11
OTm_total,8.25,0.74751,12,0.6666746102242979,12
OTm_total,8.25,0.84134,13,0.9999803859660789,13
OTm_total,8.25,0.90879,13,1.3333407702662026,14
OTm_total,8.25,0.95221,14,1.6666702079210545,15
OTm_total,8.25,0.97725,15,2.0000024438996027,16
OTm_total,8.25,0.99018,15,2.3331552225672416,17
OTm_total,8.25,0.99617,16,2.6667000630340683,18
OTm_total,8.25,0.99865,16,2.999976992703401,19
OTm_total,8.5,0.00135,3,-2.999976992703393,1
OTm_total,8.5,0.00383,3,-2.6667000630340683,2
OTm_total,8.5,0.00982,4,-2.3331552225672434,3
OTm_total,8.5,0.02275,5,-2.000002443899604,4
OTm_total,8.5,0.04779,6,-1.6666702079210545,5
OTm_total,8.5,0.09121,7,-1.3333407702662026,6
OTm_total,8.5,0.15866,8,-0.9999803859660789,7
OTm_total,8.5,0.25249,9,-0.6666746102242979,8
OTm_total,8.5,0.36944,10,-0.33333688458431254,9
OTm_total,8.5,0.5,11,0,10
OTm_total,8.5,0.63056,11,0.33333688458431254,11
OTm_total,8.5,0.74751,12,0.6666746102242979,12
OTm_total,8.5,0.84134,13,0.9999803859660789,13
OTm_total,8.5,0.90879,14,1.3333407702662026,14
OTm_total,8.5,0.95221,14,1.6666702079210545,15
OTm_total,8.5,0.97725,15,2.0000024438996027,16
OTm_total,8.5,0.99018,15,2.3331552225672416,17
OTm_total,8.5,0.99617,16,2.6667000630340683,18
OTm_total,8.5,0.99865,16,2.999976992703401,19
OTm_total,8.75,0.00135,3,-2.999976992703393,1
OTm_total,8.75,0.00383,4,-2.6667000630340683,2
OTm_total,8.75,0.00982,4,-2.3331552225672434,3
OTm_total,8.75,0.02275,5,-2.000002443899604,4
OTm_total,8.75,0.04779,6,-1.6666702079210545,5
OTm_total,8.75,0.09121,7,-1.3333407702662026,6
OTm_total,8.75,0.15866,8,-0.9999803859660789,7
OTm_total,8.75,0.25249,9,-0.6666746102242979,8
OTm_total,8.75,0.36944,10,-0.33333688458431254,9
OTm_total,8.75,0.5,11,0,10
OTm_total,8.75,0.63056,12,0.33333688458431254,11
OTm_total,8.75,0.74751,12,0.6666746102242979,12
OTm_total,8.75,0.84134,13,0.9999803859660789,13
OTm_total,8.75,0.90879,14,1.3333407702662026,14
OTm_total,8.75,0.95221,14,1.6666702079210545,15
OTm_total,8.75,0.97725,15,2.0000024438996027,16
OTm_total,8.75,0.99018,16,2.3331552225672416,17
OTm_total,8.75,0.99617,16,2.6667000630340683,18
OTm_total,8.75,0.99865,16,2.999976992703401,19
OTm_total,9,0.00135,3,-2.999976992703393,1
OTm_total,9,0.00383,4,-2.6667000630340683,2
OTm_total,9,0.00982,5,-2.3331552225672434,3
OTm_total,9,0.02275,5,-2.000002443899604,4
OTm_total,9,0.04779,6,-1.6666702079210545,5
OTm_total,9,0.09121,7,-1.3333407702662026,6
OTm_total,9,0.15866,8,-0.9999803859660789,7
OTm_total,9,0.25249,9,-0.6666746102242979,8
OTm_total,9,0.36944,10,-0.33333688458431254,9
OTm_total,9,0.5,11,0,10
OTm_total,9,0.63056,12,0.33333688458431254,11
OTm_total,9,0.74751,13,0.6666746102242979,12
OTm_total,9,0.84134,13,0.9999803859660789,13
OTm_total,9,0.90879,14,1.3333407702662026,14
OTm_total,9,0.95221,15,1.6666702079210545,15
OTm_total,9,0.97725,15,2.0000024438996027,16
OTm_total,9,0.99018,16,2.3331552225672416,17
OTm_total,9,0.99617,16,2.6667000630340683,18
OTm_total,9,0.99865,16,2.999976992703401,19
OTm_total,9.25,0.00135,3,-2.999976992703393,1
OTm_total,9.25,0.00383,4,-2.6667000630340683,2
OTm_total,9.25,0.00982,5,-2.3331552225672434,3
OTm_total,9.25,0.02275,6,-2.000002443899604,4
OTm_total,9.25,0.04779,7,-1.6666702079210545,5
OTm_total,9.25,0.09121,8,-1.3333407702662026,6
OTm_total,9.25,0.15866,9,-0.9999803859660789,7
OTm_total,9.25,0.25249,9,-0.6666746102242979,8
OTm_total,9.25,0.36944,10,-0.33333688458431254,9
OTm_total,9.25,0.5,11,0,10
OTm_total,9.25,0.63056,12,0.33333688458431254,11
OTm_total,9.25,0.74751,13,0.6666746102242979,12
OTm_total,9.25,0.84134,14,0.9999803859660789,13
OTm_total,9.25,0.90879,14,1.3333407702662026,14
OTm_total,9.25,0.95221,15,1.6666702079210545,15
OTm_total,9.25,0.97725,15,2.0000024438996027,16
OTm_total,9.25,0.99018,16,2.3331552225672416,17
OTm_total,9.25,0.99617,16,2.6667000630340683,18
OTm_total,9.25,0.99865,16,2.999976992703401,19
OTm_total,9.5,0.00135,3,-2.999976992703393,1
OTm_total,9.5,0.00383,4,-2.6667000630340683,2
OTm_total,9.5,0.00982,5,-2.3331552225672434,3
OTm_total,9.5,0.02275,6,-2.000002443899604,4
OTm_total,9.5,0.04779,7,-1.6666702079210545,5
OTm_total,9.5,0.09121,8,-1.3333407702662026,6
OTm_total,9.5,0.15866,9,-0.9999803859660789,7
OTm_total,9.5,0.25249,10,-0.6666746102242979,8
OTm_total,9.5,0.36944,11,-0.33333688458431254,9
OTm_total,9.5,0.5,11,0,10
OTm_total,9.5,0.63056,12,0.33333688458431254,11
OTm_total,9.5,0.74751,13,0.6666746102242979,12
OTm_total,9.5,0.84134,14,0.9999803859660789,13
OTm_total,9.5,0.90879,14,1.3333407702662026,14
OTm_total,9.5,0.95221,15,1.6666702079210545,15
OTm_total,9.5,0.97725,15,2.0000024438996027,16
OTm_total,9.5,0.99018,16,2.3331552225672416,17
OTm_total,9.5,0.99617,16,2.6667000630340683,18
OTm_total,9.5,0.99865,16,2.999976992703401,19
OTm_total,9.75,0.00135,4,-2.999976992703393,1
OTm_total,9.75,0.00383,4,-2.6667000630340683,2
OTm_total,9.75,0.00982,5,-2.3331552225672434,3
OTm_total,9.75,0.02275,6,-2.000002443899604,4
OTm_total,9.75,0.04779,7,-1.6666702079210545,5
OTm_total,9.75,0.09121,8,-1.3333407702662026,6
OTm_total,9.75,0.15866,9,-0.9999803859660789,7
OTm_total,9.75,0.25249,10,-0.6666746102242979,8
OTm_total,9.75,0.36944,11,-0.33333688458431254,9
OTm_total,9.75,0.5,12,0,10
OTm_total,9.75,0.63056,12,0.33333688458431254,11
OTm_total,9.75,0.74751,13,0.6666746102242979,12
OTm_total,9.75,0.84134,14,0.9999803859660789,13
OTm_total,9.75,0.90879,14,1.3333407702662026,14
OTm_total,9.75,0.95221,15,1.6666702079210545,15
OTm_total,9.75,0.97725,15,2.0000024438996027,16
OTm_total,9.75,0.99018,16,2.3331552225672416,17
OTm_total,9.75,0.99617,16,2.6667000630340683,18
OTm_total,9.75,0.99865,16,2.999976992703401,19
OTm_total,10,0.00135,4,-2.999976992703393,1
OTm_total,10,0.00383,5,-2.6667000630340683,2
OTm_total,10,0.00982,6,-2.3331552225672434,3
OTm_total,10,0.02275,6,-2.000002443899604,4
OTm_total,10,0.04779,7,-1.6666702079210545,5
OTm_total,10,0.09121,8,-1.3333407702662026,6
OTm_total,10,0.15866,9,-0.9999803859660789,7
OTm_total,10,0.25249,10,-0.6666746102242979,8
OTm_total,10,0.36944,11,-0.33333688458431254,9
OTm_total,10,0.5,12,0,10
OTm_total,10,0.63056,13,0.33333688458431254,11
OTm_total,10,0.74751,13,0.6666746102242979,12
OTm_total,10,0.84134,14,0.9999803859660789,13
OTm_total,10,0.90879,15,1.3333407702662026,14
OTm_total,10,0.95221,15,1.6666702079210545,15
OTm_total,10,0.97725,16,2.0000024438996027,16
OTm_total,10,0.99018,16,2.3331552225672416,17
OTm_total,10,0.99617,16,2.6667000630340683,18
OTm_total,10,0.99865,16,2.999976992703401,19
OTm_total,10.25,0.00135,4,-2.999976992703393,1
OTm_total,10.25,0.00383,5,-2.6667000630340683,2
OTm_total,10.25,0.00982,6,-2.3331552225672434,3
OTm_total,10.25,0.02275,7,-2.000002443899604,4
OTm_total,10.25,0.04779,8,-1.6666702079210545,5
OTm_total,10.25,0.09121,9,-1.3333407702662026,6
OTm_total,10.25,0.15866,9,-0.9999803859660789,7
OTm_total,10.25,0.25249,10,-0.6666746102242979,8
OTm_total,10.25,0.36944,11,-0.33333688458431254,9
OTm_total,10.25,0.5,12,0,10
OTm_total,10.25,0.63056,13,0.33333688458431254,11
OTm_total,10.25,0.74751,14,0.6666746102242979,12
OTm_total,10.25,0.84134,14,0.9999803859660789,13
OTm_total,10.25,0.90879,15,1.3333407702662026,14
OTm_total,10.25,0.95221,15,1.6666702079210545,15
OTm_total,10.25,0.97725,16,2.0000024438996027,16
OTm_total,10.25,0.99018,16,2.3331552225672416,17
OTm_total,10.25,0.99617,16,2.6667000630340683,18
OTm_total,10.25,0.99865,16,2.999976992703401,19
OTm_total,10.5,0.00135,4,-2.999976992703393,1
OTm_total,10.5,0.00383,5,-2.6667000630340683,2
OTm_total,10.5,0.00982,6,-2.3331552225672434,3
OTm_total,10.5,0.02275,7,-2.000002443899604,4
OTm_total,10.5,0.04779,8,-1.6666702079210545,5
OTm_total,10.5,0.09121,9,-1.3333407702662026,6
OTm_total,10.5,0.15866,10,-0.9999803859660789,7
OTm_total,10.5,0.25249,11,-0.6666746102242979,8
OTm_total,10.5,0.36944,11,-0.33333688458431254,9
OTm_total,10.5,0.5,12,0,10
OTm_total,10.5,0.63056,13,0.33333688458431254,11
OTm_total,10.5,0.74751,14,0.6666746102242979,12
OTm_total,10.5,0.84134,14,0.9999803859660789,13
OTm_total,10.5,0.90879,15,1.3333407702662026,14
OTm_total,10.5,0.95221,15,1.6666702079210545,15
OTm_total,10.5,0.97725,16,2.0000024438996027,16
OTm_total,10.5,0.99018,16,2.3331552225672416,17
OTm_total,10.5,0.99617,16,2.6667000630340683,18
OTm_total,10.5,0.99865,16,2.999976992703401,19
OTm_total,10.75,0.00135,4,-2.999976992703393,1
OTm_total,10.75,0.00383,5,-2.6667000630340683,2
OTm_total,10.75,0.00982,6,-2.3331552225672434,3
OTm_total,10.75,0.02275,7,-2.000002443899604,4
OTm_total,10.75,0.04779,8,-1.6666702079210545,5
OTm_total,10.75,0.09121,9,-1.3333407702662026,6
OTm_total,10.75,0.15866,10,-0.9999803859660789,7
OTm_total,10.75,0.25249,11,-0.6666746102242979,8
OTm_total,10.75,0.36944,12,-0.33333688458431254,9
OTm_total,10.75,0.5,12,0,10
OTm_total,10.75,0.63056,13,0.33333688458431254,11
OTm_total,10.75,0.74751,14,0.6666746102242979,12
OTm_total,10.75,0.84134,14,0.9999803859660789,13
OTm_total,10.75,0.90879,15,1.3333407702662026,14
OTm_total,10.75,0.95221,15,1.6666702079210545,15
OTm_total,10.75,0.97725,16,2.0000024438996027,16
OTm_total,10.75,0.99018,16,2.3331552225672416,17
OTm_total,10.75,0.99617,16,2.6667000630340683,18
OTm_total,10.75,0.99865,16,2.999976992703401,19
OTm_total,11,0.00135,5,-2.999976992703393,1
OTm_total,11,0.00383,5,-2.6667000630340683,2
OTm_total,11,0.00982,6,-2.3331552225672434,3
OTm_total,11,0.02275,7,-2.000002443899604,4
OTm_total,11,0.04779,8,-1.6666702079210545,5
OTm_total,11,0.09121,9,-1.3333407702662026,6
OTm_total,11,0.15866,10,-0.9999803859660789,7
OTm_total,11,0.25249,11,-0.6666746102242979,8
OTm_total,11,0.36944,12,-0.33333688458431254,9
OTm_total,11,0.5,13,0,10
OTm_total,11,0.63056,13,0.33333688458431254,11
OTm_total,11,0.74751,14,0.6666746102242979,12
OTm_total,11,0.84134,15,0.9999803859660789,13
OTm_total,11,0.90879,15,1.3333407702662026,14
OTm_total,11,0.95221,16,1.6666702079210545,15
OTm_total,11,0.97725,16,2.0000024438996027,16
OTm_total,11,0.99018,16,2.3331552225672416,17
OTm_total,11,0.99617,16,2.6667000630340683,18
OTm_total,11,0.99865,16,2.999976992703401,19
OTm_total,11.25,0.00135,5,-2.999976992703393,1
OTm_total,11.25,0.00383,6,-2.6667000630340683,2
OTm_total,11.25,0.00982,7,-2.3331552225672434,3
OTm_total,11.25,0.02275,8,-2.000002443899604,4
OTm_total,11.25,0.04779,9,-1.6666702079210545,5
OTm_total,11.25,0.09121,9,-1.3333407702662026,6
OTm_total,11.25,0.15866,10,-0.9999803859660789,7
OTm_total,11.25,0.25249,11,-0.6666746102242979,8
OTm_total,11.25,0.36944,12,-0.33333688458431254,9
OTm_total,11.25,0.5,13,0,10
OTm_total,11.25,0.63056,14,0.33333688458431254,11
OTm_total,11.25,0.74751,14,0.6666746102242979,12
OTm_total,11.25,0.84134,15,0.9999803859660789,13
OTm_total,11.25,0.90879,15,1.3333407702662026,14
OTm_total,11.25,0.95221,16,1.6666702079210545,15
OTm_total,11.25,0.97725,16,2.0000024438996027,16
OTm_total,11.25,0.99018,16,2.3331552225672416,17
OTm_total,11.25,0.99617,16,2.6667000630340683,18
OTm_total,11.25,0.99865,16,2.999976992703401,19
OTm_total,11.5,0.00135,5,-2.999976992703393,1
OTm_total,11.5,0.00383,6,-2.6667000630340683,2
OTm_total,11.5,0.00982,7,-2.3331552225672434,3
OTm_total,11.5,0.02275,8,-2.000002443899604,4
OTm_total,11.5,0.04779,9,-1.6666702079210545,5
OTm_total,11.5,0.09121,10,-1.3333407702662026,6
OTm_total,11.5,0.15866,11,-0.9999803859660789,7
OTm_total,11.5,0.25249,11,-0.6666746102242979,8
OTm_total,11.5,0.36944,12,-0.33333688458431254,9
OTm_total,11.5,0.5,13,0,10
OTm_total,11.5,0.63056,14,0.33333688458431254,11
OTm_total,11.5,0.74751,14,0.6666746102242979,12
OTm_total,11.5,0.84134,15,0.9999803859660789,13
OTm_total,11.5,0.90879,15,1.3333407702662026,14
OTm_total,11.5,0.95221,16,1.6666702079210545,15
OTm_total,11.5,0.97725,16,2.0000024438996027,16
OTm_total,11.5,0.99018,16,2.3331552225672416,17
OTm_total,11.5,0.99617,16,2.6667000630340683,18
OTm_total,11.5,0.99865,16,2.999976992703401,19
OTm_total,11.75,0.00135,5,-2.999976992703393,1
OTm_total,11.75,0.00383,6,-2.6667000630340683,2
OTm_total,11.75,0.00982,7,-2.3331552225672434,3
OTm_total,11.75,0.02275,8,-2.000002443899604,4
OTm_total,11.75,0.04779,9,-1.6666702079210545,5
OTm_total,11.75,0.09121,10,-1.3333407702662026,6
OTm_total,11.75,0.15866,11,-0.9999803859660789,7
OTm_total,11.75,0.25249,12,-0.6666746102242979,8
OTm_total,11.75,0.36944,12,-0.33333688458431254,9
OTm_total,11.75,0.5,13,0,10
OTm_total,11.75,0.63056,14,0.33333688458431254,11
OTm_total,11.75,0.74751,14,0.6666746102242979,12
OTm_total,11.75,0.84134,15,0.9999803859660789,13
OTm_total,11.75,0.90879,15,1.3333407702662026,14
OTm_total,11.75,0.95221,16,1.6666702079210545,15
OTm_total,11.75,0.97725,16,2.0000024438996027,16
OTm_total,11.75,0.99018,16,2.3331552225672416,17
OTm_total,11.75,0.99617,16,2.6667000630340683,18
OTm_total,11.75,0.99865,16,2.999976992703401,19
OTm_total,12,0.00135,5,-2.999976992703393,1
OTm_total,12,0.00383,6,-2.6667000630340683,2
OTm_total,12,0.00982,7,-2.3331552225672434,3
OTm_total,12,0.02275,8,-2.000002443899604,4
OTm_total,12,0.04779,9,-1.6666702079210545,5
OTm_total,12,0.09121,10,-1.3333407702662026,6
OTm_total,12,0.15866,11,-0.9999803859660789,7
OTm_total,12,0.25249,12,-0.6666746102242979,8
OTm_total,12,0.36944,13,-0.33333688458431254,9
OTm_total,12,0.5,13,0,10
OTm_total,12,0.63056,14,0.33333688458431254,11
OTm_total,12,0.74751,15,0.6666746102242979,12
OTm_total,12,0.84134,15,0.9999803859660789,13
OTm_total,12,0.90879,16,1.3333407702662026,14
OTm_total,12,0.95221,16,1.6666702079210545,15
OTm_total,12,0.97725,16,2.0000024438996027,16
OTm_total,12,0.99018,16,2.3331552225672416,17
OTm_total,12,0.99617,16,2.6667000630340683,18
OTm_total,12,0.99865,16,2.999976992703401,19
PercDevAbs_TR_10,6,0.00135,0.05205761528254067,2.999976992703393,19
PercDevAbs_TR_10,6,0.00383,0.19823167986244555,2.6667000630340683,18
PercDevAbs_TR_10,6,0.00982,0.5557231957879076,2.3331552225672434,17
PercDevAbs_TR_10,6,0.02275,1.2783340400775853,2.000002443899604,16
PercDevAbs_TR_10,6,0.04779,2.570863880235541,1.6666702079210545,15
PercDevAbs_TR_10,6,0.09121,4.689153729484348,1.3333407702662026,14
PercDevAbs_TR_10,6,0.15866,7.9444750268025714,0.9999803859660789,13
PercDevAbs_TR_10,6,0.25249,12.703811148753761,0.6666746102242979,12
PercDevAbs_TR_10,6,0.36944,19.395345797503044,0.33333688458431254,11
PercDevAbs_TR_10,6,0.5,28.50683909395811,-0,10
PercDevAbs_TR_10,6,0.63056,40.589267773634646,-0.33333688458431254,9
PercDevAbs_TR_10,6,0.74751,56.258086423219495,-0.6666746102242979,8
PercDevAbs_TR_10,6,0.84134,76.19253964096042,-0.9999803859660789,7
PercDevAbs_TR_10,6,0.90879,101.14713799833125,-1.3333407702662026,6
PercDevAbs_TR_10,6,0.95221,131.93370262448917,-1.6666702079210545,5
PercDevAbs_TR_10,6,0.97725,169.44245901822427,-2.0000024438996027,4
PercDevAbs_TR_10,6,0.99018,214.60585024304797,-2.3331552225672416,3
PercDevAbs_TR_10,6,0.99617,268.54132333503964,-2.6667000630340683,2
PercDevAbs_TR_10,6,0.99865,332.2527478257732,-2.999976992703401,1
PercDevAbs_TR_10,6.25,0.00135,0.04467915687142149,2.999976992703393,19
PercDevAbs_TR_10,6.25,0.00383,0.1760192090937248,2.6667000630340683,18
PercDevAbs_TR_10,6.25,0.00982,0.5040882691895942,2.3331552225672434,17
PercDevAbs_TR_10,6.25,0.02275,1.176206383348432,2.000002443899604,16
PercDevAbs_TR_10,6.25,0.04779,2.389518395560627,1.6666702079210545,15
PercDevAbs_TR_10,6.25,0.09121,4.391240320585783,1.3333407702662026,14
PercDevAbs_TR_10,6.25,0.15866,7.482909849011367,0.9999803859660789,13
PercDevAbs_TR_10,6.25,0.25249,12.020760817835294,0.6666746102242979,12
PercDevAbs_TR_10,6.25,0.36944,18.421031715565128,0.33333688458431254,11
PercDevAbs_TR_10,6.25,0.5,27.158495651313096,-0,10
PercDevAbs_TR_10,6.25,0.63056,38.769994193970945,-0.33333688458431254,9
PercDevAbs_TR_10,6.25,0.74751,53.855701277514775,-0.6666746102242979,8
PercDevAbs_TR_10,6.25,0.84134,73.07849777266745,-0.9999803859660789,7
PercDevAbs_TR_10,6.25,0.90879,97.1750794630427,-1.3333407702662026,6
PercDevAbs_TR_10,6.25,0.95221,126.93866458258181,-1.6666702079210545,5
PercDevAbs_TR_10,6.25,0.97725,163.23938162506153,-2.0000024438996027,4
PercDevAbs_TR_10,6.25,0.99018,206.9892667610134,-2.3331552225672416,3
PercDevAbs_TR_10,6.25,0.99617,259.28065690735906,-2.6667000630340683,2
PercDevAbs_TR_10,6.25,0.99865,321.09682377489855,-2.999976992703401,1
PercDevAbs_TR_10,6.5,0.00135,0.038247627902692656,2.999976992703393,19
PercDevAbs_TR_10,6.5,0.00383,0.15606521859518238,2.6667000630340683,18
PercDevAbs_TR_10,6.5,0.00982,0.45685615386378114,2.3331552225672434,17
PercDevAbs_TR_10,6.5,0.02275,1.0816747363960943,2.000002443899604,16
PercDevAbs_TR_10,6.5,0.04779,2.2202580349093726,1.6666702079210545,15
PercDevAbs_TR_10,6.5,0.09121,4.111457926554695,1.3333407702662026,14
PercDevAbs_TR_10,6.5,0.15866,7.047360847213073,0.9999803859660789,13
PercDevAbs_TR_10,6.5,0.25249,11.373749937535939,0.6666746102242979,12
PercDevAbs_TR_10,6.5,0.36944,17.495241616274402,0.33333688458431254,11
PercDevAbs_TR_10,6.5,0.5,25.873961760919236,-0,10
PercDevAbs_TR_10,6.5,0.63056,37.03297757486519,-0.33333688458431254,9
PercDevAbs_TR_10,6.5,0.74751,51.557563457069804,-0.6666746102242979,8
PercDevAbs_TR_10,6.5,0.84134,70.09463534088971,-0.9999803859660789,7
PercDevAbs_TR_10,6.5,0.90879,93.36350352857218,-1.3333407702662026,6
PercDevAbs_TR_10,6.5,0.95221,122.13921898620275,-1.6666702079210545,5
PercDevAbs_TR_10,6.5,0.97725,157.27228004643933,-2.0000024438996027,4
PercDevAbs_TR_10,6.5,0.99018,199.65477424716968,-2.3331552225672416,3
PercDevAbs_TR_10,6.5,0.99617,250.35451967004624,-2.6667000630340683,2
PercDevAbs_TR_10,6.5,0.99865,310.3346177200618,-2.999976992703401,1
PercDevAbs_TR_10,6.75,0.00135,0.032655859801301985,2.999976992703393,19
PercDevAbs_TR_10,6.75,0.00383,0.13816483776552665,2.6667000630340683,18
PercDevAbs_TR_10,6.75,0.00982,0.4136852071307687,2.3331552225672434,17
PercDevAbs_TR_10,6.75,0.02275,0.99421471263928,2.000002443899604,16
PercDevAbs_TR_10,6.75,0.04779,2.0623221619553136,1.6666702079210545,15
PercDevAbs_TR_10,6.75,0.09121,3.8487487642700438,1.3333407702662026,14
PercDevAbs_TR_10,6.75,0.15866,6.636404353787964,0.9999803859660789,13
PercDevAbs_TR_10,6.75,0.25249,10.760912154264766,0.6666746102242979,12
PercDevAbs_TR_10,6.75,0.36944,16.615581008457816,0.33333688458431254,11
PercDevAbs_TR_10,6.75,0.5,24.65022045715423,-0,10
PercDevAbs_TR_10,6.75,0.63056,35.37447482833786,-0.33333688458431254,9
PercDevAbs_TR_10,6.75,0.74751,49.35909040541398,-0.6666746102242979,8
PercDevAbs_TR_10,6.75,0.84134,67.23540699071526,-0.9999803859660789,7
PercDevAbs_TR_10,6.75,0.90879,89.7057679744569,-1.3333407702662026,6
PercDevAbs_TR_10,6.75,0.95221,117.5274820835048,-1.6666702079210545,5
PercDevAbs_TR_10,6.75,0.97725,151.5318729657708,-2.0000024438996027,4
PercDevAbs_TR_10,6.75,0.99018,192.5915270301804,-2.3331552225672416,3
PercDevAbs_TR_10,6.75,0.99617,241.7503198992365,-2.6667000630340683,2
PercDevAbs_TR_10,6.75,0.99865,299.9516010850708,-2.999976992703401,1
PercDevAbs_TR_10,7,0.00135,0.027807030383851152,2.999976992703393,19
PercDevAbs_TR_10,7,0.00383,0.12212956996444961,2.6667000630340683,18
PercDevAbs_TR_10,7,0.00982,0.3742579117250873,2.3331552225672434,17
PercDevAbs_TR_10,7,0.02275,0.9133357110536373,2.000002443899604,16
PercDevAbs_TR_10,7,0.04779,1.9149956960817989,1.6666702079210545,15
PercDevAbs_TR_10,7,0.09121,3.6021146869563054,1.3333407702662026,14
PercDevAbs_TR_10,7,0.15866,6.248692951746908,0.9999803859660789,13
PercDevAbs_TR_10,7,0.25249,10.180476742480018,0.6666746102242979,12
PercDevAbs_TR_10,7,0.36944,15.779773419245954,0.33333688458431254,11
PercDevAbs_TR_10,7,0.5,23.484398449230813,-0,10
PercDevAbs_TR_10,7,0.63056,33.79091572940286,-0.33333688458431254,9
PercDevAbs_TR_10,7,0.74751,47.25590542429407,-0.6666746102242979,8
PercDevAbs_TR_10,7,0.84134,64.49551030937019,-0.9999803859660789,7
PercDevAbs_TR_10,7,0.90879,86.19551500069386,-1.3333407702662026,6
PercDevAbs_TR_10,7,0.95221,113.09590071154955,-1.6666702079210545,5
PercDevAbs_TR_10,7,0.97725,146.0092608342913,-2.0000024438996027,4
PercDevAbs_TR_10,7,0.99018,185.78911769029938,-2.3331552225672416,3
PercDevAbs_TR_10,7,0.99617,233.4559663507315,-2.6667000630340683,2
PercDevAbs_TR_10,7,0.99865,289.9338139735974,-2.999976992703401,1
PercDevAbs_TR_10,7.25,0.00135,0.023613826408346722,2.999976992703393,19
PercDevAbs_TR_10,7.25,0.00383,0.1077860982166444,2.6667000630340683,18
PercDevAbs_TR_10,7.25,0.00982,0.33827923196386633,2.3331552225672434,17
PercDevAbs_TR_10,7.25,0.02275,0.8385787422867204,2.000002443899604,16
PercDevAbs_TR_10,7.25,0.04779,1.7776063350623434,1.6666702079210545,15
PercDevAbs_TR_10,7.25,0.09121,3.3706137438987267,1.3333407702662026,14
PercDevAbs_TR_10,7.25,0.15866,5.882951333300056,0.9999803859660789,13
PercDevAbs_TR_10,7.25,0.25249,9.630763754060773,0.6666746102242979,12
PercDevAbs_TR_10,7.25,0.36944,14.985654864897887,0.33333688458431254,11
PercDevAbs_TR_10,7.25,0.5,22.373759992365972,-0,10
PercDevAbs_TR_10,7.25,0.63056,32.27889632425495,-0.33333688458431254,9
PercDevAbs_TR_10,7.25,0.74751,45.24383082326436,-0.6666746102242979,8
PercDevAbs_TR_10,7.25,0.84134,61.86987899950602,-0.9999803859660789,7
PercDevAbs_TR_10,7.25,0.90879,82.82666479548388,-1.3333407702662026,6
PercDevAbs_TR_10,7.25,0.95221,108.8372467283885,-1.6666702079210545,5
PercDevAbs_TR_10,7.25,0.97725,140.69592174756784,-2.0000024438996027,4
PercDevAbs_TR_10,7.25,0.99018,179.23757508045648,-2.3331552225672416,3
PercDevAbs_TR_10,7.25,0.99617,225.4598692631305,-2.6667000630340683,2
PercDevAbs_TR_10,7.25,0.99865,280.26787013103416,-2.999976992703401,1
PercDevAbs_TR_10,7.5,0.00135,0.01999767217438871,2.999976992703393,19
PercDevAbs_TR_10,7.5,0.00383,0.09497518924428652,2.6667000630340683,18
PercDevAbs_TR_10,7.5,0.00982,0.30547510163664104,2.3331552225672434,17
PercDevAbs_TR_10,7.5,0.02275,0.7695144154164785,2.000002443899604,16
PercDevAbs_TR_10,7.5,0.04779,1.6495219538559915,1.6666702079210545,15
PercDevAbs_TR_10,7.5,0.09121,3.1533569057831237,1.3333407702662026,14
PercDevAbs_TR_10,7.5,0.15866,5.537972271713843,0.9999803859660789,13
PercDevAbs_TR_10,7.5,0.25249,9.110179167472786,0.6666746102242979,12
PercDevAbs_TR_10,7.5,0.36944,14.231168123854063,0.33333688458431254,11
PercDevAbs_TR_10,7.5,0.5,21.315700252985383,-0,10
PercDevAbs_TR_10,7.5,0.63056,30.835171383333815,-0.33333688458431254,9
PercDevAbs_TR_10,7.5,0.74751,43.318879489806044,-0.6666746102242979,8
PercDevAbs_TR_10,7.5,0.84134,59.35367363538325,-0.9999803859660789,7
PercDevAbs_TR_10,7.5,0.90879,79.59340559245084,-1.3333407702662026,6
PercDevAbs_TR_10,7.5,0.95221,104.74460653925384,-1.6666702079210545,5
PercDevAbs_TR_10,7.5,0.97725,135.58370066806611,-2.0000024438996027,4
PercDevAbs_TR_10,7.5,0.99018,172.92735353899994,-2.3331552225672416,3
PercDevAbs_TR_10,7.5,0.99617,217.75092992841732,-2.6667000630340683,2
PercDevAbs_TR_10,7.5,0.99865,270.940947320813,-2.999976992703401,1
PercDevAbs_TR_10,7.75,0.00135,0.016888008398531208,2.999976992703393,19
PercDevAbs_TR_10,7.75,0.00383,0.08355065933046642,2.6667000630340683,18
PercDevAbs_TR_10,7.75,0.00982,0.27559097272059246,2.3331552225672434,17
PercDevAbs_TR_10,7.75,0.02275,0.7057409663312996,2.000002443899604,16
PercDevAbs_TR_10,7.75,0.04779,1.5301480019661595,1.6666702079210545,15
PercDevAbs_TR_10,7.75,0.09121,2.9495047161975925,1.3333407702662026,14
PercDevAbs_TR_10,7.75,0.15866,5.21261241259094,0.9999803859660789,13
PercDevAbs_TR_10,7.75,0.25249,8.617209711046122,0.6666746102242979,12
PercDevAbs_TR_10,7.75,0.36944,13.514356496564014,0.33333688458431254,11
PercDevAbs_TR_10,7.75,0.5,20.3077379288813,-0,10
PercDevAbs_TR_10,7.75,0.63056,29.456645831592674,-0.33333688458431254,9
PercDevAbs_TR_10,7.75,0.74751,41.477245112635764,-0.6666746102242979,8
PercDevAbs_TR_10,7.75,0.84134,56.942270702821155,-0.9999803859660789,7
PercDevAbs_TR_10,7.75,0.90879,76.49018159874346,-1.3333407702662026,6
PercDevAbs_TR_10,7.75,0.95221,100.81136804070192,-1.6666702079210545,5
PercDevAbs_TR_10,7.75,0.97725,130.6647955772933,-2.0000024438996027,4
PercDevAbs_TR_10,7.75,0.99018,166.84931851447075,-2.3331552225672416,3
PercDevAbs_TR_10,7.75,0.99617,210.31852613437152,-2.6667000630340683,2
PercDevAbs_TR_10,7.75,0.99865,261.9407730196816,-2.999976992703401,1
PercDevAbs_TR_10,8,0.00135,0.014221676202673804,2.999976992703393,19
PercDevAbs_TR_10,8,0.00383,0.0733785961722778,2.6667000630340683,18
PercDevAbs_TR_10,8,0.00982,0.24839087870007764,2.3331552225672434,17
PercDevAbs_TR_10,8,0.02275,0.6468831596906371,2.000002443899604,16
PercDevAbs_TR_10,8,0.04779,1.4189261945138443,1.6666702079210545,15
PercDevAbs_TR_10,8,0.09121,2.7582656422923097,1.3333407702662026,14
PercDevAbs_TR_10,8,0.15866,4.90579004074412,0.9999803859660789,13
PercDevAbs_TR_10,8,0.25249,8.150419653649429,0.6666746102242979,12
PercDevAbs_TR_10,8,0.36944,12.833359040795935,0.33333688458431254,11
PercDevAbs_TR_10,8,0.5,19.347508124512075,-0,10
PercDevAbs_TR_10,8,0.63056,28.140364193039904,-0.33333688458431254,9
PercDevAbs_TR_10,8,0.74751,39.7152868166937,-0.6666746102242979,8
PercDevAbs_TR_10,8,0.84134,54.63124069531306,-0.9999803859660789,7
PercDevAbs_TR_10,8,0.90879,73.51166242540161,-1.3333407702662026,6
PercDevAbs_TR_10,8,0.95221,97.03117881917107,-1.6666702079210545,5
PercDevAbs_TR_10,8,0.97725,125.93170138791156,-2.0000024438996027,4
PercDevAbs_TR_10,8,0.99018,160.99467261208738,-2.3331552225672416,3
PercDevAbs_TR_10,8,0.99617,203.15241614787593,-2.6667000630340683,2
PercDevAbs_TR_10,8,0.99865,253.25550154824836,-2.999976992703401,1
PercDevAbs_TR_10,8.25,0.00135,0.011942294009179566,2.999976992703393,19
PercDevAbs_TR_10,8.25,0.00383,0.06433650180543792,2.6667000630340683,18
PercDevAbs_TR_10,8.25,0.00982,0.22365629689863975,2.3331552225672434,17
PercDevAbs_TR_10,8.25,0.02275,0.5925908257986653,2.000002443899604,16
PercDevAbs_TR_10,8.25,0.04779,1.3153326511132506,1.6666702079210545,15
PercDevAbs_TR_10,8.25,0.09121,2.5788936946133334,1.3333407702662026,14
PercDevAbs_TR_10,8.25,0.15866,4.6164819909019155,0.9999803859660789,13
PercDevAbs_TR_10,8.25,0.25249,7.7084467262911875,0.6666746102242979,12
PercDevAbs_TR_10,8.25,0.36944,12.18640511156604,0.33333688458431254,11
PercDevAbs_TR_10,8.25,0.5,18.43275498108173,-0,10
PercDevAbs_TR_10,8.25,0.63056,26.88350062281113,-0.33333688458431254,9
PercDevAbs_TR_10,8.25,0.74751,38.02951572391744,-0.6666746102242979,8
PercDevAbs_TR_10,8.25,0.84134,52.4163301196497,-0.9999803859660789,7
PercDevAbs_TR_10,8.25,0.90879,70.65271921494205,-1.3333407702662026,6
PercDevAbs_TR_10,8.25,0.95221,93.39791481392736,-1.6666702079210545,5
PercDevAbs_TR_10,8.25,0.97725,121.37716926181163,-2.0000024438996027,4
PercDevAbs_TR_10,8.25,0.99018,155.35490337195347,-2.3331552225672416,3
PercDevAbs_TR_10,8.25,0.99617,196.2426723852443,-2.6667000630340683,2
PercDevAbs_TR_10,8.25,0.99865,244.87363071133595,-2.999976992703401,1
PercDevAbs_TR_10,8.5,0.00135,0.00999964907049109,2.999976992703393,19
PercDevAbs_TR_10,8.5,0.00383,0.05631240128547507,2.6667000630340683,18
PercDevAbs_TR_10,8.5,0.00982,0.20118487904299406,2.3331552225672434,17
PercDevAbs_TR_10,8.5,0.02275,0.5425371258843019,2.000002443899604,16
PercDevAbs_TR_10,8.5,0.04779,1.218875602360461,1.6666702079210545,15
PercDevAbs_TR_10,8.5,0.09121,2.410685470401547,1.3333407702662026,14
PercDevAbs_TR_10,8.5,0.15866,4.343719909531919,0.9999803859660789,13
PercDevAbs_TR_10,8.5,0.25249,7.28999746835394,0.6666746102242979,12
PercDevAbs_TR_10,8.5,0.36944,11.571808639099862,0.33333688458431254,11
PercDevAbs_TR_10,8.5,0.5,17.561324712833876,-0,10
PercDevAbs_TR_10,8.5,0.63056,25.683350505024052,-0.33333688458431254,9
PercDevAbs_TR_10,8.5,0.74751,36.416584889811,-0.6666746102242979,8
PercDevAbs_TR_10,8.5,0.84134,50.29344951969296,-0.9999803859660789,7
PercDevAbs_TR_10,8.5,0.90879,67.90841046855687,-1.3333407702662026,6
PercDevAbs_TR_10,8.5,0.95221,89.90566362973748,-1.6666702079210545,5
PercDevAbs_TR_10,8.5,0.97725,116.99418705235273,-2.0000024438996027,4
PercDevAbs_TR_10,8.5,0.99018,149.9217604460176,-2.3331552225672416,3
PercDevAbs_TR_10,8.5,0.99617,189.5796548790432,-2.6667000630340683,2
PercDevAbs_TR_10,8.5,0.99865,236.78397106962788,-2.999976992703401,1
PercDevAbs_TR_10,8.75,0.00135,0.008349140365725408,2.999976992703393,19
PercDevAbs_TR_10,8.75,0.00383,0.04920403941979078,2.6667000630340683,18
PercDevAbs_TR_10,8.75,0.00982,0.1807893339815182,2.3331552225672434,17
PercDevAbs_TR_10,8.75,0.02275,0.49641708245444316,2.000002443899604,16
PercDevAbs_TR_10,8.75,0.04779,1.1290935536269135,1.6666702079210545,15
PercDevAbs_TR_10,8.75,0.09121,2.2529779641799754,1.3333407702662026,14
PercDevAbs_TR_10,8.75,0.15866,4.086587759054108,0.9999803859660789,13
PercDevAbs_TR_10,8.75,0.25249,6.893844512957399,0.6666746102242979,12
PercDevAbs_TR_10,8.75,0.36944,10.987965330873818,0.33333688458431254,11
PercDevAbs_TR_10,8.75,0.5,16.731162917055393,-0,10
PercDevAbs_TR_10,8.75,0.63056,24.537328125591657,-0.33333688458431254,9
PercDevAbs_TR_10,8.75,0.74751,34.873287665493294,-0.6666746102242979,8
PercDevAbs_TR_10,8.75,0.84134,48.258672933713726,-0.9999803859660789,7
PercDevAbs_TR_10,8.75,0.90879,65.27398309323067,-1.3333407702662026,6
PercDevAbs_TR_10,8.75,0.95221,86.54872776451039,-1.6666702079210545,5
PercDevAbs_TR_10,8.75,0.97725,112.77598540869865,-2.0000024438996027,4
PercDevAbs_TR_10,8.75,0.99018,144.68726538711695,-2.3331552225672416,3
PercDevAbs_TR_10,8.75,0.99617,183.15402569007833,-2.6667000630340683,2
PercDevAbs_TR_10,8.75,0.99865,228.975666036383,-2.999976992703401,1
PercDevAbs_TR_10,9,0.00135,0.006951269005524074,2.999976992703393,19
PercDevAbs_TR_10,9,0.00383,0.04291816022070239,2.6667000630340683,18
PercDevAbs_TR_10,9,0.00982,0.1622964478652278,2.3331552225672434,17
PercDevAbs_TR_10,9,0.02275,0.45394632314899175,2.000002443899604,16
PercDevAbs_TR_10,9,0.04779,1.0455537587516799,1.6666702079210545,15
PercDevAbs_TR_10,9,0.09121,2.105146798964698,1.3333407702662026,14
PercDevAbs_TR_10,9,0.15866,3.8442198565869328,0.9999803859660789,13
PercDevAbs_TR_10,9,0.25249,6.518824507329472,0.6666746102242979,12
PercDevAbs_TR_10,9,0.36944,10.43335057340475,0.33333688458431254,11
PercDevAbs_TR_10,9,0.5,15.940312584461317,-0,10
PercDevAbs_TR_10,9,0.63056,23.44296494728743,-0.33333688458431254,9
PercDevAbs_TR_10,9,0.74751,33.39655642390898,-0.6666746102242979,8
PercDevAbs_TR_10,9,0.84134,46.3082372899374,-0.9999803859660789,7
PercDevAbs_TR_10,9,0.90879,62.74487271818659,-1.3333407702662026,6
PercDevAbs_TR_10,9,0.95221,83.32162613252876,-1.6666702079210545,5
PercDevAbs_TR_10,9,0.97725,108.71604082765555,-2.0000024438996027,4
PercDevAbs_TR_10,9,0.99018,139.64371658727075,-2.3331552225672416,3
PercDevAbs_TR_10,9,0.99617,176.95675613204472,-2.6667000630340683,2
PercDevAbs_TR_10,9,0.99865,221.43820182373906,-2.999976992703401,1
PercDevAbs_TR_10,9.25,0.00135,0.00577114758244407,2.999976992703393,19
PercDevAbs_TR_10,9.25,0.00383,0.03736976341876986,2.6667000630340683,18
PercDevAbs_TR_10,9.25,0.00982,0.1455459755109562,2.3331552225672434,17
PercDevAbs_TR_10,9.25,0.02275,0.41485951262651105,2.000002443899604,16
PercDevAbs_TR_10,9.25,0.04779,0.9678501234470213,1.6666702079210545,15
PercDevAbs_TR_10,9.25,0.09121,1.9666035710721308,1.3333407702662026,14
PercDevAbs_TR_10,9.25,0.15866,3.6157976860728334,0.9999803859660789,13
PercDevAbs_TR_10,9.25,0.25249,6.163834493951255,0.6666746102242979,12
PercDevAbs_TR_10,9.25,0.36944,9.906515580467149,0.33333688458431254,11
PercDevAbs_TR_10,9.25,0.5,15.186910330840833,-0,10
PercDevAbs_TR_10,9.25,0.63056,22.39790638204376,-0.33333688458431254,9
PercDevAbs_TR_10,9.25,0.74751,31.98346049424708,-0.6666746102242979,8
PercDevAbs_TR_10,9.25,0.84134,44.43854231263462,-0.9999803859660789,7
PercDevAbs_TR_10,9.25,0.90879,60.31670659586131,-1.3333407702662026,6
PercDevAbs_TR_10,9.25,0.95221,80.21910122127049,-1.6666702079210545,5
PercDevAbs_TR_10,9.25,0.97725,104.8080885919276,-2.0000024438996027,4
PercDevAbs_TR_10,9.25,0.99018,134.7837098091406,-2.3331552225672416,3
PercDevAbs_TR_10,9.25,0.99617,170.9791570408396,-2.6667000630340683,2
PercDevAbs_TR_10,9.25,0.99865,214.16144992189032,-2.999976992703401,1
PercDevAbs_TR_10,9.5,0.00135,0.004778040064159506,2.999976992703393,19
PercDevAbs_TR_10,9.5,0.00383,0.03248137344880252,2.6667000630340683,18
PercDevAbs_TR_10,9.5,0.00982,0.13038947029221576,2.3331552225672434,17
PercDevAbs_TR_10,9.5,0.02275,0.3789085729829401,2.000002443899604,16
PercDevAbs_TR_10,9.5,0.04779,0.8956006694462553,1.6666702079210545,15
PercDevAbs_TR_10,9.5,0.09121,1.8367924660844075,1.3333407702662026,14
PercDevAbs_TR_10,9.5,0.15866,3.400545665124417,0.9999803859660789,13
PercDevAbs_TR_10,9.5,0.25249,5.827826958902644,0.6666746102242979,12
PercDevAbs_TR_10,9.5,0.36944,9.406082027733467,0.33333688458431254,11
PercDevAbs_TR_10,9.5,0.5,14.469181142535607,-0,10
PercDevAbs_TR_10,9.5,0.63056,21.39990743873888,-0.33333688458431254,9
PercDevAbs_TR_10,9.5,0.74751,30.631203819480632,-0.6666746102242979,8
PercDevAbs_TR_10,9.5,0.84134,42.64615166307892,-0.9999803859660789,7
PercDevAbs_TR_10,9.5,0.90879,57.98531011984184,-1.3333407702662026,6
PercDevAbs_TR_10,9.5,0.95221,77.23613335111747,-1.6666702079210545,5
PercDevAbs_TR_10,9.5,0.97725,101.04614766420512,-2.0000024438996027,4
PercDevAbs_TR_10,9.5,0.99018,130.1001771819131,-2.3331552225672416,3
PercDevAbs_TR_10,9.5,0.99617,165.21293600849083,-2.6667000630340683,2
PercDevAbs_TR_10,9.5,0.99865,207.13574737295764,-2.999976992703401,1
PercDevAbs_TR_10,9.75,0.00135,0.003944950116450334,2.999976992703393,19
PercDevAbs_TR_10,9.75,0.00383,0.0281824019451564,2.6667000630340683,18
PercDevAbs_TR_10,9.75,0.00982,0.11668926220065963,2.3331552225672434,17
PercDevAbs_TR_10,9.75,0.02275,0.34586109715901614,2.000002443899604,16
PercDevAbs_TR_10,9.75,0.04779,0.8284452110421966,1.6666702079210545,15
PercDevAbs_TR_10,9.75,0.09121,1.7151870664571254,1.3333407702662026,14
PercDevAbs_TR_10,9.75,0.15866,3.197727028733808,0.9999803859660789,13
PercDevAbs_TR_10,9.75,0.25249,5.509804855552544,0.6666746102242979,12
PercDevAbs_TR_10,9.75,0.36944,8.930736443206463,0.33333688458431254,11
PercDevAbs_TR_10,9.75,0.5,13.785432570628746,-0,10
PercDevAbs_TR_10,9.75,0.63056,20.44682741757937,-0.33333688458431254,9
PercDevAbs_TR_10,9.75,0.74751,29.33712115805375,-0.6666746102242979,8
PercDevAbs_TR_10,9.75,0.84134,40.927792019017325,-0.9999803859660789,7
PercDevAbs_TR_10,9.75,0.90879,55.746710571946366,-1.3333407702662026,6
PercDevAbs_TR_10,9.75,0.95221,74.36795135356886,-1.6666702079210545,5
PercDevAbs_TR_10,9.75,0.97725,97.42454109287567,-2.0000024438996027,4
PercDevAbs_TR_10,9.75,0.99018,125.58642071424399,-2.3331552225672416,3
PercDevAbs_TR_10,9.75,0.99617,159.65024806117856,-2.6667000630340683,2
PercDevAbs_TR_10,9.75,0.99865,200.35196935373506,-2.999976992703401,1
PercDevAbs_TR_10,10,0.00135,0.0032482831372176394,2.999976992703393,19
PercDevAbs_TR_10,10,0.00383,0.02440875782019001,2.6667000630340683,18
PercDevAbs_TR_10,10,0.00982,0.10431805955721354,2.3331552225672434,17
PercDevAbs_TR_10,10,0.02275,0.3154999875965886,2.000002443899604,16
PercDevAbs_TR_10,10,0.04779,0.7660450583911701,1.6666702079210545,15
PercDevAbs_TR_10,10,0.09121,1.6012901029974247,1.3333407702662026,14
PercDevAbs_TR_10,10,0.15866,3.0066435427555476,0.9999803859660789,13
PercDevAbs_TR_10,10,0.25249,5.208821098029335,0.6666746102242979,12
PercDevAbs_TR_10,10,0.36944,8.479229175369278,0.33333688458431254,11
PercDevAbs_TR_10,10,0.5,13.13405271662898,-0,10
PercDevAbs_TR_10,10,0.63056,19.53662627459802,-0.33333688458431254,9
PercDevAbs_TR_10,10,0.74751,28.098671976124237,-0.6666746102242979,8
PercDevAbs_TR_10,10,0.84134,39.28034339992102,-0.9999803859660789,7
PercDevAbs_TR_10,10,0.90879,53.5971225079906,-1.3333407702662026,6
PercDevAbs_TR_10,10,0.95221,71.61001133598138,-1.6666702079210545,5
PercDevAbs_TR_10,10,0.97725,93.93786612929829,-2.0000024438996027,4
PercDevAbs_TR_10,10,0.99018,121.23607136490075,-2.3331552225672416,3
PercDevAbs_TR_10,10,0.99617,154.2836408473347,-2.6667000630340683,2
PercDevAbs_TR_10,10,0.99865,193.8014572196528,-2.999976992703401,1
PercDevAbs_TR_10,10.25,0.00135,0.0026675114362945574,2.999976992703393,19
PercDevAbs_TR_10,10.25,0.00383,0.021102419367415838,2.6667000630340683,18
PercDevAbs_TR_10,10.25,0.00982,0.09315844591143303,2.3331552225672434,17
PercDevAbs_TR_10,10.25,0.02275,0.2876228958000423,2.000002443899604,16
PercDevAbs_TR_10,10.25,0.04779,0.7080824039759014,1.6666702079210545,15
PercDevAbs_TR_10,10.25,0.09121,1.4946327560015287,1.3333407702662026,14
PercDevAbs_TR_10,10.25,0.15866,2.8266346291542095,0.9999803859660789,13
PercDevAbs_TR_10,10.25,0.25249,4.923977339558056,0.6666746102242979,12
PercDevAbs_TR_10,10.25,0.36944,8.050372549812515,0.33333688458431254,11
PercDevAbs_TR_10,10.25,0.5,12.51350736466336,-0,10
PercDevAbs_TR_10,10.25,0.63056,18.66736017351389,-0.33333688458431254,9
PercDevAbs_TR_10,10.25,0.74751,26.91343368388499,-0.6666746102242979,8
PercDevAbs_TR_10,10.25,0.84134,37.70082914666201,-0.9999803859660789,7
PercDevAbs_TR_10,10.25,0.90879,51.53293330475255,-1.3333407702662026,6
PercDevAbs_TR_10,10.25,0.95221,68.95797635829182,-1.6666702079210545,5
PercDevAbs_TR_10,10.25,0.97725,90.5809663047155,-2.0000024438996027,4
PercDevAbs_TR_10,10.25,0.99018,117.04305147472284,-2.3331552225672416,3
PercDevAbs_TR_10,10.25,0.99617,149.10600500891482,-2.6667000630340683,2
PercDevAbs_TR_10,10.25,0.99865,187.47595403927198,-2.999976992703401,1
PercDevAbs_TR_10,10.5,0.00135,0.002184849284670212,2.999976992703393,19
PercDevAbs_TR_10,10.5,0.00383,0.01821097755526355,2.6667000630340683,18
PercDevAbs_TR_10,10.5,0.00982,0.08310227240841452,2.3331552225672434,17
PercDevAbs_TR_10,10.5,0.02275,0.26204143755610404,2.000002443899604,16
PercDevAbs_TR_10,10.5,0.04779,0.6542593251617541,1.6666702079210545,15
PercDevAbs_TR_10,10.5,0.09121,1.3947733872276442,1.3333407702662026,14
PercDevAbs_TR_10,10.5,0.15866,2.6570757352073953,0.9999803859660789,13
PercDevAbs_TR_10,10.5,0.25249,4.654421841267648,0.6666746102242979,12
PercDevAbs_TR_10,10.5,0.36944,7.64303804273794,0.33333688458431254,11
PercDevAbs_TR_10,10.5,0.5,11.92233619556956,-0,10
PercDevAbs_TR_10,10.5,0.63056,17.837176394529397,-0.33333688458431254,9
PercDevAbs_TR_10,10.5,0.74751,25.77909479844148,-0.6666746102242979,8
PercDevAbs_TR_10,10.5,0.84134,36.18640679000328,-0.9999803859660789,7
PercDevAbs_TR_10,10.5,0.90879,49.55069106312081,-1.3333407702662026,6
PercDevAbs_TR_10,10.5,0.95221,66.40770056465,-1.6666702079210545,5
PercDevAbs_TR_10,10.5,0.97725,87.34891083359953,-2.0000024438996027,4
PercDevAbs_TR_10,10.5,0.99018,113.00154832337702,-2.3331552225672416,3
PercDevAbs_TR_10,10.5,0.99617,144.11054058197405,-2.6667000630340683,2
PercDevAbs_TR_10,10.5,0.99865,181.36756234713724,-2.999976992703401,1
PercDevAbs_TR_10,10.75,0.00135,0.001784951209515497,2.999976992703393,19
PercDevAbs_TR_10,10.75,0.00383,0.01568720562117338,2.6667000630340683,18
PercDevAbs_TR_10,10.75,0.00982,0.07405009232523216,2.3331552225672434,17
PercDevAbs_TR_10,10.75,0.02275,0.23858048203497575,2.000002443899604,16
PercDevAbs_TR_10,10.75,0.04779,0.6042969104033876,1.6666702079210545,15
PercDevAbs_TR_10,10.75,0.09121,1.3012964611879239,1.3333407702662026,14
PercDevAbs_TR_10,10.75,0.15866,2.497376966449846,0.9999803859660789,13
PercDevAbs_TR_10,10.75,0.25249,4.399347675350788,0.6666746102242979,12
PercDevAbs_TR_10,10.75,0.36944,7.256153837315732,0.33333688458431254,11
PercDevAbs_TR_10,10.75,0.5,11.359149385775071,-0,10
PercDevAbs_TR_10,10.75,0.63056,17.044308552382486,-0.33333688458431254,9
PercDevAbs_TR_10,10.75,0.74751,24.693448225315667,-0.6666746102242979,8
PercDevAbs_TR_10,10.75,0.84134,34.734358687408324,-0.9999803859660789,7
PercDevAbs_TR_10,10.75,0.90879,47.64709171761364,-1.3333407702662026,6
PercDevAbs_TR_10,10.75,0.95221,63.95521168865362,-1.6666702079210545,5
PercDevAbs_TR_10,10.75,0.97725,84.23697122000344,-2.0000024438996027,4
PercDevAbs_TR_10,10.75,0.99018,109.10598330688893,-2.3331552225672416,3
PercDevAbs_TR_10,10.75,0.99617,139.29071693815118,-2.6667000630340683,2
PercDevAbs_TR_10,10.75,0.99865,175.4686927728944,-2.999976992703401,1
PercDevAbs_TR_10,11,0.00135,0.001454631606105408,2.999976992703393,19
PercDevAbs_TR_10,11,0.00383,0.013488643532398108,2.6667000630340683,18
PercDevAbs_TR_10,11,0.00982,0.06591060115105885,2.3331552225672434,17
PercDevAbs_TR_10,11,0.02275,0.21707743043506428,2.000002443899604,16
PercDevAbs_TR_10,11,0.04779,0.5579343477946623,1.6666702079210545,15
PercDevAbs_TR_10,11,0.09121,1.2138113815705154,1.3333407702662026,14
PercDevAbs_TR_10,11,0.15866,2.3469815536836625,0.9999803859660789,13
PercDevAbs_TR_10,11,0.25249,4.157990628273573,0.6666746102242979,12
PercDevAbs_TR_10,11,0.36944,6.888701868355874,0.33333688458431254,11
PercDevAbs_TR_10,11,0.5,10.82262337439343,-0,10
PercDevAbs_TR_10,11,0.63056,16.28707051731198,-0.33333688458431254,9
PercDevAbs_TR_10,11,0.74751,23.654382589062717,-0.6666746102242979,8
PercDevAbs_TR_10,11,0.84134,33.342079816806134,-0.9999803859660789,7
PercDevAbs_TR_10,11,0.90879,45.81896211524049,-1.3333407702662026,6
PercDevAbs_TR_10,11,0.95221,61.59668798121076,-1.6666702079210545,5
PercDevAbs_TR_10,11,0.97725,81.2405903094446,-2.0000024438996027,4
PercDevAbs_TR_10,11,0.99018,105.35097107611901,-2.3331552225672416,3
PercDevAbs_TR_10,11,0.99617,134.64021960403056,-2.6667000630340683,2
PercDevAbs_TR_10,11,0.99865,169.77199577851871,-2.999976992703401,1
PercDevAbs_TR_10,11.25,0.00135,0.0011826033266481126,2.999976992703393,19
PercDevAbs_TR_10,11.25,0.00383,0.011577180824087985,2.6667000630340683,18
PercDevAbs_TR_10,11.25,0.00982,0.058600026213254434,2.3331552225672434,17
PercDevAbs_TR_10,11.25,0.02275,0.1973813641828332,2.000002443899604,16
PercDevAbs_TR_10,11.25,0.04779,0.5149277876971005,1.6666702079210545,15
PercDevAbs_TR_10,11.25,0.09121,1.131951023491763,1.3333407702662026,14
PercDevAbs_TR_10,11.25,0.15866,2.205364005085381,0.9999803859660789,13
PercDevAbs_TR_10,11.25,0.25249,3.9296269150370935,0.6666746102242979,12
PercDevAbs_TR_10,11.25,0.36944,6.539715029941143,0.33333688458431254,11
PercDevAbs_TR_10,11.25,0.5,10.311497481474301,-0,10
PercDevAbs_TR_10,11.25,0.63056,15.563852343969433,-0.33333688458431254,9
PercDevAbs_TR_10,11.25,0.74751,22.659877352345642,-0.6666746102242979,8
PercDevAbs_TR_10,11.25,0.84134,32.0070719414064,-0.9999803859660789,7
PercDevAbs_TR_10,11.25,0.90879,44.063253053735494,-1.3333407702662026,6
PercDevAbs_TR_10,11.25,0.95221,59.32844991877586,-1.6666702079210545,5
PercDevAbs_TR_10,11.25,0.97725,78.35537242840788,-2.0000024438996027,4
PercDevAbs_TR_10,11.25,0.99018,101.73130783074217,-2.3331552225672416,3
PercDevAbs_TR_10,11.25,0.99617,130.15293638615697,-2.6667000630340683,2
PercDevAbs_TR_10,11.25,0.99865,164.270345247707,-2.999976992703401,1
PercDevAbs_TR_10,11.5,0.00135,9.592397617481529e-4,2.999976992703393,19
PercDevAbs_TR_10,11.5,0.00383,0.009918660510008101,2.6667000630340683,18
PercDevAbs_TR_10,11.5,0.00982,0.052041523682425844,2.3331552225672434,17
PercDevAbs_TR_10,11.5,0.02275,0.17935216913854465,2.000002443899604,16
PercDevAbs_TR_10,11.5,0.04779,0.47504913893165185,1.6666702079210545,15
PercDevAbs_TR_10,11.5,0.09121,1.0553701638086284,1.3333407702662026,14
PercDevAbs_TR_10,11.5,0.15866,2.072028157246116,0.9999803859660789,13
PercDevAbs_TR_10,11.5,0.25249,3.713570871316866,0.6666746102242979,12
PercDevAbs_TR_10,11.5,0.36944,6.208274572747407,0.33333688458431254,11
PercDevAbs_TR_10,11.5,0.5,9.824571129183518,-0,10
PercDevAbs_TR_10,11.5,0.63056,14.873117500926863,-0.33333688458431254,9
PercDevAbs_TR_10,11.5,0.74751,21.708000315670986,-0.6666746102242979,8
PercDevAbs_TR_10,11.5,0.84134,30.726941730929966,-0.9999803859660789,7
PercDevAbs_TR_10,11.5,0.90879,42.37703847755342,-1.3333407702662026,6
PercDevAbs_TR_10,11.5,0.95221,57.14696104163568,-1.6666702079210545,5
PercDevAbs_TR_10,11.5,0.97725,75.57708656000966,-2.0000024438996027,4
PercDevAbs_TR_10,11.5,0.99018,98.2419776661357,-2.3331552225672416,3
PercDevAbs_TR_10,11.5,0.99617,125.82296788361785,-2.6667000630340683,2
PercDevAbs_TR_10,11.5,0.99865,158.95685431905298,-2.999976992703401,1
PercDevAbs_TR_10,11.75,0.00135,7.763637243941241e-4,2.999976992703393,19
PercDevAbs_TR_10,11.75,0.00383,0.008482532376233589,2.6667000630340683,18
PercDevAbs_TR_10,11.75,0.00982,0.046164678131265596,2.3331552225672434,17
PercDevAbs_TR_10,11.75,0.02275,0.16285984452657776,2.000002443899604,16
PercDevAbs_TR_10,11.75,0.04779,0.4380851477805184,1.6666702079210545,15
PercDevAbs_TR_10,11.75,0.09121,0.98374427948055565,1.3333407702662026,14
PercDevAbs_TR_10,11.75,0.15866,1.9465056203829025,0.9999803859660789,13
PercDevAbs_TR_10,11.75,0.25249,3.509172941695794,0.6666746102242979,12
PercDevAbs_TR_10,11.75,0.36944,5.893507490128495,0.33333688458431254,11
PercDevAbs_TR_10,11.75,0.5,9.360700429140861,-0,10
PercDevAbs_TR_10,11.75,0.63056,14.213398400510304,-0.33333688458431254,9
PercDevAbs_TR_10,11.75,0.74751,20.796901757681095,-0.6666746102242979,8
PercDevAbs_TR_10,11.75,0.84134,29.499393095725924,-0.9999803859660789,7
PercDevAbs_TR_10,11.75,0.90879,40.75750549198369,-1.3333407702662026,6
PercDevAbs_TR_10,11.75,0.95221,55.04881502582685,-1.6666702079210545,5
PercDevAbs_TR_10,11.75,0.97725,72.90164972985336,-2.0000024438996027,4
PercDevAbs_TR_10,11.75,0.99018,94.87813139775598,-2.3331552225672416,3
PercDevAbs_TR_10,11.75,0.99617,121.644600719339,-2.6667000630340683,2
PercDevAbs_TR_10,11.75,0.99865,153.82484184230677,-2.999976992703401,1
PercDevAbs_TR_10,12,0.00135,6.270552822774071e-4,2.999976992703393,19
PercDevAbs_TR_10,12,0.00383,0.007241514990508044,2.6667000630340683,18
PercDevAbs_TR_10,12,0.00982,0.04090497769762879,2.3331552225672434,17
PercDevAbs_TR_10,12,0.02275,0.14778372204410345,2.000002443899604,16
PercDevAbs_TR_10,12,0.04779,0.40383629824455686,1.6666702079210545,15
PercDevAbs_TR_10,12,0.09121,0.9167680823494295,1.3333407702662026,14
PercDevAbs_TR_10,12,0.15866,1.8283539258037753,0.9999803859660789,13
PercDevAbs_TR_10,12,0.25249,3.315817453603285,0.6666746102242979,12
PercDevAbs_TR_10,12,0.36944,5.594583979618372,0.33333688458431254,11
PercDevAbs_TR_10,12,0.5,8.918795452657887,-0,10
PercDevAbs_TR_10,12,0.63056,13.58329367223976,-0.33333688458431254,9
PercDevAbs_TR_10,12,0.74751,19.924811993326266,-0.6666746102242979,8
PercDevAbs_TR_10,12,0.84134,28.322225412419467,-0.9999803859660789,7
PercDevAbs_TR_10,12,0.90879,39.20195375519552,-1.3333407702662026,6
PercDevAbs_TR_10,12,0.95221,53.03073687127893,-1.6666702079210545,5
PercDevAbs_TR_10,12,0.97725,70.32513076653616,-2.0000024438996027,4
PercDevAbs_TR_10,12,0.99018,91.6350938303447,-2.3331552225672416,3
PercDevAbs_TR_10,12,0.99617,117.61231943974497,-2.6667000630340683,2
PercDevAbs_TR_10,12,0.99865,148.86785021655456,-2.999976992703401,1
PercDevAbs_TR_11,6,0.00135,0.051126794913002205,2.999976992703393,19
PercDevAbs_TR_11,6,0.00383,0.206501152256587,2.6667000630340683,18
PercDevAbs_TR_11,6,0.00982,0.5935769722803943,2.3331552225672434,17
PercDevAbs_TR_11,6,0.02275,1.376044930892612,2.000002443899604,16
PercDevAbs_TR_11,6,0.04779,2.764149986598731,1.6666702079210545,15
PercDevAbs_TR_11,6,0.09121,5.0119634342992665,1.3333407702662026,14
PercDevAbs_TR_11,6,0.15866,8.419695960188525,0.9999803859660789,13
PercDevAbs_TR_11,6,0.25249,13.331867255168033,0.6666746102242979,12
PercDevAbs_TR_11,6,0.36944,20.141071657509123,0.33333688458431254,11
PercDevAbs_TR_11,6,0.5,29.284494479513114,-0,10
PercDevAbs_TR_11,6,0.63056,41.246017419867414,-0.33333688458431254,9
PercDevAbs_TR_11,6,0.74751,56.555955427883866,-0.6666746102242979,8
PercDevAbs_TR_11,6,0.84134,75.78903808610869,-0.9999803859660789,7
PercDevAbs_TR_11,6,0.90879,99.57414281684854,-1.3333407702662026,6
PercDevAbs_TR_11,6,0.95221,128.57584702159642,-1.6666702079210545,5
PercDevAbs_TR_11,6,0.97725,163.51347523213045,-2.0000024438996027,4
PercDevAbs_TR_11,6,0.99018,205.12643149626916,-2.3331552225672416,3
PercDevAbs_TR_11,6,0.99617,254.3041201693642,-2.6667000630340683,2
PercDevAbs_TR_11,6,0.99865,311.8116219595649,-2.999976992703401,1
PercDevAbs_TR_11,6.25,0.00135,0.04545503535732316,2.999976992703393,19
PercDevAbs_TR_11,6.25,0.00383,0.18834904490556534,2.6667000630340683,18
PercDevAbs_TR_11,6.25,0.00982,0.5500449559128004,2.3331552225672434,17
PercDevAbs_TR_11,6.25,0.02275,1.288472551761345,2.000002443899604,16
PercDevAbs_TR_11,6.25,0.04779,2.6071231163763406,1.6666702079210545,15
PercDevAbs_TR_11,6.25,0.09121,4.752493590588622,1.3333407702662026,14
PercDevAbs_TR_11,6.25,0.15866,8.016287409045548,0.9999803859660789,13
PercDevAbs_TR_11,6.25,0.25249,12.733677262366752,0.6666746102242979,12
PercDevAbs_TR_11,6.25,0.36944,19.286924944585003,0.33333688458431254,11
PercDevAbs_TR_11,6.25,0.5,28.102045640629726,-0,10
PercDevAbs_TR_11,6.25,0.63056,39.65083241187746,-0.33333688458431254,9
PercDevAbs_TR_11,6.25,0.74751,54.45060794952389,-0.6666746102242979,8
PercDevAbs_TR_11,6.25,0.84134,73.06227267872973,-0.9999803859660789,7
PercDevAbs_TR_11,6.25,0.90879,96.09972897584095,-1.3333407702662026,6
PercDevAbs_TR_11,6.25,0.95221,124.21202351609371,-1.6666702079210545,5
PercDevAbs_TR_11,6.25,0.97725,158.10179030328888,-2.0000024438996027,4
PercDevAbs_TR_11,6.25,0.99018,198.49162073707652,-2.3331552225672416,3
PercDevAbs_TR_11,6.25,0.99617,246.25019807390407,-2.6667000630340683,2
PercDevAbs_TR_11,6.25,0.99865,302.12594657635145,-2.999976992703401,1
PercDevAbs_TR_11,6.5,0.00135,0.04036015774032796,2.999976992703393,19
PercDevAbs_TR_11,6.5,0.00383,0.1716637521401799,2.6667000630340683,18
PercDevAbs_TR_11,6.5,0.00982,0.509483066768559,2.3331552225672434,17
PercDevAbs_TR_11,6.5,0.02275,1.2061593773431116,2.000002443899604,16
PercDevAbs_TR_11,6.5,0.04779,2.4586295227350825,1.6666702079210545,15
PercDevAbs_TR_11,6.5,0.09121,4.506029237647891,1.3333407702662026,14
PercDevAbs_TR_11,6.5,0.15866,7.631786970859214,0.9999803859660789,13
PercDevAbs_TR_11,6.5,0.25249,12.161975696964682,0.6666746102242979,12
PercDevAbs_TR_11,6.5,0.36944,18.46879282154986,0.33333688458431254,11
PercDevAbs_TR_11,6.5,0.5,26.96736655025975,-0,10
PercDevAbs_TR_11,6.5,0.63056,38.11770264856036,-0.33333688458431254,9
PercDevAbs_TR_11,6.5,0.74751,52.42445045570781,-0.6666746102242979,8
PercDevAbs_TR_11,6.5,0.84134,70.43501552938017,-0.9999803859660789,7
PercDevAbs_TR_11,6.5,0.90879,92.74868485265932,-1.3333407702662026,6
PercDevAbs_TR_11,6.5,0.95221,119.99934028338018,-1.6666702079210545,5
PercDevAbs_TR_11,6.5,0.97725,152.87331691886908,-2.0000024438996027,4
PercDevAbs_TR_11,6.5,0.99018,192.07677912499068,-2.3331552225672416,3
PercDevAbs_TR_11,6.5,0.99617,238.45818159553002,-2.6667000630340683,2
PercDevAbs_TR_11,6.5,0.99865,292.7496544461036,-2.999976992703401,1
PercDevAbs_TR_11,6.75,0.00135,0.03578962648490145,2.999976992703393,19
PercDevAbs_TR_11,6.75,0.00383,0.15633798937217838,2.6667000630340683,18
PercDevAbs_TR_11,6.75,0.00982,0.47170438172432994,2.3331552225672434,17
PercDevAbs_TR_11,6.75,0.02275,1.1288087534198878,2.000002443899604,16
PercDevAbs_TR_11,6.75,0.04779,2.3182269483900266,1.6666702079210545,15
PercDevAbs_TR_11,6.75,0.09121,4.2719407974386625,1.3333407702662026,14
PercDevAbs_TR_11,6.75,0.15866,7.2653297716671625,0.9999803859660789,13
PercDevAbs_TR_11,6.75,0.25249,11.615607889137458,0.6666746102242979,12
PercDevAbs_TR_11,6.75,0.36944,17.68516929569098,0.33333688458431254,11
PercDevAbs_TR_11,6.75,0.5,25.878531064864564,-0,10
PercDevAbs_TR_11,6.75,0.63056,36.64420530947959,-0.33333688458431254,9
PercDevAbs_TR_11,6.75,0.74751,50.47447885341381,-0.6666746102242979,8
PercDevAbs_TR_11,6.75,0.84134,67.90358830813906,-0.9999803859660789,7
PercDevAbs_TR_11,6.75,0.90879,89.51655592066204,-1.3333407702662026,6
PercDevAbs_TR_11,6.75,0.95221,115.93245564655153,-1.6666702079210545,5
PercDevAbs_TR_11,6.75,0.97725,147.8217056682946,-2.0000024438996027,4
PercDevAbs_TR_11,6.75,0.99018,185.87441966266636,-2.3331552225672416,3
PercDevAbs_TR_11,6.75,0.99617,230.91930391403523,-2.6667000630340683,2
PercDevAbs_TR_11,6.75,0.99865,283.6725484704107,-2.999976992703401,1
PercDevAbs_TR_11,7,0.00135,0.03169510839778049,2.999976992703393,19
PercDevAbs_TR_11,7,0.00383,0.1422716157110418,2.6667000630340683,18
PercDevAbs_TR_11,7,0.00982,0.4365330713054546,2.3331552225672434,17
PercDevAbs_TR_11,7,0.02275,1.0561402184433502,2.000002443899604,16
PercDevAbs_TR_11,7,0.04779,2.1854957068369143,1.6666702079210545,15
PercDevAbs_TR_11,7,0.09121,4.049629033779002,1.3333407702662026,14
PercDevAbs_TR_11,7,0.15866,6.916090555612016,0.9999803859660789,13
PercDevAbs_TR_11,7,0.25249,11.093469671113255,0.6666746102242979,12
PercDevAbs_TR_11,7,0.36944,16.93461146890401,0.33333688458431254,11
PercDevAbs_TR_11,7,0.5,24.833690526744565,-0,10
PercDevAbs_TR_11,7,0.63056,35.22801133367219,-0.33333688458431254,9
PercDevAbs_TR_11,7,0.74751,48.597801041403706,-0.6666746102242979,8
PercDevAbs_TR_11,7,0.84134,65.46444493445102,-0.9999803859660789,7
PercDevAbs_TR_11,7,0.90879,86.39904225197728,-1.3333407702662026,6
PercDevAbs_TR_11,7,0.95221,112.0062070166246,-1.6666702079210545,5
PercDevAbs_TR_11,7,0.97725,142.94081290578134,-2.0000024438996027,4
PercDevAbs_TR_11,7,0.99018,179.87729000383615,-2.3331552225672416,3
PercDevAbs_TR_11,7,0.99617,223.62506403802126,-2.6667000630340683,2
PercDevAbs_TR_11,7,0.99865,274.8847308109871,-2.999976992703401,1
PercDevAbs_TR_11,7.25,0.00135,0.028032167024060632,2.999976992703393,19
PercDevAbs_TR_11,7.25,0.00383,0.1293711558473037,2.6667000630340683,18
PercDevAbs_TR_11,7.25,0.00982,0.40380369593984605,2.3331552225672434,17
PercDevAbs_TR_11,7.25,0.02275,0.9878885292572823,2.000002443899604,16
PercDevAbs_TR_11,7.25,0.04779,2.060037401273424,1.6666702079210545,15
PercDevAbs_TR_11,7.25,0.09121,3.8385234410005293,1.3333407702662026,14
PercDevAbs_TR_11,7.25,0.15866,6.583281736812974,0.9999803859660789,13
PercDevAbs_TR_11,7.25,0.25249,10.594505107265405,0.6666746102242979,12
PercDevAbs_TR_11,7.25,0.36944,16.21573698687888,0.33333688458431254,11
PercDevAbs_TR_11,7.25,0.5,23.831071003702707,-0,10
PercDevAbs_TR_11,7.25,0.63056,33.86688255619378,-0.33333688458431254,9
PercDevAbs_TR_11,7.25,0.74751,46.79163408962651,-0.6666746102242979,8
PercDevAbs_TR_11,7.25,0.84134,63.11416898947397,-0.9999803859660789,7
PercDevAbs_TR_11,7.25,0.90879,83.39199640167787,-1.3333407702662026,6
PercDevAbs_TR_11,7.25,0.95221,108.21560954063293,-1.6666702079210545,5
PercDevAbs_TR_11,7.25,0.97725,138.22470051239125,-2.0000024438996027,4
PercDevAbs_TR_11,7.25,0.99018,174.07837374092557,-2.3331552225672416,3
PercDevAbs_TR_11,7.25,0.99617,216.56723009986877,-2.6667000630340683,2
PercDevAbs_TR_11,7.25,0.99865,266.3766087418372,-2.999976992703401,1
PercDevAbs_TR_11,7.5,0.00135,0.02475997168449117,2.999976992703393,19
PercDevAbs_TR_11,7.5,0.00383,0.11754933055063398,2.6667000630340683,18
PercDevAbs_TR_11,7.5,0.00982,0.3733604938118302,2.3331552225672434,17
PercDevAbs_TR_11,7.5,0.02275,0.9238026549910843,2.000002443899604,16
PercDevAbs_TR_11,7.5,0.04779,1.9414735915625612,1.6666702079210545,15
PercDevAbs_TR_11,7.5,0.09121,3.638080578590772,1.3333407702662026,14
PercDevAbs_TR_11,7.5,0.15866,6.2661514331034525,0.9999803859660789,13
PercDevAbs_TR_11,7.5,0.25249,10.117704304917488,0.6666746102242979,12
PercDevAbs_TR_11,7.5,0.36944,15.527221761113777,0.33333688458431254,11
PercDevAbs_TR_11,7.5,0.5,22.868971122479213,-0,10
PercDevAbs_TR_11,7.5,0.63056,32.558669929079166,-0.33333688458431254,9
PercDevAbs_TR_11,7.5,0.74751,45.05330320959208,-0.6666746102242979,8
PercDevAbs_TR_11,7.5,0.84134,60.849473893305664,-0.9999803859660789,7
PercDevAbs_TR_11,7.5,0.90879,80.49142535530804,-1.3333407702662026,6
PercDevAbs_TR_11,7.5,0.95221,104.55586049811721,-1.6666702079210545,5
PercDevAbs_TR_11,7.5,0.97725,133.66764354592027,-2.0000024438996027,4
PercDevAbs_TR_11,7.5,0.99018,168.47090224584576,-2.3331552225672416,3
PercDevAbs_TR_11,7.5,0.99617,209.73785647880274,-2.6667000630340683,2
PercDevAbs_TR_11,7.5,0.99865,258.1389182918794,-2.999976992703401,1
PercDevAbs_TR_11,7.75,0.00135,0.021840981671506443,2.999976992703393,19
PercDevAbs_TR_11,7.75,0.00383,0.10672446304589195,2.6667000630340683,18
PercDevAbs_TR_11,7.75,0.00982,0.3450563517505263,2.3331552225672434,17
PercDevAbs_TR_11,7.75,0.02275,0.8636441664976774,2.000002443899604,16
PercDevAbs_TR_11,7.75,0.04779,1.8294434923342375,1.6666702079210545,15
PercDevAbs_TR_11,7.75,0.09121,3.4477810325478755,1.3333407702662026,14
PercDevAbs_TR_11,7.75,0.15866,5.963979737535492,0.9999803859660789,13
PercDevAbs_TR_11,7.75,0.25249,9.662099164137343,0.6666746102242979,12
PercDevAbs_TR_11,7.75,0.36944,14.86779551509403,0.33333688458431254,11
PercDevAbs_TR_11,7.75,0.5,21.945757908830423,-0,10
PercDevAbs_TR_11,7.75,0.63056,31.301310361599143,-0.33333688458431254,9
PercDevAbs_TR_11,7.75,0.74751,43.380240539383884,-0.6666746102242979,8
PercDevAbs_TR_11,7.75,0.84134,58.66720484689806,-0.9999803859660789,7
PercDevAbs_TR_11,7.75,0.90879,77.69349713847443,-1.3333407702662026,6
PercDevAbs_TR_11,7.75,0.95221,101.02235241562315,-1.6666702079210545,5
PercDevAbs_TR_11,7.75,0.97725,129.26415205535275,-2.0000024438996027,4
PercDevAbs_TR_11,7.75,0.99018,163.04838775992584,-2.3331552225672416,3
PercDevAbs_TR_11,7.75,0.99617,203.12933118135356,-2.6667000630340683,2
PercDevAbs_TR_11,7.75,0.99865,250.16278935189104,-2.999976992703401,1
PercDevAbs_TR_11,8,0.00135,0.019240746436109183,2.999976992703393,19
PercDevAbs_TR_11,8,0.00383,0.09682020819810731,2.6667000630340683,18
PercDevAbs_TR_11,8,0.00982,0.3187524421588684,2.3331552225672434,17
PercDevAbs_TR_11,8,0.02275,0.8071867582441135,2.000002443899604,16
PercDevAbs_TR_11,8,0.04779,1.7236033540863638,1.6666702079210545,15
PercDevAbs_TR_11,8,0.09121,3.267128627254206,1.3333407702662026,14
PercDevAbs_TR_11,8,0.15866,5.676077730392864,0.9999803859660789,13
PercDevAbs_TR_11,8,0.25249,9.226762157861598,0.6666746102242979,12
PercDevAbs_TR_11,8,0.36944,14.23624029977465,0.33333688458431254,11
PercDevAbs_TR_11,8,0.5,21.059865005776416,-0,10
PercDevAbs_TR_11,8,0.63056,30.092824609639397,-0.33333688458431254,9
PercDevAbs_TR_11,8,0.74751,41.769982674324964,-0.6666746102242979,8
PercDevAbs_TR_11,8,0.84134,56.56433597682848,-0.9999803859660789,7
PercDevAbs_TR_11,8,0.90879,74.99453755190302,-1.3333407702662026,6
PercDevAbs_TR_11,8,0.95221,97.61066937263467,-1.6666702079210545,5
PercDevAbs_TR_11,8,0.97725,125.00896694337305,-2.0000024438996027,4
PercDevAbs_TR_11,8,0.99018,157.8046188049608,-2.3331552225672416,3
PercDevAbs_TR_11,8,0.99617,196.73437079896343,-2.6667000630340683,2
PercDevAbs_TR_11,8,0.99865,242.43974018535295,-2.999976992703401,1
PercDevAbs_TR_11,8.25,0.00135,0.016927732630645703,2.999976992703393,19
PercDevAbs_TR_11,8.25,0.00383,0.0877653570470428,2.6667000630340683,18
PercDevAbs_TR_11,8.25,0.00982,0.29431801585912837,2.3331552225672434,17
PercDevAbs_TR_11,8.25,0.02275,0.7542160223000783,2.000002443899604,16
PercDevAbs_TR_11,8.25,0.04779,1.6236261764783024,1.6666702079210545,15
PercDevAbs_TR_11,8.25,0.09121,3.095649986270713,1.3333407702662026,14
PercDevAbs_TR_11,8.25,0.15866,5.401786730743418,0.9999803859660789,13
PercDevAbs_TR_11,8.25,0.25249,8.810805037705206,0.6666746102242979,12
PercDevAbs_TR_11,8.25,0.36944,13.631388322123849,0.33333688458431254,11
PercDevAbs_TR_11,8.25,0.5,20.209789183362698,-0,10
PercDevAbs_TR_11,8.25,0.63056,28.931311899933792,-0.33333688458431254,9
PercDevAbs_TR_11,8.25,0.74751,40.220162698447425,-0.6666746102242979,8
PercDevAbs_TR_11,8.25,0.84134,54.53795891136719,-0.9999803859660789,7
PercDevAbs_TR_11,8.25,0.90879,72.39101425734023,-1.3333407702662026,6
PercDevAbs_TR_11,8.25,0.95221,94.31656537706426,-1.6666702079210545,5
PercDevAbs_TR_11,8.25,0.97725,120.89703120883004,-2.0000024438996027,4
PercDevAbs_TR_11,8.25,0.99018,152.7336226578682,-2.3331552225672416,3
PercDevAbs_TR_11,8.25,0.99617,190.54597233038297,-2.6667000630340683,2
PercDevAbs_TR_11,8.25,0.99865,234.96161648566485,-2.999976992703401,1
PercDevAbs_TR_11,8.5,0.00135,0.01487314603476155,2.999976992703393,19
PercDevAbs_TR_11,8.5,0.00383,0.07949361995073334,2.6667000630340683,18
PercDevAbs_TR_11,8.5,0.00982,0.2716301484805769,2.3331552225672434,17
PercDevAbs_TR_11,8.5,0.02275,0.7045291350229618,2.000002443899604,16
PercDevAbs_TR_11,8.5,0.04779,1.5292012658970504,1.6666702079210545,15
PercDevAbs_TR_11,8.5,0.09121,2.9328938251033914,1.3333407702662026,14
PercDevAbs_TR_11,8.5,0.15866,5.14047710293375,0.9999803859660789,13
PercDevAbs_TR_11,8.5,0.25249,8.413376827625873,0.6666746102242979,12
PercDevAbs_TR_11,8.5,0.36944,13.052118674339987,0.33333688458431254,11
PercDevAbs_TR_11,8.5,0.5,19.394085207235786,-0,10
PercDevAbs_TR_11,8.5,0.63056,27.814942177312417,-0.33333688458431254,9
PercDevAbs_TR_11,8.5,0.74751,38.72849886529918,-0.6666746102242979,8
PercDevAbs_TR_11,8.5,0.84134,52.585266745834936,-0.9999803859660789,7
PercDevAbs_TR_11,8.5,0.90879,69.87951465262968,-1.3333407702662026,6
PercDevAbs_TR_11,8.5,0.95221,91.13593453205824,-1.6666702079210545,5
PercDevAbs_TR_11,8.5,0.97725,116.9234505219655,-2.0000024438996027,4
PercDevAbs_TR_11,8.5,0.99018,147.8296141731191,-2.3331552225672416,3
PercDevAbs_TR_11,8.5,0.99617,184.557347762423,-2.6667000630340683,2
PercDevAbs_TR_11,8.5,0.99865,227.7205089276529,-2.999976992703401,1
PercDevAbs_TR_11,8.75,0.00135,0.013050705864114998,2.999976992703393,19
PercDevAbs_TR_11,8.75,0.00383,0.07194323315714624,2.6667000630340683,18
PercDevAbs_TR_11,8.75,0.00982,0.2505730859844442,2.3331552225672434,17
PercDevAbs_TR_11,8.75,0.02275,0.6579338468586186,2.000002443899604,16
PercDevAbs_TR_11,8.75,0.04779,1.440032784565236,1.6666702079210545,15
PercDevAbs_TR_11,8.75,0.09121,2.7784289973248355,1.3333407702662026,14
PercDevAbs_TR_11,8.75,0.15866,4.891545772802207,0.9999803859660789,13
PercDevAbs_TR_11,8.75,0.25249,8.033660832120656,0.6666746102242979,12
PercDevAbs_TR_11,8.75,0.36944,12.497353917912667,0.33333688458431254,11
PercDevAbs_TR_11,8.75,0.5,18.611362158194034,-0,10
PercDevAbs_TR_11,8.75,0.63056,26.74195240871063,-0.33333688458431254,9
PercDevAbs_TR_11,8.75,0.74751,37.29279123844524,-0.6666746102242979,8
PercDevAbs_TR_11,8.75,0.84134,50.7035514883646,-0.9999803859660789,7
PercDevAbs_TR_11,8.75,0.90879,67.4567447224254,-1.3333407702662026,6
PercDevAbs_TR_11,8.75,0.95221,88.06481203557446,-1.6666702079210545,5
PercDevAbs_TR_11,8.75,0.97725,113.08349727531359,-2.0000024438996027,4
PercDevAbs_TR_11,8.75,0.99018,143.08700395721627,-2.3331552225672416,3
PercDevAbs_TR_11,8.75,0.99617,178.76193763483275,-2.6667000630340683,2
PercDevAbs_TR_11,8.75,0.99865,220.70877358005285,-2.999976992703401,1
PercDevAbs_TR_11,9,0.00135,0.01143646445927644,2.999976992703393,19
PercDevAbs_TR_11,9,0.00383,0.06505669538882779,2.6667000630340683,18
PercDevAbs_TR_11,9,0.00982,0.2310378790336845,2.3331552225672434,17
PercDevAbs_TR_11,9,0.02275,0.6142480092337751,2.000002443899604,16
PercDevAbs_TR_11,9,0.04779,1.3558391864596928,1.6666702079210545,15
PercDevAbs_TR_11,9,0.09121,2.6318438863339537,1.3333407702662026,14
PercDevAbs_TR_11,9,0.15866,4.654415661181392,0.9999803859660789,13
PercDevAbs_TR_11,9,0.25249,7.67087424547875,0.6666746102242979,12
PercDevAbs_TR_11,9,0.36944,11.96606005996377,0.33333688458431254,11
PercDevAbs_TR_11,9,0.5,17.860284033489723,-0,10
PercDevAbs_TR_11,9,0.63056,25.710648143151047,-0.33333688458431254,9
PercDevAbs_TR_11,9,0.74751,35.910924629035925,-0.6666746102242979,8
PercDevAbs_TR_11,9,0.84134,48.89020888831055,-0.9999803859660789,7
PercDevAbs_TR_11,9,0.90879,65.11953637520651,-1.3333407702662026,6
PercDevAbs_TR_11,9,0.95221,85.09938475657995,-1.6666702079210545,5
PercDevAbs_TR_11,9,0.97725,109.37262525273805,-2.0000024438996027,4
PercDevAbs_TR_11,9,0.99018,138.5004181134942,-2.3331552225672416,3
PercDevAbs_TR_11,9,0.99617,173.1534369953585,-2.6667000630340683,2
PercDevAbs_TR_11,9,0.99865,213.9190653449751,-2.999976992703401,1
PercDevAbs_TR_11,9.25,0.00135,0.010008648992508279,2.999976992703393,19
PercDevAbs_TR_11,9.25,0.00383,0.0587805613954897,2.6667000630340683,18
PercDevAbs_TR_11,9.25,0.00982,0.2129221314190859,2.3331552225672434,17
PercDevAbs_TR_11,9.25,0.02275,0.5732992794364656,2.000002443899604,16
PercDevAbs_TR_11,9.25,0.04779,1.27635287371723,1.6666702079210545,15
PercDevAbs_TR_11,9.25,0.09121,2.4927459971641888,1.3333407702662026,14
PercDevAbs_TR_11,9.25,0.15866,4.4285351793958805,0.9999803859660789,13
PercDevAbs_TR_11,9.25,0.25249,7.324267499414318,0.6666746102242979,12
PercDevAbs_TR_11,9.25,0.36944,11.45724567726001,0.33333688458431254,11
PercDevAbs_TR_11,9.25,0.5,17.13956854299623,-0,10
PercDevAbs_TR_11,9.25,0.63056,24.7194018430276,-0.33333688458431254,9
PercDevAbs_TR_11,9.25,0.74751,34.580866288012935,-0.6666746102242979,8
PercDevAbs_TR_11,9.25,0.84134,47.142735273759854,-0.9999803859660789,7
PercDevAbs_TR_11,9.25,0.90879,62.86484316434403,-1.3333407702662026,6
PercDevAbs_TR_11,9.25,0.95221,82.23598552790929,-1.6666702079210545,5
PercDevAbs_TR_11,9.25,0.97725,105.78646212754794,-2.0000024438996027,4
PercDevAbs_TR_11,9.25,0.99018,134.06468852121833,-2.3331552225672416,3
PercDevAbs_TR_11,9.25,0.99617,167.72578296779633,-2.6667000630340683,2
PercDevAbs_TR_11,9.25,0.99865,207.34432226009395,-2.999976992703401,1
PercDevAbs_TR_11,9.5,0.00135,0.008747523144384827,2.999976992703393,19
PercDevAbs_TR_11,9.5,0.00383,0.053065296926886496,2.6667000630340683,18
PercDevAbs_TR_11,9.5,0.00982,0.19612988970808828,2.3331552225672434,17
PercDevAbs_TR_11,9.5,0.02275,0.5349250705682965,2.000002443899604,16
PercDevAbs_TR_11,9.5,0.04779,1.2013201912418714,1.6666702079210545,15
PercDevAbs_TR_11,9.5,0.09121,2.3607619139963885,1.3333407702662026,14
PercDevAbs_TR_11,9.5,0.15866,4.213377977620286,0.9999803859660789,13
PercDevAbs_TR_11,9.5,0.25249,6.993123515664451,0.6666746102242979,12
PercDevAbs_TR_11,9.5,0.36944,10.969960247171024,0.33333688458431254,11
PercDevAbs_TR_11,9.5,0.5,16.447983928777663,-0,10
PercDevAbs_TR_11,9.5,0.63056,23.76664741377548,-0.33333688458431254,9
PercDevAbs_TR_11,9.5,0.74751,33.30065715363019,-0.6666746102242979,8
PercDevAbs_TR_11,9.5,0.84134,45.458714286371404,-0.9999803859660789,7
PercDevAbs_TR_11,9.5,0.90879,60.6897210144863,-1.3333407702662026,6
PercDevAbs_TR_11,9.5,0.95221,79.47106608067216,-1.6666702079210545,5
PercDevAbs_TR_11,9.5,0.97725,102.32077250642084,-2.0000024438996027,4
PercDevAbs_TR_11,9.5,0.99018,129.77480355818366,-2.3331552225672416,3
PercDevAbs_TR_11,9.5,0.99617,162.4730903335493,-2.6667000630340683,2
PercDevAbs_TR_11,9.5,0.99865,200.97768275717775,-2.999976992703401,1
PercDevAbs_TR_11,9.75,0.00135,0.007635280307620514,2.999976992703393,19
PercDevAbs_TR_11,9.75,0.00383,0.04786525825472769,2.6667000630340683,18
PercDevAbs_TR_11,9.75,0.00982,0.18057186257536137,2.3331552225672434,17
PercDevAbs_TR_11,9.75,0.02275,0.49897314903443024,2.000002443899604,16
PercDevAbs_TR_11,9.75,0.04779,1.1305024614706458,1.6666702079210545,15
PercDevAbs_TR_11,9.75,0.09121,2.2355386899682577,1.3333407702662026,14
PercDevAbs_TR_11,9.75,0.15866,4.008444405998278,0.9999803859660789,13
PercDevAbs_TR_11,9.75,0.25249,6.6767586924556195,0.6666746102242979,12
PercDevAbs_TR_11,9.75,0.36944,10.503293789820386,0.33333688458431254,11
PercDevAbs_TR_11,9.75,0.5,15.784346007759503,-0,10
PercDevAbs_TR_11,9.75,0.63056,22.850872944117775,-0.33333688458431254,9
PercDevAbs_TR_11,9.75,0.74751,32.06839807598328,-0.6666746102242979,8
PercDevAbs_TR_11,9.75,0.84134,43.83579380480978,-0.9999803859660789,7
PercDevAbs_TR_11,9.75,0.90879,58.59129241963557,-1.3333407702662026,6
PercDevAbs_TR_11,9.75,0.95221,76.80114439625808,-1.6666702079210545,5
PercDevAbs_TR_11,9.75,0.97725,98.9713835507106,-2.0000024438996027,4
PercDevAbs_TR_11,9.75,0.99018,125.62580629702249,-2.3331552225672416,3
PercDevAbs_TR_11,9.75,0.99617,157.38951566553587,-2.6667000630340683,2
PercDevAbs_TR_11,9.75,0.99865,194.8123082061115,-2.999976992703401,1
PercDevAbs_TR_11,10,0.00135,0.00665582359872577,2.999976992703393,19
PercDevAbs_TR_11,10,0.00383,0.04313821388803254,2.6667000630340683,18
PercDevAbs_TR_11,10,0.00982,0.16616453096405281,2.3331552225672434,17
PercDevAbs_TR_11,10,0.02275,0.46530022207208915,2.000002443899604,16
PercDevAbs_TR_11,10,0.04779,1.0636740287098796,1.6666702079210545,15
PercDevAbs_TR_11,10,0.09121,2.116741466915571,1.3333407702662026,14
PercDevAbs_TR_11,10,0.15866,3.8132590158971937,0.9999803859660789,13
PercDevAbs_TR_11,10,0.25249,6.37452083030943,0.6666746102242979,12
PercDevAbs_TR_11,10,0.36944,10.056376048454203,0.33333688458431254,11
PercDevAbs_TR_11,10,0.5,15.147519773923966,-0,10
PercDevAbs_TR_11,10,0.63056,21.97062628522579,-0.33333688458431254,9
PercDevAbs_TR_11,10,0.74751,30.882261366981908,-0.6666746102242979,8
PercDevAbs_TR_11,10,0.84134,42.27170594812,-0.9999803859660789,7
PercDevAbs_TR_11,10,0.90879,56.566777925848484,-1.3333407702662026,6
PercDevAbs_TR_11,10,0.95221,74.22285128382067,-1.6666702079210545,5
PercDevAbs_TR_11,10,0.97725,95.73425090883742,-2.0000024438996027,4
PercDevAbs_TR_11,10,0.99018,121.61288473312167,-2.3331552225672416,3
PercDevAbs_TR_11,10,0.99617,152.46937758603093,-2.6667000630340683,2
PercDevAbs_TR_11,10,0.99865,188.84153967949,-2.999976992703401,1
PercDevAbs_TR_11,10.25,0.00135,0.005794589616097189,2.999976992703393,19
PercDevAbs_TR_11,10.25,0.00383,0.038844971233648475,2.6667000630340683,18
PercDevAbs_TR_11,10.25,0.00982,0.1528294385446878,2.3331552225672434,17
PercDevAbs_TR_11,10.25,0.02275,0.43377076740649034,2.000002443899604,16
PercDevAbs_TR_11,10.25,0.04779,1.0006205588359172,1.6666702079210545,15
PercDevAbs_TR_11,10.25,0.09121,2.0040512708765155,1.3333407702662026,14
PercDevAbs_TR_11,10.25,0.15866,3.6273680106630235,0.9999803859660789,13
PercDevAbs_TR_11,10.25,0.25249,6.085786570939731,0.6666746102242979,12
PercDevAbs_TR_11,10.25,0.36944,9.628374462866889,0.33333688458431254,11
PercDevAbs_TR_11,10.25,0.5,14.536418706693395,-0,10
PercDevAbs_TR_11,10.25,0.63056,21.124516789242684,-0.33333688458431254,9
PercDevAbs_TR_11,10.25,0.74751,29.74049639988087,-0.6666746102242979,8
PercDevAbs_TR_11,10.25,0.84134,40.76427834324084,-0.9999803859660789,7
PercDevAbs_TR_11,10.25,0.90879,54.61351529335173,-1.3333407702662026,6
PercDevAbs_TR_11,10.25,0.95221,71.73296012113076,-1.6666702079210545,5
PercDevAbs_TR_11,10.25,0.97725,92.60550222149891,-2.0000024438996027,4
PercDevAbs_TR_11,10.25,0.99018,117.73143277150174,-2.3331552225672416,3
PercDevAbs_TR_11,10.25,0.99617,147.7072395704663,-2.6667000630340683,2
PercDevAbs_TR_11,10.25,0.99865,183.05900749351747,-2.999976992703401,1
PercDevAbs_TR_11,10.5,0.00135,0.005038417641063481,2.999976992703393,19
PercDevAbs_TR_11,10.5,0.00383,0.034949144790314045,2.6667000630340683,18
PercDevAbs_TR_11,10.5,0.00982,0.14049278836036175,2.3331552225672434,17
PercDevAbs_TR_11,10.5,0.02275,0.40425637643365114,2.000002443899604,16
PercDevAbs_TR_11,10.5,0.04779,0.94113805022043,1.6666702079210545,15
PercDevAbs_TR_11,10.5,0.09121,1.8971636273917938,1.3333407702662026,14
PercDevAbs_TR_11,10.5,0.15866,3.4503374291706392,0.9999803859660789,13
PercDevAbs_TR_11,10.5,0.25249,5.809959152584955,0.6666746102242979,12
PercDevAbs_TR_11,10.5,0.36944,9.218491551946085,0.33333688458431254,11
PercDevAbs_TR_11,10.5,0.5,13.95000190078262,-0,10
PercDevAbs_TR_11,10.5,0.63056,20.311212383867794,-0.33333688458431254,9
PercDevAbs_TR_11,10.5,0.74751,28.641426916136528,-0.6666746102242979,8
PercDevAbs_TR_11,10.5,0.84134,39.31143205454824,-0.9999803859660789,7
PercDevAbs_TR_11,10.5,0.90879,52.728958555245015,-1.3333407702662026,6
PercDevAbs_TR_11,10.5,0.95221,69.3283876774555,-1.6666702079210545,5
PercDevAbs_TR_11,10.5,0.97725,89.58144048559423,-2.0000024438996027,4
PercDevAbs_TR_11,10.5,0.99018,113.97705706125777,-2.3331552225672416,3
PercDevAbs_TR_11,10.5,0.99617,143.09792135660783,-2.6667000630340683,2
PercDevAbs_TR_11,10.5,0.99865,177.45864846862622,-2.999976992703401,1
PercDevAbs_TR_11,10.75,0.00135,0.004375453070150142,2.999976992703393,19
PercDevAbs_TR_11,10.75,0.00383,0.03141705269591481,2.6667000630340683,18
PercDevAbs_TR_11,10.75,0.00982,0.12908536411722954,2.3331552225672434,17
PercDevAbs_TR_11,10.75,0.02275,0.37663571788263395,2.000002443899604,16
PercDevAbs_TR_11,10.75,0.04779,0.8850328256593251,1.6666702079210545,15
PercDevAbs_TR_11,10.75,0.09121,1.7957885164649445,1.3333407702662026,14
PercDevAbs_TR_11,10.75,0.15866,3.281752928553101,0.9999803859660789,13
PercDevAbs_TR_11,10.75,0.25249,5.546467796381204,0.6666746102242979,12
PercDevAbs_TR_11,10.75,0.36944,8.825963571495198,0.33333688458431254,11
PercDevAbs_TR_11,10.75,0.5,13.387271536121984,-0,10
PercDevAbs_TR_11,10.75,0.63056,19.529435248555426,-0.33333688458431254,9
PercDevAbs_TR_11,10.75,0.74751,27.583444136198878,-0.6666746102242979,8
PercDevAbs_TR_11,10.75,0.84134,37.91117117265468,-0.9999803859660789,7
PercDevAbs_TR_11,10.75,0.90879,50.91066292188995,-1.3333407702662026,6
PercDevAbs_TR_11,10.75,0.95221,67.00617294782737,-1.6666702079210545,5
PercDevAbs_TR_11,10.75,0.97725,86.65851518823386,-2.0000024438996027,4
PercDevAbs_TR_11,10.75,0.99018,110.34553854128784,-2.3331552225672416,3
PercDevAbs_TR_11,10.75,0.99617,138.6364487121657,-2.6667000630340683,2
PercDevAbs_TR_11,10.75,0.99865,172.03464144805773,-2.999976992703401,1
PercDevAbs_TR_11,11,0.00135,0.003795056574915801,2.999976992703393,19
PercDevAbs_TR_11,11,0.00383,0.028217633864682578,2.6667000630340683,18
PercDevAbs_TR_11,11,0.00982,0.11854252029015502,2.3331552225672434,17
PercDevAbs_TR_11,11,0.02275,0.3507946565473521,2.000002443899604,16
PercDevAbs_TR_11,11,0.04779,0.8321217929258599,1.6666702079210545,15
PercDevAbs_TR_11,11,0.09121,1.699650711596708,1.3333407702662026,14
PercDevAbs_TR_11,11,0.15866,3.1212200290029615,0.9999803859660789,13
PercDevAbs_TR_11,11,0.25249,5.294767541987631,0.6666746102242979,12
PercDevAbs_TR_11,11,0.36944,8.450059450176951,0.33333688458431254,11
PercDevAbs_TR_11,11,0.5,12.847270214669383,-0,10
PercDevAbs_TR_11,11,0.63056,18.777956610095064,-0.33333688458431254,9
PercDevAbs_TR_11,11,0.74751,26.56499779525386,-0.6666746102242979,8
PercDevAbs_TR_11,11,0.84134,36.56156856182181,-0.9999803859660789,7
PercDevAbs_TR_11,11,0.90879,49.156263365375985,-1.3333407702662026,6
PercDevAbs_TR_11,11,0.95221,64.76344632280328,-1.6666702079210545,5
PercDevAbs_TR_11,11,0.97725,83.83327939628671,-2.0000024438996027,4
PercDevAbs_TR_11,11,0.99018,106.83277434583346,-2.3331552225672416,3
PercDevAbs_TR_11,11,0.99617,134.31797654122587,-2.6667000630340683,2
PercDevAbs_TR_11,11,0.99865,166.7813075087939,-2.999976992703401,1
PercDevAbs_TR_11,11.25,0.00135,0.0032876934338232277,2.999976992703393,19
PercDevAbs_TR_11,11.25,0.00383,0.02532225999539252,2.6667000630340683,18
PercDevAbs_TR_11,11.25,0.00982,0.10880389510914297,2.3331552225672434,17
PercDevAbs_TR_11,11.25,0.02275,0.32662584685810886,2.000002443899604,16
PercDevAbs_TR_11,11.25,0.04779,0.7822318993738384,1.6666702079210545,15
PercDevAbs_TR_11,11.25,0.09121,1.6084890739272018,1.3333407702662026,14
PercDevAbs_TR_11,11.25,0.15866,2.968363221666283,0.9999803859660789,13
PercDevAbs_TR_11,11.25,0.25249,5.054338137246916,0.6666746102242979,12
PercDevAbs_TR_11,11.25,0.36944,8.09007942073144,0.33333688458431254,11
PercDevAbs_TR_11,11.25,0.5,12.329079282898407,-0,10
PercDevAbs_TR_11,11.25,0.63056,18.055594694037183,-0.33333688458431254,9
PercDevAbs_TR_11,11.25,0.74751,25.5845936472473,-0.6666746102242979,8
PercDevAbs_TR_11,11.25,0.84134,35.26076282432216,-0.9999803859660789,7
PercDevAbs_TR_11,11.25,0.90879,47.463470933845414,-1.3333407702662026,6
PercDevAbs_TR_11,11.25,0.95221,62.59742512258029,-1.6666702079210545,5
PercDevAbs_TR_11,11.25,0.97725,81.1023843580965,-2.0000024438996027,4
PercDevAbs_TR_11,11.25,0.99018,103.43477129830268,-2.3331552225672416,3
PercDevAbs_TR_11,11.25,0.99617,130.13778106663915,-2.6667000630340683,2
PercDevAbs_TR_11,11.25,0.99865,161.6931006034637,-2.999976992703401,1
PercDevAbs_TR_11,11.5,0.00135,0.0028448205239142077,2.999976992703393,19
PercDevAbs_TR_11,11.5,0.00383,0.02270450253964,2.6667000630340683,18
PercDevAbs_TR_11,11.5,0.00982,0.09981297472642779,2.3331552225672434,17
PercDevAbs_TR_11,11.5,0.02275,0.3040280120155962,2.000002443899604,16
PercDevAbs_TR_11,11.5,0.04779,0.735199071532187,1.6666702079210545,15
PercDevAbs_TR_11,11.5,0.09121,1.5220551484561542,1.3333407702662026,14
PercDevAbs_TR_11,11.5,0.15866,2.8228242906045793,0.9999803859660789,13
PercDevAbs_TR_11,11.5,0.25249,4.824682250909333,0.6666746102242979,12
PercDevAbs_TR_11,11.5,0.36944,7.745353407476965,0.33333688458431254,11
PercDevAbs_TR_11,11.5,0.5,11.831817820562899,-0,10
PercDevAbs_TR_11,11.5,0.63056,17.361214907225307,-0.33333688458431254,9
PercDevAbs_TR_11,11.5,0.74751,24.64079562339272,-0.6666746102242979,8
PercDevAbs_TR_11,11.5,0.84134,34.00696343026554,-0.9999803859660789,7
PercDevAbs_TR_11,11.5,0.90879,45.83008208620338,-1.3333407702662026,6
PercDevAbs_TR_11,11.5,0.95221,60.50542863047043,-1.6666702079210545,5
PercDevAbs_TR_11,11.5,0.97725,78.46260201525556,-2.0000024438996027,4
PercDevAbs_TR_11,11.5,0.99018,100.14767798438558,-2.3331552225672416,3
PercDevAbs_TR_11,11.5,0.99617,126.09130389958658,-2.6667000630340683,2
PercDevAbs_TR_11,11.5,0.99865,156.76466639669786,-2.999976992703401,1
PercDevAbs_TR_11,11.75,0.00135,0.002458793649722759,2.999976992703393,19
PercDevAbs_TR_11,11.75,0.00383,0.020339964026119324,2.6667000630340683,18
PercDevAbs_TR_11,11.75,0.00982,0.09151680568749573,2.3331552225672434,17
PercDevAbs_TR_11,11.75,0.02275,0.28290548744707805,2.000002443899604,16
PercDevAbs_TR_11,11.75,0.04779,0.6908675457325157,1.6666702079210545,15
PercDevAbs_TR_11,11.75,0.09121,1.4401122536239983,1.3333407702662026,14
PercDevAbs_TR_11,11.75,0.15866,2.6842611574574806,0.9999803859660789,13
PercDevAbs_TR_11,11.75,0.25249,4.605324102043011,0.6666746102242979,12
PercDevAbs_TR_11,11.75,0.36944,7.415239512828049,0.33333688458431254,11
PercDevAbs_TR_11,11.75,0.5,11.354641108846272,-0,10
PercDevAbs_TR_11,11.75,0.63056,16.693728473699345,-0.33333688458431254,9
PercDevAbs_TR_11,11.75,0.74751,23.732224893065567,-0.6666746102242979,8
PercDevAbs_TR_11,11.75,0.84134,32.79845054129941,-0.9999803859660789,7
PercDevAbs_TR_11,11.75,0.90879,44.253979706936946,-1.3333407702662026,6
PercDevAbs_TR_11,11.75,0.95221,58.48488082677611,-1.6666702079210545,5
PercDevAbs_TR_11,11.75,0.97725,75.91083009311332,-2.0000024438996027,4
PercDevAbs_TR_11,11.75,0.99018,96.96779295406382,-2.3331552225672416,3
PercDevAbs_TR_11,11.75,0.99617,122.17416424302493,-2.6667000630340683,2
PercDevAbs_TR_11,11.75,0.99865,151.9908594911722,-2.999976992703401,1
PercDevAbs_TR_11,12,0.00135,0.0021227885745996136,2.999976992703393,19
PercDevAbs_TR_11,12,0.00383,0.018206154522040312,2.6667000630340683,18
PercDevAbs_TR_11,12,0.00982,0.0838658214655383,2.3331552225672434,17
PercDevAbs_TR_11,12,0.02275,0.2631679830243556,2.000002443899604,16
PercDevAbs_TR_11,12,0.04779,0.6490895418651216,1.6666702079210545,15
PercDevAbs_TR_11,12,0.09121,1.3624350278289203,1.3333407702662026,14
PercDevAbs_TR_11,12,0.15866,2.552347242364877,0.9999803859660789,13
PercDevAbs_TR_11,12,0.25249,4.395808552759733,0.6666746102242979,12
PercDevAbs_TR_11,12,0.36944,7.09912273014195,0.33333688458431254,11
PercDevAbs_TR_11,12,0.5,10.896738817915418,-0,10
PercDevAbs_TR_11,12,0.63056,16.052089913040053,-0.33333688458431254,9
PercDevAbs_TR_11,12,0.74751,22.857556405748873,-0.6666746102242979,8
PercDevAbs_TR_11,12,0.84134,31.63357034104329,-0.9999803859660789,7
PercDevAbs_TR_11,12,0.90879,42.73312689672788,-1.3333407702662026,6
PercDevAbs_TR_11,12,0.95221,56.53330225396416,-1.6666702079210545,5
PercDevAbs_TR_11,12,0.97725,73.44408159225901,-2.0000024438996027,4
PercDevAbs_TR_11,12,0.99018,93.89155132554625,-2.3331552225672416,3
PercDevAbs_TR_11,12,0.99617,118.38214201655013,-2.6667000630340683,2
PercDevAbs_TR_11,12,0.99865,147.3667224113743,-2.999976992703401,1
PercDevAbs_TR_12,6,0.00135,0.035339739946308235,2.999976992703393,19
PercDevAbs_TR_12,6,0.00383,0.19432391086970668,2.6667000630340683,18
PercDevAbs_TR_12,6,0.00982,0.65640431747551,2.3331552225672434,17
PercDevAbs_TR_12,6,0.02275,1.6436041162710842,2.000002443899604,16
PercDevAbs_TR_12,6,0.04779,3.4080240208608505,1.6666702079210545,15
PercDevAbs_TR_12,6,0.09121,6.222064997628279,1.3333407702662026,14
PercDevAbs_TR_12,6,0.15866,10.378575497425201,0.9999803859660789,13
PercDevAbs_TR_12,6,0.25249,16.18667025971379,0.6666746102242979,12
PercDevAbs_TR_12,6,0.36944,23.97456169261117,0.33333688458431254,11
PercDevAbs_TR_12,6,0.5,34.08391629284014,-0,10
PercDevAbs_TR_12,6,0.63056,46.87112372895431,-0.33333688458431254,9
PercDevAbs_TR_12,6,0.74751,62.70589807770418,-0.6666746102242979,8
PercDevAbs_TR_12,6,0.84134,81.9683785743959,-0.9999803859660789,7
PercDevAbs_TR_12,6,0.90879,105.05797180083144,-1.3333407702662026,6
PercDevAbs_TR_12,6,0.95221,132.37444643149794,-1.6666702079210545,5
PercDevAbs_TR_12,6,0.97725,164.33605827483123,-2.0000024438996027,4
PercDevAbs_TR_12,6,0.99018,201.34751614605634,-2.3331552225672416,3
PercDevAbs_TR_12,6,0.99617,243.91364769285823,-2.6667000630340683,2
PercDevAbs_TR_12,6,0.99865,292.3989946266014,-2.999976992703401,1
PercDevAbs_TR_12,6.25,0.00135,0.026536227028226354,2.999976992703393,19
PercDevAbs_TR_12,6.25,0.00383,0.15811267682966396,2.6667000630340683,18
PercDevAbs_TR_12,6.25,0.00982,0.5625367740008127,2.3331552225672434,17
PercDevAbs_TR_12,6.25,0.02275,1.4558752414433254,2.000002443899604,16
PercDevAbs_TR_12,6.25,0.04779,3.0857878800328553,1.6666702079210545,15
PercDevAbs_TR_12,6.25,0.09121,5.720832619195735,1.3333407702662026,14
PercDevAbs_TR_12,6.25,0.15866,9.650104534558112,0.9999803859660789,13
PercDevAbs_TR_12,6.25,0.25249,15.179177327809363,0.6666746102242979,12
PercDevAbs_TR_12,6.25,0.36944,22.632707600885563,0.33333688458431254,11
PercDevAbs_TR_12,6.25,0.5,32.34900105245422,-0,10
PercDevAbs_TR_12,6.25,0.63056,44.681147283861,-0.33333688458431254,9
PercDevAbs_TR_12,6.25,0.74751,59.99563115843974,-0.6666746102242979,8
PercDevAbs_TR_12,6.25,0.84134,78.66948323208098,-0.9999803859660789,7
PercDevAbs_TR_12,6.25,0.90879,101.09882792441523,-1.3333407702662026,6
PercDevAbs_TR_12,6.25,0.95221,127.68051208535303,-1.6666702079210545,5
PercDevAbs_TR_12,6.25,0.97725,158.8296741584918,-2.0000024438996027,4
PercDevAbs_TR_12,6.25,0.99018,194.94850481350042,-2.3331552225672416,3
PercDevAbs_TR_12,6.25,0.99617,236.53721436896748,-2.6667000630340683,2
PercDevAbs_TR_12,6.25,0.99865,283.95924129946735,-2.999976992703401,1
PercDevAbs_TR_12,6.5,0.00135,0.01979574782163524,2.999976992703393,19
PercDevAbs_TR_12,6.5,0.00383,0.12799304285612173,2.6667000630340683,18
PercDevAbs_TR_12,6.5,0.00982,0.4805564130595972,2.3331552225672434,17
PercDevAbs_TR_12,6.5,0.02275,1.2871491387129026,2.000002443899604,16
PercDevAbs_TR_12,6.5,0.04779,2.7909124132722374,1.6666702079210545,15
PercDevAbs_TR_12,6.5,0.09121,5.256581824430459,1.3333407702662026,14
PercDevAbs_TR_12,6.5,0.15866,8.969540421276074,0.9999803859660789,13
PercDevAbs_TR_12,6.5,0.25249,14.231855056615329,0.6666746102242979,12
PercDevAbs_TR_12,6.5,0.36944,21.36466294977113,0.33333688458431254,11
PercDevAbs_TR_12,6.5,0.5,30.702939049375825,-0,10
PercDevAbs_TR_12,6.5,0.63056,42.5965030348887,-0.33333688458431254,9
PercDevAbs_TR_12,6.5,0.74751,57.40864016581285,-0.6666746102242979,8
PercDevAbs_TR_12,6.5,0.84134,75.5132995746217,-0.9999803859660789,7
PercDevAbs_TR_12,6.5,0.90879,97.303357690865,-1.3333407702662026,6
PercDevAbs_TR_12,6.5,0.95221,123.17276304300366,-1.6666702079210545,5
PercDevAbs_TR_12,6.5,0.97725,153.53356725335115,-2.0000024438996027,4
PercDevAbs_TR_12,6.5,0.99018,188.78545657746199,-2.3331552225672416,3
PercDevAbs_TR_12,6.5,0.99617,229.42409753222907,-2.6667000630340683,2
PercDevAbs_TR_12,6.5,0.99865,275.8117997632982,-2.999976992703401,1
PercDevAbs_TR_12,6.75,0.00135,0.014680146549794387,2.999976992703393,19
PercDevAbs_TR_12,6.75,0.00383,0.10309266034063243,2.6667000630340683,18
PercDevAbs_TR_12,6.75,0.00982,0.40920825514723713,2.3331552225672434,17
PercDevAbs_TR_12,6.75,0.02275,1.1358003045786065,2.000002443899604,16
PercDevAbs_TR_12,6.75,0.04779,2.521377798442421,1.6666702079210545,15
PercDevAbs_TR_12,6.75,0.09121,4.826864864536009,1.3333407702662026,14
PercDevAbs_TR_12,6.75,0.15866,8.333972549984473,0.9999803859660789,13
PercDevAbs_TR_12,6.75,0.25249,13.34129569419116,0.6666746102242979,12
PercDevAbs_TR_12,6.75,0.36944,20.166489006855308,0.33333688458431254,11
PercDevAbs_TR_12,6.75,0.5,29.14122712396599,-0,10
PercDevAbs_TR_12,6.75,0.63056,40.612090087059045,-0.33333688458431254,9
PercDevAbs_TR_12,6.75,0.74751,54.93919316515496,-0.6666746102242979,8
PercDevAbs_TR_12,6.75,0.84134,72.49343131191141,-0.9999803859660789,7
PercDevAbs_TR_12,6.75,0.90879,93.66446683369456,-1.3333407702662026,6
PercDevAbs_TR_12,6.75,0.95221,118.8433734555185,-1.6666702079210545,5
PercDevAbs_TR_12,6.75,0.97725,148.43914627190514,-2.0000024438996027,4
PercDevAbs_TR_12,6.75,0.99018,182.8489811087752,-2.3331552225672416,3
PercDevAbs_TR_12,6.75,0.99617,222.5640726049338,-2.6667000630340683,2
PercDevAbs_TR_12,6.75,0.99865,267.94557741137913,-2.999976992703401,1
PercDevAbs_TR_12,7,0.00135,0.010829774558105656,2.999976992703393,19
PercDevAbs_TR_12,7,0.00383,0.08263306980503675,2.6667000630340683,18
PercDevAbs_TR_12,7,0.00982,0.3473363272855904,2.3331552225672434,17
PercDevAbs_TR_12,7,0.02275,1.0003137830714954,2.000002443899604,16
PercDevAbs_TR_12,7,0.04779,2.275290626288526,1.6666702079210545,15
PercDevAbs_TR_12,7,0.09121,4.429378361055473,1.3333407702662026,14
PercDevAbs_TR_12,7,0.15866,7.7406540487210655,0.9999803859660789,13
PercDevAbs_TR_12,7,0.25249,12.50427597728432,0.6666746102242979,12
PercDevAbs_TR_12,7,0.36944,19.03445388866624,0.33333688458431254,11
PercDevAbs_TR_12,7,0.5,27.65959322219698,-0,10
PercDevAbs_TR_12,7,0.63056,38.72306512492893,-0.33333688458431254,9
PercDevAbs_TR_12,7,0.74751,52.581844828952974,-0.6666746102242979,8
PercDevAbs_TR_12,7,0.84134,69.60380068718479,-0.9999803859660789,7
PercDevAbs_TR_12,7,0.90879,90.17541481214181,-1.3333407702662026,6
PercDevAbs_TR_12,7,0.95221,114.6849100193146,-1.6666702079210545,5
PercDevAbs_TR_12,7,0.97725,143.53825530268523,-2.0000024438996027,4
PercDevAbs_TR_12,7,0.99018,177.13017065989195,-2.3331552225672416,3
PercDevAbs_TR_12,7,0.99617,215.94744965806012,-2.6667000630340683,2
PercDevAbs_TR_12,7,0.99865,260.35007352506244,-2.999976992703401,1
PercDevAbs_TR_12,7.25,0.00135,0.007953775756508633,2.999976992703393,19
PercDevAbs_TR_12,7.25,0.00383,0.0659248868792506,2.6667000630340683,18
PercDevAbs_TR_12,7.25,0.00982,0.29387912070676425,2.3331552225672434,17
PercDevAbs_TR_12,7.25,0.02275,0.879279621678574,2.000002443899604,16
PercDevAbs_TR_12,7.25,0.04779,2.050877499739424,1.6666702079210545,15
PercDevAbs_TR_12,7.25,0.09121,4.061956113488195,1.3333407702662026,14
PercDevAbs_TR_12,7.25,0.15866,7.186993661538058,0.9999803859660789,13
PercDevAbs_TR_12,7.25,0.25249,11.717747797547354,0.6666746102242979,12
PercDevAbs_TR_12,7.25,0.36944,17.965021603400775,0.33333688458431254,11
PercDevAbs_TR_12,7.25,0.5,26.25398329437802,-0,10
PercDevAbs_TR_12,7.25,0.63056,36.92482653769592,-0.33333688458431254,9
PercDevAbs_TR_12,7.25,0.74751,50.33141704827479,-0.6666746102242979,8
PercDevAbs_TR_12,7.25,0.84134,66.8386247220332,-0.9999803859660789,7
PercDevAbs_TR_12,7.25,0.90879,86.82978571947926,-1.3333407702662026,6
PercDevAbs_TR_12,7.25,0.95221,110.6902964590726,-1.6666702079210545,5
PercDevAbs_TR_12,7.25,0.97725,138.82313065560726,-2.0000024438996027,4
PercDevAbs_TR_12,7.25,0.99018,171.62054793957182,-2.3331552225672416,3
PercDevAbs_TR_12,7.25,0.99617,209.56501083612196,-2.6667000630340683,2
PercDevAbs_TR_12,7.25,0.99865,253.01530465709575,-2.999976992703401,1
PercDevAbs_TR_12,7.5,0.00135,0.005820350380453573,2.999976992703393,19
PercDevAbs_TR_12,7.5,0.00383,0.05236261500575546,2.6667000630340683,18
PercDevAbs_TR_12,7.5,0.00982,0.24786526468530395,2.3331552225672434,17
PercDevAbs_TR_12,7.5,0.02275,0.7713877843681299,2.000002443899604,16
PercDevAbs_TR_12,7.5,0.04779,1.8464792570275446,1.6666702079210545,15
PercDevAbs_TR_12,7.5,0.09121,3.7225626898561353,1.3333407702662026,14
PercDevAbs_TR_12,7.5,0.15866,6.670548522835093,0.9999803859660789,13
PercDevAbs_TR_12,7.5,0.25249,10.978829760435445,0.6666746102242979,12
PercDevAbs_TR_12,7.5,0.36944,16.95484180120398,0.33333688458431254,11
PercDevAbs_TR_12,7.5,0.5,24.92054845579445,-0,10
PercDevAbs_TR_12,7.5,0.63056,35.21299801881813,-0.33333688458431254,9
PercDevAbs_TR_12,7.5,0.74751,48.18297780391034,-0.6666746102242979,8
PercDevAbs_TR_12,7.5,0.84134,64.19238798934344,-0.9999803859660789,7
PercDevAbs_TR_12,7.5,0.90879,83.62145337624187,-1.3333407702662026,6
PercDevAbs_TR_12,7.5,0.95221,106.85276914446715,-1.6666702079210545,5
PercDevAbs_TR_12,7.5,0.97725,134.2863449807976,-2.0000024438996027,4
PercDevAbs_TR_12,7.5,0.99018,166.311996490078,-2.3331552225672416,3
PercDevAbs_TR_12,7.5,0.99617,203.40792448640195,-2.6667000630340683,2
PercDevAbs_TR_12,7.5,0.99865,245.9316997945569,-2.999976992703401,1
PercDevAbs_TR_12,7.75,0.00135,0.004247354149475423,2.999976992703393,19
PercDevAbs_TR_12,7.75,0.00383,0.04141897214435773,2.6667000630340683,18
PercDevAbs_TR_12,7.75,0.00982,0.20840905516668032,2.3331552225672434,17
PercDevAbs_TR_12,7.75,0.02275,0.6754228923459533,2.000002443899604,16
PercDevAbs_TR_12,7.75,0.04779,1.6605448949006365,1.6666702079210545,15
PercDevAbs_TR_12,7.75,0.09121,3.409286670343095,1.3333407702662026,14
PercDevAbs_TR_12,7.75,0.15866,6.18901669369026,0.9999803859660789,13
PercDevAbs_TR_12,7.75,0.25249,10.284798827227137,0.6666746102242979,12
PercDevAbs_TR_12,7.75,0.36944,16.00074019760998,0.33333688458431254,11
PercDevAbs_TR_12,7.75,0.5,23.655633739233572,-0,10
PercDevAbs_TR_12,7.75,0.63056,33.58341506790472,-0.33333688458431254,9
PercDevAbs_TR_12,7.75,0.74751,46.13182470767823,-0.6666746102242979,8
PercDevAbs_TR_12,7.75,0.84134,61.65982235001393,-0.9999803859660789,7
PercDevAbs_TR_12,7.75,0.90879,80.5445562780761,-1.3333407702662026,6
PercDevAbs_TR_12,7.75,0.95221,103.16584612202158,-1.6666702079210545,5
PercDevAbs_TR_12,7.75,0.97725,129.9207691082049,-2.0000024438996027,4
PercDevAbs_TR_12,7.75,0.99018,161.19671391020273,-2.3331552225672416,3
PercDevAbs_TR_12,7.75,0.99617,197.46768816721658,-2.6667000630340683,2
PercDevAbs_TR_12,7.75,0.99865,239.0900314117367,-2.999976992703401,1
PercDevAbs_TR_12,8,0.00135,0.0030935689118397115,2.999976992703393,19
PercDevAbs_TR_12,8,0.00383,0.03263886223556752,2.6667000630340683,18
PercDevAbs_TR_12,8,0.00982,0.17470600422050644,2.3331552225672434,17
PercDevAbs_TR_12,8,0.02275,0.5902591100349235,2.000002443899604,16
PercDevAbs_TR_12,8,0.04779,1.4916256351853225,1.6666702079210545,15
PercDevAbs_TR_12,8,0.09121,3.12033407705969,1.3333407702662026,14
PercDevAbs_TR_12,8,0.15866,5.740230030288313,0.9999803859660789,13
PercDevAbs_TR_12,8,0.25249,9.633082569877295,0.6666746102242979,12
PercDevAbs_TR_12,8,0.36944,15.099710053592263,0.33333688458431254,11
PercDevAbs_TR_12,8,0.5,22.455768539934038,-0,10
PercDevAbs_TR_12,8,0.63056,32.0321140432078,-0.33333688458431254,9
PercDevAbs_TR_12,8,0.74751,44.17347220643747,-0.6666746102242979,8
PercDevAbs_TR_12,8,0.84134,59.235891750920054,-0.9999803859660789,7
PercDevAbs_TR_12,8,0.90879,77.59347932388557,-1.3333407702662026,6
PercDevAbs_TR_12,8,0.95221,99.62330500100491,-1.6666702079210545,5
PercDevAbs_TR_12,8,0.97725,125.71954520533735,-2.0000024438996027,4
PercDevAbs_TR_12,8,0.99018,156.2671792854466,-2.3331552225672416,3
PercDevAbs_TR_12,8,0.99617,191.73608921980914,-2.6667000630340683,2
PercDevAbs_TR_12,8,0.99865,232.48136794208347,-2.999976992703401,1
PercDevAbs_TR_12,8.25,0.00135,0.0022508665808751334,2.999976992703393,19
PercDevAbs_TR_12,8.25,0.00383,0.025633049248156674,2.6667000630340683,18
PercDevAbs_TR_12,8.25,0.00982,0.14602827656025222,2.3331552225672434,17
PercDevAbs_TR_12,8.25,0.02275,0.5148548689204216,2.000002443899604,16
PercDevAbs_TR_12,8.25,0.04779,1.3383685216892336,1.6666702079210545,15
PercDevAbs_TR_12,8.25,0.09121,2.854020964647221,1.3333407702662026,14
PercDevAbs_TR_12,8.25,0.15866,5.322145878302481,0.9999803859660789,13
PercDevAbs_TR_12,8.25,0.25249,9.021250021173937,0.6666746102242979,12
PercDevAbs_TR_12,8.25,0.36944,14.24890219300482,0.33333688458431254,11
PercDevAbs_TR_12,8.25,0.5,21.317655785511725,-0,10
PercDevAbs_TR_12,8.25,0.63056,30.555320449659657,-0.33333688458431254,9
PercDevAbs_TR_12,8.25,0.74751,42.30363893719141,-0.6666746102242979,8
PercDevAbs_TR_12,8.25,0.84134,56.915778580488556,-0.9999803859660789,7
PercDevAbs_TR_12,8.25,0.90879,74.76283908949112,-1.3333407702662026,6
PercDevAbs_TR_12,8.25,0.95221,96.21916704726792,-1.6666702079210545,5
PercDevAbs_TR_12,8.25,0.97725,121.67606957700619,-2.0000024438996027,4
PercDevAbs_TR_12,8.25,0.99018,151.5161345634293,-2.3331552225672416,3
PercDevAbs_TR_12,8.25,0.99617,186.20518456926422,-2.6667000630340683,2
PercDevAbs_TR_12,8.25,0.99865,226.0970518395758,-2.999976992703401,1
PercDevAbs_TR_12,8.5,0.00135,0.0016373993170744503,2.999976992703393,19
PercDevAbs_TR_12,8.5,0.00383,0.020071692437579062,2.6667000630340683,18
PercDevAbs_TR_12,8.5,0.00982,0.12172013600638648,2.3331552225672434,17
PercDevAbs_TR_12,8.5,0.02275,0.4482476849579799,2.000002443899604,16
PercDevAbs_TR_12,8.5,0.04779,1.1995099190949001,1.6666702079210545,15
PercDevAbs_TR_12,8.5,0.09121,2.608765634633891,1.3333407702662026,14
PercDevAbs_TR_12,8.5,0.15866,4.932838137455814,0.9999803859660789,13
PercDevAbs_TR_12,8.5,0.25249,8.447001749239405,0.6666746102242979,12
PercDevAbs_TR_12,8.5,0.36944,13.445614288010846,0.33333688458431254,11
PercDevAbs_TR_12,8.5,0.5,20.238160693668824,-0,10
PercDevAbs_TR_12,8.5,0.63056,29.149437503046386,-0.33333688458431254,9
PercDevAbs_TR_12,8.5,0.74751,40.518236513209835,-0.6666746102242979,8
PercDevAbs_TR_12,8.5,0.84134,54.69487317965506,-0.9999803859660789,7
PercDevAbs_TR_12,8.5,0.90879,72.04747465900286,-1.3333407702662026,6
PercDevAbs_TR_12,8.5,0.95221,92.94769002699216,-1.6666702079210545,5
PercDevAbs_TR_12,8.5,0.97725,117.78398831394409,-2.0000024438996027,4
PercDevAbs_TR_12,8.5,0.99018,146.93658390144626,-2.3331552225672416,3
PercDevAbs_TR_12,8.5,0.99617,180.8673047793831,-2.6667000630340683,2
PercDevAbs_TR_12,8.5,0.99865,219.9287094506124,-2.999976992703401,1
PercDevAbs_TR_12,8.75,0.00135,0.0011918516311178174,2.999976992703393,19
PercDevAbs_TR_12,8.75,0.00383,0.015677902417363027,2.6667000630340683,18
PercDevAbs_TR_12,8.75,0.00982,0.1011935467611413,2.3331552225672434,17
PercDevAbs_TR_12,8.75,0.02275,0.38954948179170157,2.000002443899604,16
PercDevAbs_TR_12,8.75,0.04779,1.073869712353,1.6666702079210545,15
PercDevAbs_TR_12,8.75,0.09121,2.383081765805229,1.3333407702662026,14
PercDevAbs_TR_12,8.75,0.15866,4.570489611964529,0.9999803859660789,13
PercDevAbs_TR_12,8.75,0.25249,7.908161847738822,0.6666746102242979,12
PercDevAbs_TR_12,8.75,0.36944,12.687283054243222,0.33333688458431254,11
PercDevAbs_TR_12,8.75,0.5,19.214303907013264,-0,10
PercDevAbs_TR_12,8.75,0.63056,27.811041127500364,-0.33333688458431254,9
PercDevAbs_TR_12,8.75,0.74751,38.813367510166586,-0.6666746102242979,8
PercDevAbs_TR_12,8.75,0.84134,52.5687761571086,-0.9999803859660789,7
PercDevAbs_TR_12,8.75,0.90879,69.44245583628675,-1.3333407702662026,6
PercDevAbs_TR_12,8.75,0.95221,89.80338411485684,-1.6666702079210545,5
PercDevAbs_TR_12,8.75,0.97725,114.03722294197063,-2.0000024438996027,4
PercDevAbs_TR_12,8.75,0.99018,142.5218313449772,-2.3331552225672416,3
PercDevAbs_TR_12,8.75,0.99617,175.71510633067803,-2.6667000630340683,2
PercDevAbs_TR_12,8.75,0.99865,213.96832070006988,-2.999976992703401,1
PercDevAbs_TR_12,9,0.00135,8.687155139361332e-4,2.999976992703393,19
PercDevAbs_TR_12,9,0.00383,0.01222148228379739,2.6667000630340683,18
PercDevAbs_TR_12,9,0.00982,0.08392413499447868,2.3331552225672434,17
PercDevAbs_TR_12,9,0.02275,0.3379430507511751,2.000002443899604,16
PercDevAbs_TR_12,9,0.04779,0.9603473969742733,1.6666702079210545,15
PercDevAbs_TR_12,9,0.09121,2.1755740897060662,1.3333407702662026,14
PercDevAbs_TR_12,9,0.15866,4.23338732479583,0.9999803859660789,13
PercDevAbs_TR_12,9,0.25249,7.402672877276344,0.6666746102242979,12
PercDevAbs_TR_12,9,0.36944,11.971478727894175,0.33333688458431254,11
PercDevAbs_TR_12,9,0.5,18.243255338803877,-0,10
PercDevAbs_TR_12,9,0.63056,26.536872929709098,-0.33333688458431254,9
PercDevAbs_TR_12,9,0.74751,37.18531725541507,-0.6666746102242979,8
PercDevAbs_TR_12,9,0.84134,50.53328860570692,-0.9999803859660789,7
PercDevAbs_TR_12,9,0.90879,66.94307132325072,-1.3333407702662026,6
PercDevAbs_TR_12,9,0.95221,86.78099749003889,-1.6666702079210545,5
PercDevAbs_TR_12,9,0.97725,110.42995280944106,-2.0000024438996027,4
PercDevAbs_TR_12,9,0.99018,138.2654592982058,-2.3331552225672416,3
PercDevAbs_TR_12,9,0.99617,170.74154537117218,-2.6667000630340683,2
PercDevAbs_TR_12,9,0.99865,208.20818723914047,-2.999976992703401,1
PercDevAbs_TR_12,9.25,0.00135,6.344841425581233e-4,2.999976992703393,19
PercDevAbs_TR_12,9.25,0.00383,0.009512854154211013,2.6667000630340683,18
PercDevAbs_TR_12,9.25,0.00982,0.06944703789095003,2.3331552225672434,17
PercDevAbs_TR_12,9.25,0.02275,0.292678631499403,2.000002443899604,16
PercDevAbs_TR_12,9.25,0.04779,0.8579184338539957,1.6666702079210545,15
PercDevAbs_TR_12,9.25,0.09121,1.9849343732892517,1.3333407702662026,14
PercDevAbs_TR_12,9.25,0.15866,3.9199180578991064,0.9999803859660789,13
PercDevAbs_TR_12,9.25,0.25249,6.928590755407744,0.6666746102242979,12
PercDevAbs_TR_12,9.25,0.36944,11.295898924087734,0.33333688458431254,11
PercDevAbs_TR_12,9.25,0.5,17.32232643802711,-0,10
PercDevAbs_TR_12,9.25,0.63056,25.32383012339376,-0.33333688458431254,9
PercDevAbs_TR_12,9.25,0.74751,35.63054047216937,-0.6666746102242979,8
PercDevAbs_TR_12,9.25,0.84134,48.584394327191475,-0.9999803859660789,7
PercDevAbs_TR_12,9.25,0.90879,64.54480517687533,-1.3333407702662026,6
PercDevAbs_TR_12,9.25,0.95221,83.87548546317085,-1.6666702079210545,5
PercDevAbs_TR_12,9.25,0.97725,106.95657509818996,-2.0000024438996027,4
PercDevAbs_TR_12,9.25,0.99018,134.16127740940058,-2.3331552225672416,3
PercDevAbs_TR_12,9.25,0.99617,165.93981320833112,-2.6667000630340683,2
PercDevAbs_TR_12,9.25,0.99865,202.64085205735483,-2.999976992703401,1
PercDevAbs_TR_12,9.5,0.00135,4.6465012734872086e-4,2.999976992703393,19
PercDevAbs_TR_12,9.5,0.00383,0.0073972929697119555,2.6667000630340683,18
PercDevAbs_TR_12,9.5,0.00982,0.05735259413890665,2.3331552225672434,17
PercDevAbs_TR_12,9.5,0.02275,0.2530704212777766,2.000002443899604,16
PercDevAbs_TR_12,9.5,0.04779,0.7656305615262776,1.6666702079210545,15
PercDevAbs_TR_12,9.5,0.09121,1.8099373245395265,1.3333407702662026,14
PercDevAbs_TR_12,9.5,0.15866,3.6285637475371635,0.9999803859660789,13
PercDevAbs_TR_12,9.5,0.25249,6.484079385392348,0.6666746102242979,12
PercDevAbs_TR_12,9.5,0.36944,10.658362034848794,0.33333688458431254,11
PercDevAbs_TR_12,9.5,0.5,16.448961670001697,-0,10
PercDevAbs_TR_12,9.5,0.63056,24.168954173631626,-0.33333688458431254,9
PercDevAbs_TR_12,9.5,0.74751,34.14564592606799,-0.6666746102242979,8
PercDevAbs_TR_12,9.5,0.84134,46.71823906696706,-0.9999803859660789,7
PercDevAbs_TR_12,9.5,0.90879,62.243308952895454,-1.3333407702662026,6
PercDevAbs_TR_12,9.5,0.95221,81.08197357722818,-1.6666702079210545,5
PercDevAbs_TR_12,9.5,0.97725,103.61165664532145,-2.0000024438996027,4
PercDevAbs_TR_12,9.5,0.99018,130.2032605921306,-2.3331552225672416,3
PercDevAbs_TR_12,9.5,0.99617,161.3032576794211,-2.6667000630340683,2
PercDevAbs_TR_12,9.5,0.99865,197.25900107198456,-2.999976992703401,1
PercDevAbs_TR_12,9.75,0.00135,3.4138226462592755e-4,2.999976992703393,19
PercDevAbs_TR_12,9.75,0.00383,0.00574956974565017,2.6667000630340683,18
PercDevAbs_TR_12,9.75,0.00982,0.04728184469825108,2.3331552225672434,17
PercDevAbs_TR_12,9.75,0.02275,0.21849275443599053,2.000002443899604,16
PercDevAbs_TR_12,9.75,0.04779,0.6825995566954767,1.6666702079210545,15
PercDevAbs_TR_12,9.75,0.09121,1.6494357290733699,1.3333407702662026,14
PercDevAbs_TR_12,9.75,0.15866,3.357896111446782,0.9999803859660789,13
PercDevAbs_TR_12,9.75,0.25249,6.0674049347571755,0.6666746102242979,12
PercDevAbs_TR_12,9.75,0.36944,10.05680131035103,0.33333688458431254,11
PercDevAbs_TR_12,9.75,0.5,15.62073253628113,-0,10
PercDevAbs_TR_12,9.75,0.63056,23.06942487732753,-0.33333688458431254,9
PercDevAbs_TR_12,9.75,0.74751,32.72739067512259,-0.6666746102242979,8
PercDevAbs_TR_12,9.75,0.84134,44.9311250295402,-0.9999803859660789,7
PercDevAbs_TR_12,9.75,0.90879,60.03439656948168,-1.3333407702662026,6
PercDevAbs_TR_12,9.75,0.95221,78.39575288799747,-1.6666702079210545,5
PercDevAbs_TR_12,9.75,0.97725,100.38992969397765,-2.0000024438996027,4
PercDevAbs_TR_12,9.75,0.99018,126.38554528350875,-2.3331552225672416,3
PercDevAbs_TR_12,9.75,0.99617,156.8253799382571,-2.6667000630340683,2
PercDevAbs_TR_12,9.75,0.99865,192.05546044528057,-2.999976992703401,1
PercDevAbs_TR_12,10,0.00135,2.5175791219542095e-4,2.999976992703393,19
PercDevAbs_TR_12,10,0.00383,0.00446909806245841,2.6667000630340683,18
PercDevAbs_TR_12,10,0.00982,0.03892194150463862,2.3331552225672434,17
PercDevAbs_TR_12,10,0.02275,0.18837596052345104,2.000002443899604,16
PercDevAbs_TR_12,10,0.04779,0.6080042905500306,1.6666702079210545,15
PercDevAbs_TR_12,10,0.09121,1.5023544440666514,1.3333407702662026,14
PercDevAbs_TR_12,10,0.15866,3.1065699829126014,0.9999803859660789,13
PercDevAbs_TR_12,10,0.25249,5.676929332966652,0.6666746102242979,12
PercDevAbs_TR_12,10,0.36944,9.489259730120699,0.33333688458431254,11
PercDevAbs_TR_12,10,0.5,14.835335435880232,-0,10
PercDevAbs_TR_12,10,0.63056,22.02256326534463,-0.33333688458431254,9
PercDevAbs_TR_12,10,0.74751,31.372690524636027,-0.6666746102242979,8
PercDevAbs_TR_12,10,0.84134,43.219531882096796,-0.9999803859660789,7
PercDevAbs_TR_12,10,0.90879,57.9140793656589,-1.3333407702662026,6
PercDevAbs_TR_12,10,0.95221,75.81233310787711,-1.6666702079210545,5
PercDevAbs_TR_12,10,0.97725,97.2863677009517,-2.0000024438996027,4
PercDevAbs_TR_12,10,0.99018,122.70253304184955,-2.3331552225672416,3
PercDevAbs_TR_12,10,0.99617,152.4999716034218,-2.6667000630340683,2
PercDevAbs_TR_12,10,0.99865,187.02337357793326,-2.999976992703401,1
PercDevAbs_TR_12,10.25,0.00135,1.8644006318735155e-4,2.999976992703393,19
PercDevAbs_TR_12,10.25,0.00383,0.003475675807733909,2.6667000630340683,18
PercDevAbs_TR_12,10.25,0.00982,0.032001831137058706,2.3331552225672434,17
PercDevAbs_TR_12,10.25,0.02275,0.16220282276162393,2.000002443899604,16
PercDevAbs_TR_12,10.25,0.04779,0.5410827947852267,1.6666702079210545,15
PercDevAbs_TR_12,10.25,0.09121,1.3676855787332867,1.3333407702662026,14
PercDevAbs_TR_12,10.25,0.15866,2.8733176527066355,0.9999803859660789,13
PercDevAbs_TR_12,10.25,0.25249,5.3111041087120325,0.6666746102242979,12
PercDevAbs_TR_12,10.25,0.36944,8.953883899854798,0.33333688458431254,11
PercDevAbs_TR_12,10.25,0.5,14.090586421540621,-0,10
PercDevAbs_TR_12,10.25,0.63056,21.025828270566222,-0.33333688458431254,9
PercDevAbs_TR_12,10.25,0.74751,30.078619929051708,-0.6666746102242979,8
PercDevAbs_TR_12,10.25,0.84134,41.58012149699016,-0.9999803859660789,7
PercDevAbs_TR_12,10.25,0.90879,55.87857759246156,-1.3333407702662026,6
PercDevAbs_TR_12,10.25,0.95221,73.32746306506283,-1.6666702079210545,5
PercDevAbs_TR_12,10.25,0.97725,94.29621730891456,-2.0000024438996027,4
PercDevAbs_TR_12,10.25,0.99018,119.14893690467984,-2.3331552225672416,3
PercDevAbs_TR_12,10.25,0.99617,148.32117874956947,-2.6667000630340683,2
PercDevAbs_TR_12,10.25,0.99865,182.1562863053253,-2.999976992703401,1
PercDevAbs_TR_12,10.5,0.00135,1.3869659384805778e-4,2.999976992703393,19
PercDevAbs_TR_12,10.5,0.00383,0.0027057928890297247,2.6667000630340683,18
PercDevAbs_TR_12,10.5,0.00982,0.026288135894892366,2.3331552225672434,17
PercDevAbs_TR_12,10.5,0.02275,0.13950542489262935,2.000002443899604,16
PercDevAbs_TR_12,10.5,0.04779,0.48112911980995565,1.6666702079210545,15
PercDevAbs_TR_12,10.5,0.09121,1.2444847371781513,1.3333407702662026,14
PercDevAbs_TR_12,10.5,0.15866,2.6569442542276467,0.9999803859660789,13
PercDevAbs_TR_12,10.5,0.25249,4.968464798378561,0.6666746102242979,12
PercDevAbs_TR_12,10.5,0.36944,8.448917405616806,0.33333688458431254,11
PercDevAbs_TR_12,10.5,0.5,13.384413450354842,-0,10
PercDevAbs_TR_12,10.5,0.63056,20.076807855954176,-0.33333688458431254,9
PercDevAbs_TR_12,10.5,0.74751,28.84240201329725,-0.6666746102242979,8
PercDevAbs_TR_12,10.5,0.84134,40.009726921507706,-0.9999803859660789,7
PercDevAbs_TR_12,10.5,0.90879,53.92430842896093,-1.3333407702662026,6
PercDevAbs_TR_12,10.5,0.95221,70.93711791017668,-1.6666702079210545,5
PercDevAbs_TR_12,10.5,0.97725,91.41498493703301,-2.0000024438996027,4
PercDevAbs_TR_12,10.5,0.99018,115.71976760862321,-2.3331552225672416,3
PercDevAbs_TR_12,10.5,0.99617,144.28348805563797,-2.6667000630340683,2
PercDevAbs_TR_12,10.5,0.99865,177.44813332981667,-2.999976992703401,1
PercDevAbs_TR_12,10.75,0.00135,1.0367909688297528e-4,2.999976992703393,19
PercDevAbs_TR_12,10.75,0.00383,0.002109468708281674,2.6667000630340683,18
PercDevAbs_TR_12,10.75,0.00982,0.02158117451040225,2.3331552225672434,17
PercDevAbs_TR_12,10.75,0.02275,0.11986212488593667,2.000002443899604,16
PercDevAbs_TR_12,10.75,0.04779,0.4274905843084955,1.6666702079210545,15
PercDevAbs_TR_12,10.75,0.09121,1.1318679213249259,1.3333407702662026,14
PercDevAbs_TR_12,10.75,0.15866,2.4563240114254032,0.9999803859660789,13
PercDevAbs_TR_12,10.75,0.25249,4.647626295735325,0.6666746102242979,12
PercDevAbs_TR_12,10.75,0.36944,7.972694989447179,0.33333688458431254,11
PercDevAbs_TR_12,10.75,0.5,12.71484905255151,-0,10
PercDevAbs_TR_12,10.75,0.63056,19.173209781023374,-0.33333688458431254,9
PercDevAbs_TR_12,10.75,0.74751,27.66139697691751,-0.6666746102242979,8
PercDevAbs_TR_12,10.75,0.84134,38.50533789420053,-0.9999803859660789,7
PercDevAbs_TR_12,10.75,0.90879,52.04786801753263,-1.3333407702662026,6
PercDevAbs_TR_12,10.75,0.95221,68.63747700969066,-1.6666702079210545,5
PercDevAbs_TR_12,10.75,0.97725,88.63840980164193,-2.0000024438996027,4
PercDevAbs_TR_12,10.75,0.99018,112.41030093846,-2.3331552225672416,3
PercDevAbs_TR_12,10.75,0.99617,140.38168760014275,-2.6667000630340683,2
PercDevAbs_TR_12,10.75,0.99865,172.89319151836028,-2.999976992703401,1
PercDevAbs_TR_12,11,0.00135,7.789665056917643e-5,2.999976992703393,19
PercDevAbs_TR_12,11,0.00383,0.0016475839927396678,2.6667000630340683,18
PercDevAbs_TR_12,11,0.00982,0.01771114186923305,2.3331552225672434,17
PercDevAbs_TR_12,11,0.02275,0.102894559907564,2.000002443899604,16
PercDevAbs_TR_12,11,0.04779,0.37956521999282145,1.6666702079210545,15
PercDevAbs_TR_12,11,0.09121,1.0290088283066112,1.3333407702662026,14
PercDevAbs_TR_12,11,0.15866,2.2703970426222284,0.9999803859660789,13
PercDevAbs_TR_12,11,0.25249,4.34727882727941,0.6666746102242979,12
PercDevAbs_TR_12,11,0.36944,7.523637259815554,0.33333688458431254,11
PercDevAbs_TR_12,11,0.5,12.08002320331029,-0,10
PercDevAbs_TR_12,11,0.63056,18.312851910044895,-0.33333688458431254,9
PercDevAbs_TR_12,11,0.74751,26.533088954189935,-0.6666746102242979,8
PercDevAbs_TR_12,11,0.84134,37.064083206603044,-0.9999803859660789,7
PercDevAbs_TR_12,11,0.90879,50.24600810291543,-1.3333407702662026,6
PercDevAbs_TR_12,11,0.95221,66.42489346065744,-1.6666702079210545,5
PercDevAbs_TR_12,11,0.97725,85.96242471986231,-2.0000024438996027,4
PercDevAbs_TR_12,11,0.99018,109.21602804889456,-2.3331552225672416,3
PercDevAbs_TR_12,11,0.99617,136.61080471497885,-2.6667000630340683,2
PercDevAbs_TR_12,11,0.99865,168.48600312507338,-2.999976992703401,1
PercDevAbs_TR_12,11.25,0.00135,5.883417356979841e-5,2.999976992703393,19
PercDevAbs_TR_12,11.25,0.00383,0.00128966091796739,2.6667000630340683,18
PercDevAbs_TR_12,11.25,0.00982,0.014534469213223458,2.3331552225672434,17
PercDevAbs_TR_12,11.25,0.02275,0.08826458441406705,2.000002443899604,16
PercDevAbs_TR_12,11.25,0.04779,0.33679915775413855,1.6666702079210545,15
PercDevAbs_TR_12,11.25,0.09121,0.9351361764464479,1.3333407702662026,14
PercDevAbs_TR_12,11.25,0.15866,2.0981663714148913,0.9999803859660789,13
PercDevAbs_TR_12,11.25,0.25249,4.066184463525638,0.6666746102242979,12
PercDevAbs_TR_12,11.25,0.36944,7.100246475525597,0.33333688458431254,11
PercDevAbs_TR_12,11.25,0.5,11.478158071004449,-0,10
PercDevAbs_TR_12,11.25,0.63056,17.49365552288588,-0.33333688458431254,9
PercDevAbs_TR_12,11.25,0.74751,25.45507738593642,-0.6666746102242979,8
PercDevAbs_TR_12,11.25,0.84134,35.683219530070104,-0.9999803859660789,7
PercDevAbs_TR_12,11.25,0.90879,48.51562159858448,-1.3333407702662026,6
PercDevAbs_TR_12,11.25,0.95221,64.29587556908322,-1.6666702079210545,5
PercDevAbs_TR_12,11.25,0.97725,83.38313255548822,-2.0000024438996027,4
PercDevAbs_TR_12,11.25,0.99018,106.13262581676587,-2.3331552225672416,3
PercDevAbs_TR_12,11.25,0.99617,132.96606904732988,-2.6667000630340683,2
PercDevAbs_TR_12,11.25,0.99865,164.22133025269505,-2.999976992703401,1
PercDevAbs_TR_12,11.5,0.00135,4.467715412126019e-5,2.999976992703393,19
PercDevAbs_TR_12,11.5,0.00383,0.001012043730015834,2.6667000630340683,18
PercDevAbs_TR_12,11.5,0.00982,0.011930421831191081,2.3331552225672434,17
PercDevAbs_TR_12,11.5,0.02275,0.07567119294085256,2.000002443899604,16
PercDevAbs_TR_12,11.5,0.04779,0.29868397801907565,1.6666702079210545,15
PercDevAbs_TR_12,11.5,0.09121,0.8495310413972247,1.3333407702662026,14
PercDevAbs_TR_12,11.5,0.15866,1.9386950514836652,0.9999803859660789,13
PercDevAbs_TR_12,11.5,0.25249,3.803173954944119,0.6666746102242979,12
PercDevAbs_TR_12,11.5,0.36944,6.701103023676106,0.33333688458431254,11
PercDevAbs_TR_12,11.5,0.5,10.907564038227326,-0,10
PercDevAbs_TR_12,11.5,0.63056,16.71364073817815,-0.33333688458431254,9
PercDevAbs_TR_12,11.5,0.74751,24.425071657254833,-0.6666746102242979,8
PercDevAbs_TR_12,11.5,0.84134,34.360125031236734,-0.9999803859660789,7
PercDevAbs_TR_12,11.5,0.90879,46.8537348912664,-1.3333407702662026,6
PercDevAbs_TR_12,11.5,0.95221,62.247077501579966,-1.6666702079210545,5
PercDevAbs_TR_12,11.5,0.97725,80.89679482025632,-2.0000024438996027,4
PercDevAbs_TR_12,11.5,0.99018,103.15594293856772,-2.3331552225672416,3
PercDevAbs_TR_12,11.5,0.99617,129.442895636172,-2.6667000630340683,2
PercDevAbs_TR_12,11.5,0.99865,160.0941343356134,-2.999976992703401,1
PercDevAbs_TR_12,11.75,0.00135,3.411388097243605e-5,2.999976992703393,19
PercDevAbs_TR_12,11.75,0.00383,7.964269378073945e-4,2.6667000630340683,18
PercDevAbs_TR_12,11.75,0.00982,0.009797973246414425,2.3331552225672434,17
PercDevAbs_TR_12,11.75,0.02275,0.0648474768762,2.000002443899604,16
PercDevAbs_TR_12,11.75,0.04779,0.2647540506171129,1.6666702079210545,15
PercDevAbs_TR_12,11.75,0.09121,0.7715241708982985,1.3333407702662026,14
PercDevAbs_TR_12,11.75,0.15866,1.7911032327933802,0.9999803859660789,13
PercDevAbs_TR_12,11.75,0.25249,3.5571434459640847,0.6666746102242979,12
PercDevAbs_TR_12,11.75,0.36944,6.324861688125236,0.33333688458431254,11
PercDevAbs_TR_12,11.75,0.5,10.366635399465508,-0,10
PercDevAbs_TR_12,11.75,0.63056,15.970921468619862,-0.33333688458431254,9
PercDevAbs_TR_12,11.75,0.74751,23.440885086640055,-0.6666746102242979,8
PercDevAbs_TR_12,11.75,0.84134,33.09229211562274,-0.9999803859660789,7
PercDevAbs_TR_12,11.75,0.90879,45.257499000994,-1.3333407702662026,6
PercDevAbs_TR_12,11.75,0.95221,60.27528846345596,-1.6666702079210545,5
PercDevAbs_TR_12,11.75,0.97725,78.49981840839041,-2.0000024438996027,4
PercDevAbs_TR_12,11.75,0.99018,100.28198369645219,-2.3331552225672416,3
PercDevAbs_TR_12,11.75,0.99617,126.03686511182507,-2.6667000630340683,2
PercDevAbs_TR_12,11.75,0.99865,156.09955211252282,-2.999976992703401,1
PercDevAbs_TR_12,12,0.00135,2.6193671064735513e-5,2.999976992703393,19
PercDevAbs_TR_12,12,0.00383,6.286770276521121e-4,2.6667000630340683,18
PercDevAbs_TR_12,12,0.00982,0.00805296905121064,2.3331552225672434,17
PercDevAbs_TR_12,12,0.02275,0.055557621280196284,2.000002443899604,16
PercDevAbs_TR_12,12,0.04779,0.2345838076767482,1.6666702079210545,15
PercDevAbs_TR_12,12,0.09121,0.700493157244128,1.3333407702662026,14
PercDevAbs_TR_12,12,0.15866,1.654565012120353,0.9999803859660789,13
PercDevAbs_TR_12,12,0.25249,3.3270509537278237,0.6666746102242979,12
PercDevAbs_TR_12,12,0.36944,5.9702477838643215,0.33333688458431254,11
PercDevAbs_TR_12,12,0.5,9.853846217209485,-0,10
PercDevAbs_TR_12,12,0.63056,15.263701092727468,-0.33333688458431254,9
PercDevAbs_TR_12,12,0.74751,22.50043053304859,-0.6666746102242979,8
PercDevAbs_TR_12,12,0.84134,31.877323115941223,-0.9999803859660789,7
PercDevAbs_TR_12,12,0.90879,43.72418552404951,-1.3333407702662026,6
PercDevAbs_TR_12,12,0.95221,58.377429098309875,-1.6666702079210545,5
PercDevAbs_TR_12,12,0.97725,76.18875268475334,-2.0000024438996027,4
PercDevAbs_TR_12,12,0.99018,97.50690599724707,-2.3331552225672416,3
PercDevAbs_TR_12,12,0.99617,122.7437229820895,-2.6667000630340683,2
PercDevAbs_TR_12,12,0.99865,152.23289648665204,-2.999976992703401,1
PercDevAbs_TR_2,6,0.00135,4.546122875509578e-5,2.999976992703393,19
PercDevAbs_TR_2,6,0.00383,0.0026000272638292085,2.6667000630340683,18
PercDevAbs_TR_2,6,0.00982,0.05060357180053501,2.3331552225672434,17
PercDevAbs_TR_2,6,0.02275,0.38181004660192897,2.000002443899604,16
PercDevAbs_TR_2,6,0.04779,1.4920330039169696,1.6666702079210545,15
PercDevAbs_TR_2,6,0.09121,3.8678696474230887,1.3333407702662026,14
PercDevAbs_TR_2,6,0.15866,7.8207403104484925,0.9999803859660789,13
PercDevAbs_TR_2,6,0.25249,13.586131748860986,0.6666746102242979,12
PercDevAbs_TR_2,6,0.36944,21.502410126831148,0.33333688458431254,11
PercDevAbs_TR_2,6,0.5,32.176451699250606,-0,10
PercDevAbs_TR_2,6,0.63056,46.69865154188866,-0.33333688458431254,9
PercDevAbs_TR_2,6,0.74751,67.00552947347876,-0.6666746102242979,8
PercDevAbs_TR_2,6,0.84134,96.59061524144836,-0.9999803859660789,7
PercDevAbs_TR_2,6,0.90879,142.02889775548863,-1.3333407702662026,6
PercDevAbs_TR_2,6,0.95221,216.33525888145334,-1.6666702079210545,5
PercDevAbs_TR_2,6,0.97725,347.16212177813816,-2.0000024438996027,4
PercDevAbs_TR_2,6,0.99018,597.8794698640853,-2.3331552225672416,3
PercDevAbs_TR_2,6,0.99617,1129.2938093900984,-2.6667000630340683,2
PercDevAbs_TR_2,6,0.99865,2388.4602936053197,-2.999976992703401,1
PercDevAbs_TR_2,6.25,0.00135,5.33293650747811e-5,2.999976992703393,19
PercDevAbs_TR_2,6.25,0.00383,0.0029550082140747717,2.6667000630340683,18
PercDevAbs_TR_2,6.25,0.00982,0.05528405051873455,2.3331552225672434,17
PercDevAbs_TR_2,6.25,0.02275,0.4028759319513526,2.000002443899604,16
PercDevAbs_TR_2,6.25,0.04779,1.5352208162626195,1.6666702079210545,15
PercDevAbs_TR_2,6.25,0.09121,3.9119225300911618,1.3333407702662026,14
PercDevAbs_TR_2,6.25,0.15866,7.815540869191027,0.9999803859660789,13
PercDevAbs_TR_2,6.25,0.25249,13.458604465879688,0.6666746102242979,12
PercDevAbs_TR_2,6.25,0.36944,21.1565875503862,0.33333688458431254,11
PercDevAbs_TR_2,6.25,0.5,31.483724989995515,-0,10
PercDevAbs_TR_2,6.25,0.63056,45.47506602897677,-0.33333688458431254,9
PercDevAbs_TR_2,6.25,0.74751,64.96792927785692,-0.6666746102242979,8
PercDevAbs_TR_2,6.25,0.84134,93.2715647179587,-0.9999803859660789,7
PercDevAbs_TR_2,6.25,0.90879,136.60184950173348,-1.3333407702662026,6
PercDevAbs_TR_2,6.25,0.95221,207.23530027570564,-1.6666702079210545,5
PercDevAbs_TR_2,6.25,0.97725,331.19365322537436,-2.0000024438996027,4
PercDevAbs_TR_2,6.25,0.99018,567.957630785502,-2.3331552225672416,3
PercDevAbs_TR_2,6.25,0.99617,1068.0681954661932,-2.6667000630340683,2
PercDevAbs_TR_2,6.25,0.99865,2248.8718669637474,-2.999976992703401,1
PercDevAbs_TR_2,6.5,0.00135,6.256340761837878e-5,2.999976992703393,19
PercDevAbs_TR_2,6.5,0.00383,0.0033556777124273186,2.6667000630340683,18
PercDevAbs_TR_2,6.5,0.00982,0.06032321471296479,2.3331552225672434,17
PercDevAbs_TR_2,6.5,0.02275,0.42465096763065435,2.000002443899604,16
PercDevAbs_TR_2,6.5,0.04779,1.5784879575648483,1.6666702079210545,15
PercDevAbs_TR_2,6.5,0.09121,3.9546303389320756,1.3333407702662026,14
PercDevAbs_TR_2,6.5,0.15866,7.808222682123672,0.9999803859660789,13
PercDevAbs_TR_2,6.5,0.25249,13.330454287618942,0.6666746102242979,12
PercDevAbs_TR_2,6.5,0.36944,20.81548160294565,0.33333688458431254,11
PercDevAbs_TR_2,6.5,0.5,30.80683503245579,-0,10
PercDevAbs_TR_2,6.5,0.63056,44.28725417008322,-0.33333688458431254,9
PercDevAbs_TR_2,6.5,0.74751,63.00024769400215,-0.6666746102242979,8
PercDevAbs_TR_2,6.5,0.84134,90.08100725003766,-0.9999803859660789,7
PercDevAbs_TR_2,6.5,0.90879,131.40683534800263,-1.3333407702662026,6
PercDevAbs_TR_2,6.5,0.95221,198.55961530837186,-1.6666702079210545,5
PercDevAbs_TR_2,6.5,0.97725,316.0305261642124,-2.0000024438996027,4
PercDevAbs_TR_2,6.5,0.99018,539.6588210774014,-2.3331552225672416,3
PercDevAbs_TR_2,6.5,0.99617,1010.3979815392315,-2.6667000630340683,2
PercDevAbs_TR_2,6.5,0.99865,2117.920553399774,-2.999976992703401,1
PercDevAbs_TR_2,6.75,0.00135,7.339595908665024e-5,2.999976992703393,19
PercDevAbs_TR_2,6.75,0.00383,0.0038072585636472317,2.6667000630340683,18
PercDevAbs_TR_2,6.75,0.00982,0.06573856480765412,2.3331552225672434,17
PercDevAbs_TR_2,6.75,0.02275,0.4471225510063721,2.000002443899604,16
PercDevAbs_TR_2,6.75,0.04779,1.6217734023897958,1.6666702079210545,15
PercDevAbs_TR_2,6.75,0.09121,3.99594529812616,1.3333407702662026,14
PercDevAbs_TR_2,6.75,0.15866,7.798797448707934,0.9999803859660789,13
PercDevAbs_TR_2,6.75,0.25249,13.20171867854823,0.6666746102242979,12
PercDevAbs_TR_2,6.75,0.36944,20.479024911497063,0.33333688458431254,11
PercDevAbs_TR_2,6.75,0.5,30.14536189823976,-0,10
PercDevAbs_TR_2,6.75,0.63056,43.134021201887435,-0.33333688458431254,9
PercDevAbs_TR_2,6.75,0.74751,61.09978639052344,-0.6666746102242979,8
PercDevAbs_TR_2,6.75,0.84134,87.01342143238125,-0.9999803859660789,7
PercDevAbs_TR_2,6.75,0.90879,126.43297048022225,-1.3333407702662026,6
PercDevAbs_TR_2,6.75,0.95221,190.28672905265526,-1.6666702079210545,5
PercDevAbs_TR_2,6.75,0.97725,301.6290867220226,-2.0000024438996027,4
PercDevAbs_TR_2,6.75,0.99018,512.8893276251966,-2.3331552225672416,3
PercDevAbs_TR_2,6.75,0.99617,956.065435275785,-2.6667000630340683,2
PercDevAbs_TR_2,6.75,0.99865,1995.0477769788354,-2.999976992703401,1
PercDevAbs_TR_2,7,0.00135,8.609750478263023e-5,2.999976992703393,19
PercDevAbs_TR_2,7,0.00383,0.004315446005273971,2.6667000630340683,18
PercDevAbs_TR_2,7,0.00982,0.07154734383612878,2.3331552225672434,17
PercDevAbs_TR_2,7,0.02275,0.47027549205654107,2.000002443899604,16
PercDevAbs_TR_2,7,0.04779,1.6650161110695432,1.6666702079210545,15
PercDevAbs_TR_2,7,0.09121,4.035823350533753,1.3333407702662026,14
PercDevAbs_TR_2,7,0.15866,7.787280999843983,0.9999803859660789,13
PercDevAbs_TR_2,7,0.25249,13.07243790200366,0.6666746102242979,12
PercDevAbs_TR_2,7,0.36944,20.147154670502605,0.33333688458431254,11
PercDevAbs_TR_2,7,0.5,29.498901871883387,-0,10
PercDevAbs_TR_2,7,0.63056,42.01422028238754,-0.33333688458431254,9
PercDevAbs_TR_2,7,0.74751,59.26396464283524,-0.6666746102242979,8
PercDevAbs_TR_2,7,0.84134,84.06354629469831,-0.9999803859660789,7
PercDevAbs_TR_2,7,0.90879,121.66992117861298,-1.3333407702662026,6
PercDevAbs_TR_2,7,0.95221,182.39632574313822,-1.6666702079210545,5
PercDevAbs_TR_2,7,0.97725,287.9481802887817,-2.0000024438996027,4
PercDevAbs_TR_2,7,0.99018,487.56110475059586,-2.3331552225672416,3
PercDevAbs_TR_2,7,0.99617,904.8666840895959,-2.6667000630340683,2
PercDevAbs_TR_2,7,0.99865,1879.732245603964,-2.999976992703401,1
PercDevAbs_TR_2,7.25,0.00135,1.0098219047000491e-4,2.999976992703393,19
PercDevAbs_TR_2,7.25,0.00383,0.004886432994476436,2.6667000630340683,18
PercDevAbs_TR_2,7.25,0.00982,0.07776644942723901,2.3331552225672434,17
PercDevAbs_TR_2,7.25,0.02275,0.4940922081953667,2.000002443899604,16
PercDevAbs_TR_2,7.25,0.04779,1.7081556088522578,1.6666702079210545,15
PercDevAbs_TR_2,7.25,0.09121,4.074224669929024,1.3333407702662026,14
PercDevAbs_TR_2,7.25,0.15866,7.773693552658394,0.9999803859660789,13
PercDevAbs_TR_2,7.25,0.25249,12.942654938987443,0.6666746102242979,12
PercDevAbs_TR_2,7.25,0.36944,19.819811935879578,0.33333688458431254,11
PercDevAbs_TR_2,7.25,0.5,28.867065390390344,-0,10
PercDevAbs_TR_2,7.25,0.63056,40.92674760688923,-0.33333688458431254,9
PercDevAbs_TR_2,7.25,0.74751,57.490308817010444,-0.6666746102242979,8
PercDevAbs_TR_2,7.25,0.84134,81.2263596899947,-0.9999803859660789,7
PercDevAbs_TR_2,7.25,0.90879,117.10786096689559,-1.3333407702662026,6
PercDevAbs_TR_2,7.25,0.95221,174.86915853534325,-1.6666702079210545,5
PercDevAbs_TR_2,7.25,0.97725,274.9489586087346,-2.0000024438996027,4
PercDevAbs_TR_2,7.25,0.99018,463.5913364438757,-2.3331552225672416,3
PercDevAbs_TR_2,7.25,0.99617,856.6106366603439,-2.6667000630340683,2
PercDevAbs_TR_2,7.25,0.99865,1771.4870150493837,-2.999976992703401,1
PercDevAbs_TR_2,7.5,0.00135,1.1841427974745985e-4,2.999976992703393,19
PercDevAbs_TR_2,7.5,0.00383,0.005526930134457427,2.6667000630340683,18
PercDevAbs_TR_2,7.5,0.00982,0.08441229784104454,2.3331552225672434,17
PercDevAbs_TR_2,7.5,0.02275,0.5185527154030605,2.000002443899604,16
PercDevAbs_TR_2,7.5,0.04779,1.7511320007570892,1.6666702079210545,15
PercDevAbs_TR_2,7.5,0.09121,4.111113231997327,1.3333407702662026,14
PercDevAbs_TR_2,7.5,0.15866,7.758058793817618,0.9999803859660789,13
PercDevAbs_TR_2,7.5,0.25249,12.812414245937955,0.6666746102242979,12
PercDevAbs_TR_2,7.5,0.36944,19.496940103755865,0.33333688458431254,11
PercDevAbs_TR_2,7.5,0.5,28.24947498818205,-0,10
PercDevAbs_TR_2,7.5,0.63056,39.87053906292717,-0.33333688458431254,9
PercDevAbs_TR_2,7.5,0.74751,55.776446074546605,-0.6666746102242979,8
PercDevAbs_TR_2,7.5,0.84134,78.49706557130348,-0.9999803859660789,7
PercDevAbs_TR_2,7.5,0.90879,112.73744400207903,-1.3333407702662026,6
PercDevAbs_TR_2,7.5,0.95221,167.68699219867355,-1.6666702079210545,5
PercDevAbs_TR_2,7.5,0.97725,262.5947513082547,-2.0000024438996027,4
PercDevAbs_TR_2,7.5,0.99018,440.9021315868644,-2.3331552225672416,3
PercDevAbs_TR_2,7.5,0.99617,811.1182020503992,-2.6667000630340683,2
PercDevAbs_TR_2,7.5,0.99865,1669.8572912952384,-2.999976992703401,1
PercDevAbs_TR_2,7.75,0.00135,1.3881527795503345e-4,2.999976992703393,19
PercDevAbs_TR_2,7.75,0.00383,0.006244177379658104,2.6667000630340683,18
PercDevAbs_TR_2,7.75,0.00982,0.09150062929037732,2.3331552225672434,17
PercDevAbs_TR_2,7.75,0.02275,0.5436344130265257,2.000002443899604,16
PercDevAbs_TR_2,7.75,0.04779,1.793885492164928,1.6666702079210545,15
PercDevAbs_TR_2,7.75,0.09121,4.146455622075939,1.3333407702662026,14
PercDevAbs_TR_2,7.75,0.15866,7.740402032678418,0.9999803859660789,13
PercDevAbs_TR_2,7.75,0.25249,12.681759541483167,0.6666746102242979,12
PercDevAbs_TR_2,7.75,0.36944,19.17848253472305,0.33333688458431254,11
PercDevAbs_TR_2,7.75,0.5,27.645762721313783,-0,10
PercDevAbs_TR_2,7.75,0.63056,38.844567025702894,-0.33333688458431254,9
PercDevAbs_TR_2,7.75,0.74751,54.120099412914406,-0.6666746102242979,8
PercDevAbs_TR_2,7.75,0.84134,75.87108473601333,-0.9999803859660789,7
PercDevAbs_TR_2,7.75,0.90879,108.54978582821997,-1.3333407702662026,6
PercDevAbs_TR_2,7.75,0.95221,160.83256064203943,-1.6666702079210545,5
PercDevAbs_TR_2,7.75,0.97725,250.8509675510715,-2.0000024438996027,4
PercDevAbs_TR_2,7.75,0.99018,419.4202832731155,-2.3331552225672416,3
PercDevAbs_TR_2,7.75,0.99617,768.2216562290506,-2.6667000630340683,2
PercDevAbs_TR_2,7.75,0.99865,1574.418608225687,-2.999976992703401,1
PercDevAbs_TR_2,8,0.00135,1.6267182669101724e-4,2.999976992703393,19
PercDevAbs_TR_2,8,0.00383,0.007045949841376368,2.6667000630340683,18
PercDevAbs_TR_2,8,0.00982,0.09904630774137854,2.3331552225672434,17
PercDevAbs_TR_2,8,0.02275,0.5693119470546198,2.000002443899604,16
PercDevAbs_TR_2,8,0.04779,1.836356212128565,1.6666702079210545,15
PercDevAbs_TR_2,8,0.09121,4.180220613764451,1.3333407702662026,14
PercDevAbs_TR_2,8,0.15866,7.720749815193824,0.9999803859660789,13
PercDevAbs_TR_2,8,0.25249,12.55073391750061,0.6666746102242979,12
PercDevAbs_TR_2,8,0.36944,18.86438353265909,0.33333688458431254,11
PercDevAbs_TR_2,8,0.5,27.05557218045981,-0,10
PercDevAbs_TR_2,8,0.63056,37.84784326542183,-0.33333688458431254,9
PercDevAbs_TR_2,8,0.74751,52.51909078386663,-0.6666746102242979,8
PercDevAbs_TR_2,8,0.84134,73.34405633151367,-0.9999803859660789,7
PercDevAbs_TR_2,8,0.90879,104.53645880904602,-1.3333407702662026,6
PercDevAbs_TR_2,8,0.95221,154.28954530303196,-1.6666702079210545,5
PercDevAbs_TR_2,8,0.97725,239.68502926559154,-2.0000024438996027,4
PercDevAbs_TR_2,8,0.99018,399.0770803470302,-2.3331552225672416,3
PercDevAbs_TR_2,8,0.99617,727.7641060523796,-2.6667000630340683,2
PercDevAbs_TR_2,8,0.99865,1484.7752168503719,-2.999976992703401,1
PercDevAbs_TR_2,8.25,0.00135,1.9054459592682447e-4,2.999976992703393,19
PercDevAbs_TR_2,8.25,0.00383,0.007940563047970953,2.6667000630340683,18
PercDevAbs_TR_2,8.25,0.00982,0.10706317356282156,2.3331552225672434,17
PercDevAbs_TR_2,8.25,0.02275,0.5955573196584968,2.000002443899604,16
PercDevAbs_TR_2,8.25,0.04779,1.8784845192692452,1.6666702079210545,15
PercDevAbs_TR_2,8.25,0.09121,4.212379388056623,1.3333407702662026,14
PercDevAbs_TR_2,8.25,0.15866,7.699130083207641,0.9999803859660789,13
PercDevAbs_TR_2,8.25,0.25249,12.41938000606084,0.6666746102242979,12
PercDevAbs_TR_2,8.25,0.36944,18.554588380851833,0.33333688458431254,11
PercDevAbs_TR_2,8.25,0.5,26.47855790566691,-0,10
PercDevAbs_TR_2,8.25,0.63056,36.87941669458553,-0.33333688458431254,9
PercDevAbs_TR_2,8.25,0.74751,50.9713351366106,-0.6666746102242979,8
PercDevAbs_TR_2,8.25,0.84134,70.91182419611776,-0.9999803859660789,7
PercDevAbs_TR_2,8.25,0.90879,100.68946256402614,-1.3333407702662026,6
PercDevAbs_TR_2,8.25,0.95221,148.04251183418776,-1.6666702079210545,5
PercDevAbs_TR_2,8.25,0.97725,229.06623241439274,-2.0000024438996027,4
PercDevAbs_TR_2,8.25,0.99018,379.80798794904166,-2.3331552225672416,3
PercDevAbs_TR_2,8.25,0.99617,689.598696261207,-2.6667000630340683,2
PercDevAbs_TR_2,8.25,0.99865,1400.5579208339577,-2.999976992703401,1
PercDevAbs_TR_2,8.5,0.00135,2.2307838348117206e-4,2.999976992703393,19
PercDevAbs_TR_2,8.5,0.00383,0.008936880670993696,2.6667000630340683,18
PercDevAbs_TR_2,8.5,0.00982,0.11556396780000024,2.3331552225672434,17
PercDevAbs_TR_2,8.5,0.02275,0.6223402454033079,2.000002443899604,16
PercDevAbs_TR_2,8.5,0.04779,1.9202117002081822,1.6666702079210545,15
PercDevAbs_TR_2,8.5,0.09121,4.242906178150077,1.3333407702662026,14
PercDevAbs_TR_2,8.5,0.15866,7.6755725780717405,0.9999803859660789,13
PercDevAbs_TR_2,8.5,0.25249,12.287739920774602,0.6666746102242979,12
PercDevAbs_TR_2,8.5,0.36944,18.249042338229653,0.33333688458431254,11
PercDevAbs_TR_2,8.5,0.5,25.914382525317663,-0,10
PercDevAbs_TR_2,8.5,0.63056,35.93836704452015,-0.33333688458431254,9
PercDevAbs_TR_2,8.5,0.74751,49.47482778887765,-0.6666746102242979,8
PercDevAbs_TR_2,8.5,0.84134,68.57041267624669,-0.9999803859660789,7
PercDevAbs_TR_2,8.5,0.90879,97.00117796220108,-1.3333407702662026,6
PercDevAbs_TR_2,8.5,0.95221,142.07682080912517,-1.6666702079210545,5
PercDevAbs_TR_2,8.5,0.97725,218.96556601685282,-2.0000024438996027,4
PercDevAbs_TR_2,8.5,0.99018,361.55225626257425,-2.3331552225672416,3
PercDevAbs_TR_2,8.5,0.99617,653.5876869999151,-2.6667000630340683,2
PercDevAbs_TR_2,8.5,0.99865,1321.4216616163,-2.999976992703401,1
PercDevAbs_TR_2,8.75,0.00135,2.6101318298630644e-4,2.999976992703393,19
PercDevAbs_TR_2,8.75,0.00383,0.010044313469747223,2.6667000630340683,18
PercDevAbs_TR_2,8.75,0.00982,0.12456022315596299,2.3331552225672434,17
PercDevAbs_TR_2,8.75,0.02275,0.649628371899613,2.000002443899604,16
PercDevAbs_TR_2,8.75,0.04779,1.9614803851313025,1.6666702079210545,15
PercDevAbs_TR_2,8.75,0.09121,4.271778676697973,1.3333407702662026,14
PercDevAbs_TR_2,8.75,0.15866,7.650109394574409,0.9999803859660789,13
PercDevAbs_TR_2,8.75,0.25249,12.155856176965644,0.6666746102242979,12
PercDevAbs_TR_2,8.75,0.36944,17.947692001304517,0.33333688458431254,11
PercDevAbs_TR_2,8.75,0.5,25.362718394620135,-0,10
PercDevAbs_TR_2,8.75,0.63056,35.02380625096782,-0.33333688458431254,9
PercDevAbs_TR_2,8.75,0.74751,48.02764438477534,-0.6666746102242979,8
PercDevAbs_TR_2,8.75,0.84134,66.316022680492,-0.9999803859660789,7
PercDevAbs_TR_2,8.75,0.90879,93.46435393800516,-1.3333407702662026,6
PercDevAbs_TR_2,8.75,0.95221,136.37859324985592,-1.6666702079210545,5
PercDevAbs_TR_2,8.75,0.97725,209.35562739267598,-2.0000024438996027,4
PercDevAbs_TR_2,8.75,0.99018,344.2527103842276,-2.3331552225672416,3
PercDevAbs_TR_2,8.75,0.99617,619.6019053754892,-2.6667000630340683,2
PercDevAbs_TR_2,8.75,0.99865,1247.0439682907484,-2.999976992703401,1
PercDevAbs_TR_2,9,0.00135,3.051957683865725e-4,2.999976992703393,19
PercDevAbs_TR_2,9,0.00383,0.011272795560919466,2.6667000630340683,18
PercDevAbs_TR_2,9,0.00982,0.13406202300193093,2.3331552225672434,17
PercDevAbs_TR_2,9,0.02275,0.6773870467469406,2.000002443899604,16
PercDevAbs_TR_2,9,0.04779,2.0022340453632843,1.6666702079210545,15
PercDevAbs_TR_2,9,0.09121,4.298977179551189,1.3333407702662026,14
PercDevAbs_TR_2,9,0.15866,7.622774185601153,0.9999803859660789,13
PercDevAbs_TR_2,9,0.25249,12.023771513732742,0.6666746102242979,12
PercDevAbs_TR_2,9,0.36944,17.65048623988346,0.33333688458431254,11
PercDevAbs_TR_2,9,0.5,24.823250034158555,-0,10
PercDevAbs_TR_2,9,0.63056,34.13488265738954,-0.33333688458431254,9
PercDevAbs_TR_2,9,0.74751,46.6279469132227,-0.6666746102242979,8
PercDevAbs_TR_2,9,0.84134,64.1450390814304,-0.9999803859660789,7
PercDevAbs_TR_2,9,0.90879,90.07211460692766,-1.3333407702662026,6
PercDevAbs_TR_2,9,0.95221,130.93471245681138,-1.6666702079210545,5
PercDevAbs_TR_2,9,0.97725,200.21060436615844,-2.0000024438996027,4
PercDevAbs_TR_2,9,0.99018,327.8556709372527,-2.3331552225672416,3
PercDevAbs_TR_2,9,0.99617,587.5204743589421,-2.6667000630340683,2
PercDevAbs_TR_2,9,0.99865,1177.1240610744578,-2.999976992703401,1
PercDevAbs_TR_2,9.25,0.00135,3.565928480886959e-4,2.999976992703393,19
PercDevAbs_TR_2,9.25,0.00383,0.012632769931883876,2.6667000630340683,18
PercDevAbs_TR_2,9.25,0.00982,0.1440779211207076,2.3331552225672434,17
PercDevAbs_TR_2,9.25,0.02275,0.7055796395234043,2.000002443899604,16
PercDevAbs_TR_2,9.25,0.04779,2.042417512771947,1.6666702079210545,15
PercDevAbs_TR_2,9.25,0.09121,4.324485013471566,1.3333407702662026,14
PercDevAbs_TR_2,9.25,0.15866,7.593602432693334,0.9999803859660789,13
PercDevAbs_TR_2,9.25,0.25249,11.89152889696799,0.6666746102242979,12
PercDevAbs_TR_2,9.25,0.36944,17.35737560034085,0.33333688458431254,11
PercDevAbs_TR_2,9.25,0.5,24.295672262443627,-0,10
PercDevAbs_TR_2,9.25,0.63056,33.27077667345208,-0.33333688458431254,9
PercDevAbs_TR_2,9.25,0.74751,45.27397474491479,-0.6666746102242979,8
PercDevAbs_TR_2,9.25,0.84134,62.05401314968416,-0.9999803859660789,7
PercDevAbs_TR_2,9.25,0.90879,86.8179252828217,-1.3333407702662026,6
PercDevAbs_TR_2,9.25,0.95221,125.73275724105493,-1.6666702079210545,5
PercDevAbs_TR_2,9.25,0.97725,191.5061387525309,-2.0000024438996027,4
PercDevAbs_TR_2,9.25,0.99018,312.3106571730802,-2.3331552225672416,3
PercDevAbs_TR_2,9.25,0.99617,557.2301101946409,-2.6667000630340683,2
PercDevAbs_TR_2,9.25,0.99865,1111.3810088477112,-2.999976992703401,1
PercDevAbs_TR_2,9.5,0.00135,4.1630657590245254e-4,2.999976992703393,19
PercDevAbs_TR_2,9.5,0.00383,0.014135197622678236,2.6667000630340683,18
PercDevAbs_TR_2,9.5,0.00982,0.1546150873911517,2.3331552225672434,17
PercDevAbs_TR_2,9.5,0.02275,0.7341684892117656,2.000002443899604,16
PercDevAbs_TR_2,9.5,0.04779,2.0819784984211522,1.6666702079210545,15
PercDevAbs_TR_2,9.5,0.09121,4.348290107698975,1.3333407702662026,14
PercDevAbs_TR_2,9.5,0.15866,7.562632614754153,0.9999803859660789,13
PercDevAbs_TR_2,9.5,0.25249,11.759171692293837,0.6666746102242979,12
PercDevAbs_TR_2,9.5,0.36944,17.068310589086988,0.33333688458431254,11
PercDevAbs_TR_2,9.5,0.5,23.779685229595554,-0,10
PercDevAbs_TR_2,9.5,0.63056,32.43069042963683,-0.33333688458431254,9
PercDevAbs_TR_2,9.5,0.74751,43.96402540314861,-0.6666746102242979,8
PercDevAbs_TR_2,9.5,0.84134,60.03962831586412,-0.9999803859660789,7
PercDevAbs_TR_2,9.5,0.90879,83.69553179438343,-1.3333407702662026,6
PercDevAbs_TR_2,9.5,0.95221,120.76089190394731,-1.6666702079210545,5
PercDevAbs_TR_2,9.5,0.97725,183.21911746215514,-2.0000024438996027,4
PercDevAbs_TR_2,9.5,0.99018,297.5699624688501,-2.3331552225672416,3
PercDevAbs_TR_2,9.5,0.99617,528.6241778119003,-2.6667000630340683,2
PercDevAbs_TR_2,9.5,0.99865,1049.5513834927951,-2.999976992703401,1
PercDevAbs_TR_2,9.75,0.00135,4.8559089883281627e-4,2.999976992703393,19
PercDevAbs_TR_2,9.75,0.00383,0.015791543125831104,2.6667000630340683,18
PercDevAbs_TR_2,9.75,0.00982,0.16567928466136753,2.3331552225672434,17
PercDevAbs_TR_2,9.75,0.02275,0.7631151958398451,2.000002443899604,16
PercDevAbs_TR_2,9.75,0.04779,2.120867818748541,1.6666702079210545,15
PercDevAbs_TR_2,9.75,0.09121,4.3703849433403414,1.3333407702662026,14
PercDevAbs_TR_2,9.75,0.15866,7.529906030163938,0.9999803859660789,13
PercDevAbs_TR_2,9.75,0.25249,11.626743561881609,0.6666746102242979,12
PercDevAbs_TR_2,9.75,0.36944,16.783241740087806,0.33333688458431254,11
PercDevAbs_TR_2,9.75,0.5,23.274994585492784,-0,10
PercDevAbs_TR_2,9.75,0.63056,31.613847735312103,-0.33333688458431254,9
PercDevAbs_TR_2,9.75,0.74751,42.6964535835448,-0.6666746102242979,8
PercDevAbs_TR_2,9.75,0.84134,58.098696686675034,-0.9999803859660789,7
PercDevAbs_TR_2,9.75,0.90879,80.69895109286463,-1.3333407702662026,6
PercDevAbs_TR_2,9.75,0.95221,116.0078431994055,-1.6666702079210545,5
PercDevAbs_TR_2,9.75,0.97725,175.32761711980814,-2.0000024438996027,4
PercDevAbs_TR_2,9.75,0.99018,283.5885180177203,-2.3331552225672416,3
PercDevAbs_TR_2,9.75,0.99617,501.60233543684814,-2.6667000630340683,2
PercDevAbs_TR_2,9.75,0.99865,991.3882541637431,-2.999976992703401,1
PercDevAbs_TR_2,10,0.00135,5.658676216654569e-4,2.999976992703393,19
PercDevAbs_TR_2,10,0.00383,0.01761371473393595,2.6667000630340683,18
PercDevAbs_TR_2,10,0.00982,0.17727459120494105,2.3331552225672434,17
PercDevAbs_TR_2,10,0.02275,0.792380172928057,2.000002443899604,16
PercDevAbs_TR_2,10,0.04779,2.1590384389073045,1.6666702079210545,15
PercDevAbs_TR_2,10,0.09121,4.390765307092627,1.3333407702662026,14
PercDevAbs_TR_2,10,0.15866,7.495466018619378,0.9999803859660789,13
PercDevAbs_TR_2,10,0.25249,11.494289060445547,0.6666746102242979,12
PercDevAbs_TR_2,10,0.36944,16.502122507107657,0.33333688458431254,11
PercDevAbs_TR_2,10,0.5,22.78131764447232,-0,10
PercDevAbs_TR_2,10,0.63056,30.81950465587633,-0.33333688458431254,9
PercDevAbs_TR_2,10,0.74751,41.46968760062856,-0.6666746102242979,8
PercDevAbs_TR_2,10,0.84134,56.228183334174844,-0.9999803859660789,7
PercDevAbs_TR_2,10,0.90879,77.82250611500623,-1.3333407702662026,6
PercDevAbs_TR_2,10,0.95221,111.46294941311776,-1.6666702079210545,5
PercDevAbs_TR_2,10,0.97725,167.81097140555292,-2.0000024438996027,4
PercDevAbs_TR_2,10,0.99018,270.32397916564616,-2.3331552225672416,3
PercDevAbs_TR_2,10,0.99617,476.07061993018993,-2.6667000630340683,2
PercDevAbs_TR_2,10,0.99865,936.6611540272054,-2.999976992703401,1
PercDevAbs_TR_2,10.25,0.00135,6.587432273829637e-4,2.999976992703393,19
PercDevAbs_TR_2,10.25,0.00383,0.019613995222449068,2.6667000630340683,18
PercDevAbs_TR_2,10.25,0.00982,0.18940317301855863,2.3331552225672434,17
PercDevAbs_TR_2,10.25,0.02275,0.8219224223608793,2.000002443899604,16
PercDevAbs_TR_2,10.25,0.04779,2.1964449861197077,1.6666702079210545,15
PercDevAbs_TR_2,10.25,0.09121,4.409429671547008,1.3333407702662026,14
PercDevAbs_TR_2,10.25,0.15866,7.459357681866729,0.9999803859660789,13
PercDevAbs_TR_2,10.25,0.25249,11.361854190956588,0.6666746102242979,12
PercDevAbs_TR_2,10.25,0.36944,16.224911059709115,0.33333688458431254,11
PercDevAbs_TR_2,10.25,0.5,22.298386733870355,-0,10
PercDevAbs_TR_2,10.25,0.63056,30.046954634432716,-0.33333688458431254,9
PercDevAbs_TR_2,10.25,0.74751,40.282236358828015,-0.6666746102242979,8
PercDevAbs_TR_2,10.25,0.84134,54.42521485672202,-0.9999803859660789,7
PercDevAbs_TR_2,10.25,0.90879,75.06083479583967,-1.3333407702662026,6
PercDevAbs_TR_2,10.25,0.95221,107.116166302057,-1.6666702079210545,5
PercDevAbs_TR_2,10.25,0.97725,160.6497636867259,-2.0000024438996027,4
PercDevAbs_TR_2,10.25,0.99018,257.73667470494496,-2.3331552225672416,3
PercDevAbs_TR_2,10.25,0.99617,451.9412598518755,-2.6667000630340683,2
PercDevAbs_TR_2,10.25,0.99865,885.1554491287436,-2.999976992703401,1
PercDevAbs_TR_2,10.5,0.00135,7.66026919156618e-4,2.999976992703393,19
PercDevAbs_TR_2,10.5,0.00383,0.021804975811940203,2.6667000630340683,18
PercDevAbs_TR_2,10.5,0.00982,0.2020651778956931,2.3331552225672434,17
PercDevAbs_TR_2,10.5,0.02275,0.8516996638852564,2.000002443899604,16
PercDevAbs_TR_2,10.5,0.04779,2.2330438447462844,1.6666702079210545,15
PercDevAbs_TR_2,10.5,0.09121,4.426379193086912,1.3333407702662026,14
PercDevAbs_TR_2,10.5,0.15866,7.421627904817545,0.9999803859660789,13
PercDevAbs_TR_2,10.5,0.25249,11.229486496274992,0.6666746102242979,12
PercDevAbs_TR_2,10.5,0.36944,15.95157031983289,0.33333688458431254,11
PercDevAbs_TR_2,10.5,0.5,21.82594882441249,-0,10
PercDevAbs_TR_2,10.5,0.63056,29.295527032804834,-0.33333688458431254,9
PercDevAbs_TR_2,10.5,0.74751,39.132685540913364,-0.6666746102242979,8
PercDevAbs_TR_2,10.5,0.84134,52.68707081993396,-0.9999803859660789,7
PercDevAbs_TR_2,10.5,0.90879,72.40887198101643,-1.3333407702662026,6
PercDevAbs_TR_2,10.5,0.95221,102.95802932294559,-1.6666702079210545,5
PercDevAbs_TR_2,10.5,0.97725,153.82574637719907,-2.0000024438996027,4
PercDevAbs_TR_2,10.5,0.99018,245.78942602800686,-2.3331552225672416,3
PercDevAbs_TR_2,10.5,0.99617,429.13223832144354,-2.6667000630340683,2
PercDevAbs_TR_2,10.5,0.99865,836.6711761048927,-2.999976992703401,1
PercDevAbs_TR_2,10.75,0.00135,8.897500362162809e-4,2.999976992703393,19
PercDevAbs_TR_2,10.75,0.00383,0.024199495397439843,2.6667000630340683,18
PercDevAbs_TR_2,10.75,0.00982,0.21525872538701138,2.3331552225672434,17
PercDevAbs_TR_2,10.75,0.02275,0.8816686416282368,2.000002443899604,16
PercDevAbs_TR_2,10.75,0.04779,2.268793383515691,1.6666702079210545,15
PercDevAbs_TR_2,10.75,0.09121,4.441617576248943,1.3333407702662026,14
PercDevAbs_TR_2,10.75,0.15866,7.382324685330879,0.9999803859660789,13
PercDevAbs_TR_2,10.75,0.25249,11.097233575364331,0.6666746102242979,12
PercDevAbs_TR_2,10.75,0.36944,15.682065174147048,0.33333688458431254,11
PercDevAbs_TR_2,10.75,0.5,21.36376064543444,-0,10
PercDevAbs_TR_2,10.75,0.63056,28.56457887578861,-0.33333688458431254,9
PercDevAbs_TR_2,10.75,0.74751,38.01968386040048,-0.6666746102242979,8
PercDevAbs_TR_2,10.75,0.84134,51.011160789994214,-0.9999803859660789,7
PercDevAbs_TR_2,10.75,0.90879,69.86181026022652,-1.3333407702662026,6
PercDevAbs_TR_2,10.75,0.95221,98.97958426440243,-1.6666702079210545,5
PercDevAbs_TR_2,10.75,0.97725,147.3217110189277,-2.0000024438996027,4
PercDevAbs_TR_2,10.75,0.99018,234.4472850463178,-2.3331552225672416,3
PercDevAbs_TR_2,10.75,0.99617,407.5667117798341,-2.6667000630340683,2
PercDevAbs_TR_2,10.75,0.99865,791.021600334637,-2.999976992703401,1
PercDevAbs_TR_2,11,0.00135,0.001032186823660026,2.999976992703393,19
PercDevAbs_TR_2,11,0.00383,0.0268105844419665,2.6667000630340683,18
PercDevAbs_TR_2,11,0.00982,0.22897997329806863,2.3331552225672434,17
PercDevAbs_TR_2,11,0.02275,0.9117855715610823,2.000002443899604,16
PercDevAbs_TR_2,11,0.04779,2.303654402563496,1.6666702079210545,15
PercDevAbs_TR_2,11,0.09121,4.455151285699096,1.3333407702662026,14
PercDevAbs_TR_2,11,0.15866,7.34149699107217,0.9999803859660789,13
PercDevAbs_TR_2,11,0.25249,10.965142370917134,0.6666746102242979,12
PercDevAbs_TR_2,11,0.36944,15.416360793711346,0.33333688458431254,11
PercDevAbs_TR_2,11,0.5,20.91158537754174,-0,10
PercDevAbs_TR_2,11,0.63056,27.853488848007864,-0.33333688458431254,9
PercDevAbs_TR_2,11,0.74751,36.941932571525356,-0.6666746102242979,8
PercDevAbs_TR_2,11,0.84134,49.39500619141219,-0.9999803859660789,7
PercDevAbs_TR_2,11,0.90879,67.41506821276543,-1.3333407702662026,6
PercDevAbs_TR_2,11,0.95221,95.17232986522504,-1.6666702079210545,5
PercDevAbs_TR_2,11,0.97725,141.1213791048227,-2.0000024438996027,4
PercDevAbs_TR_2,11,0.99018,223.6773112040026,-2.3331552225672416,3
PercDevAbs_TR_2,11,0.99617,387.17251064524544,-2.6667000630340683,2
PercDevAbs_TR_2,11,0.99865,748.0319680303915,-2.999976992703401,1
PercDevAbs_TR_2,11.25,0.00135,0.0011958752883235685,2.999976992703393,19
PercDevAbs_TR_2,11.25,0.00383,0.02965139048715263,2.6667000630340683,18
PercDevAbs_TR_2,11.25,0.00982,0.24322311437122804,2.3331552225672434,17
PercDevAbs_TR_2,11.25,0.02275,0.9420063336142146,2.000002443899604,16
PercDevAbs_TR_2,11.25,0.04779,2.337590138504307,1.6666702079210545,15
PercDevAbs_TR_2,11.25,0.09121,4.466989264763268,1.3333407702662026,14
PercDevAbs_TR_2,11.25,0.15866,7.299194262987357,0.9999803859660789,13
PercDevAbs_TR_2,11.25,0.25249,10.833258473754208,0.6666746102242979,12
PercDevAbs_TR_2,11.25,0.36944,15.154421620660251,0.33333688458431254,11
PercDevAbs_TR_2,11.25,0.5,20.46919102657806,-0,10
PercDevAbs_TR_2,11.25,0.63056,27.161654500238374,-0.33333688458431254,9
PercDevAbs_TR_2,11.25,0.74751,35.89818050235446,-0.6666746102242979,8
PercDevAbs_TR_2,11.25,0.84134,47.83623129198487,-0.9999803859660789,7
PercDevAbs_TR_2,11.25,0.90879,65.06427365664172,-1.3333407702662026,6
PercDevAbs_TR_2,11.25,0.95221,91.52818559866687,-1.6666702079210545,5
PercDevAbs_TR_2,11.25,0.97725,135.20933695535498,-2.0000024438996027,4
PercDevAbs_TR_2,11.25,0.99018,213.44843073494485,-2.3331552225672416,3
PercDevAbs_TR_2,11.25,0.99617,367.8818076275765,-2.6667000630340683,2
PercDevAbs_TR_2,11.25,0.99865,707.5386395626874,-2.999976992703401,1
PercDevAbs_TR_2,11.5,0.00135,0.0013836370808083668,2.999976992703393,19
PercDevAbs_TR_2,11.5,0.00383,0.03273507538959779,2.6667000630340683,18
PercDevAbs_TR_2,11.5,0.00982,0.25798027139474417,2.3331552225672434,17
PercDevAbs_TR_2,11.5,0.02275,0.97228637767210635,2.000002443899604,16
PercDevAbs_TR_2,11.5,0.04779,2.3705658316477805,1.6666702079210545,15
PercDevAbs_TR_2,11.5,0.09121,4.477142194174949,1.3333407702662026,14
PercDevAbs_TR_2,11.5,0.15866,7.255465589241713,0.9999803859660789,13
PercDevAbs_TR_2,11.5,0.25249,10.701625395882617,0.6666746102242979,12
PercDevAbs_TR_2,11.5,0.36944,14.896210819090506,0.33333688458431254,11
PercDevAbs_TR_2,11.5,0.5,20.03635001035607,-0,10
PercDevAbs_TR_2,11.5,0.63056,26.48849177211646,-0.33333688458431254,9
PercDevAbs_TR_2,11.5,0.74751,34.88722304859364,-0.6666746102242979,8
PercDevAbs_TR_2,11.5,0.84134,46.33256067764603,-0.9999803859660789,7
PercDevAbs_TR_2,11.5,0.90879,62.80525746861919,-1.3333407702662026,6
PercDevAbs_TR_2,11.5,0.95221,88.03947702367542,-1.6666702079210545,5
PercDevAbs_TR_2,11.5,0.97725,129.5710010687451,-2.0000024438996027,4
PercDevAbs_TR_2,11.5,0.99018,203.73135233079464,-2.3331552225672416,3
PercDevAbs_TR_2,11.5,0.99617,349.63090018995496,-2.6667000630340683,2
PercDevAbs_TR_2,11.5,0.99865,669.388480826891,-2.999976992703401,1
PercDevAbs_TR_2,11.75,0.00135,0.0015985962843068334,2.999976992703393,19
PercDevAbs_TR_2,11.75,0.00383,0.03607469593022415,2.6667000630340683,18
PercDevAbs_TR_2,11.75,0.00982,0.27324138234490514,2.3331552225672434,17
PercDevAbs_TR_2,11.75,0.02275,1.0025806271848496,2.000002443899604,16
PercDevAbs_TR_2,11.75,0.04779,2.4025483780422965,1.6666702079210545,15
PercDevAbs_TR_2,11.75,0.09121,4.485622000630562,1.3333407702662026,14
PercDevAbs_TR_2,11.75,0.15866,7.210359336596554,0.9999803859660789,13
PercDevAbs_TR_2,11.75,0.25249,10.570284536976358,0.6666746102242979,12
PercDevAbs_TR_2,11.75,0.36944,14.64169068639365,0.33333688458431254,11
PercDevAbs_TR_2,11.75,0.5,19.612840017311562,-0,10
PercDevAbs_TR_2,11.75,0.63056,25.833436167407072,-0.33333688458431254,9
PercDevAbs_TR_2,11.75,0.74751,33.90790331223739,-0.6666746102242979,8
PercDevAbs_TR_2,11.75,0.84134,44.88181955188757,-0.9999803859660789,7
PercDevAbs_TR_2,11.75,0.90879,60.63405124069671,-1.3333407702662026,6
PercDevAbs_TR_2,11.75,0.95221,84.69892661310672,-1.6666702079210545,5
PercDevAbs_TR_2,11.75,0.97725,124.19259188182028,-2.0000024438996027,4
PercDevAbs_TR_2,11.75,0.99018,194.49849708020622,-2.3331552225672416,3
PercDevAbs_TR_2,11.75,0.99617,332.3600205795694,-2.6667000630340683,2
PercDevAbs_TR_2,11.75,0.99865,633.4383167444832,-2.999976992703401,1
PercDevAbs_TR_2,12,0.00135,0.001844199187625369,2.999976992703393,19
PercDevAbs_TR_2,12,0.00383,0.03968311046301208,2.6667000630340683,18
PercDevAbs_TR_2,12,0.00982,0.2889942839325969,2.3331552225672434,17
PercDevAbs_TR_2,12,0.02275,1.0328438574052532,2.000002443899604,16
PercDevAbs_TR_2,12,0.04779,2.4335067654584877,1.6666702079210545,15
PercDevAbs_TR_2,12,0.09121,4.492442370109151,1.3333407702662026,14
PercDevAbs_TR_2,12,0.15866,7.163923835505999,0.9999803859660789,13
PercDevAbs_TR_2,12,0.25249,10.439276046481183,0.6666746102242979,12
PercDevAbs_TR_2,12,0.36944,14.390823569264455,0.33333688458431254,11
PercDevAbs_TR_2,12,0.5,19.198444700646057,-0,10
PercDevAbs_TR_2,12,0.63056,25.195942728431877,-0.33333688458431254,9
PercDevAbs_TR_2,12,0.74751,32.959110469825944,-0.6666746102242979,8
PercDevAbs_TR_2,12,0.84134,43.48192885564737,-0.9999803859660789,7
PercDevAbs_TR_2,12,0.90879,58.54687592860775,-1.3333407702662026,6
PercDevAbs_TR_2,12,0.95221,81.49962918498875,-1.6666702079210545,5
PercDevAbs_TR_2,12,0.97725,119.06108079613085,-2.0000024438996027,4
PercDevAbs_TR_2,12,0.99018,185.72388004772685,-2.3331552225672416,3
PercDevAbs_TR_2,12,0.99617,316.0130525060238,-2.6667000630340683,2
PercDevAbs_TR_2,12,0.99865,599.5541883934062,-2.999976992703401,1
PercDevAbs_TR_3,6,0.00135,6.830612428674517e-5,2.999976992703393,19
PercDevAbs_TR_3,6,0.00383,0.0030493347466690694,2.6667000630340683,18
PercDevAbs_TR_3,6,0.00982,0.05100853359285607,2.3331552225672434,17
PercDevAbs_TR_3,6,0.02275,0.3641520841004935,2.000002443899604,16
PercDevAbs_TR_3,6,0.04779,1.437788991999426,1.6666702079210545,15
PercDevAbs_TR_3,6,0.09121,3.894909233288801,1.3333407702662026,14
PercDevAbs_TR_3,6,0.15866,8.337900690683078,0.9999803859660789,13
PercDevAbs_TR_3,6,0.25249,15.364047686121795,0.6666746102242979,12
PercDevAbs_TR_3,6,0.36944,25.689037209385628,0.33333688458431254,11
PercDevAbs_TR_3,6,0.5,40.306971622473185,-0,10
PercDevAbs_TR_3,6,0.63056,60.717635357619706,-0.33333688458431254,9
PercDevAbs_TR_3,6,0.74751,89.27097516853232,-0.6666746102242979,8
PercDevAbs_TR_3,6,0.84134,129.74511834955527,-0.9999803859660789,7
PercDevAbs_TR_3,6,0.90879,188.41284759922675,-1.3333407702662026,6
PercDevAbs_TR_3,6,0.95221,275.9601792614012,-1.6666702079210545,5
PercDevAbs_TR_3,6,0.97725,411.36597854189245,-2.0000024438996027,4
PercDevAbs_TR_3,6,0.99018,629.5715933552177,-2.3331552225672416,3
PercDevAbs_TR_3,6,0.99617,999.1022451261792,-2.6667000630340683,2
PercDevAbs_TR_3,6,0.99865,1658.224763966448,-2.999976992703401,1
PercDevAbs_TR_3,6.25,0.00135,1.3129141034654736e-4,2.999976992703393,19
PercDevAbs_TR_3,6.25,0.00383,0.005126390495779379,2.6667000630340683,18
PercDevAbs_TR_3,6.25,0.00982,0.07321602610072635,2.3331552225672434,17
PercDevAbs_TR_3,6.25,0.02275,0.4572510669468509,2.000002443899604,16
PercDevAbs_TR_3,6.25,0.04779,1.6405965791791717,1.6666702079210545,15
PercDevAbs_TR_3,6.25,0.09121,4.161754060871033,1.3333407702662026,14
PercDevAbs_TR_3,6.25,0.15866,8.50780420571737,0.9999803859660789,13
PercDevAbs_TR_3,6.25,0.25249,15.156297136331919,0.6666746102242979,12
PercDevAbs_TR_3,6.25,0.36944,24.691686191559025,0.33333688458431254,11
PercDevAbs_TR_3,6.25,0.5,37.94054259652745,-0,10
PercDevAbs_TR_3,6.25,0.63056,56.15998414971767,-0.33333688458431254,9
PercDevAbs_TR_3,6.25,0.74751,81.32151234381013,-0.6666746102242979,8
PercDevAbs_TR_3,6.25,0.84134,116.58635716673685,-0.9999803859660789,7
PercDevAbs_TR_3,6.25,0.90879,167.1813072117581,-1.3333407702662026,6
PercDevAbs_TR_3,6.25,0.95221,241.9640710094314,-1.6666702079210545,5
PercDevAbs_TR_3,6.25,0.97725,356.58066548622503,-2.0000024438996027,4
PercDevAbs_TR_3,6.25,0.99018,539.667099380195,-2.3331552225672416,3
PercDevAbs_TR_3,6.25,0.99617,847.0633839980549,-2.6667000630340683,2
PercDevAbs_TR_3,6.25,0.99865,1390.7230503466753,-2.999976992703401,1
PercDevAbs_TR_3,6.5,0.00135,2.4625034955418556e-4,2.999976992703393,19
PercDevAbs_TR_3,6.5,0.00383,0.008325591912724261,2.6667000630340683,18
PercDevAbs_TR_3,6.5,0.00982,0.10161406295549194,2.3331552225672434,17
PercDevAbs_TR_3,6.5,0.02275,0.5597383221203054,2.000002443899604,16
PercDevAbs_TR_3,6.5,0.04779,1.840400499604036,1.6666702079210545,15
PercDevAbs_TR_3,6.5,0.09121,4.399258941906133,1.3333407702662026,14
PercDevAbs_TR_3,6.5,0.15866,8.625655614080008,0.9999803859660789,13
PercDevAbs_TR_3,6.5,0.25249,14.901040019709656,0.6666746102242979,12
PercDevAbs_TR_3,6.5,0.36944,23.70533017861229,0.33333688458431254,11
PercDevAbs_TR_3,6.5,0.5,35.73046821589524,-0,10
PercDevAbs_TR_3,6.5,0.63056,52.03713865839878,-0.33333688458431254,9
PercDevAbs_TR_3,6.5,0.74751,74.28998651661908,-0.6666746102242979,8
PercDevAbs_TR_3,6.5,0.84134,105.15112672484979,-0.9999803859660789,7
PercDevAbs_TR_3,6.5,0.90879,149.00445362102343,-1.3333407702662026,6
PercDevAbs_TR_3,6.5,0.95221,213.24200202281756,-1.6666702079210545,5
PercDevAbs_TR_3,6.5,0.97725,310.8526184030376,-2.0000024438996027,4
PercDevAbs_TR_3,6.5,0.99018,465.47460495878636,-2.3331552225672416,3
PercDevAbs_TR_3,6.5,0.99617,722.9500701715219,-2.6667000630340683,2
PercDevAbs_TR_3,6.5,0.99865,1174.6207315901281,-2.999976992703401,1
PercDevAbs_TR_3,6.75,0.00135,4.367711655734464e-4,2.999976992703393,19
PercDevAbs_TR_3,6.75,0.00383,0.012771089088855731,2.6667000630340683,18
PercDevAbs_TR_3,6.75,0.00982,0.13454877737882218,2.3331552225672434,17
PercDevAbs_TR_3,6.75,0.02275,0.6627903870459193,2.000002443899604,16
PercDevAbs_TR_3,6.75,0.04779,2.0196423677481845,1.6666702079210545,15
PercDevAbs_TR_3,6.75,0.09121,4.585351137287641,1.3333407702662026,14
PercDevAbs_TR_3,6.75,0.15866,8.67025153762934,0.9999803859660789,13
PercDevAbs_TR_3,6.75,0.25249,14.581201662320751,0.6666746102242979,12
PercDevAbs_TR_3,6.75,0.36944,22.716805432115173,0.33333688458431254,11
PercDevAbs_TR_3,6.75,0.5,33.66286219025366,-0,10
PercDevAbs_TR_3,6.75,0.63056,48.32383837588246,-0.33333688458431254,9
PercDevAbs_TR_3,6.75,0.74751,68.11989279014688,-0.6666746102242979,8
PercDevAbs_TR_3,6.75,0.84134,95.31637802666721,-0.9999803859660789,7
PercDevAbs_TR_3,6.75,0.90879,133.62991328476343,-1.3333407702662026,6
PercDevAbs_TR_3,6.75,0.95221,189.29840582941375,-1.6666702079210545,5
PercDevAbs_TR_3,6.75,0.97725,273.2300390735504,-2.0000024438996027,4
PercDevAbs_TR_3,6.75,0.99018,405.17304705474004,-2.3331552225672416,3
PercDevAbs_TR_3,6.75,0.99617,623.2320823259306,-2.6667000630340683,2
PercDevAbs_TR_3,6.75,0.99865,1002.8972588831099,-2.999976992703401,1
PercDevAbs_TR_3,7,0.00135,7.116901219871087e-4,2.999976992703393,19
PercDevAbs_TR_3,7,0.00383,0.018169375602231818,2.6667000630340683,18
PercDevAbs_TR_3,7,0.00982,0.1683225764474517,2.3331552225672434,17
PercDevAbs_TR_3,7,0.02275,0.7549196925958632,2.000002443899604,16
PercDevAbs_TR_3,7,0.04779,2.1602685306884934,1.6666702079210545,15
PercDevAbs_TR_3,7,0.09121,4.70069399603267,1.3333407702662026,14
PercDevAbs_TR_3,7,0.15866,8.625561355914243,0.9999803859660789,13
PercDevAbs_TR_3,7,0.25249,14.185649290474048,0.6666746102242979,12
PercDevAbs_TR_3,7,0.36944,21.71768105245692,0.33333688458431254,11
PercDevAbs_TR_3,7,0.5,31.72525017150652,-0,10
PercDevAbs_TR_3,7,0.63056,44.990674291502785,-0.33333688458431254,9
PercDevAbs_TR_3,7,0.74751,62.742607445417825,-0.6666746102242979,8
PercDevAbs_TR_3,7,0.84134,86.93639000299068,-0.9999803859660789,7
PercDevAbs_TR_3,7,0.90879,120.7694925086603,-1.3333407702662026,6
PercDevAbs_TR_3,7,0.95221,169.5867803538917,-1.6666702079210545,5
PercDevAbs_TR_3,7,0.97725,242.69558712772684,-2.0000024438996027,4
PercDevAbs_TR_3,7,0.99018,356.86922072793055,-2.3331552225672416,3
PercDevAbs_TR_3,7,0.99617,544.329347230445,-2.6667000630340683,2
PercDevAbs_TR_3,7,0.99865,868.5902358066274,-2.999976992703401,1
PercDevAbs_TR_3,7.25,0.00135,0.001044430986373835,2.999976992703393,19
PercDevAbs_TR_3,7.25,0.00383,0.023735166333781584,2.6667000630340683,18
PercDevAbs_TR_3,7.25,0.00982,0.19809355996311456,2.3331552225672434,17
PercDevAbs_TR_3,7.25,0.02275,0.8252280660574636,2.000002443899604,16
PercDevAbs_TR_3,7.25,0.04779,2.248698432875554,1.6666702079210545,15
PercDevAbs_TR_3,7.25,0.09121,4.734004343890578,1.3333407702662026,14
PercDevAbs_TR_3,7.25,0.15866,8.485389754397543,0.9999803859660789,13
PercDevAbs_TR_3,7.25,0.25249,13.712605432596547,0.6666746102242979,12
PercDevAbs_TR_3,7.25,0.36944,20.706089569367247,0.33333688458431254,11
PercDevAbs_TR_3,7.25,0.5,29.90664787116278,-0,10
PercDevAbs_TR_3,7.25,0.63056,42.00237308342416,-0.33333688458431254,9
PercDevAbs_TR_3,7.25,0.74751,58.07398067296166,-0.6666746102242979,8
PercDevAbs_TR_3,7.25,0.84134,79.83799240074833,-0.9999803859660789,7
PercDevAbs_TR_3,7.25,0.90879,110.09374085539335,-1.3333407702662026,6
PercDevAbs_TR_3,7.25,0.95221,153.5050398282363,-1.6666702079210545,5
PercDevAbs_TR_3,7.25,0.97725,218.16541465864063,-2.0000024438996027,4
PercDevAbs_TR_3,7.25,0.99018,318.6063018136632,-2.3331552225672416,3
PercDevAbs_TR_3,7.25,0.99617,482.64185472429835,-2.6667000630340683,2
PercDevAbs_TR_3,7.25,0.99865,764.8716825162529,-2.999976992703401,1
PercDevAbs_TR_3,7.5,0.00135,0.001366856910681413,2.999976992703393,19
PercDevAbs_TR_3,7.5,0.00383,0.028390183014310736,2.6667000630340683,18
PercDevAbs_TR_3,7.5,0.00982,0.21931010400415044,2.3331552225672434,17
PercDevAbs_TR_3,7.5,0.02275,0.8660094894939502,2.000002443899604,16
PercDevAbs_TR_3,7.5,0.04779,2.2781085384959696,1.6666702079210545,15
PercDevAbs_TR_3,7.5,0.09121,4.683001962982432,1.3333407702662026,14
PercDevAbs_TR_3,7.5,0.15866,8.252867670746754,0.9999803859660789,13
PercDevAbs_TR_3,7.5,0.25249,13.168195391491675,0.6666746102242979,12
PercDevAbs_TR_3,7.5,0.36944,19.685309972985735,0.33333688458431254,11
PercDevAbs_TR_3,7.5,0.5,28.197613412692704,-0,10
PercDevAbs_TR_3,7.5,0.63056,39.32134354745085,-0.33333688458431254,9
PercDevAbs_TR_3,7.5,0.74751,54.024294519383844,-0.6666746102242979,8
PercDevAbs_TR_3,7.5,0.84134,73.84129315057567,-0.9999803859660789,7
PercDevAbs_TR_3,7.5,0.90879,101.27022845227563,-1.3333407702662026,6
PercDevAbs_TR_3,7.5,0.95221,140.4623117042609,-1.6666702079210545,5
PercDevAbs_TR_3,7.5,0.97725,198.6029719173006,-2.0000024438996027,4
PercDevAbs_TR_3,7.5,0.99018,288.55709258500127,-2.3331552225672416,3
PercDevAbs_TR_3,7.5,0.99617,434.88214088003076,-2.6667000630340683,2
PercDevAbs_TR_3,7.5,0.99865,685.6346102103165,-2.999976992703401,1
PercDevAbs_TR_3,7.75,0.00135,0.0015969164653290356,2.999976992703393,19
PercDevAbs_TR_3,7.75,0.00383,0.031222528156660875,2.6667000630340683,18
PercDevAbs_TR_3,7.75,0.00982,0.2293151012537833,2.3331552225672434,17
PercDevAbs_TR_3,7.75,0.02275,0.8748638689027673,2.000002443899604,16
PercDevAbs_TR_3,7.75,0.04779,2.2499835556441905,1.6666702079210545,15
PercDevAbs_TR_3,7.75,0.09121,4.5550078359361095,1.3333407702662026,14
PercDevAbs_TR_3,7.75,0.15866,7.940231411673718,0.9999803859660789,13
PercDevAbs_TR_3,7.75,0.25249,12.565763827891976,0.6666746102242979,12
PercDevAbs_TR_3,7.75,0.36944,18.66306049992903,0.33333688458431254,11
PercDevAbs_TR_3,7.75,0.5,26.58999766039911,-0,10
PercDevAbs_TR_3,7.75,0.63056,36.908411605744895,-0.33333688458431254,9
PercDevAbs_TR_3,7.75,0.74751,50.50057529315195,-0.6666746102242979,8
PercDevAbs_TR_3,7.75,0.84134,68.76424778687294,-0.9999803859660789,7
PercDevAbs_TR_3,7.75,0.90879,93.97114368070363,-1.3333407702662026,6
PercDevAbs_TR_3,7.75,0.95221,129.89036354623337,-1.6666702079210545,5
PercDevAbs_TR_3,7.75,0.97725,183.03484551009447,-2.0000024438996027,4
PercDevAbs_TR_3,7.75,0.99018,265.04385714076045,-2.3331552225672416,3
PercDevAbs_TR_3,7.75,0.99617,398.0954881445239,-2.6667000630340683,2
PercDevAbs_TR_3,7.75,0.99865,625.5004341643936,-2.999976992703401,1
PercDevAbs_TR_3,8,0.00135,0.0016755279695555019,2.999976992703393,19
PercDevAbs_TR_3,8,0.00383,0.03177290927355617,2.6667000630340683,18
PercDevAbs_TR_3,8,0.00982,0.22757265511877847,2.3331552225672434,17
PercDevAbs_TR_3,8,0.02275,0.8535927378113645,2.000002443899604,16
PercDevAbs_TR_3,8,0.04779,2.1709939549460073,1.6666702079210545,15
PercDevAbs_TR_3,8,0.09121,4.362115155465008,1.3333407702662026,14
PercDevAbs_TR_3,8,0.15866,7.563173584577762,0.9999803859660789,13
PercDevAbs_TR_3,8,0.25249,11.920580328622053,0.6666746102242979,12
PercDevAbs_TR_3,8,0.36944,17.647947655261323,0.33333688458431254,11
PercDevAbs_TR_3,8,0.5,25.076793564795448,-0,10
PercDevAbs_TR_3,8,0.63056,34.728140998464745,-0.33333688458431254,9
PercDevAbs_TR_3,8,0.74751,47.42012016923038,-0.6666746102242979,8
PercDevAbs_TR_3,8,0.84134,64.44819274624669,-0.9999803859660789,7
PercDevAbs_TR_3,8,0.90879,87.91636974911403,-1.3333407702662026,6
PercDevAbs_TR_3,8,0.95221,121.31261387637983,-1.6666702079210545,5
PercDevAbs_TR_3,8,0.97725,170.6589266469799,-2.0000024438996027,4
PercDevAbs_TR_3,8,0.99018,246.707233677725,-2.3331552225672416,3
PercDevAbs_TR_3,8,0.99617,369.92641584070185,-2.6667000630340683,2
PercDevAbs_TR_3,8,0.99865,580.2478724298045,-2.999976992703401,1
PercDevAbs_TR_3,8.25,0.00135,0.0015962277758390846,2.999976992703393,19
PercDevAbs_TR_3,8.25,0.00383,0.030181827071486693,2.6667000630340683,18
PercDevAbs_TR_3,8.25,0.00982,0.21566767133814221,2.3331552225672434,17
PercDevAbs_TR_3,8.25,0.02275,0.80765328175706,2.000002443899604,16
PercDevAbs_TR_3,8.25,0.04779,2.052016432065283,1.6666702079210545,15
PercDevAbs_TR_3,8.25,0.09121,4.120151335722125,1.3333407702662026,14
PercDevAbs_TR_3,8.25,0.15866,7.140049791957228,0.9999803859660789,13
PercDevAbs_TR_3,8.25,0.25249,11.249401467856245,0.6666746102242979,12
PercDevAbs_TR_3,8.25,0.36944,16.649270791029362,0.33333688458431254,11
PercDevAbs_TR_3,8.25,0.5,23.651811345123665,-0,10
PercDevAbs_TR_3,8.25,0.63056,32.74766227669491,-0.33333688458431254,9
PercDevAbs_TR_3,8.25,0.74751,44.70723896385732,-0.6666746102242979,8
PercDevAbs_TR_3,8.25,0.84134,60.750388984140926,-0.9999803859660789,7
PercDevAbs_TR_3,8.25,0.90879,82.8581872659453,-1.3333407702662026,6
PercDevAbs_TR_3,8.25,0.95221,114.31454034976541,-1.6666702079210545,5
PercDevAbs_TR_3,8.25,0.97725,160.78868963042328,-2.0000024438996027,4
PercDevAbs_TR_3,8.25,0.99018,232.40184308422613,-2.3331552225672416,3
PercDevAbs_TR_3,8.25,0.99617,348.4205261452412,-2.6667000630340683,2
PercDevAbs_TR_3,8.25,0.99865,546.4268665096298,-2.999976992703401,1
PercDevAbs_TR_3,8.5,0.00135,0.0014128337209669494,2.999976992703393,19
PercDevAbs_TR_3,8.5,0.00383,0.02720742478752401,2.6667000630340683,18
PercDevAbs_TR_3,8.5,0.00982,0.1973456819135006,2.3331552225672434,17
PercDevAbs_TR_3,8.5,0.02275,0.7465517684067058,2.000002443899604,16
PercDevAbs_TR_3,8.5,0.04779,1.9093746496479742,1.6666702079210545,15
PercDevAbs_TR_3,8.5,0.09121,3.8509760476739885,1.3333407702662026,14
PercDevAbs_TR_3,8.5,0.15866,6.694999584768143,0.9999803859660789,13
PercDevAbs_TR_3,8.5,0.25249,10.573738035306167,0.6666746102242979,12
PercDevAbs_TR_3,8.5,0.36944,15.679307321178145,0.33333688458431254,11
PercDevAbs_TR_3,8.5,0.5,22.309306455358644,-0,10
PercDevAbs_TR_3,8.5,0.63056,30.931195258358102,-0.33333688458431254,9
PercDevAbs_TR_3,8.5,0.74751,42.27902151552147,-0.6666746102242979,8
PercDevAbs_TR_3,8.5,0.84134,57.515413962076416,-0.9999803859660789,7
PercDevAbs_TR_3,8.5,0.90879,78.52929678571167,-1.3333407702662026,6
PercDevAbs_TR_3,8.5,0.95221,108.45337554388327,-1.6666702079210545,5
PercDevAbs_TR_3,8.5,0.97725,152.69861694214376,-2.0000024438996027,4
PercDevAbs_TR_3,8.5,0.99018,220.93049542423748,-2.3331552225672416,3
PercDevAbs_TR_3,8.5,0.99617,331.55789960815827,-2.6667000630340683,2
PercDevAbs_TR_3,8.5,0.99865,520.5122816819703,-2.999976992703401,1
PercDevAbs_TR_3,8.75,0.00135,0.0012065370290878933,2.999976992703393,19
PercDevAbs_TR_3,8.75,0.00383,0.02390341759205115,2.6667000630340683,18
PercDevAbs_TR_3,8.75,0.00982,0.1774881192719106,2.3331552225672434,17
PercDevAbs_TR_3,8.75,0.02275,0.6821814997153137,2.000002443899604,16
PercDevAbs_TR_3,8.75,0.04779,1.7629951563995925,1.6666702079210545,15
PercDevAbs_TR_3,8.75,0.09121,3.580888109442943,1.3333407702662026,14
PercDevAbs_TR_3,8.75,0.15866,6.256847029319714,0.9999803859660789,13
PercDevAbs_TR_3,8.75,0.25249,9.919285412969158,0.6666746102242979,12
PercDevAbs_TR_3,8.75,0.36944,14.753110652071165,0.33333688458431254,11
PercDevAbs_TR_3,8.75,0.5,21.043765938103235,-0,10
PercDevAbs_TR_3,8.75,0.63056,29.239159812966538,-0.33333688458431254,9
PercDevAbs_TR_3,8.75,0.74751,40.042677193963584,-0.6666746102242979,8
PercDevAbs_TR_3,8.75,0.84134,54.56892116191344,-0.9999803859660789,7
PercDevAbs_TR_3,8.75,0.90879,74.62994364232422,-1.3333407702662026,6
PercDevAbs_TR_3,8.75,0.95221,103.2332792400502,-1.6666702079210545,5
PercDevAbs_TR_3,8.75,0.97725,145.57781454743298,-2.0000024438996027,4
PercDevAbs_TR_3,8.75,0.99018,210.9582170309992,-2.3331552225672416,3
PercDevAbs_TR_3,8.75,0.99617,317.09195507948095,-2.6667000630340683,2
PercDevAbs_TR_3,8.75,0.99865,498.5943099499266,-2.999976992703401,1
PercDevAbs_TR_3,9,0.00135,0.0010303676763447306,2.999976992703393,19
PercDevAbs_TR_3,9,0.00383,0.020994851029824024,2.6667000630340683,18
PercDevAbs_TR_3,9,0.00982,0.15958713131551777,2.3331552225672434,17
PercDevAbs_TR_3,9,0.02275,0.6232548148564789,2.000002443899604,16
PercDevAbs_TR_3,9,0.04779,1.6276747883777112,1.6666702079210545,15
PercDevAbs_TR_3,9,0.09121,3.32955971137725,1.3333407702662026,14
PercDevAbs_TR_3,9,0.15866,5.847207441917876,0.9999803859660789,13
PercDevAbs_TR_3,9,0.25249,9.305235704082897,0.6666746102242979,12
PercDevAbs_TR_3,9,0.36944,13.881609299245971,0.33333688458431254,11
PercDevAbs_TR_3,9,0.5,19.850109857459987,-0,10
PercDevAbs_TR_3,9,0.63056,27.639904513725853,-0.33333688458431254,9
PercDevAbs_TR_3,9,0.74751,37.924977629298624,-0.6666746102242979,8
PercDevAbs_TR_3,9,0.84134,51.773854399884755,-0.9999803859660789,7
PercDevAbs_TR_3,9,0.90879,70.92477688284868,-1.3333407702662026,6
PercDevAbs_TR_3,9,0.95221,98.2649893777162,-1.6666702079210545,5
PercDevAbs_TR_3,9,0.97725,138.78938507179012,-2.0000024438996027,4
PercDevAbs_TR_3,9,0.99018,201.4356120014515,-2.3331552225672416,3
PercDevAbs_TR_3,9,0.99617,303.2547887406071,-2.6667000630340683,2
PercDevAbs_TR_3,9,0.99865,477.5923081321298,-2.999976992703401,1
PercDevAbs_TR_3,9.25,0.00135,8.982675504482316e-4,2.999976992703393,19
PercDevAbs_TR_3,9.25,0.00383,0.01871140372910558,2.6667000630340683,18
PercDevAbs_TR_3,9.25,0.00982,0.1448964895678441,2.3331552225672434,17
PercDevAbs_TR_3,9.25,0.02275,0.5731255920945486,2.000002443899604,16
PercDevAbs_TR_3,9.25,0.04779,1.5093148906734275,1.6666702079210545,15
PercDevAbs_TR_3,9.25,0.09121,3.1049405972552253,1.3333407702662026,14
PercDevAbs_TR_3,9.25,0.15866,5.474750830117051,0.9999803859660789,13
PercDevAbs_TR_3,9.25,0.25249,8.738946247808148,0.6666746102242979,12
PercDevAbs_TR_3,9.25,0.36944,13.068089117704043,0.33333688458431254,11
PercDevAbs_TR_3,9.25,0.5,18.723861546583773,-0,10
PercDevAbs_TR_3,9.25,0.63056,26.11612648599541,-0.33333688458431254,9
PercDevAbs_TR_3,9.25,0.74751,35.88857108765531,-0.6666746102242979,8
PercDevAbs_TR_3,9.25,0.84134,49.06207029657539,-0.9999803859660789,7
PercDevAbs_TR_3,9.25,0.90879,67.29817919234945,-1.3333407702662026,6
PercDevAbs_TR_3,9.25,0.95221,93.35843543549518,-1.6666702079210545,5
PercDevAbs_TR_3,9.25,0.97725,132.02324077163996,-2.0000024438996027,4
PercDevAbs_TR_3,9.25,0.99018,191.85225041203879,-2.3331552225672416,3
PercDevAbs_TR_3,9.25,0.99617,289.1861958587627,-2.6667000630340683,2
PercDevAbs_TR_3,9.25,0.99865,456.00542285886513,-2.999976992703401,1
PercDevAbs_TR_3,9.5,0.00135,8.01282466715659e-4,2.999976992703393,19
PercDevAbs_TR_3,9.5,0.00383,0.016952220467173082,2.6667000630340683,18
PercDevAbs_TR_3,9.5,0.00982,0.1330131888148903,2.3331552225672434,17
PercDevAbs_TR_3,9.5,0.02275,0.5309031685307465,2.000002443899604,16
PercDevAbs_TR_3,9.5,0.04779,1.4064617885531794,1.6666702079210545,15
PercDevAbs_TR_3,9.5,0.09121,2.9050123937519268,1.3333407702662026,14
PercDevAbs_TR_3,9.5,0.15866,5.136925122395957,0.9999803859660789,13
PercDevAbs_TR_3,9.5,0.25249,8.217375385730037,0.6666746102242979,12
PercDevAbs_TR_3,9.5,0.36944,12.309068667451877,0.33333688458431254,11
PercDevAbs_TR_3,9.5,0.5,17.661155012452785,-0,10
PercDevAbs_TR_3,9.5,0.63056,24.663639980851226,-0.33333688458431254,9
PercDevAbs_TR_3,9.5,0.74751,33.92903559263683,-0.6666746102242979,8
PercDevAbs_TR_3,9.5,0.84134,46.42902946118607,-0.9999803859660789,7
PercDevAbs_TR_3,9.5,0.90879,63.74567724150903,-1.3333407702662026,6
PercDevAbs_TR_3,9.5,0.95221,88.50951164132375,-1.6666702079210545,5
PercDevAbs_TR_3,9.5,0.97725,125.27616276096275,-2.0000024438996027,4
PercDevAbs_TR_3,9.5,0.99018,182.20672942856575,-2.3331552225672416,3
PercDevAbs_TR_3,9.5,0.99617,274.88832332186286,-2.6667000630340683,2
PercDevAbs_TR_3,9.5,0.99865,433.84269244077024,-2.999976992703401,1
PercDevAbs_TR_3,9.75,0.00135,7.334757839199744e-4,2.999976992703393,19
PercDevAbs_TR_3,9.75,0.00383,0.015646901210304456,2.6667000630340683,18
PercDevAbs_TR_3,9.75,0.00982,0.12364178570844801,2.3331552225672434,17
PercDevAbs_TR_3,9.75,0.02275,0.49590634433141606,2.000002443899604,16
PercDevAbs_TR_3,9.75,0.04779,1.3179612692739402,1.6666702079210545,15
PercDevAbs_TR_3,9.75,0.09121,2.7281163315555768,1.3333407702662026,14
PercDevAbs_TR_3,9.75,0.15866,4.8315624842371365,0.9999803859660789,13
PercDevAbs_TR_3,9.75,0.25249,7.737852870461864,0.6666746102242979,12
PercDevAbs_TR_3,9.75,0.36944,11.601385279178102,0.33333688458431254,11
PercDevAbs_TR_3,9.75,0.5,16.65834574965778,-0,10
PercDevAbs_TR_3,9.75,0.63056,23.278329875993688,-0.33333688458431254,9
PercDevAbs_TR_3,9.75,0.74751,32.04180022732687,-0.6666746102242979,8
PercDevAbs_TR_3,9.75,0.84134,43.86973070109149,-0.9999803859660789,7
PercDevAbs_TR_3,9.75,0.90879,60.26188991694478,-1.3333407702662026,6
PercDevAbs_TR_3,9.75,0.95221,83.71256074662084,-1.6666702079210545,5
PercDevAbs_TR_3,9.75,0.97725,118.54243187733837,-2.0000024438996027,4
PercDevAbs_TR_3,9.75,0.99018,172.4937102520631,-2.3331552225672416,3
PercDevAbs_TR_3,9.75,0.99617,260.35713608800256,-2.6667000630340683,2
PercDevAbs_TR_3,9.75,0.99865,411.10334198439944,-2.999976992703401,1
PercDevAbs_TR_3,10,0.00135,6.849704381775351e-4,2.999976992703393,19
PercDevAbs_TR_3,10,0.00383,0.0146523398543925,2.6667000630340683,18
PercDevAbs_TR_3,10,0.00982,0.11605457914087926,2.3331552225672434,17
PercDevAbs_TR_3,10,0.02275,0.46622855497021964,2.000002443899604,16
PercDevAbs_TR_3,10,0.04779,1.2404060036616942,1.6666702079210545,15
PercDevAbs_TR_3,10,0.09121,2.5694282478951775,1.3333407702662026,14
PercDevAbs_TR_3,10,0.15866,4.552852859464471,0.9999803859660789,13
PercDevAbs_TR_3,10,0.25249,7.29429866875927,0.6666746102242979,12
PercDevAbs_TR_3,10,0.36944,10.939686140441319,0.33333688458431254,11
PercDevAbs_TR_3,10,0.5,15.712157443189753,-0,10
PercDevAbs_TR_3,10,0.63056,21.960859796080793,-0.33333688458431254,9
PercDevAbs_TR_3,10,0.74751,30.23414231548787,-0.6666746102242979,8
PercDevAbs_TR_3,10,0.84134,41.40206751690784,-0.9999803859660789,7
PercDevAbs_TR_3,10,0.90879,56.881585404433494,-1.3333407702662026,6
PercDevAbs_TR_3,10,0.95221,79.02942122408254,-1.6666702079210545,5
PercDevAbs_TR_3,10,0.97725,111.92830084065282,-2.0000024438996027,4
PercDevAbs_TR_3,10,0.99018,162.89465098589142,-2.3331552225672416,3
PercDevAbs_TR_3,10,0.99617,245.90695366732464,-2.6667000630340683,2
PercDevAbs_TR_3,10,0.99865,388.3474690053197,-2.999976992703401,1
PercDevAbs_TR_3,10.25,0.00135,6.410811859977321e-4,2.999976992703393,19
PercDevAbs_TR_3,10.25,0.00383,0.01374281906378055,2.6667000630340683,18
PercDevAbs_TR_3,10.25,0.00982,0.10904958319218619,2.3331552225672434,17
PercDevAbs_TR_3,10.25,0.02275,0.43863933094808044,2.000002443899604,16
PercDevAbs_TR_3,10.25,0.04779,1.167972149955721,1.6666702079210545,15
PercDevAbs_TR_3,10.25,0.09121,2.420741906381268,1.3333407702662026,14
PercDevAbs_TR_3,10.25,0.15866,4.291102173110082,0.9999803859660789,13
PercDevAbs_TR_3,10.25,0.25249,6.876998096863991,0.6666746102242979,12
PercDevAbs_TR_3,10.25,0.36944,10.316276686043723,0.33333688458431254,11
PercDevAbs_TR_3,10.25,0.5,14.81967836783376,-0,10
PercDevAbs_TR_3,10.25,0.63056,20.716918552971475,-0.33333688458431254,9
PercDevAbs_TR_3,10.25,0.74751,28.525828971997118,-0.6666746102242979,8
PercDevAbs_TR_3,10.25,0.84134,39.06808010811654,-0.9999803859660789,7
PercDevAbs_TR_3,10.25,0.90879,53.681877624654135,-1.3333407702662026,6
PercDevAbs_TR_3,10.25,0.95221,74.59310774786091,-1.6666702079210545,5
PercDevAbs_TR_3,10.25,0.97725,105.65806935873103,-2.0000024438996027,4
PercDevAbs_TR_3,10.25,0.99018,153.78788028279376,-2.3331552225672416,3
PercDevAbs_TR_3,10.25,0.99617,232.18750335374168,-2.6667000630340683,2
PercDevAbs_TR_3,10.25,0.99865,366.725872683381,-2.999976992703401,1
PercDevAbs_TR_3,10.5,0.00135,5.889870959324661e-4,2.999976992703393,19
PercDevAbs_TR_3,10.5,0.00383,0.01271785161069453,2.6667000630340683,18
PercDevAbs_TR_3,10.5,0.00982,0.10154421300399584,2.3331552225672434,17
PercDevAbs_TR_3,10.5,0.02275,0.410202566759501,2.000002443899604,16
PercDevAbs_TR_3,10.5,0.04779,1.0953358408779799,1.6666702079210545,15
PercDevAbs_TR_3,10.5,0.09121,2.27452586368604,1.3333407702662026,14
PercDevAbs_TR_3,10.5,0.15866,4.037386152697209,0.9999803859660789,13
PercDevAbs_TR_3,10.5,0.25249,6.4769818128710055,0.6666746102242979,12
PercDevAbs_TR_3,10.5,0.36944,9.724023710644547,0.33333688458431254,11
PercDevAbs_TR_3,10.5,0.5,13.978163174663914,-0,10
PercDevAbs_TR_3,10.5,0.63056,19.551679137054116,-0.33333688458431254,9
PercDevAbs_TR_3,10.5,0.74751,26.93502169576366,-0.6666746102242979,8
PercDevAbs_TR_3,10.5,0.84134,36.90650894578905,-0.9999803859660789,7
PercDevAbs_TR_3,10.5,0.90879,50.733950183561035,-1.3333407702662026,6
PercDevAbs_TR_3,10.5,0.95221,70.5265619173075,-1.6666702079210545,5
PercDevAbs_TR_3,10.5,0.97725,99.93927107730559,-2.0000024438996027,4
PercDevAbs_TR_3,10.5,0.99018,145.52377880414497,-2.3331552225672416,3
PercDevAbs_TR_3,10.5,0.99617,219.8010464610422,-2.6667000630340683,2
PercDevAbs_TR_3,10.5,0.99865,347.30617635974824,-2.999976992703401,1
PercDevAbs_TR_3,10.75,0.00135,5.267740878265398e-4,2.999976992703393,19
PercDevAbs_TR_3,10.75,0.00383,0.011541697863285093,2.6667000630340683,18
PercDevAbs_TR_3,10.75,0.00982,0.0933171185744676,2.3331552225672434,17
PercDevAbs_TR_3,10.75,0.02275,0.38025581200986236,2.000002443899604,16
PercDevAbs_TR_3,10.75,0.04779,1.0211947009587188,1.6666702079210545,15
PercDevAbs_TR_3,10.75,0.09121,2.1287824367288364,1.3333407702662026,14
PercDevAbs_TR_3,10.75,0.15866,3.7890943576964715,0.9999803859660789,13
PercDevAbs_TR_3,10.75,0.25249,6.091224685146109,0.6666746102242979,12
PercDevAbs_TR_3,10.75,0.36944,9.15979498249198,0.33333688458431254,11
PercDevAbs_TR_3,10.75,0.5,13.184810858622996,-0,10
PercDevAbs_TR_3,10.75,0.63056,18.463296258507768,-0.33333688458431254,9
PercDevAbs_TR_3,10.75,0.74751,25.461747638772422,-0.6666746102242979,8
PercDevAbs_TR_3,10.75,0.84134,34.920652847996074,-0.9999803859660789,7
PercDevAbs_TR_3,10.75,0.90879,48.04660082448231,-1.3333407702662026,6
PercDevAbs_TR_3,10.75,0.95221,66.84777129716348,-1.6666702079210545,5
PercDevAbs_TR_3,10.75,0.97725,94.8054653954534,-2.0000024438996027,4
PercDevAbs_TR_3,10.75,0.99018,138.16298744647767,-2.3331552225672416,3
PercDevAbs_TR_3,10.75,0.99617,208.85717983145855,-2.6667000630340683,2
PercDevAbs_TR_3,10.75,0.99865,330.29039385035554,-2.999976992703401,1
PercDevAbs_TR_3,11,0.00135,4.610767629777905e-4,2.999976992703393,19
PercDevAbs_TR_3,11,0.00383,0.010310214144201583,2.6667000630340683,18
PercDevAbs_TR_3,11,0.00982,0.08484435900998907,2.3331552225672434,17
PercDevAbs_TR_3,11,0.02275,0.349992787528095,2.000002443899604,16
PercDevAbs_TR_3,11,0.04779,0.9475453005451918,1.6666702079210545,15
PercDevAbs_TR_3,11,0.09121,1.9860676192033746,1.3333407702662026,14
PercDevAbs_TR_3,11,0.15866,3.548823867812663,0.9999803859660789,13
PercDevAbs_TR_3,11,0.25249,5.721614441043672,0.6666746102242979,12
PercDevAbs_TR_3,11,0.36944,8.623775224803254,0.33333688458431254,11
PercDevAbs_TR_3,11,0.5,12.436791619122724,-0,10
PercDevAbs_TR_3,11,0.63056,17.444141992790765,-0.33333688458431254,9
PercDevAbs_TR_3,11,0.74751,24.09105362743949,-0.6666746102242979,8
PercDevAbs_TR_3,11,0.84134,33.08449663701777,-0.9999803859660789,7
PercDevAbs_TR_3,11,0.90879,45.57698186329828,-1.3333407702662026,6
PercDevAbs_TR_3,11,0.95221,63.487774873579156,-1.6666702079210545,5
PercDevAbs_TR_3,11,0.97725,90.14598968070804,-2.0000024438996027,4
PercDevAbs_TR_3,11,0.99018,131.52581116711946,-2.3331552225672416,3
PercDevAbs_TR_3,11,0.99617,199.05660240341552,-2.6667000630340683,2
PercDevAbs_TR_3,11,0.99865,315.1617005154643,-2.999976992703401,1
PercDevAbs_TR_3,11.25,0.00135,3.997807625227783e-4,2.999976992703393,19
PercDevAbs_TR_3,11.25,0.00383,0.009145299988584208,2.6667000630340683,18
PercDevAbs_TR_3,11.25,0.00982,0.07676899218168448,2.3331552225672434,17
PercDevAbs_TR_3,11.25,0.02275,0.3211019343304924,2.000002443899604,16
PercDevAbs_TR_3,11.25,0.04779,0.8773202227700247,1.6666702079210545,15
PercDevAbs_TR_3,11.25,0.09121,1.8502828496435766,1.3333407702662026,14
PercDevAbs_TR_3,11.25,0.15866,3.320757944246186,0.9999803859660789,13
PercDevAbs_TR_3,11.25,0.25249,5.371579205211082,0.6666746102242979,12
PercDevAbs_TR_3,11.25,0.36944,8.117238427019673,0.33333688458431254,11
PercDevAbs_TR_3,11.25,0.5,11.731359413518694,-0,10
PercDevAbs_TR_3,11.25,0.63056,16.484895527794226,-0.33333688458431254,9
PercDevAbs_TR_3,11.25,0.74751,22.803405613415283,-0.6666746102242979,8
PercDevAbs_TR_3,11.25,0.84134,31.36288854261639,-0.9999803859660789,7
PercDevAbs_TR_3,11.25,0.90879,43.26594204590259,-1.3333407702662026,6
PercDevAbs_TR_3,11.25,0.95221,60.34988388949674,-1.6666702079210545,5
PercDevAbs_TR_3,11.25,0.97725,85.8037827678733,-2.0000024438996027,4
PercDevAbs_TR_3,11.25,0.99018,125.35461094244397,-2.3331552225672416,3
PercDevAbs_TR_3,11.25,0.99617,189.9663915571126,-2.6667000630340683,2
PercDevAbs_TR_3,11.25,0.99865,301.166647946965,-2.999976992703401,1
PercDevAbs_TR_3,11.5,0.00135,3.462130140389673e-4,2.999976992703393,19
PercDevAbs_TR_3,11.5,0.00383,0.00810308340766324,2.6667000630340683,18
PercDevAbs_TR_3,11.5,0.00982,0.06940568919131905,2.3331552225672434,17
PercDevAbs_TR_3,11.5,0.02275,0.2944348662551434,2.000002443899604,16
PercDevAbs_TR_3,11.5,0.04779,0.8120097215378488,1.6666702079210545,15
PercDevAbs_TR_3,11.5,0.09121,1.7233855528324535,1.3333407702662026,14
PercDevAbs_TR_3,11.5,0.15866,3.106906107078816,0.9999803859660789,13
PercDevAbs_TR_3,11.5,0.25249,5.042555282964895,0.6666746102242979,12
PercDevAbs_TR_3,11.5,0.36944,7.640202946886236,0.33333688458431254,11
PercDevAbs_TR_3,11.5,0.5,11.065986285970695,-0,10
PercDevAbs_TR_3,11.5,0.63056,15.578935926139575,-0.33333688458431254,9
PercDevAbs_TR_3,11.5,0.74751,21.58588563128148,-0.6666746102242979,8
PercDevAbs_TR_3,11.5,0.84134,29.73333935812272,-0.9999803859660789,7
PercDevAbs_TR_3,11.5,0.90879,41.07634387301072,-1.3333407702662026,6
PercDevAbs_TR_3,11.5,0.95221,57.37411498899869,-1.6666702079210545,5
PercDevAbs_TR_3,11.5,0.97725,81.68219346253066,-2.0000024438996027,4
PercDevAbs_TR_3,11.5,0.99018,119.49173927312249,-2.3331552225672416,3
PercDevAbs_TR_3,11.5,0.99617,181.32270884713063,-2.6667000630340683,2
PercDevAbs_TR_3,11.5,0.99865,287.84734996825955,-2.999976992703401,1
PercDevAbs_TR_3,11.75,0.00135,3.008294173887563e-4,2.999976992703393,19
PercDevAbs_TR_3,11.75,0.00383,0.007195802820258049,2.6667000630340683,18
PercDevAbs_TR_3,11.75,0.00982,0.06283998448401504,2.3331552225672434,17
PercDevAbs_TR_3,11.75,0.02275,0.2702428741730814,2.000002443899604,16
PercDevAbs_TR_3,11.75,0.04779,0.7520521582623592,1.6666702079210545,15
PercDevAbs_TR_3,11.75,0.09121,1.605901324752924,1.3333407702662026,14
PercDevAbs_TR_3,11.75,0.15866,2.9076679071910245,0.9999803859660789,13
PercDevAbs_TR_3,11.75,0.25249,4.734501644670702,0.6666746102242979,12
PercDevAbs_TR_3,11.75,0.36944,7.191764310549319,0.33333688458431254,11
PercDevAbs_TR_3,11.75,0.5,10.438339977587813,-0,10
PercDevAbs_TR_3,11.75,0.63056,14.721729777941581,-0.33333688458431254,9
PercDevAbs_TR_3,11.75,0.74751,20.430657880995764,-0.6666746102242979,8
PercDevAbs_TR_3,11.75,0.84134,28.18307737523025,-0.9999803859660789,7
PercDevAbs_TR_3,11.75,0.90879,38.987951838105765,-1.3333407702662026,6
PercDevAbs_TR_3,11.75,0.95221,54.528696770677904,-1.6666702079210545,5
PercDevAbs_TR_3,11.75,0.97725,77.73106477748215,-2.0000024438996027,4
PercDevAbs_TR_3,11.75,0.99018,113.856624813663,-2.3331552225672416,3
PercDevAbs_TR_3,11.75,0.99617,172.99226827733332,-2.6667000630340683,2
PercDevAbs_TR_3,11.75,0.99865,274.97453291176254,-2.999976992703401,1
PercDevAbs_TR_3,12,0.00135,2.626958279564428e-4,2.999976992703393,19
PercDevAbs_TR_3,12,0.00383,0.006412275989718583,2.6667000630340683,18
PercDevAbs_TR_3,12,0.00982,0.05702564473644942,2.3331552225672434,17
PercDevAbs_TR_3,12,0.02275,0.2484155324699974,2.000002443899604,16
PercDevAbs_TR_3,12,0.04779,0.6972342657444306,1.6666702079210545,15
PercDevAbs_TR_3,12,0.09121,1.4974541504001362,1.3333407702662026,14
PercDevAbs_TR_3,12,0.15866,2.7224203080863223,0.9999803859660789,13
PercDevAbs_TR_3,12,0.25249,4.446438384261045,0.6666746102242979,12
PercDevAbs_TR_3,12,0.36944,6.770444634636568,0.33333688458431254,11
PercDevAbs_TR_3,12,0.5,9.84626004037887,-0,10
PercDevAbs_TR_3,12,0.63056,13.910184101086628,-0.33333688458431254,9
PercDevAbs_TR_3,12,0.74751,19.33334483317161,-0.6666746102242979,8
PercDevAbs_TR_3,12,0.84134,26.70592497845333,-0.9999803859660789,7
PercDevAbs_TR_3,12,0.90879,36.99200184917275,-1.3333407702662026,6
PercDevAbs_TR_3,12,0.95221,51.801031754641215,-1.6666702079210545,5
PercDevAbs_TR_3,12,0.97725,73.93190210071126,-2.0000024438996027,4
PercDevAbs_TR_3,12,0.99018,108.4213097042741,-2.3331552225672416,3
PercDevAbs_TR_3,12,0.99617,164.93113769591156,-2.6667000630340683,2
PercDevAbs_TR_3,12,0.99865,262.47583904186087,-2.999976992703401,1
PercDevAbs_TR_4,6,0.00135,0.007641411689526084,2.999976992703393,19
PercDevAbs_TR_4,6,0.00383,0.08622007489669879,2.6667000630340683,18
PercDevAbs_TR_4,6,0.00982,0.4297053772713093,2.3331552225672434,17
PercDevAbs_TR_4,6,0.02275,1.3270018922879712,2.000002443899604,16
PercDevAbs_TR_4,6,0.04779,3.0830204926605616,1.6666702079210545,15
PercDevAbs_TR_4,6,0.09121,5.987250667437984,1.3333407702662026,14
PercDevAbs_TR_4,6,0.15866,10.337052339820735,0.9999803859660789,13
PercDevAbs_TR_4,6,0.25249,16.47981848421703,0.6666746102242979,12
PercDevAbs_TR_4,6,0.36944,24.876817139217323,0.33333688458431254,11
PercDevAbs_TR_4,6,0.5,36.17753609171792,-0,10
PercDevAbs_TR_4,6,0.63056,51.336321806331604,-0.33333688458431254,9
PercDevAbs_TR_4,6,0.74751,71.78992926309505,-0.6666746102242979,8
PercDevAbs_TR_4,6,0.84134,99.74731231533012,-0.9999803859660789,7
PercDevAbs_TR_4,6,0.90879,138.70645108793843,-1.3333407702662026,6
PercDevAbs_TR_4,6,0.95221,194.31824743960001,-1.6666702079210545,5
PercDevAbs_TR_4,6,0.97725,276.05884990042557,-2.0000024438996027,4
PercDevAbs_TR_4,6,0.99018,400.2720905546868,-2.3331552225672416,3
PercDevAbs_TR_4,6,0.99617,596.8712185841048,-2.6667000630340683,2
PercDevAbs_TR_4,6,0.99865,921.3936606692272,-2.999976992703401,1
PercDevAbs_TR_4,6.25,0.00135,0.0064907677134202965,2.999976992703393,19
PercDevAbs_TR_4,6.25,0.00383,0.07602515058087139,2.6667000630340683,18
PercDevAbs_TR_4,6.25,0.00982,0.3880047300804776,2.3331552225672434,17
PercDevAbs_TR_4,6.25,0.02275,1.2162400553926325,2.000002443899604,16
PercDevAbs_TR_4,6.25,0.04779,2.853753063198882,1.6666702079210545,15
PercDevAbs_TR_4,6.25,0.09121,5.580685180188092,1.3333407702662026,14
PercDevAbs_TR_4,6.25,0.15866,9.685137441045464,0.9999803859660789,13
PercDevAbs_TR_4,6.25,0.25249,15.503156877541926,0.6666746102242979,12
PercDevAbs_TR_4,6.25,0.36944,23.479967076122076,0.33333688458431254,11
PercDevAbs_TR_4,6.25,0.5,34.24175737948006,-0,10
PercDevAbs_TR_4,6.25,0.63056,48.708308825403385,-0.33333688458431254,9
PercDevAbs_TR_4,6.25,0.74751,68.26464982240456,-0.6666746102242979,8
PercDevAbs_TR_4,6.25,0.84134,95.04140877440285,-0.9999803859660789,7
PercDevAbs_TR_4,6.25,0.90879,132.41495601956638,-1.3333407702662026,6
PercDevAbs_TR_4,6.25,0.95221,185.84456650387335,-1.6666702079210545,5
PercDevAbs_TR_4,6.25,0.97725,264.4934427046878,-2.0000024438996027,4
PercDevAbs_TR_4,6.25,0.99018,384.18165265352445,-2.3331552225672416,3
PercDevAbs_TR_4,6.25,0.99617,573.891953246037,-2.6667000630340683,2
PercDevAbs_TR_4,6.25,0.99865,887.496136782686,-2.999976992703401,1
PercDevAbs_TR_4,6.5,0.00135,0.005533304745304698,2.999976992703393,19
PercDevAbs_TR_4,6.5,0.00383,0.06718890232864873,2.6667000630340683,18
PercDevAbs_TR_4,6.5,0.00982,0.35089503117383347,2.3331552225672434,17
PercDevAbs_TR_4,6.5,0.02275,1.1159468506568697,2.000002443899604,16
PercDevAbs_TR_4,6.5,0.04779,2.64360671487874,1.6666702079210545,15
PercDevAbs_TR_4,6.5,0.09121,5.204605946918249,1.3333407702662026,14
PercDevAbs_TR_4,6.5,0.15866,9.077729822479505,0.9999803859660789,13
PercDevAbs_TR_4,6.5,0.25249,14.587710937079253,0.6666746102242979,12
PercDevAbs_TR_4,6.5,0.36944,22.163910015753984,0.33333688458431254,11
PercDevAbs_TR_4,6.5,0.5,32.40956892718117,-0,10
PercDevAbs_TR_4,6.5,0.63056,46.210463945790984,-0.33333688458431254,9
PercDevAbs_TR_4,6.5,0.74751,64.90070750515939,-0.6666746102242979,8
PercDevAbs_TR_4,6.5,0.84134,90.5337117816523,-0.9999803859660789,7
PercDevAbs_TR_4,6.5,0.90879,126.36571999373633,-1.3333407702662026,6
PercDevAbs_TR_4,6.5,0.95221,177.6662330492879,-1.6666702079210545,5
PercDevAbs_TR_4,6.5,0.97725,253.2876861460141,-2.0000024438996027,4
PercDevAbs_TR_4,6.5,0.99018,368.5283925255364,-2.3331552225672416,3
PercDevAbs_TR_4,6.5,0.99617,551.4412711442344,-2.6667000630340683,2
PercDevAbs_TR_4,6.5,0.99865,854.2270821494147,-2.999976992703401,1
PercDevAbs_TR_4,6.75,0.00135,0.004761001209276381,2.999976992703393,19
PercDevAbs_TR_4,6.75,0.00383,0.05973709185507966,2.6667000630340683,18
PercDevAbs_TR_4,6.75,0.00982,0.3186104264542148,2.3331552225672434,17
PercDevAbs_TR_4,6.75,0.02275,1.0267619591201225,2.000002443899604,16
PercDevAbs_TR_4,6.75,0.04779,2.4536783599994476,1.6666702079210545,15
PercDevAbs_TR_4,6.75,0.09121,4.860383904477864,1.3333407702662026,14
PercDevAbs_TR_4,6.75,0.15866,8.516018446719976,0.9999803859660789,13
PercDevAbs_TR_4,6.75,0.25249,13.73372183800354,0.6666746102242979,12
PercDevAbs_TR_4,6.75,0.36944,20.92679367708731,0.33333688458431254,11
PercDevAbs_TR_4,6.75,0.5,30.675369359801838,-0,10
PercDevAbs_TR_4,6.75,0.63056,43.831043361357104,-0.33333688458431254,9
PercDevAbs_TR_4,6.75,0.74751,61.67669843224177,-0.6666746102242979,8
PercDevAbs_TR_4,6.75,0.84134,86.18786041709556,-0.9999803859660789,7
PercDevAbs_TR_4,6.75,0.90879,120.49920715837276,-1.3333407702662026,6
PercDevAbs_TR_4,6.75,0.95221,169.68739223072444,-1.6666702079210545,5
PercDevAbs_TR_4,6.75,0.97725,242.28763547255085,-2.0000024438996027,4
PercDevAbs_TR_4,6.75,0.99018,353.06292224768,-2.3331552225672416,3
PercDevAbs_TR_4,6.75,0.99617,529.1072116770359,-2.6667000630340683,2
PercDevAbs_TR_4,6.75,0.99865,820.8867680405849,-2.999976992703401,1
PercDevAbs_TR_4,7,0.00135,0.0041688127211217015,2.999976992703393,19
PercDevAbs_TR_4,7,0.00383,0.053722142631918046,2.6667000630340683,18
PercDevAbs_TR_4,7,0.00982,0.29150344512217263,2.3331552225672434,17
PercDevAbs_TR_4,7,0.02275,0.9496296919755987,2.000002443899604,16
PercDevAbs_TR_4,7,0.04779,2.2856248793639997,1.6666702079210545,15
PercDevAbs_TR_4,7,0.09121,4.5502150399265435,1.3333407702662026,14
PercDevAbs_TR_4,7,0.15866,8.002217789326775,0.9999803859660789,13
PercDevAbs_TR_4,7,0.25249,12.942506513873933,0.6666746102242979,12
PercDevAbs_TR_4,7,0.36944,19.76763776870106,0.33333688458431254,11
PercDevAbs_TR_4,7,0.5,29.033833404737365,-0,10
PercDevAbs_TR_4,7,0.63056,41.557392029509224,-0.33333688458431254,9
PercDevAbs_TR_4,7,0.74751,58.56822321400543,-0.6666746102242979,8
PercDevAbs_TR_4,7,0.84134,81.96102855437003,-0.9999803859660789,7
PercDevAbs_TR_4,7,0.90879,114.74374965364686,-1.3333407702662026,6
PercDevAbs_TR_4,7,0.95221,161.79080540768405,-1.6666702079210545,5
PercDevAbs_TR_4,7,0.97725,231.30266219925443,-2.0000024438996027,4
PercDevAbs_TR_4,7,0.99018,337.4733119611213,-2.3331552225672416,3
PercDevAbs_TR_4,7,0.99617,506.3701306026325,-2.6667000630340683,2
PercDevAbs_TR_4,7,0.99865,786.5861126520062,-2.999976992703401,1
PercDevAbs_TR_4,7.25,0.00135,0.0037525210087565406,2.999976992703393,19
PercDevAbs_TR_4,7.25,0.00383,0.04919606215205439,2.6667000630340683,18
PercDevAbs_TR_4,7.25,0.00982,0.26992865251869186,2.3331552225672434,17
PercDevAbs_TR_4,7.25,0.02275,0.88551774115509,2.000002443899604,16
PercDevAbs_TR_4,7.25,0.04779,2.141172594743499,1.6666702079210545,15
PercDevAbs_TR_4,7.25,0.09121,4.276429783580015,1.3333407702662026,14
PercDevAbs_TR_4,7.25,0.15866,7.538748377177774,0.9999803859660789,13
PercDevAbs_TR_4,7.25,0.25249,12.215649873143738,0.6666746102242979,12
PercDevAbs_TR_4,7.25,0.36944,18.685761705623502,0.33333688458431254,11
PercDevAbs_TR_4,7.25,0.5,27.47990949827435,-0,10
PercDevAbs_TR_4,7.25,0.63056,39.37700489514106,-0.33333688458431254,9
PercDevAbs_TR_4,7.25,0.74751,55.55074891642716,-0.6666746102242979,8
PercDevAbs_TR_4,7.25,0.84134,77.80971199766263,-0.9999803859660789,7
PercDevAbs_TR_4,7.25,0.90879,109.02602421309352,-1.3333407702662026,6
PercDevAbs_TR_4,7.25,0.95221,153.85586741786307,-1.6666702079210545,5
PercDevAbs_TR_4,7.25,0.97725,220.13577948728982,-2.0000024438996027,4
PercDevAbs_TR_4,7.25,0.99018,321.43597509639966,-2.3331552225672416,3
PercDevAbs_TR_4,7.25,0.99617,482.68909321624113,-2.6667000630340683,2
PercDevAbs_TR_4,7.25,0.99865,750.3966688936655,-2.999976992703401,1
PercDevAbs_TR_4,7.5,0.00135,0.0035058886409091157,2.999976992703393,19
PercDevAbs_TR_4,7.5,0.00383,0.04616705148529645,2.6667000630340683,18
PercDevAbs_TR_4,7.5,0.00982,0.25403807097824477,2.3331552225672434,17
PercDevAbs_TR_4,7.5,0.02275,0.8348960881118006,2.000002443899604,16
PercDevAbs_TR_4,7.5,0.04779,2.021178660397682,1.6666702079210545,15
PercDevAbs_TR_4,7.5,0.09121,4.040143086062043,1.3333407702662026,14
PercDevAbs_TR_4,7.5,0.15866,7.1266112245828905,0.9999803859660789,13
PercDevAbs_TR_4,7.5,0.25249,11.553386527856011,0.6666746102242979,12
PercDevAbs_TR_4,7.5,0.36944,17.679634754836197,0.33333688458431254,11
PercDevAbs_TR_4,7.5,0.5,26.0088365730297,-0,10
PercDevAbs_TR_4,7.5,0.63056,37.279750642387306,-0.33333688458431254,9
PercDevAbs_TR_4,7.5,0.74751,52.60560346884441,-0.6666746102242979,8
PercDevAbs_TR_4,7.5,0.84134,73.70189182160465,-0.9999803859660789,7
PercDevAbs_TR_4,7.5,0.90879,103.2931650166826,-1.3333407702662026,6
PercDevAbs_TR_4,7.5,0.95221,145.79680447650446,-1.6666702079210545,5
PercDevAbs_TR_4,7.5,0.97725,208.64822502199746,-2.0000024438996027,4
PercDevAbs_TR_4,7.5,0.99018,304.72453290190566,-2.3331552225672416,3
PercDevAbs_TR_4,7.5,0.99617,457.68756305669194,-2.6667000630340683,2
PercDevAbs_TR_4,7.5,0.99865,711.6745163354263,-2.999976992703401,1
PercDevAbs_TR_4,7.75,0.00135,0.0034151212526854708,2.999976992703393,19
PercDevAbs_TR_4,7.75,0.00383,0.04453063308230987,2.6667000630340683,18
PercDevAbs_TR_4,7.75,0.00982,0.24347457115897655,2.3331552225672434,17
PercDevAbs_TR_4,7.75,0.02275,0.7969719428509864,2.000002443899604,16
PercDevAbs_TR_4,7.75,0.04779,1.9242658068902252,1.6666702079210545,15
PercDevAbs_TR_4,7.75,0.09121,3.8393008469985324,1.3333407702662026,14
PercDevAbs_TR_4,7.75,0.15866,6.763042990617621,0.9999803859660789,13
PercDevAbs_TR_4,7.75,0.25249,10.952272290816985,0.6666746102242979,12
PercDevAbs_TR_4,7.75,0.36944,16.74522635917878,0.33333688458431254,11
PercDevAbs_TR_4,7.75,0.5,24.616174944405028,-0,10
PercDevAbs_TR_4,7.75,0.63056,35.261074447600876,-0.33333688458431254,9
PercDevAbs_TR_4,7.75,0.74751,49.72859058465446,-0.6666746102242979,8
PercDevAbs_TR_4,7.75,0.84134,69.63449603670016,-0.9999803859660789,7
PercDevAbs_TR_4,7.75,0.90879,97.54448446580636,-1.3333407702662026,6
PercDevAbs_TR_4,7.75,0.95221,137.61743530656514,-1.6666702079210545,5
PercDevAbs_TR_4,7.75,0.97725,196.8520001481986,-2.0000024438996027,4
PercDevAbs_TR_4,7.75,0.99018,287.36573314469985,-2.3331552225672416,3
PercDevAbs_TR_4,7.75,0.99617,431.41924330287713,-2.6667000630340683,2
PercDevAbs_TR_4,7.75,0.99865,670.523794260921,-2.999976992703401,1
PercDevAbs_TR_4,8,0.00135,0.003461456890511742,2.999976992703393,19
PercDevAbs_TR_4,8,0.00383,0.04408726676527554,2.6667000630340683,18
PercDevAbs_TR_4,8,0.00982,0.23742203656807767,2.3331552225672434,17
PercDevAbs_TR_4,8,0.02275,0.7697805792908895,2.000002443899604,16
PercDevAbs_TR_4,8,0.04779,1.8469499463711658,1.6666702079210545,15
PercDevAbs_TR_4,8,0.09121,3.6688312190659054,1.3333407702662026,14
PercDevAbs_TR_4,8,0.15866,6.4416712938242915,0.9999803859660789,13
PercDevAbs_TR_4,8,0.25249,10.405318230145177,0.6666746102242979,12
PercDevAbs_TR_4,8,0.36944,15.876087707723254,0.33333688458431254,11
PercDevAbs_TR_4,8,0.5,23.297796538363315,-0,10
PercDevAbs_TR_4,8,0.63056,33.321847204111414,-0.33333688458431254,9
PercDevAbs_TR_4,8,0.74751,46.92963237364093,-0.6666746102242979,8
PercDevAbs_TR_4,8,0.84134,65.63274595536616,-0.9999803859660789,7
PercDevAbs_TR_4,8,0.90879,91.83039668985215,-1.3333407702662026,6
PercDevAbs_TR_4,8,0.95221,129.40948773439192,-1.6666702079210545,5
PercDevAbs_TR_4,8,0.97725,184.90730404921098,-2.0000024438996027,4
PercDevAbs_TR_4,8,0.99018,269.63557902861504,-2.3331552225672416,3
PercDevAbs_TR_4,8,0.99617,404.3622295836272,-2.6667000630340683,2
PercDevAbs_TR_4,8,0.99865,627.7877976814941,-2.999976992703401,1
PercDevAbs_TR_4,8.25,0.00135,0.0036264669291731478,2.999976992703393,19
PercDevAbs_TR_4,8.25,0.00383,0.044604711956078555,2.6667000630340683,18
PercDevAbs_TR_4,8.25,0.00982,0.23487669544474465,2.3331552225672434,17
PercDevAbs_TR_4,8.25,0.02275,0.7508552050486678,2.000002443899604,16
PercDevAbs_TR_4,8.25,0.04779,1.7848284510283894,1.6666702079210545,15
PercDevAbs_TR_4,8.25,0.09121,3.5223381035172254,1.3333407702662026,14
PercDevAbs_TR_4,8.25,0.15866,6.154540556497573,0.9999803859660789,13
PercDevAbs_TR_4,8.25,0.25249,9.903994679282823,0.6666746102242979,12
PercDevAbs_TR_4,8.25,0.36944,15.064760333567103,0.33333688458431254,11
PercDevAbs_TR_4,8.25,0.5,22.049832476372828,-0,10
PercDevAbs_TR_4,8.25,0.63056,31.46556508258715,-0.33333688458431254,9
PercDevAbs_TR_4,8.25,0.74751,44.225289236040375,-0.6666746102242979,8
PercDevAbs_TR_4,8.25,0.84134,61.73503717951568,-0.9999803859660789,7
PercDevAbs_TR_4,8.25,0.90879,86.22499915977144,-1.3333407702662026,6
PercDevAbs_TR_4,8.25,0.95221,121.30532371673783,-1.6666702079210545,5
PercDevAbs_TR_4,8.25,0.97725,173.0427252217344,-2.0000024438996027,4
PercDevAbs_TR_4,8.25,0.99018,251.92497579787747,-2.3331552225672416,3
PercDevAbs_TR_4,8.25,0.99617,377.19011373266244,-2.6667000630340683,2
PercDevAbs_TR_4,8.25,0.99865,584.650145527319,-2.999976992703401,1
PercDevAbs_TR_4,8.5,0.00135,0.0039026343950383895,2.999976992703393,19
PercDevAbs_TR_4,8.5,0.00383,0.045924598760982566,2.6667000630340683,18
PercDevAbs_TR_4,8.5,0.00982,0.2350807097202488,2.3331552225672434,17
PercDevAbs_TR_4,8.5,0.02275,0.73826280150446,2.000002443899604,16
PercDevAbs_TR_4,8.5,0.04779,1.7343838511992002,1.6666702079210545,15
PercDevAbs_TR_4,8.5,0.09121,3.394641870803806,1.3333407702662026,14
PercDevAbs_TR_4,8.5,0.15866,5.895127261652635,0.9999803859660789,13
PercDevAbs_TR_4,8.5,0.25249,9.44119729831268,0.6666746102242979,12
PercDevAbs_TR_4,8.5,0.36944,14.30485387884833,0.33333688458431254,11
PercDevAbs_TR_4,8.5,0.5,20.86860393928411,-0,10
PercDevAbs_TR_4,8.5,0.63056,29.69426970338985,-0.33333688458431254,9
PercDevAbs_TR_4,8.5,0.74751,41.62788032646288,-0.6666746102242979,8
PercDevAbs_TR_4,8.5,0.84134,57.97099772951805,-0.9999803859660789,7
PercDevAbs_TR_4,8.5,0.90879,80.78636881688024,-1.3333407702662026,6
PercDevAbs_TR_4,8.5,0.95221,113.40962927228263,-1.6666702079210545,5
PercDevAbs_TR_4,8.5,0.97725,161.44016521064677,-2.0000024438996027,4
PercDevAbs_TR_4,8.5,0.99018,234.54640803451466,-2.3331552225672416,3
PercDevAbs_TR_4,8.5,0.99617,350.4433004722308,-2.6667000630340683,2
PercDevAbs_TR_4,8.5,0.99865,542.0632516514208,-2.999976992703401,1
PercDevAbs_TR_4,8.75,0.00135,0.004304131678259672,2.999976992703393,19
PercDevAbs_TR_4,8.75,0.00383,0.048042807771762126,2.6667000630340683,18
PercDevAbs_TR_4,8.75,0.00982,0.23780257422073467,2.3331552225672434,17
PercDevAbs_TR_4,8.75,0.02275,0.7312217488082233,2.000002443899604,16
PercDevAbs_TR_4,8.75,0.04779,1.694009156481593,1.6666702079210545,15
PercDevAbs_TR_4,8.75,0.09121,3.2831796022257955,1.3333407702662026,14
PercDevAbs_TR_4,8.75,0.15866,5.659965932822797,0.9999803859660789,13
PercDevAbs_TR_4,8.75,0.25249,9.012820642864684,0.6666746102242979,12
PercDevAbs_TR_4,8.75,0.36944,13.592134310739306,0.33333688458431254,11
PercDevAbs_TR_4,8.75,0.5,19.750586436334718,-0,10
PercDevAbs_TR_4,8.75,0.63056,28.006453367947433,-0.33333688458431254,9
PercDevAbs_TR_4,8.75,0.74751,39.139942032265836,-0.6666746102242979,8
PercDevAbs_TR_4,8.75,0.84134,54.350392906543796,-0.9999803859660789,7
PercDevAbs_TR_4,8.75,0.90879,75.53662068673047,-1.3333407702662026,6
PercDevAbs_TR_4,8.75,0.95221,105.76532470759088,-1.6666702079210545,5
PercDevAbs_TR_4,8.75,0.97725,150.17776404302586,-2.0000024438996027,4
PercDevAbs_TR_4,8.75,0.99018,217.63863365975376,-2.3331552225672416,3
PercDevAbs_TR_4,8.75,0.99617,324.36793298901284,-2.6667000630340683,2
PercDevAbs_TR_4,8.75,0.99865,500.46989383821006,-2.999976992703401,1
PercDevAbs_TR_4,9,0.00135,0.004863461202379877,2.999976992703393,19
PercDevAbs_TR_4,9,0.00383,0.05105390622158284,2.6667000630340683,18
PercDevAbs_TR_4,9,0.00982,0.2431036802062577,2.3331552225672434,17
PercDevAbs_TR_4,9,0.02275,0.7295519972325948,2.000002443899604,16
PercDevAbs_TR_4,9,0.04779,1.6630658152527116,1.6666702079210545,15
PercDevAbs_TR_4,9,0.09121,3.186695227240092,1.3333407702662026,14
PercDevAbs_TR_4,9,0.15866,5.447109692825392,0.9999803859660789,13
PercDevAbs_TR_4,9,0.25249,8.616253741463044,0.6666746102242979,12
PercDevAbs_TR_4,9,0.36944,12.923470663099678,0.33333688458431254,11
PercDevAbs_TR_4,9,0.5,18.692424989198066,-0,10
PercDevAbs_TR_4,9,0.63056,26.39904978335555,-0.33333688458431254,9
PercDevAbs_TR_4,9,0.74751,36.759543809098936,-0.6666746102242979,8
PercDevAbs_TR_4,9,0.84134,50.87381920613593,-0.9999803859660789,7
PercDevAbs_TR_4,9,0.90879,70.48119351155853,-1.3333407702662026,6
PercDevAbs_TR_4,9,0.95221,98.38662438965089,-1.6666702079210545,5
PercDevAbs_TR_4,9,0.97725,139.28538241155405,-2.0000024438996027,4
PercDevAbs_TR_4,9,0.99018,201.25952902373012,-2.3331552225672416,3
PercDevAbs_TR_4,9,0.99617,299.07311628128525,-2.6667000630340683,2
PercDevAbs_TR_4,9,0.99865,460.0754832055831,-2.999976992703401,1
PercDevAbs_TR_4,9.25,0.00135,0.0056317310444501285,2.999976992703393,19
PercDevAbs_TR_4,9.25,0.00383,0.05511899798665181,2.6667000630340683,18
PercDevAbs_TR_4,9.25,0.00982,0.2511914798164757,2.3331552225672434,17
PercDevAbs_TR_4,9.25,0.02275,0.7333267628947273,2.000002443899604,16
PercDevAbs_TR_4,9.25,0.04779,1.6412888360893607,1.6666702079210545,15
PercDevAbs_TR_4,9.25,0.09121,3.104415906464699,1.3333407702662026,14
PercDevAbs_TR_4,9.25,0.15866,5.255165885993671,0.9999803859660789,13
PercDevAbs_TR_4,9.25,0.25249,8.249440115373494,0.6666746102242979,12
PercDevAbs_TR_4,9.25,0.36944,12.296176858626273,0.33333688458431254,11
PercDevAbs_TR_4,9.25,0.5,17.690937435026786,-0,10
PercDevAbs_TR_4,9.25,0.63056,24.868654602986332,-0.33333688458431254,9
PercDevAbs_TR_4,9.25,0.74751,34.483550340025786,-0.6666746102242979,8
PercDevAbs_TR_4,9.25,0.84134,47.53925908443389,-0.9999803859660789,7
PercDevAbs_TR_4,9.25,0.90879,65.62065122803826,-1.3333407702662026,6
PercDevAbs_TR_4,9.25,0.95221,91.27923005578208,-1.6666702079210545,5
PercDevAbs_TR_4,9.25,0.97725,128.7784255928107,-2.0000024438996027,4
PercDevAbs_TR_4,9.25,0.99018,185.44257735432666,-2.3331552225672416,3
PercDevAbs_TR_4,9.25,0.99617,274.6263759636319,-2.6667000630340683,2
PercDevAbs_TR_4,9.25,0.99865,421.01301931259127,-2.999976992703401,1
PercDevAbs_TR_4,9.5,0.00135,0.006686414003135808,2.999976992703393,19
PercDevAbs_TR_4,9.5,0.00383,0.06047643416500424,2.6667000630340683,18
PercDevAbs_TR_4,9.5,0.00982,0.26241379908656765,2.3331552225672434,17
PercDevAbs_TR_4,9.5,0.02275,0.7428298082235427,2.000002443899604,16
PercDevAbs_TR_4,9.5,0.04779,1.6286953004278821,1.6666702079210545,15
PercDevAbs_TR_4,9.5,0.09121,3.035912896651018,1.3333407702662026,14
PercDevAbs_TR_4,9.5,0.15866,5.083124455050866,0.9999803859660789,13
PercDevAbs_TR_4,9.5,0.25249,7.910704050302465,0.6666746102242979,12
PercDevAbs_TR_4,9.5,0.36944,11.707884238232047,0.33333688458431254,11
PercDevAbs_TR_4,9.5,0.5,16.743105230293022,-0,10
PercDevAbs_TR_4,9.5,0.63056,23.411740452391385,-0.33333688458431254,9
PercDevAbs_TR_4,9.5,0.74751,32.30821842428934,-0.6666746102242979,8
PercDevAbs_TR_4,9.5,0.84134,44.34329943432937,-0.9999803859660789,7
PercDevAbs_TR_4,9.5,0.90879,60.95289808254353,-1.3333407702662026,6
PercDevAbs_TR_4,9.5,0.95221,84.44414696565315,-1.6666702079210545,5
PercDevAbs_TR_4,9.5,0.97725,118.66426835062055,-2.0000024438996027,4
PercDevAbs_TR_4,9.5,0.99018,170.20764142973186,-2.3331552225672416,3
PercDevAbs_TR_4,9.5,0.99617,251.0719190818558,-2.6667000630340683,2
PercDevAbs_TR_4,9.5,0.99865,383.3747197550165,-2.999976992703401,1
PercDevAbs_TR_4,9.75,0.00135,0.00814221787537648,2.999976992703393,19
PercDevAbs_TR_4,9.75,0.00383,0.0674519154953074,2.6667000630340683,18
PercDevAbs_TR_4,9.75,0.00982,0.2772417846199011,2.3331552225672434,17
PercDevAbs_TR_4,9.75,0.02275,0.7584883032425633,2.000002443899604,16
PercDevAbs_TR_4,9.75,0.04779,1.6254570710943688,1.6666702079210545,15
PercDevAbs_TR_4,9.75,0.09121,2.9809194608043104,1.3333407702662026,14
PercDevAbs_TR_4,9.75,0.15866,4.93014215072654,0.9999803859660789,13
PercDevAbs_TR_4,9.75,0.25249,7.5985387982747,0.6666746102242979,12
PercDevAbs_TR_4,9.75,0.36944,11.156390872886606,0.33333688458431254,11
PercDevAbs_TR_4,9.75,0.5,15.846066509489882,-0,10
PercDevAbs_TR_4,9.75,0.63056,22.02491295739637,-0.33333688458431254,9
PercDevAbs_TR_4,9.75,0.74751,30.229890804687077,-0.6666746102242979,8
PercDevAbs_TR_4,9.75,0.84134,41.28252597041939,-0.9999803859660789,7
PercDevAbs_TR_4,9.75,0.90879,56.4756805270437,-1.3333407702662026,6
PercDevAbs_TR_4,9.75,0.95221,77.88194309461002,-1.6666702079210545,5
PercDevAbs_TR_4,9.75,0.97725,108.94934543524244,-2.0000024438996027,4
PercDevAbs_TR_4,9.75,0.99018,155.57272317205226,-2.3331552225672416,3
PercDevAbs_TR_4,9.75,0.99617,228.45035415973237,-2.6667000630340683,2
PercDevAbs_TR_4,9.75,0.99865,347.24581256935795,-2.999976992703401,1
PercDevAbs_TR_4,10,0.00135,0.01013530453468271,2.999976992703393,19
PercDevAbs_TR_4,10,0.00383,0.07631738383681104,2.6667000630340683,18
PercDevAbs_TR_4,10,0.00982,0.29585257896161765,2.3331552225672434,17
PercDevAbs_TR_4,10,0.02275,0.7800780156063148,2.000002443899604,16
PercDevAbs_TR_4,10,0.04779,1.6307144061782302,1.6666702079210545,15
PercDevAbs_TR_4,10,0.09121,2.937832121765352,1.3333407702662026,14
PercDevAbs_TR_4,10,0.15866,4.793901590126275,0.9999803859660789,13
PercDevAbs_TR_4,10,0.25249,7.3100883603016404,0.6666746102242979,12
PercDevAbs_TR_4,10,0.36944,10.638642677799806,0.33333688458431254,11
PercDevAbs_TR_4,10,0.5,14.997121254608548,-0,10
PercDevAbs_TR_4,10,0.63056,20.706678106767296,-0.33333688458431254,9
PercDevAbs_TR_4,10,0.74751,28.249588050862084,-0.6666746102242979,8
PercDevAbs_TR_4,10,0.84134,38.36251229271492,-0.9999803859660789,7
PercDevAbs_TR_4,10,0.90879,52.202377666751616,-1.3333407702662026,6
PercDevAbs_TR_4,10,0.95221,71.61913441513309,-1.6666702079210545,5
PercDevAbs_TR_4,10,0.97725,99.68233212430997,-2.0000024438996027,4
PercDevAbs_TR_4,10,0.99018,141.62443533297264,-2.3331552225672416,3
PercDevAbs_TR_4,10,0.99617,206.9150564026616,-2.6667000630340683,2
PercDevAbs_TR_4,10,0.99865,312.90097995912373,-2.999976992703401,1
PercDevAbs_TR_4,10.25,0.00135,0.012802985619902792,2.999976992703393,19
PercDevAbs_TR_4,10.25,0.00383,0.08719401330827806,2.6667000630340683,18
PercDevAbs_TR_4,10.25,0.00982,0.3179528077562161,2.3331552225672434,17
PercDevAbs_TR_4,10.25,0.02275,0.8065132821700356,2.000002443899604,16
PercDevAbs_TR_4,10.25,0.04779,1.6423871880266858,1.6666702079210545,15
PercDevAbs_TR_4,10.25,0.09121,2.90358422352775,1.3333407702662026,14
PercDevAbs_TR_4,10.25,0.15866,4.67056498206351,0.9999803859660789,13
PercDevAbs_TR_4,10.25,0.25249,7.04117094686408,0.6666746102242979,12
PercDevAbs_TR_4,10.25,0.36944,10.150782228364223,0.33333688458431254,11
PercDevAbs_TR_4,10.25,0.5,14.193716897590582,-0,10
PercDevAbs_TR_4,10.25,0.63056,19.4572131277275,-0.33333688458431254,9
PercDevAbs_TR_4,10.25,0.74751,26.37231665873049,-0.6666746102242979,8
PercDevAbs_TR_4,10.25,0.84134,35.59626109836585,-0.9999803859660789,7
PercDevAbs_TR_4,10.25,0.90879,48.15890806111527,-1.3333407702662026,6
PercDevAbs_TR_4,10.25,0.95221,65.70243084170062,-1.6666702079210545,5
PercDevAbs_TR_4,10.25,0.97725,90.94377313684444,-2.0000024438996027,4
PercDevAbs_TR_4,10.25,0.99018,128.49950923815956,-2.3331552225672416,3
PercDevAbs_TR_4,10.25,0.99617,186.69900481686187,-2.6667000630340683,2
PercDevAbs_TR_4,10.25,0.99865,280.7438496117379,-2.999976992703401,1
PercDevAbs_TR_4,10.5,0.00135,0.01626969199981605,2.999976992703393,19
PercDevAbs_TR_4,10.5,0.00383,0.1000478680879434,2.6667000630340683,18
PercDevAbs_TR_4,10.5,0.00982,0.3429019693409826,2.3331552225672434,17
PercDevAbs_TR_4,10.5,0.02275,0.8362186281499523,2.000002443899604,16
PercDevAbs_TR_4,10.5,0.04779,1.657853007883999,1.6666702079210545,15
PercDevAbs_TR_4,10.5,0.09121,2.8746064019754036,1.3333407702662026,14
PercDevAbs_TR_4,10.5,0.15866,4.555906962964341,0.9999803859660789,13
PercDevAbs_TR_4,10.5,0.25249,6.78738290836991,0.6666746102242979,12
PercDevAbs_TR_4,10.5,0.36944,9.688915490829284,0.33333688458431254,11
PercDevAbs_TR_4,10.5,0.5,13.433428991631265,-0,10
PercDevAbs_TR_4,10.5,0.63056,18.27691082105086,-0.33333688458431254,9
PercDevAbs_TR_4,10.5,0.74751,24.603220669521217,-0.6666746102242979,8
PercDevAbs_TR_4,10.5,0.84134,32.99652251514333,-0.9999803859660789,7
PercDevAbs_TR_4,10.5,0.90879,44.36997965858127,-1.3333407702662026,6
PercDevAbs_TR_4,10.5,0.95221,60.175343434639245,-1.6666702079210545,5
PercDevAbs_TR_4,10.5,0.97725,82.80713100245205,-2.0000024438996027,4
PercDevAbs_TR_4,10.5,0.99018,116.3201477894864,-2.3331552225672416,3
PercDevAbs_TR_4,10.5,0.99617,168.00626366027657,-2.6667000630340683,2
PercDevAbs_TR_4,10.5,0.99865,251.12081191004773,-2.999976992703401,1
PercDevAbs_TR_4,10.75,0.00135,0.020615743457622578,2.999976992703393,19
PercDevAbs_TR_4,10.75,0.00383,0.11464840790990397,2.6667000630340683,18
PercDevAbs_TR_4,10.75,0.00982,0.3697354745059202,2.3331552225672434,17
PercDevAbs_TR_4,10.75,0.02275,0.8672743688493625,2.000002443899604,16
PercDevAbs_TR_4,10.75,0.04779,1.6742340964186693,1.6666702079210545,15
PercDevAbs_TR_4,10.75,0.09121,2.847235208898627,1.3333407702662026,14
PercDevAbs_TR_4,10.75,0.15866,4.445790837698409,0.9999803859660789,13
PercDevAbs_TR_4,10.75,0.25249,6.5445549320502945,0.6666746102242979,12
PercDevAbs_TR_4,10.75,0.36944,9.249422542865345,0.33333688458431254,11
PercDevAbs_TR_4,10.75,0.5,12.713952273743018,-0,10
PercDevAbs_TR_4,10.75,0.63056,17.165807565561188,-0.33333688458431254,9
PercDevAbs_TR_4,10.75,0.74751,22.94609898873732,-0.6666746102242979,8
PercDevAbs_TR_4,10.75,0.84134,30.572890185446894,-0.9999803859660789,7
PercDevAbs_TR_4,10.75,0.90879,40.85399049168677,-1.3333407702662026,6
PercDevAbs_TR_4,10.75,0.95221,55.06967863268651,-1.6666702079210545,5
PercDevAbs_TR_4,10.75,0.97725,75.32491247980374,-2.0000024438996027,4
PercDevAbs_TR_4,10.75,0.99018,105.17149749736934,-2.3331552225672416,3
PercDevAbs_TR_4,10.75,0.99617,150.9750402880977,-2.6667000630340683,2
PercDevAbs_TR_4,10.75,0.99865,224.2592132344167,-2.999976992703401,1
PercDevAbs_TR_4,11,0.00135,0.025869796230106164,2.999976992703393,19
PercDevAbs_TR_4,11,0.00383,0.13064263564517756,2.6667000630340683,18
PercDevAbs_TR_4,11,0.00982,0.3974232968809985,2.3331552225672434,17
PercDevAbs_TR_4,11,0.02275,0.8979023451050467,2.000002443899604,16
PercDevAbs_TR_4,11,0.04779,1.6890920916949677,1.6666702079210545,15
PercDevAbs_TR_4,11,0.09121,2.818551394626761,1.3333407702662026,14
PercDevAbs_TR_4,11,0.15866,4.337046948033649,0.9999803859660789,13
PercDevAbs_TR_4,11,0.25249,6.309531700404828,0.6666746102242979,12
PercDevAbs_TR_4,11,0.36944,8.829459658550363,0.33333688458431254,11
PercDevAbs_TR_4,11,0.5,12.033093532882301,-0,10
PercDevAbs_TR_4,11,0.63056,16.122759489680806,-0.33333688458431254,9
PercDevAbs_TR_4,11,0.74751,21.40134337994307,-0.6666746102242979,8
PercDevAbs_TR_4,11,0.84134,28.32790353467947,-0.9999803859660789,7
PercDevAbs_TR_4,11,0.90879,37.616417874957946,-1.3333407702662026,6
PercDevAbs_TR_4,11,0.95221,50.39488398319654,-1.6666702079210545,5
PercDevAbs_TR_4,11,0.97725,68.51188213487721,-2.0000024438996027,4
PercDevAbs_TR_4,11,0.99018,95.07534021679297,-2.3331552225672416,3
PercDevAbs_TR_4,11,0.99617,135.63610795632408,-2.6667000630340683,2
PercDevAbs_TR_4,11,0.99865,200.20044769477244,-2.999976992703401,1
PercDevAbs_TR_4,11.25,0.00135,0.032032649330941576,2.999976992703393,19
PercDevAbs_TR_4,11.25,0.00383,0.14769443564828402,2.6667000630340683,18
PercDevAbs_TR_4,11.25,0.00982,0.4251723002692056,2.3331552225672434,17
PercDevAbs_TR_4,11.25,0.02275,0.9269140925923369,2.000002443899604,16
PercDevAbs_TR_4,11.25,0.04779,1.7009704655114295,1.6666702079210545,15
PercDevAbs_TR_4,11.25,0.09121,2.7869511707517294,1.3333407702662026,14
PercDevAbs_TR_4,11.25,0.15866,4.228003645613666,0.9999803859660789,13
PercDevAbs_TR_4,11.25,0.25249,6.0805935422513375,0.6666746102242979,12
PercDevAbs_TR_4,11.25,0.36944,8.42720327240919,0.33333688458431254,11
PercDevAbs_TR_4,11.25,0.5,11.388769505055038,-0,10
PercDevAbs_TR_4,11.25,0.63056,15.145125116868837,-0.33333688458431254,9
PercDevAbs_TR_4,11.25,0.74751,19.96523635446905,-0.6666746102242979,8
PercDevAbs_TR_4,11.25,0.84134,26.25589496606857,-0.9999803859660789,7
PercDevAbs_TR_4,11.25,0.90879,34.64816387995341,-1.3333407702662026,6
PercDevAbs_TR_4,11.25,0.95221,46.135884606734884,-1.6666702079210545,5
PercDevAbs_TR_4,11.25,0.97725,62.342492809099106,-2.0000024438996027,4
PercDevAbs_TR_4,11.25,0.99018,85.987484521745,-2.3331552225672416,3
PercDevAbs_TR_4,11.25,0.99617,121.9111464703868,-2.6667000630340683,2
PercDevAbs_TR_4,11.25,0.99865,178.8017006277273,-2.999976992703401,1
PercDevAbs_TR_4,11.5,0.00135,0.039123313126039255,2.999976992703393,19
PercDevAbs_TR_4,11.5,0.00383,0.16561878509987496,2.6667000630340683,18
PercDevAbs_TR_4,11.5,0.00982,0.45262525515926294,2.3331552225672434,17
PercDevAbs_TR_4,11.5,0.02275,0.9539162911303227,2.000002443899604,16
PercDevAbs_TR_4,11.5,0.04779,1.7095522872337994,1.6666702079210545,15
PercDevAbs_TR_4,11.5,0.09121,2.752222801804141,1.3333407702662026,14
PercDevAbs_TR_4,11.5,0.15866,4.1184754612363355,0.9999803859660789,13
PercDevAbs_TR_4,11.5,0.25249,5.857378121736979,0.6666746102242979,12
PercDevAbs_TR_4,11.5,0.36944,8.041760936206302,0.33333688458431254,11
PercDevAbs_TR_4,11.5,0.5,10.779006179935164,-0,10
PercDevAbs_TR_4,11.5,0.63056,14.229013340212768,-0.33333688458431254,9
PercDevAbs_TR_4,11.5,0.74751,18.630701367596146,-0.6666746102242979,8
PercDevAbs_TR_4,11.5,0.84134,24.34464527926885,-0.9999803859660789,7
PercDevAbs_TR_4,11.5,0.90879,31.928768843696453,-1.3333407702662026,6
PercDevAbs_TR_4,11.5,0.95221,42.25893844382445,-1.6666702079210545,5
PercDevAbs_TR_4,11.5,0.97725,56.76123688112651,-2.0000024438996027,4
PercDevAbs_TR_4,11.5,0.99018,77.81588924178591,-2.3331552225672416,3
PercDevAbs_TR_4,11.5,0.99617,109.64468249922962,-2.6667000630340683,2
PercDevAbs_TR_4,11.5,0.99865,159.79325547469384,-2.999976992703401,1
PercDevAbs_TR_4,11.75,0.00135,0.04713770869154277,2.999976992703393,19
PercDevAbs_TR_4,11.75,0.00383,0.1842240250886179,2.6667000630340683,18
PercDevAbs_TR_4,11.75,0.00982,0.47947557726021595,2.3331552225672434,17
PercDevAbs_TR_4,11.75,0.02275,0.9786302660196176,2.000002443899604,16
PercDevAbs_TR_4,11.75,0.04779,1.7146852717551144,1.6666702079210545,15
PercDevAbs_TR_4,11.75,0.09121,2.7143471716094933,1.3333407702662026,14
PercDevAbs_TR_4,11.75,0.15866,4.00847443943267,0.9999803859660789,13
PercDevAbs_TR_4,11.75,0.25249,5.639704833494572,0.6666746102242979,12
PercDevAbs_TR_4,11.75,0.36944,7.672389874283781,0.33333688458431254,11
PercDevAbs_TR_4,11.75,0.5,10.201937233566573,-0,10
PercDevAbs_TR_4,11.75,0.63056,13.370598266193378,-0.33333688458431254,9
PercDevAbs_TR_4,11.75,0.74751,17.390699403132352,-0.6666746102242979,8
PercDevAbs_TR_4,11.75,0.84134,22.581986441627656,-0.9999803859660789,7
PercDevAbs_TR_4,11.75,0.90879,29.437927675328293,-1.3333407702662026,6
PercDevAbs_TR_4,11.75,0.95221,38.73074270514845,-1.6666702079210545,5
PercDevAbs_TR_4,11.75,0.97725,51.713690354315865,-2.0000024438996027,4
PercDevAbs_TR_4,11.75,0.99018,70.47095808614998,-2.3331552225672416,3
PercDevAbs_TR_4,11.75,0.99617,98.686513464979555,-2.6667000630340683,2
PercDevAbs_TR_4,11.75,0.99865,142.91655715091738,-2.999976992703401,1
PercDevAbs_TR_4,12,0.00135,0.056043407645173765,2.999976992703393,19
PercDevAbs_TR_4,12,0.00383,0.20330246179345296,2.6667000630340683,18
PercDevAbs_TR_4,12,0.00982,0.5054375897041624,2.3331552225672434,17
PercDevAbs_TR_4,12,0.02275,1.0008317891296235,2.000002443899604,16
PercDevAbs_TR_4,12,0.04779,1.7162903579130175,1.6666702079210545,15
PercDevAbs_TR_4,12,0.09121,2.67338238887091,1.3333407702662026,14
PercDevAbs_TR_4,12,0.15866,3.8980846672690763,0.9999803859660789,13
PercDevAbs_TR_4,12,0.25249,5.427459384822797,0.6666746102242979,12
PercDevAbs_TR_4,12,0.36944,7.318418696746369,0.33333688458431254,11
PercDevAbs_TR_4,12,0.5,9.65579893742127,-0,10
PercDevAbs_TR_4,12,0.63056,12.566236161819345,-0.33333688458431254,9
PercDevAbs_TR_4,12,0.74751,16.23853595985827,-0.6666746102242979,8
PercDevAbs_TR_4,12,0.84134,20.9563962879371,-0.9999803859660789,7
PercDevAbs_TR_4,12,0.90879,27.15651736079522,-1.3333407702662026,6
PercDevAbs_TR_4,12,0.95221,35.520116649743805,-1.6666702079210545,5
PercDevAbs_TR_4,12,0.97725,47.149203988085056,-2.0000024438996027,4
PercDevAbs_TR_4,12,0.99018,63.86981845129031,-2.3331552225672416,3
PercDevAbs_TR_4,12,0.99617,88.89856717562411,-2.6667000630340683,2
PercDevAbs_TR_4,12,0.99865,127.93541169609075,-2.999976992703401,1
PercDevAbs_TR_5,6,0.00135,1.6425068294042082,2.999976992703393,19
PercDevAbs_TR_5,6,0.00383,2.661407619733308,2.6667000630340683,18
PercDevAbs_TR_5,6,0.00982,4.125533935040571,2.3331552225672434,17
PercDevAbs_TR_5,6,0.02275,6.159792900749202,2.000002443899604,16
PercDevAbs_TR_5,6,0.04779,8.917350449647197,1.6666702079210545,15
PercDevAbs_TR_5,6,0.09121,12.57175862238104,1.3333407702662026,14
PercDevAbs_TR_5,6,0.15866,17.324673046981,0.9999803859660789,13
PercDevAbs_TR_5,6,0.25249,23.405166358789934,0.6666746102242979,12
PercDevAbs_TR_5,6,0.36944,31.077395250899386,0.33333688458431254,11
PercDevAbs_TR_5,6,0.5,40.63923392609058,-0,10
PercDevAbs_TR_5,6,0.63056,52.42865725345815,-0.33333688458431254,9
PercDevAbs_TR_5,6,0.74751,66.82758177348565,-0.6666746102242979,8
PercDevAbs_TR_5,6,0.84134,84.26491641765665,-0.9999803859660789,7
PercDevAbs_TR_5,6,0.90879,105.23082173320378,-1.3333407702662026,6
PercDevAbs_TR_5,6,0.95221,130.26653073834348,-1.6666702079210545,5
PercDevAbs_TR_5,6,0.97725,159.98853733076012,-2.0000024438996027,4
PercDevAbs_TR_5,6,0.99018,195.0671668584242,-2.3331552225672416,3
PercDevAbs_TR_5,6,0.99617,236.34525277197363,-2.6667000630340683,2
PercDevAbs_TR_5,6,0.99865,284.6182507046836,-2.999976992703401,1
PercDevAbs_TR_5,6.25,0.00135,1.2302112478031952,2.999976992703393,19
PercDevAbs_TR_5,6.25,0.00383,2.076811726029764,2.6667000630340683,18
PercDevAbs_TR_5,6.25,0.00982,3.3298491297314183,2.3331552225672434,17
PercDevAbs_TR_5,6.25,0.02275,5.114115119095987,2.000002443899604,16
PercDevAbs_TR_5,6.25,0.04779,7.5834961204009765,1.6666702079210545,15
PercDevAbs_TR_5,6.25,0.09121,10.914689734590116,1.3333407702662026,14
PercDevAbs_TR_5,6.25,0.15866,15.314492532066858,0.9999803859660789,13
PercDevAbs_TR_5,6.25,0.25249,21.019677948264455,0.6666746102242979,12
PercDevAbs_TR_5,6.25,0.36944,28.304643112572897,0.33333688458431254,11
PercDevAbs_TR_5,6.25,0.5,37.48069400103948,-0,10
PercDevAbs_TR_5,6.25,0.63056,48.902632096165,-0.33333688458431254,9
PercDevAbs_TR_5,6.25,0.74751,62.97305407521168,-0.6666746102242979,8
PercDevAbs_TR_5,6.25,0.84134,80.14590496385631,-0.9999803859660789,7
PercDevAbs_TR_5,6.25,0.90879,100.94117796523646,-1.3333407702662026,6
PercDevAbs_TR_5,6.25,0.95221,125.93555841706505,-1.6666702079210545,5
PercDevAbs_TR_5,6.25,0.97725,155.78714084775427,-2.0000024438996027,4
PercDevAbs_TR_5,6.25,0.99018,191.21466081478314,-2.3331552225672416,3
PercDevAbs_TR_5,6.25,0.99617,233.11845672449655,-2.6667000630340683,2
PercDevAbs_TR_5,6.25,0.99865,282.3586345842869,-2.999976992703401,1
PercDevAbs_TR_5,6.5,0.00135,0.904556573380184,2.999976992703393,19
PercDevAbs_TR_5,6.5,0.00383,1.5991048537272154,2.6667000630340683,18
PercDevAbs_TR_5,6.5,0.00982,2.6614983273962443,2.3331552225672434,17
PercDevAbs_TR_5,6.5,0.02275,4.2156625077554155,2.000002443899604,16
PercDevAbs_TR_5,6.5,0.04779,6.415583118214829,1.6666702079210545,15
PercDevAbs_TR_5,6.5,0.09121,9.44052679406821,1.3333407702662026,14
PercDevAbs_TR_5,6.5,0.15866,13.501992473371306,0.9999803859660789,13
PercDevAbs_TR_5,6.5,0.25249,18.84417120979768,0.6666746102242979,12
PercDevAbs_TR_5,6.5,0.36944,25.751620553151735,0.33333688458431254,11
PercDevAbs_TR_5,6.5,0.5,34.54922738166039,-0,10
PercDevAbs_TR_5,6.5,0.63056,45.6090447993105,-0.33333688458431254,9
PercDevAbs_TR_5,6.5,0.74751,59.35509368998721,-0.6666746102242979,8
PercDevAbs_TR_5,6.5,0.84134,76.26746744717671,-0.9999803859660789,7
PercDevAbs_TR_5,6.5,0.90879,96.89753014267617,-1.3333407702662026,6
PercDevAbs_TR_5,6.5,0.95221,121.8594429520688,-1.6666702079210545,5
PercDevAbs_TR_5,6.5,0.97725,151.8554861420519,-2.0000024438996027,4
PercDevAbs_TR_5,6.5,0.99018,187.65601658172366,-2.3331552225672416,3
PercDevAbs_TR_5,6.5,0.99617,230.22289594309618,-2.6667000630340683,2
PercDevAbs_TR_5,6.5,0.99865,280.485627322504,-2.999976992703401,1
PercDevAbs_TR_5,6.75,0.00135,0.6539092630979098,2.999976992703393,19
PercDevAbs_TR_5,6.75,0.00383,1.2169735061583908,2.6667000630340683,18
PercDevAbs_TR_5,6.75,0.00982,2.1101006412302095,2.3331552225672434,17
PercDevAbs_TR_5,6.75,0.02275,3.4555073163360985,2.000002443899604,16
PercDevAbs_TR_5,6.75,0.04779,5.4065127434736056,1.6666702079210545,15
PercDevAbs_TR_5,6.75,0.09121,8.14417083124819,1.3333407702662026,14
PercDevAbs_TR_5,6.75,0.15866,11.883980086400777,0.9999803859660789,13
PercDevAbs_TR_5,6.75,0.25249,16.876938610763656,0.6666746102242979,12
PercDevAbs_TR_5,6.75,0.36944,23.417291820624722,0.33333688458431254,11
PercDevAbs_TR_5,6.75,0.5,31.843193031572174,-0,10
PercDevAbs_TR_5,6.75,0.63056,42.54383274123653,-0.33333688458431254,9
PercDevAbs_TR_5,6.75,0.74751,55.964778611374065,-0.6666746102242979,8
PercDevAbs_TR_5,6.75,0.84134,72.61267429771824,-0.9999803859660789,7
PercDevAbs_TR_5,6.75,0.90879,93.07098047382347,-1.3333407702662026,6
PercDevAbs_TR_5,6.75,0.95221,117.99244126964945,-1.6666702079210545,5
PercDevAbs_TR_5,6.75,0.97725,148.12506673406523,-2.0000024438996027,4
PercDevAbs_TR_5,6.75,0.99018,184.29288989991463,-2.3331552225672416,3
PercDevAbs_TR_5,6.75,0.99617,227.52193018557944,-2.6667000630340683,2
PercDevAbs_TR_5,6.75,0.99865,278.81441226664913,-2.999976992703401,1
PercDevAbs_TR_5,7,0.00135,0.46625794844644164,2.999976992703393,19
PercDevAbs_TR_5,7,0.00383,0.9182532576729853,2.6667000630340683,18
PercDevAbs_TR_5,7,0.00982,1.6641051426105076,2.3331552225672434,17
PercDevAbs_TR_5,7,0.02275,2.823460339421298,2.000002443899604,16
PercDevAbs_TR_5,7,0.04779,4.548123143956185,1.6666702079210545,15
PercDevAbs_TR_5,7,0.09121,7.019995873080262,1.3333407702662026,14
PercDevAbs_TR_5,7,0.15866,10.457639742491104,0.9999803859660789,13
PercDevAbs_TR_5,7,0.25249,15.117930131224076,0.6666746102242979,12
PercDevAbs_TR_5,7,0.36944,21.303918566029598,0.33333688458431254,11
PercDevAbs_TR_5,7,0.5,29.366200167339056,-0,10
PercDevAbs_TR_5,7,0.63056,39.71036893397223,-0.33333688458431254,9
PercDevAbs_TR_5,7,0.74751,52.80292103221101,-0.6666746102242979,8
PercDevAbs_TR_5,7,0.84134,69.17657785464384,-0.9999803859660789,7
PercDevAbs_TR_5,7,0.90879,89.44659590518599,-1.3333407702662026,6
PercDevAbs_TR_5,7,0.95221,114.30421992464018,-1.6666702079210545,5
PercDevAbs_TR_5,7,0.97725,144.54335428586947,-2.0000024438996027,4
PercDevAbs_TR_5,7,0.99018,181.04219339672366,-2.3331552225672416,3
PercDevAbs_TR_5,7,0.99617,224.89166166307433,-2.6667000630340683,2
PercDevAbs_TR_5,7,0.99865,277.1680120914939,-2.999976992703401,1
PercDevAbs_TR_5,7.25,0.00135,0.3291516751610637,2.999976992703393,19
PercDevAbs_TR_5,7.25,0.00383,0.6893718508899227,2.6667000630340683,18
PercDevAbs_TR_5,7.25,0.00982,1.309557752484759,2.3331552225672434,17
PercDevAbs_TR_5,7.25,0.02275,2.3060217057649703,2.000002443899604,16
PercDevAbs_TR_5,7.25,0.04779,3.8282490630828487,1.6666702079210545,15
PercDevAbs_TR_5,7.25,0.09121,6.058038524150159,1.3333407702662026,14
PercDevAbs_TR_5,7.25,0.15866,9.216000667036992,0.9999803859660789,13
PercDevAbs_TR_5,7.25,0.25249,13.563810307275165,0.6666746102242979,12
PercDevAbs_TR_5,7.25,0.36944,19.412219050461633,0.33333688458431254,11
PercDevAbs_TR_5,7.25,0.5,27.123127303489433,-0,10
PercDevAbs_TR_5,7.25,0.63056,37.11739113000818,-0.33333688458431254,9
PercDevAbs_TR_5,7.25,0.74751,49.881302398907394,-0.6666746102242979,8
PercDevAbs_TR_5,7.25,0.84134,65.97255353749448,-0.9999803859660789,7
PercDevAbs_TR_5,7.25,0.90879,86.0371282148436,-1.3333407702662026,6
PercDevAbs_TR_5,7.25,0.95221,110.80377061438406,-1.6666702079210545,5
PercDevAbs_TR_5,7.25,0.97725,141.11135549065554,-2.0000024438996027,4
PercDevAbs_TR_5,7.25,0.99018,177.891452614745,-2.3331552225672416,3
PercDevAbs_TR_5,7.25,0.99617,222.29911184204767,-2.6667000630340683,2
PercDevAbs_TR_5,7.25,0.99865,275.48421429087125,-2.999976992703401,1
PercDevAbs_TR_5,7.5,0.00135,0.23053585202612523,2.999976992703393,19
PercDevAbs_TR_5,7.5,0.00383,0.516084740879328,2.6667000630340683,18
PercDevAbs_TR_5,7.5,0.00982,1.0305253117843922,2.3331552225672434,17
PercDevAbs_TR_5,7.5,0.02275,1.8862846127715895,2.000002443899604,16
PercDevAbs_TR_5,7.5,0.04779,3.2299299403015045,1.6666702079210545,15
PercDevAbs_TR_5,7.5,0.09121,5.242408337408649,1.3333407702662026,14
PercDevAbs_TR_5,7.5,0.15866,8.145565209325023,0.9999803859660789,13
PercDevAbs_TR_5,7.5,0.25249,12.204989312037503,0.6666746102242979,12
PercDevAbs_TR_5,7.5,0.36944,17.738214146288062,0.33333688458431254,11
PercDevAbs_TR_5,7.5,0.5,25.117488669129482,-0,10
PercDevAbs_TR_5,7.5,0.63056,34.77796191670559,-0.33333688458431254,9
PercDevAbs_TR_5,7.5,0.74751,47.2247522335758,-0.6666746102242979,8
PercDevAbs_TR_5,7.5,0.84134,63.03956842201597,-0.9999803859660789,7
PercDevAbs_TR_5,7.5,0.90879,82.89819863843364,-1.3333407702662026,6
PercDevAbs_TR_5,7.5,0.95221,107.56601016176073,-1.6666702079210545,5
PercDevAbs_TR_5,7.5,0.97725,137.92603925984955,-2.0000024438996027,4
PercDevAbs_TR_5,7.5,0.99018,174.96252622435588,-2.3331552225672416,3
PercDevAbs_TR_5,7.5,0.99617,219.89398677841743,-2.6667000630340683,2
PercDevAbs_TR_5,7.5,0.99865,273.9435262047991,-2.999976992703401,1
PercDevAbs_TR_5,7.75,0.00135,0.16051264378312874,2.999976992703393,19
PercDevAbs_TR_5,7.75,0.00383,0.3860155381688217,2.6667000630340683,18
PercDevAbs_TR_5,7.75,0.00982,0.8123251395276462,2.3331552225672434,17
PercDevAbs_TR_5,7.75,0.02275,1.5475792653910263,2.000002443899604,16
PercDevAbs_TR_5,7.75,0.04779,2.7349510431276305,1.6666702079210545,15
PercDevAbs_TR_5,7.75,0.09121,4.553896260934704,1.3333407702662026,14
PercDevAbs_TR_5,7.75,0.15866,7.226764673096096,0.9999803859660789,13
PercDevAbs_TR_5,7.75,0.25249,11.022230518839658,0.6666746102242979,12
PercDevAbs_TR_5,7.75,0.36944,16.263716877807244,0.33333688458431254,11
PercDevAbs_TR_5,7.75,0.5,23.33285474551745,-0,10
PercDevAbs_TR_5,7.75,0.63056,32.678066721020585,-0.33333688458431254,9
PercDevAbs_TR_5,7.75,0.74751,44.822232030690294,-0.6666746102242979,8
PercDevAbs_TR_5,7.75,0.84134,60.36997218278651,-0.9999803859660789,7
PercDevAbs_TR_5,7.75,0.90879,80.02574999580887,-1.3333407702662026,6
PercDevAbs_TR_5,7.75,0.95221,104.59040300154739,-1.6666702079210545,5
PercDevAbs_TR_5,7.75,0.97725,134.98996797734972,-2.0000024438996027,4
PercDevAbs_TR_5,7.75,0.99018,172.26020977946015,-2.3331552225672416,3
PercDevAbs_TR_5,7.75,0.99617,217.68191265185683,-2.6667000630340683,2
PercDevAbs_TR_5,7.75,0.99865,272.55034464475443,-2.999976992703401,1
PercDevAbs_TR_5,8,0.00135,0.11139893127209696,2.999976992703393,19
PercDevAbs_TR_5,8,0.00383,0.2891525135258413,2.6667000630340683,18
PercDevAbs_TR_5,8,0.00982,0.642662061366965,2.3331552225672434,17
PercDevAbs_TR_5,8,0.02275,1.2755046419118856,2.000002443899604,16
PercDevAbs_TR_5,8,0.04779,2.3270890349578752,1.6666702079210545,15
PercDevAbs_TR_5,8,0.09121,3.9748264731259324,1.3333407702662026,14
PercDevAbs_TR_5,8,0.15866,6.44089472637031,0.9999803859660789,13
PercDevAbs_TR_5,8,0.25249,9.996242320954831,0.6666746102242979,12
PercDevAbs_TR_5,8,0.36944,14.969262606671935,0.33333688458431254,11
PercDevAbs_TR_5,8,0.5,21.749924424164735,-0,10
PercDevAbs_TR_5,8,0.63056,30.798768031126826,-0.33333688458431254,9
PercDevAbs_TR_5,8,0.74751,42.65516409983512,-0.6666746102242979,8
PercDevAbs_TR_5,8,0.84134,57.94526234148003,-0.9999803859660789,7
PercDevAbs_TR_5,8,0.90879,77.4007016068683,-1.3333407702662026,6
PercDevAbs_TR_5,8,0.95221,101.85616778036453,-1.6666702079210545,5
PercDevAbs_TR_5,8,0.97725,132.27895338802242,-2.0000024438996027,4
PercDevAbs_TR_5,8,0.99018,169.7544911978329,-2.3331552225672416,3
PercDevAbs_TR_5,8,0.99617,215.62375935296274,-2.6667000630340683,2
PercDevAbs_TR_5,8,0.99865,271.25210770587546,-2.999976992703401,1
PercDevAbs_TR_5,8.25,0.00135,0.07753807763667081,2.999976992703393,19
PercDevAbs_TR_5,8.25,0.00383,0.2179484335814346,2.6667000630340683,18
PercDevAbs_TR_5,8.25,0.00982,0.5121769462032112,2.3331552225672434,17
PercDevAbs_TR_5,8.25,0.02275,1.0591075446277718,2.000002443899604,16
PercDevAbs_TR_5,8.25,0.04779,1.9941159605307828,1.6666702079210545,15
PercDevAbs_TR_5,8.25,0.09121,3.4920762334143887,1.3333407702662026,14
PercDevAbs_TR_5,8.25,0.15866,5.774319772557871,0.9999803859660789,13
PercDevAbs_TR_5,8.25,0.25249,9.113189413518004,0.6666746102242979,12
PercDevAbs_TR_5,8.25,0.36944,13.840975937092646,0.33333688458431254,11
PercDevAbs_TR_5,8.25,0.5,20.35468924742868,-0,10
PercDevAbs_TR_5,8.25,0.63056,29.125463718200997,-0.33333688458431254,9
PercDevAbs_TR_5,8.25,0.74751,40.70739188685571,-0.6666746102242979,8
PercDevAbs_TR_5,8.25,0.84134,55.746115408185624,-0.9999803859660789,7
PercDevAbs_TR_5,8.25,0.90879,74.99812334181826,-1.3333407702662026,6
PercDevAbs_TR_5,8.25,0.95221,99.3293040906579,-1.6666702079210545,5
PercDevAbs_TR_5,8.25,0.97725,129.74520816527982,-2.0000024438996027,4
PercDevAbs_TR_5,8.25,0.99018,167.37757991714193,-2.3331552225672416,3
PercDevAbs_TR_5,8.25,0.99617,213.62366532517993,-2.6667000630340683,2
PercDevAbs_TR_5,8.25,0.99865,269.9147157472998,-2.999976992703401,1
PercDevAbs_TR_5,8.5,0.00135,0.05494516024601638,2.999976992703393,19
PercDevAbs_TR_5,8.5,0.00383,0.16711383872008967,2.6667000630340683,18
PercDevAbs_TR_5,8.5,0.00982,0.414518974002146,2.3331552225672434,17
PercDevAbs_TR_5,8.5,0.02275,0.8913574717560658,2.000002443899604,16
PercDevAbs_TR_5,8.5,0.04779,1.7287526587274373,1.6666702079210545,15
PercDevAbs_TR_5,8.5,0.09121,3.0984801811345863,1.3333407702662026,14
PercDevAbs_TR_5,8.5,0.15866,5.220128266246604,0.9999803859660789,13
PercDevAbs_TR_5,8.5,0.25249,8.366144156522902,0.6666746102242979,12
PercDevAbs_TR_5,8.5,0.36944,12.871010517711753,0.33333688458431254,11
PercDevAbs_TR_5,8.5,0.5,19.136588058801493,-0,10
PercDevAbs_TR_5,8.5,0.63056,27.641886426303518,-0.33333688458431254,9
PercDevAbs_TR_5,8.5,0.74751,38.9524078881719,-0.6666746102242979,8
PercDevAbs_TR_5,8.5,0.84134,53.729311366873546,-0.9999803859660789,7
PercDevAbs_TR_5,8.5,0.90879,72.7492098830541,-1.3333407702662026,6
PercDevAbs_TR_5,8.5,0.95221,96.90363931836004,-1.6666702079210545,5
PercDevAbs_TR_5,8.5,0.97725,127.22990009685519,-2.0000024438996027,4
PercDevAbs_TR_5,8.5,0.99018,164.89855164951842,-2.3331552225672416,3
PercDevAbs_TR_5,8.5,0.99617,211.35407661660986,-2.6667000630340683,2
PercDevAbs_TR_5,8.5,0.99865,268.0837807602791,-2.999976992703401,1
PercDevAbs_TR_5,8.75,0.00135,0.040587069918833076,2.999976992703393,19
PercDevAbs_TR_5,8.75,0.00383,0.1325097860953873,2.6667000630340683,18
PercDevAbs_TR_5,8.75,0.00982,0.3447386596559577,2.3331552225672434,17
PercDevAbs_TR_5,8.75,0.02275,0.7669596755128562,2.000002443899604,16
PercDevAbs_TR_5,8.75,0.04779,1.5258766049393035,1.6666702079210545,15
PercDevAbs_TR_5,8.75,0.09121,2.789490346422425,1.3333407702662026,14
PercDevAbs_TR_5,8.75,0.15866,4.774412450191387,0.9999803859660789,13
PercDevAbs_TR_5,8.75,0.25249,7.7512934450434345,0.6666746102242979,12
PercDevAbs_TR_5,8.75,0.36944,12.054161829764878,0.33333688458431254,11
PercDevAbs_TR_5,8.75,0.5,18.08621009512268,-0,10
PercDevAbs_TR_5,8.75,0.63056,26.329824039495005,-0.33333688458431254,9
PercDevAbs_TR_5,8.75,0.74751,37.35630184181265,-0.6666746102242979,8
PercDevAbs_TR_5,8.75,0.84134,51.83544730510799,-0.9999803859660789,7
PercDevAbs_TR_5,8.75,0.90879,70.55567617665932,-1.3333407702662026,6
PercDevAbs_TR_5,8.75,0.95221,94.42425281788394,-1.6666702079210545,5
PercDevAbs_TR_5,8.75,0.97725,124.49844556669728,-2.0000024438996027,4
PercDevAbs_TR_5,8.75,0.99018,161.97390372566696,-2.3331552225672416,3
PercDevAbs_TR_5,8.75,0.99617,208.32562429198018,-2.6667000630340683,2
PercDevAbs_TR_5,8.75,0.99865,265.0785737971491,-2.999976992703401,1
PercDevAbs_TR_5,9,0.00135,0.03194695009243424,2.999976992703393,19
PercDevAbs_TR_5,9,0.00383,0.11027122676039847,2.6667000630340683,18
PercDevAbs_TR_5,9,0.00982,0.2976761569205129,2.3331552225672434,17
PercDevAbs_TR_5,9,0.02275,0.6797334364865402,2.000002443899604,16
PercDevAbs_TR_5,9,0.04779,1.3787337448147996,1.6666702079210545,15
PercDevAbs_TR_5,9,0.09121,2.558318720765235,1.3333407702662026,14
PercDevAbs_TR_5,9,0.15866,4.4308552748105265,0.9999803859660789,13
PercDevAbs_TR_5,9,0.25249,7.263094538719804,0.6666746102242979,12
PercDevAbs_TR_5,9,0.36944,11.385554624849105,0.33333688458431254,11
PercDevAbs_TR_5,9,0.5,17.19857736021417,-0,10
PercDevAbs_TR_5,9,0.63056,25.182462064745266,-0.33333688458431254,9
PercDevAbs_TR_5,9,0.74751,35.907373936410956,-0.6666746102242979,8
PercDevAbs_TR_5,9,0.84134,50.04316705629062,-0.9999803859660789,7
PercDevAbs_TR_5,9,0.90879,68.3795402119317,-1.3333407702662026,6
PercDevAbs_TR_5,9,0.95221,91.82683181167165,-1.6666702079210545,5
PercDevAbs_TR_5,9,0.97725,121.4471306167903,-2.0000024438996027,4
PercDevAbs_TR_5,9,0.99018,158.44340455733953,-2.3331552225672416,3
PercDevAbs_TR_5,9,0.99617,204.29941906200202,-2.6667000630340683,2
PercDevAbs_TR_5,9,0.99865,260.55369696252126,-2.999976992703401,1
PercDevAbs_TR_5,9.25,0.00135,0.027035697226803265,2.999976992703393,19
PercDevAbs_TR_5,9.25,0.00383,0.09682854127188871,2.6667000630340683,18
PercDevAbs_TR_5,9.25,0.00982,0.2678084206886894,2.3331552225672434,17
PercDevAbs_TR_5,9.25,0.02275,0.6220029789826014,2.000002443899604,16
PercDevAbs_TR_5,9.25,0.04779,1.2775311468289774,1.6666702079210545,15
PercDevAbs_TR_5,9.25,0.09121,2.393393774966071,1.3333407702662026,14
PercDevAbs_TR_5,9.25,0.15866,4.176805423738313,0.9999803859660789,13
PercDevAbs_TR_5,9.25,0.25249,6.888930122661731,0.6666746102242979,12
PercDevAbs_TR_5,9.25,0.36944,10.854185471199337,0.33333688458431254,11
PercDevAbs_TR_5,9.25,0.5,16.466395621539515,-0,10
PercDevAbs_TR_5,9.25,0.63056,24.19887385268485,-0.33333688458431254,9
PercDevAbs_TR_5,9.25,0.74751,34.614333425619,-0.6666746102242979,8
PercDevAbs_TR_5,9.25,0.84134,48.374739049807246,-0.9999803859660789,7
PercDevAbs_TR_5,9.25,0.90879,66.2612600628097,-1.3333407702662026,6
PercDevAbs_TR_5,9.25,0.95221,89.1754009235213,-1.6666702079210545,5
PercDevAbs_TR_5,9.25,0.97725,118.1697239747651,-2.0000024438996027,4
PercDevAbs_TR_5,9.25,0.99018,154.43757099767285,-2.3331552225672416,3
PercDevAbs_TR_5,9.25,0.99617,199.4506997935929,-2.6667000630340683,2
PercDevAbs_TR_5,9.25,0.99865,254.7379529647767,-2.999976992703401,1
PercDevAbs_TR_5,9.5,0.00135,0.02438692409848255,2.999976992703393,19
PercDevAbs_TR_5,9.5,0.00383,0.08910120706104771,2.6667000630340683,18
PercDevAbs_TR_5,9.5,0.00982,0.24967006982308665,2.3331552225672434,17
PercDevAbs_TR_5,9.5,0.02275,0.5851640628345641,2.000002443899604,16
PercDevAbs_TR_5,9.5,0.04779,1.2099102180827066,1.6666702079210545,15
PercDevAbs_TR_5,9.5,0.09121,2.278293198231968,1.3333407702662026,14
PercDevAbs_TR_5,9.5,0.15866,3.991963095464734,0.9999803859660789,13
PercDevAbs_TR_5,9.5,0.25249,6.605528547488318,0.6666746102242979,12
PercDevAbs_TR_5,9.5,0.36944,10.43568993205674,0.33333688458431254,11
PercDevAbs_TR_5,9.5,0.5,15.867353384205193,-0,10
PercDevAbs_TR_5,9.5,0.63056,23.363544879639054,-0.33333688458431254,9
PercDevAbs_TR_5,9.5,0.74751,33.475181743523656,-0.6666746102242979,8
PercDevAbs_TR_5,9.5,0.84134,46.85079874318185,-0.9999803859660789,7
PercDevAbs_TR_5,9.5,0.90879,64.25611575590297,-1.3333407702662026,6
PercDevAbs_TR_5,9.5,0.95221,86.57532168191112,-1.6666702079210545,5
PercDevAbs_TR_5,9.5,0.97725,114.8411651315883,-2.0000024438996027,4
PercDevAbs_TR_5,9.5,0.99018,150.2251219631829,-2.3331552225672416,3
PercDevAbs_TR_5,9.5,0.99617,194.17192164709616,-2.6667000630340683,2
PercDevAbs_TR_5,9.5,0.99865,248.18374470098922,-2.999976992703401,1
PercDevAbs_TR_5,9.75,0.00135,0.02316844313791614,2.999976992703393,19
PercDevAbs_TR_5,9.75,0.00383,0.08514626271898236,2.6667000630340683,18
PercDevAbs_TR_5,9.75,0.00982,0.239500543700951,2.3331552225672434,17
PercDevAbs_TR_5,9.75,0.02275,0.5628204559896391,2.000002443899604,16
PercDevAbs_TR_5,9.75,0.04779,1.1659779872021023,1.6666702079210545,15
PercDevAbs_TR_5,9.75,0.09121,2.198830623147691,1.3333407702662026,14
PercDevAbs_TR_5,9.75,0.15866,3.8572432869725413,0.9999803859660789,13
PercDevAbs_TR_5,9.75,0.25249,6.388649737686744,0.6666746102242979,12
PercDevAbs_TR_5,9.75,0.36944,10.100946323953815,0.33333688458431254,11
PercDevAbs_TR_5,9.75,0.5,15.368466401177969,-0,10
PercDevAbs_TR_5,9.75,0.63056,22.64163913543051,-0.33333688458431254,9
PercDevAbs_TR_5,9.75,0.74751,32.456516718920284,-0.6666746102242979,8
PercDevAbs_TR_5,9.75,0.84134,45.44426097709711,-0.9999803859660789,7
PercDevAbs_TR_5,9.75,0.90879,62.35019247881104,-1.3333407702662026,6
PercDevAbs_TR_5,9.75,0.95221,84.03508967190119,-1.6666702079210545,5
PercDevAbs_TR_5,9.75,0.97725,111.5044713139498,-2.0000024438996027,4
PercDevAbs_TR_5,9.75,0.99018,145.8990941911367,-2.3331552225672416,3
PercDevAbs_TR_5,9.75,0.99617,188.6257871433971,-2.6667000630340683,2
PercDevAbs_TR_5,9.75,0.99865,241.1477205186102,-2.999976992703401,1
PercDevAbs_TR_5,10,0.00135,0.02286771436720486,2.999976992703393,19
PercDevAbs_TR_5,10,0.00383,0.08364916086614681,2.6667000630340683,18
PercDevAbs_TR_5,10,0.00982,0.2345733823523501,2.3331552225672434,17
PercDevAbs_TR_5,10,0.02275,0.5500754445241319,2.000002443899604,16
PercDevAbs_TR_5,10,0.04779,1.1378059864092753,1.6666702079210545,15
PercDevAbs_TR_5,10,0.09121,2.1431611226291554,1.3333407702662026,14
PercDevAbs_TR_5,10,0.15866,3.756075570983051,0.9999803859660789,13
PercDevAbs_TR_5,10,0.25249,6.216391194807727,0.6666746102242979,12
PercDevAbs_TR_5,10,0.36944,9.822463991580149,0.33333688458431254,11
PercDevAbs_TR_5,10,0.5,14.936929904198124,-0,10
PercDevAbs_TR_5,10,0.63056,21.996048616376076,-0.33333688458431254,9
PercDevAbs_TR_5,10,0.74751,31.518914407592934,-0.6666746102242979,8
PercDevAbs_TR_5,10,0.84134,44.11662491621218,-0.9999803859660789,7
PercDevAbs_TR_5,10,0.90879,60.51072034272884,-1.3333407702662026,6
PercDevAbs_TR_5,10,0.95221,81.53440295464605,-1.6666702079210545,5
PercDevAbs_TR_5,10,0.97725,108.1608903296809,-2.0000024438996027,4
PercDevAbs_TR_5,10,0.99018,141.4941635462993,-2.3331552225672416,3
PercDevAbs_TR_5,10,0.99617,182.8957105483051,-2.6667000630340683,2
PercDevAbs_TR_5,10,0.99865,233.7812379215071,-2.999976992703401,1
PercDevAbs_TR_5,10.25,0.00135,0.023145786174243583,2.999976992703393,19
PercDevAbs_TR_5,10.25,0.00383,0.08368331515413156,2.6667000630340683,18
PercDevAbs_TR_5,10.25,0.00982,0.23288606164912293,2.3331552225672434,17
PercDevAbs_TR_5,10.25,0.02275,0.5432281249706659,2.000002443899604,16
PercDevAbs_TR_5,10.25,0.04779,1.1192737057607847,1.6666702079210545,15
PercDevAbs_TR_5,10.25,0.09121,2.1019892433709098,1.3333407702662026,14
PercDevAbs_TR_5,10.25,0.15866,3.6752819204557583,0.9999803859660789,13
PercDevAbs_TR_5,10.25,0.25249,6.071138459076303,0.6666746102242979,12
PercDevAbs_TR_5,10.25,0.36944,9.577916746652033,0.33333688458431254,11
PercDevAbs_TR_5,10.25,0.5,14.545861384701311,-0,10
PercDevAbs_TR_5,10.25,0.63056,21.3960963499725,-0.33333688458431254,9
PercDevAbs_TR_5,10.25,0.74751,30.629475908229384,-0.6666746102242979,8
PercDevAbs_TR_5,10.25,0.84134,42.835388180017084,-0.9999803859660789,7
PercDevAbs_TR_5,10.25,0.90879,58.709528927745424,-1.3333407702662026,6
PercDevAbs_TR_5,10.25,0.95221,79.05498447091588,-1.6666702079210545,5
PercDevAbs_TR_5,10.25,0.97725,104.80958208808912,-2.0000024438996027,4
PercDevAbs_TR_5,10.25,0.99018,137.03684131623945,-2.3331552225672416,3
PercDevAbs_TR_5,10.25,0.99617,177.0483821908632,-2.6667000630340683,2
PercDevAbs_TR_5,10.25,0.99865,226.20731061336895,-2.999976992703401,1
PercDevAbs_TR_5,10.5,0.00135,0.02384310695217412,2.999976992703393,19
PercDevAbs_TR_5,10.5,0.00383,0.08477784806038019,2.6667000630340683,18
PercDevAbs_TR_5,10.5,0.00982,0.2333678609333858,2.3331552225672434,17
PercDevAbs_TR_5,10.5,0.02275,0.5402192269351539,2.000002443899604,16
PercDevAbs_TR_5,10.5,0.04779,1.1068528945839922,1.6666702079210545,15
PercDevAbs_TR_5,10.5,0.09121,2.069768948331272,1.3333407702662026,14
PercDevAbs_TR_5,10.5,0.15866,3.6067125280333454,0.9999803859660789,13
PercDevAbs_TR_5,10.5,0.25249,5.941558026011915,0.6666746102242979,12
PercDevAbs_TR_5,10.5,0.36944,9.352264801229458,0.33333688458431254,11
PercDevAbs_TR_5,10.5,0.5,14.176114436714013,-0,10
PercDevAbs_TR_5,10.5,0.63056,20.81832664450543,-0.33333688458431254,9
PercDevAbs_TR_5,10.5,0.74751,29.760519896824555,-0.6666746102242979,8
PercDevAbs_TR_5,10.5,0.84134,41.569117121719536,-0.9999803859660789,7
PercDevAbs_TR_5,10.5,0.90879,56.91241303696426,-1.3333407702662026,6
PercDevAbs_TR_5,10.5,0.95221,76.56148460679712,-1.6666702079210545,5
PercDevAbs_TR_5,10.5,0.97725,101.41648273863727,-2.0000024438996027,4
PercDevAbs_TR_5,10.5,0.99018,132.4977607369851,-2.3331552225672416,3
PercDevAbs_TR_5,10.5,0.99617,171.0637491529042,-2.6667000630340683,2
PercDevAbs_TR_5,10.5,0.99865,218.42123338103616,-2.999976992703401,1
PercDevAbs_TR_5,10.75,0.00135,0.024916767249762634,2.999976992703393,19
PercDevAbs_TR_5,10.75,0.00383,0.08676714933240129,2.6667000630340683,18
PercDevAbs_TR_5,10.75,0.00982,0.23559293202482492,2.3331552225672434,17
PercDevAbs_TR_5,10.75,0.02275,0.5401665531733024,2.000002443899604,16
PercDevAbs_TR_5,10.75,0.04779,1.098949518233404,1.6666702079210545,15
PercDevAbs_TR_5,10.75,0.09121,2.0438851323572313,1.3333407702662026,14
PercDevAbs_TR_5,10.75,0.15866,3.546377110159653,0.9999803859660789,13
PercDevAbs_TR_5,10.75,0.25249,5.821899519504607,0.6666746102242979,12
PercDevAbs_TR_5,10.75,0.36944,9.137599033778288,0.33333688458431254,11
PercDevAbs_TR_5,10.75,0.5,13.817231760392394,-0,10
PercDevAbs_TR_5,10.75,0.63056,20.24938080980267,-0.33333688458431254,9
PercDevAbs_TR_5,10.75,0.74751,28.895501631274136,-0.6666746102242979,8
PercDevAbs_TR_5,10.75,0.84134,40.297903202835265,-0.9999803859660789,7
PercDevAbs_TR_5,10.75,0.90879,55.096072662527895,-1.3333407702662026,6
PercDevAbs_TR_5,10.75,0.95221,74.02738756351668,-1.6666702079210545,5
PercDevAbs_TR_5,10.75,0.97725,97.95229816833067,-2.0000024438996027,4
PercDevAbs_TR_5,10.75,0.99018,127.84561879145156,-2.3331552225672416,3
PercDevAbs_TR_5,10.75,0.99617,164.9096772284661,-2.6667000630340683,2
PercDevAbs_TR_5,10.75,0.99865,210.39172350760765,-2.999976992703401,1
PercDevAbs_TR_5,11,0.00135,0.026350079082372305,2.999976992703393,19
PercDevAbs_TR_5,11,0.00383,0.08955628802015012,2.6667000630340683,18
PercDevAbs_TR_5,11,0.00982,0.23929766442820094,2.3331552225672434,17
PercDevAbs_TR_5,11,0.02275,0.5425167506196159,2.000002443899604,16
PercDevAbs_TR_5,11,0.04779,1.094576535111691,1.6666702079210545,15
PercDevAbs_TR_5,11,0.09121,2.0227645117887696,1.3333407702662026,14
PercDevAbs_TR_5,11,0.15866,3.49197377975798,0.9999803859660789,13
PercDevAbs_TR_5,11,0.25249,5.709024833647868,0.6666746102242979,12
PercDevAbs_TR_5,11,0.36944,8.929901561002598,0.33333688458431254,11
PercDevAbs_TR_5,11,0.5,13.464371939430597,-0,10
PercDevAbs_TR_5,11,0.63056,19.683791505090095,-0.33333688458431254,9
PercDevAbs_TR_5,11,0.74751,28.028715235153847,-0.6666746102242979,8
PercDevAbs_TR_5,11,0.84134,39.016435038992746,-0.9999803859660789,7
PercDevAbs_TR_5,11,0.90879,53.25653420119173,-1.3333407702662026,6
PercDevAbs_TR_5,11,0.95221,71.45138454366729,-1.6666702079210545,5
PercDevAbs_TR_5,11,0.97725,94.42018024282443,-2.0000024438996027,4
PercDevAbs_TR_5,11,0.99018,123.09038530042355,-2.3331552225672416,3
PercDevAbs_TR_5,11,0.99617,158.60600316005664,-2.6667000630340683,2
PercDevAbs_TR_5,11,0.99865,202.15232076993632,-2.999976992703401,1
PercDevAbs_TR_5,11.25,0.00135,0.028121903117734843,2.999976992703393,19
PercDevAbs_TR_5,11.25,0.00383,0.09304497999314544,2.6667000630340683,18
PercDevAbs_TR_5,11.25,0.00982,0.24422655199041776,2.3331552225672434,17
PercDevAbs_TR_5,11.25,0.02275,0.546772111854315,2.000002443899604,16
PercDevAbs_TR_5,11.25,0.04779,1.0929139110961812,1.6666702079210545,15
PercDevAbs_TR_5,11.25,0.09121,2.0052173359633207,1.3333407702662026,14
PercDevAbs_TR_5,11.25,0.15866,3.441960732122147,0.9999803859660789,13
PercDevAbs_TR_5,11.25,0.25249,5.6011625691034235,0.6666746102242979,12
PercDevAbs_TR_5,11.25,0.36944,8.727445614895794,0.33333688458431254,11
PercDevAbs_TR_5,11.25,0.5,13.116334060849757,-0,10
PercDevAbs_TR_5,11.25,0.63056,19.121635681702248,-0.33333688458431254,9
PercDevAbs_TR_5,11.25,0.74751,27.162611734012458,-0.6666746102242979,8
PercDevAbs_TR_5,11.25,0.84134,37.73106177804906,-0.9999803859660789,7
PercDevAbs_TR_5,11.25,0.90879,51.406094613324754,-1.3333407702662026,6
PercDevAbs_TR_5,11.25,0.95221,68.85440293427077,-1.6666702079210545,5
PercDevAbs_TR_5,11.25,0.97725,90.8531294778326,-2.0000024438996027,4
PercDevAbs_TR_5,11.25,0.99018,118.28146897521296,-2.3331552225672416,3
PercDevAbs_TR_5,11.25,0.99617,152.22397800991706,-2.6667000630340683,2
PercDevAbs_TR_5,11.25,0.99865,193.8027653832008,-2.999976992703401,1
PercDevAbs_TR_5,11.5,0.00135,0.0302257593049525,2.999976992703393,19
PercDevAbs_TR_5,11.5,0.00383,0.09717472547725864,2.6667000630340683,18
PercDevAbs_TR_5,11.5,0.00982,0.25022233202267585,2.3331552225672434,17
PercDevAbs_TR_5,11.5,0.02275,0.552632772164469,2.000002443899604,16
PercDevAbs_TR_5,11.5,0.04779,1.0934970902685275,1.6666702079210545,15
PercDevAbs_TR_5,11.5,0.09121,1.9906397615664835,1.3333407702662026,14
PercDevAbs_TR_5,11.5,0.15866,3.3956993765554526,0.9999803859660789,13
PercDevAbs_TR_5,11.5,0.25249,5.497861168254518,0.6666746102242979,12
PercDevAbs_TR_5,11.5,0.36944,8.530350578761082,0.33333688458431254,11
PercDevAbs_TR_5,11.5,0.5,12.774406535701976,-0,10
PercDevAbs_TR_5,11.5,0.63056,18.566243016336397,-0.33333688458431254,9
PercDevAbs_TR_5,11.5,0.74751,26.303777156523815,-0.6666746102242979,8
PercDevAbs_TR_5,11.5,0.84134,36.45326160511704,-0.9999803859660789,7
PercDevAbs_TR_5,11.5,0.90879,49.56327222677329,-1.3333407702662026,6
PercDevAbs_TR_5,11.5,0.95221,66.2647602287881,-1.6666702079210545,5
PercDevAbs_TR_5,11.5,0.97725,87.29275091052361,-2.0000024438996027,4
PercDevAbs_TR_5,11.5,0.99018,113.47810089144332,-2.3331552225672416,3
PercDevAbs_TR_5,11.5,0.99617,145.84584443746877,-2.6667000630340683,2
PercDevAbs_TR_5,11.5,0.99865,185.45483882222098,-2.999976992703401,1
PercDevAbs_TR_5,11.75,0.00135,0.032625960642524425,2.999976992703393,19
PercDevAbs_TR_5,11.75,0.00383,0.10182355106781484,2.6667000630340683,18
PercDevAbs_TR_5,11.75,0.00982,0.25701438792939907,2.3331552225672434,17
PercDevAbs_TR_5,11.75,0.02275,0.5596204391173287,2.000002443899604,16
PercDevAbs_TR_5,11.75,0.04779,1.0956048460609387,1.6666702079210545,15
PercDevAbs_TR_5,11.75,0.09121,1.9780840161312634,1.3333407702662026,14
PercDevAbs_TR_5,11.75,0.15866,3.3521172174488387,0.9999803859660789,13
PercDevAbs_TR_5,11.75,0.25249,5.398151192749884,0.6666746102242979,12
PercDevAbs_TR_5,11.75,0.36944,8.338151266252122,0.33333688458431254,11
PercDevAbs_TR_5,11.75,0.5,12.439257997679395,-0,10
PercDevAbs_TR_5,11.75,0.63056,18.020337042364577,-0.33333688458431254,9
PercDevAbs_TR_5,11.75,0.74751,25.45827474396164,-0.6666746102242979,8
PercDevAbs_TR_5,11.75,0.84134,35.194167767952976,-0.9999803859660789,7
PercDevAbs_TR_5,11.75,0.90879,47.746541997283146,-1.3333407702662026,6
PercDevAbs_TR_5,11.75,0.95221,63.71118982011378,-1.6666702079210545,5
PercDevAbs_TR_5,11.75,0.97725,83.78172202922934,-2.0000024438996027,4
PercDevAbs_TR_5,11.75,0.99018,108.74148357449,-2.3331552225672416,3
PercDevAbs_TR_5,11.75,0.99617,139.55701251167918,-2.6667000630340683,2
PercDevAbs_TR_5,11.75,0.99865,177.2250412786246,-2.999976992703401,1
PercDevAbs_TR_5,12,0.00135,0.035263442823163973,2.999976992703393,19
PercDevAbs_TR_5,12,0.00383,0.10682876646034886,2.6667000630340683,18
PercDevAbs_TR_5,12,0.00982,0.2642731140195882,2.3331552225672434,17
PercDevAbs_TR_5,12,0.02275,0.5671811887988287,2.000002443899604,16
PercDevAbs_TR_5,12,0.04779,1.098426797243463,1.6666702079210545,15
PercDevAbs_TR_5,12,0.09121,1.9665024628637957,1.3333407702662026,14
PercDevAbs_TR_5,12,0.15866,3.310031016882563,0.9999803859660789,13
PercDevAbs_TR_5,12,0.25249,5.300934938335936,0.6666746102242979,12
PercDevAbs_TR_5,12,0.36944,8.150219215316202,0.33333688458431254,11
PercDevAbs_TR_5,12,0.5,12.111325217881983,-0,10
PercDevAbs_TR_5,12,0.63056,17.486284956258174,-0.33333688458431254,9
PercDevAbs_TR_5,12,0.74751,24.631601459651655,-0.6666746102242979,8
PercDevAbs_TR_5,12,0.84134,33.964013858874715,-0.9999803859660789,7
PercDevAbs_TR_5,12,0.90879,45.972974570758055,-1.3333407702662026,6
PercDevAbs_TR_5,12,0.95221,61.22028603666399,-1.6666702079210545,5
PercDevAbs_TR_5,12,0.97725,80.35954456179408,-2.0000024438996027,4
PercDevAbs_TR_5,12,0.99018,104.12821948994062,-2.3331552225672416,3
PercDevAbs_TR_5,12,0.99617,133.4363739563855,-2.6667000630340683,2
PercDevAbs_TR_5,12,0.99865,169.2208229116516,-2.999976992703401,1
PercDevAbs_TR_6,6,0.00135,0.00992024432305519,2.999976992703393,19
PercDevAbs_TR_6,6,0.00383,0.1087704322824986,2.6667000630340683,18
PercDevAbs_TR_6,6,0.00982,0.5461626032403493,2.3331552225672434,17
PercDevAbs_TR_6,6,0.02275,1.6898615117630318,2.000002443899604,16
PercDevAbs_TR_6,6,0.04779,3.908891110077256,1.6666702079210545,15
PercDevAbs_TR_6,6,0.09121,7.5323070799738625,1.3333407702662026,14
PercDevAbs_TR_6,6,0.15866,12.877656537129463,0.9999803859660789,13
PercDevAbs_TR_6,6,0.25249,20.29225509560017,0.6666746102242979,12
PercDevAbs_TR_6,6,0.36944,30.208698936147375,0.33333688458431254,11
PercDevAbs_TR_6,6,0.5,43.197103135581756,-0,10
PercDevAbs_TR_6,6,0.63056,60.042042512448354,-0.33333688458431254,9
PercDevAbs_TR_6,6,0.74751,81.84495745069793,-0.6666746102242979,8
PercDevAbs_TR_6,6,0.84134,110.17301358455356,-0.9999803859660789,7
PercDevAbs_TR_6,6,0.90879,147.30667971130518,-1.3333407702662026,6
PercDevAbs_TR_6,6,0.95221,196.57930258508748,-1.6666702079210545,5
PercDevAbs_TR_6,6,0.97725,262.999663847108,-2.0000024438996027,4
PercDevAbs_TR_6,6,0.99018,354.1604001352551,-2.3331552225672416,3
PercDevAbs_TR_6,6,0.99617,482.2096759573971,-2.6667000630340683,2
PercDevAbs_TR_6,6,0.99865,666.0762723180231,-2.999976992703401,1
PercDevAbs_TR_6,6.25,0.00135,0.008225855986081504,2.999976992703393,19
PercDevAbs_TR_6,6.25,0.00383,0.09237562440924173,2.6667000630340683,18
PercDevAbs_TR_6,6.25,0.00982,0.47176443421778813,2.3331552225672434,17
PercDevAbs_TR_6,6.25,0.02275,1.475693044836649,2.000002443899604,16
PercDevAbs_TR_6,6.25,0.04779,3.4380368243083064,1.6666702079210545,15
PercDevAbs_TR_6,6.25,0.09121,6.657792729068706,1.3333407702662026,14
PercDevAbs_TR_6,6.25,0.15866,11.423497465894904,0.9999803859660789,13
PercDevAbs_TR_6,6.25,0.25249,18.050222015659752,0.6666746102242979,12
PercDevAbs_TR_6,6.25,0.36944,26.929647424997185,0.33333688458431254,11
PercDevAbs_TR_6,6.25,0.5,38.577409197966595,-0,10
PercDevAbs_TR_6,6.25,0.63056,53.70272071314173,-0.33333688458431254,9
PercDevAbs_TR_6,6.25,0.74751,73.30110112766556,-0.6666746102242979,8
PercDevAbs_TR_6,6.25,0.84134,98.78918126591297,-0.9999803859660789,7
PercDevAbs_TR_6,6.25,0.90879,132.22883490961792,-1.3333407702662026,6
PercDevAbs_TR_6,6.25,0.95221,176.63493882125132,-1.6666702079210545,5
PercDevAbs_TR_6,6.25,0.97725,236.5393013976903,-2.0000024438996027,4
PercDevAbs_TR_6,6.25,0.99018,318.8143459075175,-2.3331552225672416,3
PercDevAbs_TR_6,6.25,0.99617,434.4596107112417,-2.6667000630340683,2
PercDevAbs_TR_6,6.25,0.99865,600.6226268813425,-2.999976992703401,1
PercDevAbs_TR_6,6.5,0.00135,0.006821190314665728,2.999976992703393,19
PercDevAbs_TR_6,6.5,0.00383,0.07845706893781483,2.6667000630340683,18
PercDevAbs_TR_6,6.5,0.00982,0.4075798740949917,2.3331552225672434,17
PercDevAbs_TR_6,6.5,0.02275,1.2890543567127255,2.000002443899604,16
PercDevAbs_TR_6,6.5,0.04779,3.025013911624451,1.6666702079210545,15
PercDevAbs_TR_6,6.5,0.09121,5.88722803738876,1.3333407702662026,14
PercDevAbs_TR_6,6.5,0.15866,10.137979722592092,0.9999803859660789,13
PercDevAbs_TR_6,6.5,0.25249,16.06322036808528,0.6666746102242979,12
PercDevAbs_TR_6,6.5,0.36944,24.017758129029556,0.33333688458431254,11
PercDevAbs_TR_6,6.5,0.5,34.46818453423402,-0,10
PercDevAbs_TR_6,6.5,0.63056,48.05590619929258,-0.33333688458431254,9
PercDevAbs_TR_6,6.5,0.74751,65.68114962016206,-0.6666746102242979,8
PercDevAbs_TR_6,6.5,0.84134,88.62509917704601,-0.9999803859660789,7
PercDevAbs_TR_6,6.5,0.90879,118.75290151056052,-1.3333407702662026,6
PercDevAbs_TR_6,6.5,0.95221,158.79272656428955,-1.6666702079210545,5
PercDevAbs_TR_6,6.5,0.97725,212.84683931662877,-2.0000024438996027,4
PercDevAbs_TR_6,6.5,0.99018,287.1388129772196,-2.3331552225672416,3
PercDevAbs_TR_6,6.5,0.99617,391.63304137362564,-2.6667000630340683,2
PercDevAbs_TR_6,6.5,0.99865,541.871023946505,-2.999976992703401,1
PercDevAbs_TR_6,6.75,0.00135,0.005663633536510152,2.999976992703393,19
PercDevAbs_TR_6,6.75,0.00383,0.06672155803116529,2.6667000630340683,18
PercDevAbs_TR_6,6.75,0.00982,0.3526259332039266,2.3331552225672434,17
PercDevAbs_TR_6,6.75,0.02275,1.1277324749866524,2.000002443899604,16
PercDevAbs_TR_6,6.75,0.04779,2.6658361149499776,1.6666702079210545,15
PercDevAbs_TR_6,6.75,0.09121,5.214336744719409,1.3333407702662026,14
PercDevAbs_TR_6,6.75,0.15866,9.012039523909,0.9999803859660789,13
PercDevAbs_TR_6,6.75,0.25249,14.31890307612573,0.6666746102242979,12
PercDevAbs_TR_6,6.75,0.36944,21.45688180671331,0.33333688458431254,11
PercDevAbs_TR_6,6.75,0.5,30.8489104245346,-0,10
PercDevAbs_TR_6,6.75,0.63056,43.07606456258007,-0.33333688458431254,9
PercDevAbs_TR_6,6.75,0.74751,58.95379224136709,-0.6666746102242979,8
PercDevAbs_TR_6,6.75,0.84134,79.64276284754762,-0.9999803859660789,7
PercDevAbs_TR_6,6.75,0.90879,106.83305006142659,-1.3333407702662026,6
PercDevAbs_TR_6,6.75,0.95221,142.9976010572382,-1.6666702079210545,5
PercDevAbs_TR_6,6.75,0.97725,191.8561968874814,-2.0000024438996027,4
PercDevAbs_TR_6,6.75,0.99018,259.0544502887085,-2.3331552225672416,3
PercDevAbs_TR_6,6.75,0.99617,353.6344484262915,-2.6667000630340683,2
PercDevAbs_TR_6,6.75,0.99865,489.7061368263704,-2.999976992703401,1
PercDevAbs_TR_6,7,0.00135,0.004716622837292131,2.999976992703393,19
PercDevAbs_TR_6,7,0.00383,0.05691156740984557,2.6667000630340683,18
PercDevAbs_TR_6,7,0.00982,0.30603355893049217,2.3331552225672434,17
PercDevAbs_TR_6,7,0.02275,0.9897821113173904,2.000002443899604,16
PercDevAbs_TR_6,7,0.04779,2.357044087166098,1.6666702079210545,15
PercDevAbs_TR_6,7,0.09121,4.633763681352238,1.3333407702662026,14
PercDevAbs_TR_6,7,0.15866,8.038093281372989,0.9999803859660789,13
PercDevAbs_TR_6,7,0.25249,12.8071607738617,0.6666746102242979,12
PercDevAbs_TR_6,7,0.36944,19.23410491270154,0.33333688458431254,11
PercDevAbs_TR_6,7,0.5,27.70359780590787,-0,10
PercDevAbs_TR_6,7,0.63056,38.743857354421856,-0.33333688458431254,9
PercDevAbs_TR_6,7,0.74751,53.096060041489125,-0.6666746102242979,8
PercDevAbs_TR_6,7,0.84134,71.81528713837015,-0.9999803859660789,7
PercDevAbs_TR_6,7,0.90879,96.43820148064106,-1.3333407702662026,6
PercDevAbs_TR_6,7,0.95221,129.2140563362388,-1.6666702079210545,5
PercDevAbs_TR_6,7,0.97725,173.52732487725117,-2.0000024438996027,4
PercDevAbs_TR_6,7,0.99018,234.51681361069103,-2.3331552225672416,3
PercDevAbs_TR_6,7,0.99617,320.4156793434494,-2.6667000630340683,2
PercDevAbs_TR_6,7,0.99865,444.07789435409205,-2.999976992703401,1
PercDevAbs_TR_6,7.25,0.00135,0.0039478877927054,2.999976992703393,19
PercDevAbs_TR_6,7.25,0.00383,0.04878964992178256,2.6667000630340683,18
PercDevAbs_TR_6,7.25,0.00982,0.2669735021495265,2.3331552225672434,17
PercDevAbs_TR_6,7.25,0.02275,0.8732981370005509,2.000002443899604,16
PercDevAbs_TR_6,7.25,0.04779,2.095177977512974,1.6666702079210545,15
PercDevAbs_TR_6,7.25,0.09121,4.140054602142239,1.3333407702662026,14
PercDevAbs_TR_6,7.25,0.15866,7.208287116185308,0.9999803859660789,13
PercDevAbs_TR_6,7.25,0.25249,11.517354689318669,0.6666746102242979,12
PercDevAbs_TR_6,7.25,0.36944,17.33561901769097,0.33333688458431254,11
PercDevAbs_TR_6,7.25,0.5,25.014866783840393,-0,10
PercDevAbs_TR_6,7.25,0.63056,35.03789578319251,-0.33333688458431254,9
PercDevAbs_TR_6,7.25,0.74751,48.08206415115322,-0.6666746102242979,8
PercDevAbs_TR_6,7.25,0.84134,65.11172105991527,-0.9999803859660789,7
PercDevAbs_TR_6,7.25,0.90879,87.53169192924004,-1.3333407702662026,6
PercDevAbs_TR_6,7.25,0.95221,117.39896830044252,-1.6666702079210545,5
PercDevAbs_TR_6,7.25,0.97725,157.80979519971996,-2.0000024438996027,4
PercDevAbs_TR_6,7.25,0.99018,213.46726878456846,-2.3331552225672416,3
PercDevAbs_TR_6,7.25,0.99617,291.9090132841227,-2.6667000630340683,2
PercDevAbs_TR_6,7.25,0.99865,404.9089053108848,-2.999976992703401,1
PercDevAbs_TR_6,7.5,0.00135,0.003328252442767625,2.999976992703393,19
PercDevAbs_TR_6,7.5,0.00383,0.042127315622557324,2.6667000630340683,18
PercDevAbs_TR_6,7.5,0.00982,0.23459902459171472,2.3331552225672434,17
PercDevAbs_TR_6,7.5,0.02275,0.7762279612709982,2.000002443899604,16
PercDevAbs_TR_6,7.5,0.04779,1.8763226038464969,1.6666702079210545,15
PercDevAbs_TR_6,7.5,0.09121,3.726748572239683,1.3333407702662026,14
PercDevAbs_TR_6,7.5,0.15866,6.512903834433934,0.9999803859660789,13
PercDevAbs_TR_6,7.5,0.25249,10.435754731008974,0.6666746102242979,12
PercDevAbs_TR_6,7.5,0.36944,15.742844081200614,0.33333688458431254,11
PercDevAbs_TR_6,7.5,0.5,22.758327538367368,-0,10
PercDevAbs_TR_6,7.5,0.63056,31.926839837827394,-0.33333688458431254,9
PercDevAbs_TR_6,7.5,0.74751,43.872116822033966,-0.6666746102242979,8
PercDevAbs_TR_6,7.5,0.84134,59.48227100956342,-0.9999803859660789,7
PercDevAbs_TR_6,7.5,0.90879,80.05135287505637,-1.3333407702662026,6
PercDevAbs_TR_6,7.5,0.95221,107.47480898156375,-1.6666702079210545,5
PercDevAbs_TR_6,7.5,0.97725,144.6067077581301,-2.0000024438996027,4
PercDevAbs_TR_6,7.5,0.99018,195.78405620620137,-2.3331552225672416,3
PercDevAbs_TR_6,7.5,0.99617,267.96009453025795,-2.6667000630340683,2
PercDevAbs_TR_6,7.5,0.99865,372.00122928917403,-2.999976992703401,1
PercDevAbs_TR_6,7.75,0.00135,0.0028287456983309843,2.999976992703393,19
PercDevAbs_TR_6,7.75,0.00383,0.03667018691393874,2.6667000630340683,18
PercDevAbs_TR_6,7.75,0.00982,0.2078480286890254,2.3331552225672434,17
PercDevAbs_TR_6,7.75,0.02275,0.6957004544480697,2.000002443899604,16
PercDevAbs_TR_6,7.75,0.04779,1.6944545157624595,1.6666702079210545,15
PercDevAbs_TR_6,7.75,0.09121,3.3830500285929017,1.3333407702662026,14
PercDevAbs_TR_6,7.75,0.15866,5.934488349227995,0.9999803859660789,13
PercDevAbs_TR_6,7.75,0.25249,9.536053857536553,0.6666746102242979,12
PercDevAbs_TR_6,7.75,0.36944,14.418031052318272,0.33333688458431254,11
PercDevAbs_TR_6,7.75,0.5,20.88166189201152,-0,10
PercDevAbs_TR_6,7.75,0.63056,29.339926968551048,-0.33333688458431254,9
PercDevAbs_TR_6,7.75,0.74751,40.37208276918397,-0.6666746102242979,8
PercDevAbs_TR_6,7.75,0.84134,54.80300628263969,-0.9999803859660789,7
PercDevAbs_TR_6,7.75,0.90879,73.83487170999044,-1.3333407702662026,6
PercDevAbs_TR_6,7.75,0.95221,99.22915903975601,-1.6666702079210545,5
PercDevAbs_TR_6,7.75,0.97725,133.63913240446956,-2.0000024438996027,4
PercDevAbs_TR_6,7.75,0.99018,181.09830318169813,-2.3331552225672416,3
PercDevAbs_TR_6,7.75,0.99617,248.07551803246636,-2.6667000630340683,2
PercDevAbs_TR_6,7.75,0.99865,344.68515031698996,-2.999976992703401,1
PercDevAbs_TR_6,8,0.00135,0.0024285220943605452,2.999976992703393,19
PercDevAbs_TR_6,8,0.00383,0.032241584237276334,2.6667000630340683,18
PercDevAbs_TR_6,8,0.00982,0.18602297098825157,2.3331552225672434,17
PercDevAbs_TR_6,8,0.02275,0.6299422196422569,2.000002443899604,16
PercDevAbs_TR_6,8,0.04779,1.5460638375251248,1.6666702079210545,15
PercDevAbs_TR_6,8,0.09121,3.1029904675003115,1.3333407702662026,14
PercDevAbs_TR_6,8,0.15866,5.463832621253233,0.9999803859660789,13
PercDevAbs_TR_6,8,0.25249,8.804946881420078,0.6666746102242979,12
PercDevAbs_TR_6,8,0.36944,13.34280589557668,0.33333688458431254,11
PercDevAbs_TR_6,8,0.5,19.3602910951598,-0,10
PercDevAbs_TR_6,8,0.63056,27.245002283235657,-0.33333688458431254,9
PercDevAbs_TR_6,8,0.74751,37.540525747798846,-0.6666746102242979,8
PercDevAbs_TR_6,8,0.84134,51.02103345338381,-0.9999803859660789,7
PercDevAbs_TR_6,8,0.90879,68.81504852563972,-1.3333407702662026,6
PercDevAbs_TR_6,8,0.95221,92.57670447146344,-1.6666702079210545,5
PercDevAbs_TR_6,8,0.97725,124.79843252659478,-2.0000024438996027,4
PercDevAbs_TR_6,8,0.99018,169.27078852482896,-2.3331552225672416,3
PercDevAbs_TR_6,8,0.99617,232.07502313900898,-2.6667000630340683,2
PercDevAbs_TR_6,8,0.99865,322.7241501440568,-2.999976992703401,1
PercDevAbs_TR_6,8.25,0.00135,0.0021112571009669267,2.999976992703393,19
PercDevAbs_TR_6,8.25,0.00383,0.028704555081088524,2.6667000630340683,18
PercDevAbs_TR_6,8.25,0.00982,0.1686026744098621,2.3331552225672434,17
PercDevAbs_TR_6,8.25,0.02275,0.5776981014711285,2.000002443899604,16
PercDevAbs_TR_6,8.25,0.04779,1.428817233125533,1.6666702079210545,15
PercDevAbs_TR_6,8.25,0.09121,2.8828565234213204,1.3333407702662026,14
PercDevAbs_TR_6,8.25,0.15866,5.095584466570032,0.9999803859660789,13
PercDevAbs_TR_6,8.25,0.25249,8.235218511449295,0.6666746102242979,12
PercDevAbs_TR_6,8.25,0.36944,12.507889372126145,0.33333688458431254,11
PercDevAbs_TR_6,8.25,0.5,18.18268731827441,-0,10
PercDevAbs_TR_6,8.25,0.63056,25.628116677939,-0.33333688458431254,9
PercDevAbs_TR_6,8.25,0.74751,35.360916130795516,-0.6666746102242979,8
PercDevAbs_TR_6,8.25,0.84134,48.117106785986984,-0.9999803859660789,7
PercDevAbs_TR_6,8.25,0.90879,64.96983246423086,-1.3333407702662026,6
PercDevAbs_TR_6,8.25,0.95221,87.49259635258976,-1.6666702079210545,5
PercDevAbs_TR_6,8.25,0.97725,118.05715459408634,-2.0000024438996027,4
PercDevAbs_TR_6,8.25,0.99018,160.27200564430942,-2.3331552225672416,3
PercDevAbs_TR_6,8.25,0.99617,219.92827468190004,-2.6667000630340683,2
PercDevAbs_TR_6,8.25,0.99865,306.0895666599312,-2.999976992703401,1
PercDevAbs_TR_6,8.5,0.00135,0.001858188121287375,2.999976992703393,19
PercDevAbs_TR_6,8.5,0.00383,0.025870937923776958,2.6667000630340683,18
PercDevAbs_TR_6,8.5,0.00982,0.15471569822777334,2.3331552225672434,17
PercDevAbs_TR_6,8.5,0.02275,0.5364361031810186,2.000002443899604,16
PercDevAbs_TR_6,8.5,0.04779,1.337128319168734,1.6666702079210545,15
PercDevAbs_TR_6,8.5,0.09121,2.712263367712981,1.3333407702662026,14
PercDevAbs_TR_6,8.5,0.15866,4.812480768108227,0.9999803859660789,13
PercDevAbs_TR_6,8.5,0.25249,7.800274060959482,0.6666746102242979,12
PercDevAbs_TR_6,8.5,0.36944,11.874426689441158,0.33333688458431254,11
PercDevAbs_TR_6,8.5,0.5,17.294173054458277,-0,10
PercDevAbs_TR_6,8.5,0.63056,24.414329254472868,-0.33333688458431254,9
PercDevAbs_TR_6,8.5,0.74751,33.7323744547196,-0.6666746102242979,8
PercDevAbs_TR_6,8.5,0.84134,45.95697898518889,-0.9999803859660789,7
PercDevAbs_TR_6,8.5,0.90879,62.121633102880274,-1.3333407702662026,6
PercDevAbs_TR_6,8.5,0.95221,83.74221922847192,-1.6666702079210545,5
PercDevAbs_TR_6,8.5,0.97725,113.10442902758032,-2.0000024438996027,4
PercDevAbs_TR_6,8.5,0.99018,153.68723334991046,-2.3331552225672416,3
PercDevAbs_TR_6,8.5,0.99617,211.07576667753736,-2.6667000630340683,2
PercDevAbs_TR_6,8.5,0.99865,294.01551931286537,-2.999976992703401,1
PercDevAbs_TR_6,8.75,0.00135,0.0016512269034479484,2.999976992703393,19
PercDevAbs_TR_6,8.75,0.00383,0.023540544778473897,2.6667000630340683,18
PercDevAbs_TR_6,8.75,0.00982,0.14334792479833902,2.3331552225672434,17
PercDevAbs_TR_6,8.75,0.02275,0.5029989910761521,2.000002443899604,16
PercDevAbs_TR_6,8.75,0.04779,1.2636656839621954,1.6666702079210545,15
PercDevAbs_TR_6,8.75,0.09121,2.5770493648124937,1.3333407702662026,14
PercDevAbs_TR_6,8.75,0.15866,4.590271568917996,0.9999803859660789,13
PercDevAbs_TR_6,8.75,0.25249,7.461859323446497,0.6666746102242979,12
PercDevAbs_TR_6,8.75,0.36944,11.385424522239623,0.33333688458431254,11
PercDevAbs_TR_6,8.75,0.5,16.61320190934646,-0,10
PercDevAbs_TR_6,8.75,0.63056,23.49024169541347,-0.33333688458431254,9
PercDevAbs_TR_6,8.75,0.74751,32.500267026508894,-0.6666746102242979,8
PercDevAbs_TR_6,8.75,0.84134,44.33243144727143,-0.9999803859660789,7
PercDevAbs_TR_6,8.75,0.90879,59.991981206548985,-1.3333407702662026,6
PercDevAbs_TR_6,8.75,0.95221,80.95387842314507,-1.6666702079210545,5
PercDevAbs_TR_6,8.75,0.97725,109.44288053315863,-2.0000024438996027,4
PercDevAbs_TR_6,8.75,0.99018,148.8465893654343,-2.3331552225672416,3
PercDevAbs_TR_6,8.75,0.99617,204.60528957745066,-2.6667000630340683,2
PercDevAbs_TR_6,8.75,0.99865,285.2418223496285,-2.999976992703401,1
PercDevAbs_TR_6,9,0.00135,0.0014783529659505713,2.999976992703393,19
PercDevAbs_TR_6,9,0.00383,0.0215797647883508,2.6667000630340683,18
PercDevAbs_TR_6,9,0.00982,0.13381888364652425,2.3331552225672434,17
PercDevAbs_TR_6,9,0.02275,0.4752589461715396,2.000002443899604,16
PercDevAbs_TR_6,9,0.04779,1.2034729940305378,1.6666702079210545,15
PercDevAbs_TR_6,9,0.09121,2.4676200517620437,1.3333407702662026,14
PercDevAbs_TR_6,9,0.15866,4.41250221487723,0.9999803859660789,13
PercDevAbs_TR_6,9,0.25249,7.193987138924952,0.6666746102242979,12
PercDevAbs_TR_6,9,0.36944,11.002130804905224,0.33333688458431254,11
PercDevAbs_TR_6,9,0.5,16.08428681012993,-0,10
PercDevAbs_TR_6,9,0.63056,22.778646877388304,-0.33333688458431254,9
PercDevAbs_TR_6,9,0.74751,31.559256851612975,-0.6666746102242979,8
PercDevAbs_TR_6,9,0.84134,43.10156015044793,-0.9999803859660789,7
PercDevAbs_TR_6,9,0.90879,58.39101821743646,-1.3333407702662026,6
PercDevAbs_TR_6,9,0.95221,78.87406023384109,-1.6666702079210545,5
PercDevAbs_TR_6,9,0.97725,106.73315785076716,-2.0000024438996027,4
PercDevAbs_TR_6,9,0.99018,145.29287549448452,-2.3331552225672416,3
PercDevAbs_TR_6,9,0.99617,199.89406407184896,-2.6667000630340683,2
PercDevAbs_TR_6,9,0.99865,278.90787535319805,-2.999976992703401,1
PercDevAbs_TR_6,9.25,0.00135,0.001331531718646119,2.999976992703393,19
PercDevAbs_TR_6,9.25,0.00383,0.01989974851313734,2.6667000630340683,18
PercDevAbs_TR_6,9.25,0.00982,0.12567709116635914,2.3331552225672434,17
PercDevAbs_TR_6,9.25,0.02275,0.45180545377257275,2.000002443899604,16
PercDevAbs_TR_6,9.25,0.04779,1.1532668540522535,1.6666702079210545,15
PercDevAbs_TR_6,9.25,0.09121,2.3776232752418,1.3333407702662026,14
PercDevAbs_TR_6,9.25,0.15866,4.268284857488103,0.9999803859660789,13
PercDevAbs_TR_6,9.25,0.25249,6.979471139214687,0.6666746102242979,12
PercDevAbs_TR_6,9.25,0.36944,10.698929556079838,0.33333688458431254,11
PercDevAbs_TR_6,9.25,0.5,15.670765814300461,-0,10
PercDevAbs_TR_6,9.25,0.63056,22.228552772926342,-0.33333688458431254,9
PercDevAbs_TR_6,9.25,0.74751,30.839800213070845,-0.6666746102242979,8
PercDevAbs_TR_6,9.25,0.84134,42.17071419919257,-0.9999803859660789,7
PercDevAbs_TR_6,9.25,0.90879,57.193489589377315,-1.3333407702662026,6
PercDevAbs_TR_6,9.25,0.95221,77.33557295200518,-1.6666702079210545,5
PercDevAbs_TR_6,9.25,0.97725,104.75153577445326,-2.0000024438996027,4
PercDevAbs_TR_6,9.25,0.99018,142.7247752201976,-2.3331552225672416,3
PercDevAbs_TR_6,9.25,0.99617,196.53178688535667,-2.6667000630340683,2
PercDevAbs_TR_6,9.25,0.99865,274.4468865849237,-2.999976992703401,1
PercDevAbs_TR_6,9.5,0.00135,0.0012015766154842087,2.999976992703393,19
PercDevAbs_TR_6,9.5,0.00383,0.018384024377113034,2.6667000630340683,18
PercDevAbs_TR_6,9.5,0.00982,0.11825722017417055,2.3331552225672434,17
PercDevAbs_TR_6,9.5,0.02275,0.43037863298416534,2.000002443899604,16
PercDevAbs_TR_6,9.5,0.04779,1.1074723689206623,1.6666702079210545,15
PercDevAbs_TR_6,9.5,0.09121,2.295818388482015,1.3333407702662026,14
PercDevAbs_TR_6,9.5,0.15866,4.137751815684391,0.9999803859660789,13
PercDevAbs_TR_6,9.5,0.25249,6.7861962159779194,0.6666746102242979,12
PercDevAbs_TR_6,9.5,0.36944,10.427030635271452,0.33333688458431254,11
PercDevAbs_TR_6,9.5,0.5,15.301692758719307,-0,10
PercDevAbs_TR_6,9.5,0.63056,21.73993393442984,-0.33333688458431254,9
PercDevAbs_TR_6,9.5,0.74751,30.203846794388507,-0.6666746102242979,8
PercDevAbs_TR_6,9.5,0.84134,41.35199222756754,-0.9999803859660789,7
PercDevAbs_TR_6,9.5,0.90879,56.145616433579875,-1.3333407702662026,6
PercDevAbs_TR_6,9.5,0.95221,75.99657429499337,-1.6666702079210545,5
PercDevAbs_TR_6,9.5,0.97725,103.0366375578642,-2.0000024438996027,4
PercDevAbs_TR_6,9.5,0.99018,140.51577737333656,-2.3331552225672416,3
PercDevAbs_TR_6,9.5,0.99617,193.6585349443982,-2.6667000630340683,2
PercDevAbs_TR_6,9.5,0.99865,270.6617452992356,-2.999976992703401,1
PercDevAbs_TR_6,9.75,0.00135,0.0010782813187395096,2.999976992703393,19
PercDevAbs_TR_6,9.75,0.00383,0.01688791457796039,2.6667000630340683,18
PercDevAbs_TR_6,9.75,0.00982,0.11065739780790823,2.3331552225672434,17
PercDevAbs_TR_6,9.75,0.02275,0.4077331462626397,2.000002443899604,16
PercDevAbs_TR_6,9.75,0.04779,1.0577758366920202,1.6666702079210545,15
PercDevAbs_TR_6,9.75,0.09121,2.205006258157886,1.3333407702662026,14
PercDevAbs_TR_6,9.75,0.15866,3.989938237394358,0.9999803859660789,13
PercDevAbs_TR_6,9.75,0.25249,6.563409073391236,0.6666746102242979,12
PercDevAbs_TR_6,9.75,0.36944,10.10848094113341,0.33333688458431254,11
PercDevAbs_TR_6,9.75,0.5,14.862699729867519,-0,10
PercDevAbs_TR_6,9.75,0.63056,21.150329300785817,-0.33333688458431254,9
PercDevAbs_TR_6,9.75,0.74751,29.425712143667464,-0.6666746102242979,8
PercDevAbs_TR_6,9.75,0.84134,40.336436606617035,-0.9999803859660789,7
PercDevAbs_TR_6,9.75,0.90879,54.82793748368494,-1.3333407702662026,6
PercDevAbs_TR_6,9.75,0.95221,74.28932199393262,-1.6666702079210545,5
PercDevAbs_TR_6,9.75,0.97725,100.81873749173361,-2.0000024438996027,4
PercDevAbs_TR_6,9.75,0.99018,137.6161915465988,-2.3331552225672416,3
PercDevAbs_TR_6,9.75,0.99617,189.82764144509193,-2.6667000630340683,2
PercDevAbs_TR_6,9.75,0.99865,265.5305599482918,-2.999976992703401,1
PercDevAbs_TR_6,10,0.00135,9.557636663426075e-4,2.999976992703393,19
PercDevAbs_TR_6,10,0.00383,0.015321703409354607,2.6667000630340683,18
PercDevAbs_TR_6,10,0.00982,0.10227404850800752,2.3331552225672434,17
PercDevAbs_TR_6,10,0.02275,0.3815731480568025,2.000002443899604,16
PercDevAbs_TR_6,10,0.04779,0.9980730210740215,1.6666702079210545,15
PercDevAbs_TR_6,10,0.09121,2.0922336826668753,1.3333407702662026,14
PercDevAbs_TR_6,10,0.15866,3.8010960223077395,0.9999803859660789,13
PercDevAbs_TR_6,10,0.25249,6.271651444012386,0.6666746102242979,12
PercDevAbs_TR_6,10,0.36944,9.682026329591483,0.33333688458431254,11
PercDevAbs_TR_6,10,0.5,14.263137251026883,-0,10
PercDevAbs_TR_6,10,0.63056,20.330032016410936,-0.33333688458431254,9
PercDevAbs_TR_6,10,0.74751,28.324081327843,-0.6666746102242979,8
PercDevAbs_TR_6,10,0.84134,38.87445479090373,-0.9999803859660789,7
PercDevAbs_TR_6,10,0.90879,52.899895391656884,-1.3333407702662026,6
PercDevAbs_TR_6,10,0.95221,71.7507547242921,-1.6666702079210545,5
PercDevAbs_TR_6,10,0.97725,97.46734500347844,-2.0000024438996027,4
PercDevAbs_TR_6,10,0.99018,133.16272829374842,-2.3331552225672416,3
PercDevAbs_TR_6,10,0.99617,183.8447335782771,-2.6667000630340683,2
PercDevAbs_TR_6,10,0.99865,257.37783808984415,-2.999976992703401,1
PercDevAbs_TR_6,10.25,0.00135,8.339191467456193e-4,2.999976992703393,19
PercDevAbs_TR_6,10.25,0.00383,0.013681914117731906,2.6667000630340683,18
PercDevAbs_TR_6,10.25,0.00982,0.09304511237025696,2.3331552225672434,17
PercDevAbs_TR_6,10.25,0.02275,0.35153319359056234,2.000002443899604,16
PercDevAbs_TR_6,10.25,0.04779,0.9271479973039419,1.6666702079210545,15
PercDevAbs_TR_6,10.25,0.09121,1.9545587273388771,1.3333407702662026,14
PercDevAbs_TR_6,10.25,0.15866,3.565352865754326,0.9999803859660789,13
PercDevAbs_TR_6,10.25,0.25249,5.900567499794423,0.6666746102242979,12
PercDevAbs_TR_6,10.25,0.36944,9.13086147461521,0.33333688458431254,11
PercDevAbs_TR_6,10.25,0.5,13.477257752161904,-0,10
PercDevAbs_TR_6,10.25,0.63056,19.24114711396528,-0.33333688458431254,9
PercDevAbs_TR_6,10.25,0.74751,26.84471102325662,-0.6666746102242979,8
PercDevAbs_TR_6,10.25,0.84134,36.889832014936985,-0.9999803859660789,7
PercDevAbs_TR_6,10.25,0.90879,50.25559673788397,-1.3333407702662026,6
PercDevAbs_TR_6,10.25,0.95221,68.23451252897493,-1.6666702079210545,5
PercDevAbs_TR_6,10.25,0.97725,92.78016435235166,-2.0000024438996027,4
PercDevAbs_TR_6,10.25,0.99018,126.87449624401053,-2.3331552225672416,3
PercDevAbs_TR_6,10.25,0.99617,175.31603306361902,-2.6667000630340683,2
PercDevAbs_TR_6,10.25,0.99865,245.6442116804482,-2.999976992703401,1
PercDevAbs_TR_6,10.5,0.00135,7.165005572636958e-4,2.999976992703393,19
PercDevAbs_TR_6,10.5,0.00383,0.01202972519722378,2.6667000630340683,18
PercDevAbs_TR_6,10.5,0.00982,0.08335328755179773,2.3331552225672434,17
PercDevAbs_TR_6,10.5,0.02275,0.31893257401531766,2.000002443899604,16
PercDevAbs_TR_6,10.5,0.04779,0.8482248498538394,1.6666702079210545,15
PercDevAbs_TR_6,10.5,0.09121,1.7983842522253193,1.3333407702662026,14
PercDevAbs_TR_6,10.5,0.15866,3.293853189180023,0.9999803859660789,13
PercDevAbs_TR_6,10.5,0.25249,5.46791909763151,0.6666746102242979,12
PercDevAbs_TR_6,10.5,0.36944,8.481630491025637,0.33333688458431254,11
PercDevAbs_TR_6,10.5,0.5,12.543364924722598,-0,10
PercDevAbs_TR_6,10.5,0.63056,17.9371206427986,-0.33333688458431254,9
PercDevAbs_TR_6,10.5,0.74751,25.060663001830797,-0.6666746102242979,8
PercDevAbs_TR_6,10.5,0.84134,34.481128608854846,-0.9999803859660789,7
PercDevAbs_TR_6,10.5,0.90879,47.02703395688894,-1.3333407702662026,6
PercDevAbs_TR_6,10.5,0.95221,63.91695011763007,-1.6666702079210545,5
PercDevAbs_TR_6,10.5,0.97725,86.99334372439152,-2.0000024438996027,4
PercDevAbs_TR_6,10.5,0.99018,119.06968774763166,-2.3331552225672416,3
PercDevAbs_TR_6,10.5,0.99617,164.6749325610592,-2.6667000630340683,2
PercDevAbs_TR_6,10.5,0.99865,230.92841015141403,-2.999976992703401,1
PercDevAbs_TR_6,10.75,0.00135,6.077961040977284e-4,2.999976992703393,19
PercDevAbs_TR_6,10.75,0.00383,0.0104414188803944,2.6667000630340683,18
PercDevAbs_TR_6,10.75,0.00982,0.0737185199595013,2.3331552225672434,17
PercDevAbs_TR_6,10.75,0.02275,0.28569223183775627,2.000002443899604,16
PercDevAbs_TR_6,10.75,0.04779,0.7662508838890855,1.6666702079210545,15
PercDevAbs_TR_6,10.75,0.09121,1.6339334463753377,1.3333407702662026,14
PercDevAbs_TR_6,10.75,0.15866,3.004947305300424,0.9999803859660789,13
PercDevAbs_TR_6,10.75,0.25249,5.003681422408602,0.6666746102242979,12
PercDevAbs_TR_6,10.75,0.36944,7.780219791566636,0.33333688458431254,11
PercDevAbs_TR_6,10.75,0.5,11.52856977561397,-0,10
PercDevAbs_TR_6,10.75,0.63056,16.513006365393263,-0.33333688458431254,9
PercDevAbs_TR_6,10.75,0.74751,23.103621345455434,-0.6666746102242979,8
PercDevAbs_TR_6,10.75,0.84134,31.828152416121753,-0.9999803859660789,7
PercDevAbs_TR_6,10.75,0.90879,43.4577250131644,-1.3333407702662026,6
PercDevAbs_TR_6,10.75,0.95221,59.126887384782094,-1.6666702079210545,5
PercDevAbs_TR_6,10.75,0.97725,80.551654906775,-2.0000024438996027,4
PercDevAbs_TR_6,10.75,0.99018,110.35346872209138,-2.3331552225672416,3
PercDevAbs_TR_6,10.75,0.99617,152.75358275871906,-2.6667000630340683,2
PercDevAbs_TR_6,10.75,0.99865,214.39085548396093,-2.999976992703401,1
PercDevAbs_TR_6,11,0.00135,5.10539570817355e-4,2.999976992703393,19
PercDevAbs_TR_6,11,0.00383,0.008972970264151486,2.6667000630340683,18
PercDevAbs_TR_6,11,0.00982,0.06455516396840788,2.3331552225672434,17
PercDevAbs_TR_6,11,0.02275,0.25341963342843055,2.000002443899604,16
PercDevAbs_TR_6,11,0.04779,0.6854949573676751,1.6666702079210545,15
PercDevAbs_TR_6,11,0.09121,1.4702107117684524,1.3333407702662026,14
PercDevAbs_TR_6,11,0.15866,2.715036406931097,0.9999803859660789,13
PercDevAbs_TR_6,11,0.25249,4.534942456182181,0.6666746102242979,12
PercDevAbs_TR_6,11,0.36944,7.068456608964854,0.33333688458431254,11
PercDevAbs_TR_6,11,0.5,10.49448050027899,-0,10
PercDevAbs_TR_6,11,0.63056,15.056585558603977,-0.33333688458431254,9
PercDevAbs_TR_6,11,0.74751,21.095824722410573,-0.6666746102242979,8
PercDevAbs_TR_6,11,0.84134,29.098580825381227,-0.9999803859660789,7
PercDevAbs_TR_6,11,0.90879,39.77570470328281,-1.3333407702662026,6
PercDevAbs_TR_6,11,0.95221,54.17341996769371,-1.6666702079210545,5
PercDevAbs_TR_6,11,0.97725,73.87469454711228,-2.0000024438996027,4
PercDevAbs_TR_6,11,0.99018,101.29870051715885,-2.3331552225672416,3
PercDevAbs_TR_6,11,0.99617,140.34229671550113,-2.6667000630340683,2
PercDevAbs_TR_6,11,0.99865,197.13712213576727,-2.999976992703401,1
PercDevAbs_TR_6,11.25,0.00135,4.2572369012002534e-4,2.999976992703393,19
PercDevAbs_TR_6,11.25,0.00383,0.007653843085396783,2.6667000630340683,18
PercDevAbs_TR_6,11.25,0.00982,0.056114826288139436,2.3331552225672434,17
PercDevAbs_TR_6,11.25,0.02275,0.22315964508841238,2.000002443899604,16
PercDevAbs_TR_6,11.25,0.04779,0.6088385642978215,1.6666702079210545,15
PercDevAbs_TR_6,11.25,0.09121,1.313437995700854,1.3333407702662026,14
PercDevAbs_TR_6,11.25,0.15866,2.435634543421405,0.9999803859660789,13
PercDevAbs_TR_6,11.25,0.25249,4.080938131230587,0.6666746102242979,12
PercDevAbs_TR_6,11.25,0.36944,6.376305384999397,0.33333688458431254,11
PercDevAbs_TR_6,11.25,0.5,9.485542665674467,-0,10
PercDevAbs_TR_6,11.25,0.63056,13.631554075345425,-0.33333688458431254,9
PercDevAbs_TR_6,11.25,0.74751,19.126412191228642,-0.6666746102242979,8
PercDevAbs_TR_6,11.25,0.84134,26.415219116267416,-0.9999803859660789,7
PercDevAbs_TR_6,11.25,0.90879,36.148633375294196,-1.3333407702662026,6
PercDevAbs_TR_6,11.25,0.95221,49.28461442225449,-1.6666702079210545,5
PercDevAbs_TR_6,11.25,0.97725,67.27308238431792,-2.0000024438996027,4
PercDevAbs_TR_6,11.25,0.99018,92.33077503288621,-2.3331552225672416,3
PercDevAbs_TR_6,11.25,0.99617,128.0296703807381,-2.6667000630340683,2
PercDevAbs_TR_6,11.25,0.99865,179.99292758376885,-2.999976992703401,1
PercDevAbs_TR_6,11.5,0.00135,3.53190038020626e-4,2.999976992703393,19
PercDevAbs_TR_6,11.5,0.00383,0.006494443395327539,2.6667000630340683,18
PercDevAbs_TR_6,11.5,0.00982,0.04852516821397056,2.3331552225672434,17
PercDevAbs_TR_6,11.5,0.02275,0.195512616680999,2.000002443899604,16
PercDevAbs_TR_6,11.5,0.04779,0.538040379868862,1.6666702079210545,15
PercDevAbs_TR_6,11.5,0.09121,1.167547827821963,1.3333407702662026,14
PercDevAbs_TR_6,11.5,0.15866,2.1741860012578567,0.9999803859660789,13
PercDevAbs_TR_6,11.5,0.25249,3.6543053844167583,0.6666746102242979,12
PercDevAbs_TR_6,11.5,0.36944,5.723687876316198,0.33333688458431254,11
PercDevAbs_TR_6,11.5,0.5,8.531584789434904,-0,10
PercDevAbs_TR_6,11.5,0.63056,12.280989491912905,-0.33333688458431254,9
PercDevAbs_TR_6,11.5,0.74751,17.25606105986641,-0.6666746102242979,8
PercDevAbs_TR_6,11.5,0.84134,23.862133468030663,-0.9999803859660789,7
PercDevAbs_TR_6,11.5,0.90879,32.69185855844224,-1.3333407702662026,6
PercDevAbs_TR_6,11.5,0.95221,44.61809007692696,-1.6666702079210545,5
PercDevAbs_TR_6,11.5,0.97725,60.96239064200008,-2.0000024438996027,4
PercDevAbs_TR_6,11.5,0.99018,83.74607284079981,-2.3331552225672416,3
PercDevAbs_TR_6,11.5,0.99617,116.22731220007758,-2.6667000630340683,2
PercDevAbs_TR_6,11.5,0.99865,163.53774066977064,-2.999976992703401,1
PercDevAbs_TR_6,11.75,0.00135,2.919926768199098e-4,2.999976992703393,19
PercDevAbs_TR_6,11.75,0.00383,0.0054906174100579535,2.6667000630340683,18
PercDevAbs_TR_6,11.75,0.00982,0.041811436029642414,2.3331552225672434,17
PercDevAbs_TR_6,11.75,0.02275,0.17069193025694665,2.000002443899604,16
PercDevAbs_TR_6,11.75,0.04779,0.473846638358678,1.6666702079210545,15
PercDevAbs_TR_6,11.75,0.09121,1.0343568286315352,1.3333407702662026,14
PercDevAbs_TR_6,11.75,0.15866,1.934304931783946,0.9999803859660789,13
PercDevAbs_TR_6,11.75,0.25249,3.261383627615992,0.6666746102242979,12
PercDevAbs_TR_6,11.75,0.36944,5.12083471213926,0.33333688458431254,11
PercDevAbs_TR_6,11.75,0.5,7.648199646352937,-0,10
PercDevAbs_TR_6,11.75,0.63056,11.027730941634166,-0.33333688458431254,9
PercDevAbs_TR_6,11.75,0.74751,15.517319070818925,-0.6666746102242979,8
PercDevAbs_TR_6,11.75,0.84134,21.484867656125463,-0.9999803859660789,7
PercDevAbs_TR_6,11.75,0.90879,29.46841571368604,-1.3333407702662026,6
PercDevAbs_TR_6,11.75,0.95221,40.26065314851628,-1.6666702079210545,5
PercDevAbs_TR_6,11.75,0.97725,55.062181441205496,-2.0000024438996027,4
PercDevAbs_TR_6,11.75,0.99018,75.71004645221514,-2.3331552225672416,3
PercDevAbs_TR_6,11.75,0.99617,105.1664015232144,-2.6667000630340683,2
PercDevAbs_TR_6,11.75,0.99865,148.0988905634036,-2.999976992703401,1
PercDevAbs_TR_6,12,0.00135,2.408759077119981e-4,2.999976992703393,19
PercDevAbs_TR_6,12,0.00383,0.004631156795866899,2.6667000630340683,18
PercDevAbs_TR_6,12,0.00982,0.035944450873467856,2.3331552225672434,17
PercDevAbs_TR_6,12,0.02275,0.14869620300450992,2.000002443899604,16
PercDevAbs_TR_6,12,0.04779,0.4164286245304656,1.6666702079210545,15
PercDevAbs_TR_6,12,0.09121,0.9144635579941675,1.3333407702662026,14
PercDevAbs_TR_6,12,0.15866,1.7173809447586954,0.9999803859660789,13
PercDevAbs_TR_6,12,0.25249,2.904831791565217,0.6666746102242979,12
PercDevAbs_TR_6,12,0.36944,4.572286307669454,0.33333688458431254,11
PercDevAbs_TR_6,12,0.5,6.842590943582875,-0,10
PercDevAbs_TR_6,12,0.63056,9.882655809567655,-0.33333688458431254,9
PercDevAbs_TR_6,12,0.74751,13.926066907518587,-0.6666746102242979,8
PercDevAbs_TR_6,12,0.84134,19.306091560964482,-0.9999803859660789,7
PercDevAbs_TR_6,12,0.90879,26.51021946926508,-1.3333407702662026,6
PercDevAbs_TR_6,12,0.95221,36.25691064249939,-1.6666702079210545,5
PercDevAbs_TR_6,12,0.97725,49.63471261380338,-2.0000024438996027,4
PercDevAbs_TR_6,12,0.99018,68.30988937853444,-2.3331552225672416,3
PercDevAbs_TR_6,12,0.99617,94.97012299707616,-2.6667000630340683,2
PercDevAbs_TR_6,12,0.99865,133.8525939562106,-2.999976992703401,1
PercDevAbs_TR_7,6,0.00135,0.04356463016065894,2.999976992703393,19
PercDevAbs_TR_7,6,0.00383,0.17180298035847774,2.6667000630340683,18
PercDevAbs_TR_7,6,0.00982,0.5005111251402559,2.3331552225672434,17
PercDevAbs_TR_7,6,0.02275,1.195975732143461,2.000002443899604,16
PercDevAbs_TR_7,6,0.04779,2.494046604599759,1.6666702079210545,15
PercDevAbs_TR_7,6,0.09121,4.706481460585754,1.3333407702662026,14
PercDevAbs_TR_7,6,0.15866,8.231253666777794,0.9999803859660789,13
PercDevAbs_TR_7,6,0.25249,13.558515539984974,0.6666746102242979,12
PercDevAbs_TR_7,6,0.36944,21.282130447091156,0.33333688458431254,11
PercDevAbs_TR_7,6,0.5,32.10326121246097,-0,10
PercDevAbs_TR_7,6,0.63056,46.83966500780768,-0.33333688458431254,9
PercDevAbs_TR_7,6,0.74751,66.43227330687124,-0.6666746102242979,8
PercDevAbs_TR_7,6,0.84134,91.94910495731746,-0.9999803859660789,7
PercDevAbs_TR_7,6,0.90879,124.60481911638176,-1.3333407702662026,6
PercDevAbs_TR_7,6,0.95221,165.74216305496972,-1.6666702079210545,5
PercDevAbs_TR_7,6,0.97725,216.8639218048586,-2.0000024438996027,4
PercDevAbs_TR_7,6,0.99018,279.58773375447805,-2.3331552225672416,3
PercDevAbs_TR_7,6,0.99617,355.8503939535709,-2.6667000630340683,2
PercDevAbs_TR_7,6,0.99865,447.49289171348596,-2.999976992703401,1
PercDevAbs_TR_7,6.25,0.00135,0.040483894349878424,2.999976992703393,19
PercDevAbs_TR_7,6.25,0.00383,0.15980067758338512,2.6667000630340683,18
PercDevAbs_TR_7,6.25,0.00982,0.46581707191100946,2.3331552225672434,17
PercDevAbs_TR_7,6.25,0.02275,1.1135145948741032,2.000002443899604,16
PercDevAbs_TR_7,6.25,0.04779,2.322744548595186,1.6666702079210545,15
PercDevAbs_TR_7,6.25,0.09121,4.384152859679518,1.3333407702662026,14
PercDevAbs_TR_7,6.25,0.15866,7.668794306362721,0.9999803859660789,13
PercDevAbs_TR_7,6.25,0.25249,12.633698758894717,0.6666746102242979,12
PercDevAbs_TR_7,6.25,0.36944,19.832626425461207,0.33333688458431254,11
PercDevAbs_TR_7,6.25,0.5,29.91941972443226,-0,10
PercDevAbs_TR_7,6.25,0.63056,43.656672905820336,-0.33333688458431254,9
PercDevAbs_TR_7,6.25,0.74751,61.92187125987744,-0.6666746102242979,8
PercDevAbs_TR_7,6.25,0.84134,85.71104362611082,-0.9999803859660789,7
PercDevAbs_TR_7,6.25,0.90879,116.1569959422873,-1.3333407702662026,6
PercDevAbs_TR_7,6.25,0.95221,154.51201885003462,-1.6666702079210545,5
PercDevAbs_TR_7,6.25,0.97725,202.17767873797848,-2.0000024438996027,4
PercDevAbs_TR_7,6.25,0.99018,260.6626909686008,-2.3331552225672416,3
PercDevAbs_TR_7,6.25,0.99617,331.773421821287,-2.6667000630340683,2
PercDevAbs_TR_7,6.25,0.99865,417.2269655339565,-2.999976992703401,1
PercDevAbs_TR_7,6.5,0.00135,0.03763171628736277,2.999976992703393,19
PercDevAbs_TR_7,6.5,0.00383,0.14867907004530564,2.6667000630340683,18
PercDevAbs_TR_7,6.5,0.00982,0.43365085523548313,2.3331552225672434,17
PercDevAbs_TR_7,6.5,0.02275,1.0370327506986872,2.000002443899604,16
PercDevAbs_TR_7,6.5,0.04779,2.1638205490995666,1.6666702079210545,15
PercDevAbs_TR_7,6.5,0.09121,4.085054385600653,1.3333407702662026,14
PercDevAbs_TR_7,6.5,0.15866,7.146788642768147,0.9999803859660789,13
PercDevAbs_TR_7,6.5,0.25249,11.775289019503402,0.6666746102242979,12
PercDevAbs_TR_7,6.5,0.36944,18.48706607977899,0.33333688458431254,11
PercDevAbs_TR_7,6.5,0.5,27.89200704700981,-0,10
PercDevAbs_TR_7,6.5,0.63056,40.70146449427834,-0.33333688458431254,9
PercDevAbs_TR_7,6.5,0.74751,57.73398593709332,-0.6666746102242979,8
PercDevAbs_TR_7,6.5,0.84134,79.91872408290408,-0.9999803859660789,7
PercDevAbs_TR_7,6.5,0.90879,108.31244481079185,-1.3333407702662026,6
PercDevAbs_TR_7,6.5,0.95221,144.08340448623477,-1.6666702079210545,5
PercDevAbs_TR_7,6.5,0.97725,188.5391360664992,-2.0000024438996027,4
PercDevAbs_TR_7,6.5,0.99018,243.08716198183342,-2.3331552225672416,3
PercDevAbs_TR_7,6.5,0.99617,309.4126770734948,-2.6667000630340683,2
PercDevAbs_TR_7,6.5,0.99865,389.11766880582235,-2.999976992703401,1
PercDevAbs_TR_7,6.75,0.00135,0.03500351161804913,2.999976992703393,19
PercDevAbs_TR_7,6.75,0.00383,0.13842245349735993,2.6667000630340683,18
PercDevAbs_TR_7,6.75,0.00982,0.403971046862057,2.3331552225672434,17
PercDevAbs_TR_7,6.75,0.02275,0.9664381340880661,2.000002443899604,16
PercDevAbs_TR_7,6.75,0.04779,2.017092913587742,1.6666702079210545,15
PercDevAbs_TR_7,6.75,0.09121,3.808857665603361,1.3333407702662026,14
PercDevAbs_TR_7,6.75,0.15866,6.664681989629287,0.9999803859660789,13
PercDevAbs_TR_7,6.75,0.25249,10.982398348427989,0.6666746102242979,12
PercDevAbs_TR_7,6.75,0.36944,17.24408846949637,0.33333688458431254,11
PercDevAbs_TR_7,6.75,0.5,26.019011408877187,-0,10
PercDevAbs_TR_7,6.75,0.63056,37.9711551715065,-0.33333688458431254,9
PercDevAbs_TR_7,6.75,0.74751,53.86458751022255,-0.6666746102242979,8
PercDevAbs_TR_7,6.75,0.84134,74.56664205929577,-0.9999803859660789,7
PercDevAbs_TR_7,6.75,0.90879,101.06379350008042,-1.3333407702662026,6
PercDevAbs_TR_7,6.75,0.95221,134.44661562047904,-1.6666702079210545,5
PercDevAbs_TR_7,6.75,0.97725,175.9357143724296,-2.0000024438996027,4
PercDevAbs_TR_7,6.75,0.99018,226.8450650161218,-2.3331552225672416,3
PercDevAbs_TR_7,6.75,0.99617,288.7478470806701,-2.6667000630340683,2
PercDevAbs_TR_7,6.75,0.99865,363.1396345971742,-2.999976992703401,1
PercDevAbs_TR_7,7,0.00135,0.032597767600070444,2.999976992703393,19
PercDevAbs_TR_7,7,0.00383,0.1290272768871295,2.6667000630340683,18
PercDevAbs_TR_7,7,0.00982,0.37677171032568524,2.3331552225672434,17
PercDevAbs_TR_7,7,0.02275,0.9017236389541675,2.000002443899604,16
PercDevAbs_TR_7,7,0.04779,1.882557359911529,1.6666702079210545,15
PercDevAbs_TR_7,7,0.09121,3.5555694658185963,1.3333407702662026,14
PercDevAbs_TR_7,7,0.15866,6.222506279110494,0.9999803859660789,13
PercDevAbs_TR_7,7,0.25249,10.255105703952717,0.6666746102242979,12
PercDevAbs_TR_7,7,0.36944,16.103851250004904,0.33333688458431254,11
PercDevAbs_TR_7,7,0.5,24.300712862483728,-0,10
PercDevAbs_TR_7,7,0.63056,35.46620552475763,-0.33333688458431254,9
PercDevAbs_TR_7,7,0.74751,50.31439225024353,-0.6666746102242979,8
PercDevAbs_TR_7,7,0.84134,69.65586436540704,-0.9999803859660789,7
PercDevAbs_TR_7,7,0.90879,94.41257695500845,-1.3333407702662026,6
PercDevAbs_TR_7,7,0.95221,125.60379850444723,-1.6666702079210545,5
PercDevAbs_TR_7,7,0.97725,164.3703433097918,-2.0000024438996027,4
PercDevAbs_TR_7,7,0.99018,211.94031684685723,-2.3331552225672416,3
PercDevAbs_TR_7,7,0.99617,269.7840770786452,-2.6667000630340683,2
PercDevAbs_TR_7,7,0.99865,339.2995149789702,-2.999976992703401,1
PercDevAbs_TR_7,7.25,0.00135,0.030413321444190466,2.999976992703393,19
PercDevAbs_TR_7,7.25,0.00383,0.12049141250439996,2.6667000630340683,18
PercDevAbs_TR_7,7.25,0.00982,0.3520511487257702,2.3331552225672434,17
PercDevAbs_TR_7,7.25,0.02275,0.8428924530370191,2.000002443899604,16
PercDevAbs_TR_7,7.25,0.04779,1.7602313296267738,1.6666702079210545,15
PercDevAbs_TR_7,7.25,0.09121,3.325237923829252,1.3333407702662026,14
PercDevAbs_TR_7,7.25,0.15866,5.820366323647528,0.9999803859660789,13
PercDevAbs_TR_7,7.25,0.25249,9.593610796244814,0.6666746102242979,12
PercDevAbs_TR_7,7.25,0.36944,15.066702530394647,0.33333688458431254,11
PercDevAbs_TR_7,7.25,0.5,22.737679914867957,-0,10
PercDevAbs_TR_7,7.25,0.63056,33.187498452950415,-0.33333688458431254,9
PercDevAbs_TR_7,7.25,0.74751,47.0847171607245,-0.6666746102242979,8
PercDevAbs_TR_7,7.25,0.84134,65.18829142472507,-0.9999803859660789,7
PercDevAbs_TR_7,7.25,0.90879,88.36146233934434,-1.3333407702662026,6
PercDevAbs_TR_7,7.25,0.95221,117.55860840532824,-1.6666702079210545,5
PercDevAbs_TR_7,7.25,0.97725,153.8479304971598,-2.0000024438996027,4
PercDevAbs_TR_7,7.25,0.99018,198.37938835891086,-2.3331552225672416,3
PercDevAbs_TR_7,7.25,0.99617,252.52976775807326,-2.6667000630340683,2
PercDevAbs_TR_7,7.25,0.99865,317.60806117531786,-2.999976992703401,1
PercDevAbs_TR_7,7.5,0.00135,0.028444716123924983,2.999976992703393,19
PercDevAbs_TR_7,7.5,0.00383,0.11279576907134042,2.6667000630340683,18
PercDevAbs_TR_7,7.5,0.00982,0.32975820564425684,2.3331552225672434,17
PercDevAbs_TR_7,7.5,0.02275,0.7898295288731467,2.000002443899604,16
PercDevAbs_TR_7,7.5,0.04779,1.6498856371478428,1.6666702079210545,15
PercDevAbs_TR_7,7.5,0.09121,3.1174456939438775,1.3333407702662026,14
PercDevAbs_TR_7,7.5,0.15866,5.457552752867173,0.9999803859660789,13
PercDevAbs_TR_7,7.5,0.25249,8.99677210914078,0.6666746102242979,12
PercDevAbs_TR_7,7.5,0.36944,14.130885042930947,0.33333688458431254,11
PercDevAbs_TR_7,7.5,0.5,21.327305058252445,-0,10
PercDevAbs_TR_7,7.5,0.63056,31.13128279694725,-0.33333688458431254,9
PercDevAbs_TR_7,7.5,0.74751,44.170306632615535,-0.6666746102242979,8
PercDevAbs_TR_7,7.5,0.84134,61.156726300628925,-0.9999803859660789,7
PercDevAbs_TR_7,7.5,0.90879,82.90078832449618,-1.3333407702662026,6
PercDevAbs_TR_7,7.5,0.95221,110.29830171448259,-1.6666702079210545,5
PercDevAbs_TR_7,7.5,0.97725,144.35192634023306,-2.0000024438996027,4
PercDevAbs_TR_7,7.5,0.99018,186.14108686621535,-2.3331552225672416,3
PercDevAbs_TR_7,7.5,0.99617,236.95811021175996,-2.6667000630340683,2
PercDevAbs_TR_7,7.5,0.99865,298.03174694801237,-2.999976992703401,1
PercDevAbs_TR_7,7.75,0.00135,0.026677926047968148,2.999976992703393,19
PercDevAbs_TR_7,7.75,0.00383,0.10588721119187287,2.6667000630340683,18
PercDevAbs_TR_7,7.75,0.00982,0.3097420879934122,2.3331552225672434,17
PercDevAbs_TR_7,7.75,0.02275,0.7421810086753848,2.000002443899604,16
PercDevAbs_TR_7,7.75,0.04779,1.550792012392416,1.6666702079210545,15
PercDevAbs_TR_7,7.75,0.09121,2.930832101801032,1.3333407702662026,14
PercDevAbs_TR_7,7.75,0.15866,5.131704348418326,0.9999803859660789,13
PercDevAbs_TR_7,7.75,0.25249,8.460724530170644,0.6666746102242979,12
PercDevAbs_TR_7,7.75,0.36944,13.290363011733698,0.33333688458431254,11
PercDevAbs_TR_7,7.75,0.5,20.060522552544292,-0,10
PercDevAbs_TR_7,7.75,0.63056,29.284379384786718,-0.33333688458431254,9
PercDevAbs_TR_7,7.75,0.74751,41.55252703356739,-0.6666746102242979,8
PercDevAbs_TR_7,7.75,0.84134,57.53544789351488,-0.9999803859660789,7
PercDevAbs_TR_7,7.75,0.90879,77.99578157480624,-1.3333407702662026,6
PercDevAbs_TR_7,7.75,0.95221,103.776721752372,-1.6666702079210545,5
PercDevAbs_TR_7,7.75,0.97725,135.82204998406078,-2.0000024438996027,4
PercDevAbs_TR_7,7.75,0.99018,175.14782592466838,-2.3331552225672416,3
PercDevAbs_TR_7,7.75,0.99617,222.97050325990412,-2.6667000630340683,2
PercDevAbs_TR_7,7.75,0.99865,280.44674679359764,-2.999976992703401,1
PercDevAbs_TR_7,8,0.00135,0.025100422025068264,2.999976992703393,19
PercDevAbs_TR_7,8,0.00383,0.09971827396804536,2.6667000630340683,18
PercDevAbs_TR_7,8,0.00982,0.2918681045951889,2.3331552225672434,17
PercDevAbs_TR_7,8,0.02275,0.6996308428638007,2.000002443899604,16
PercDevAbs_TR_7,8,0.04779,1.4623000393559251,1.6666702079210545,15
PercDevAbs_TR_7,8,0.09121,2.7641819992773513,1.3333407702662026,14
PercDevAbs_TR_7,8,0.15866,4.840712526028395,0.9999803859660789,13
PercDevAbs_TR_7,8,0.25249,7.98201662443065,0.6666746102242979,12
PercDevAbs_TR_7,8,0.36944,12.539746845882702,0.33333688458431254,11
PercDevAbs_TR_7,8,0.5,18.929237468034707,-0,10
PercDevAbs_TR_7,8,0.63056,27.635020649262618,-0.33333688458431254,9
PercDevAbs_TR_7,8,0.74751,39.214740936070434,-0.6666746102242979,8
PercDevAbs_TR_7,8,0.84134,54.30149104724407,-0.9999803859660789,7
PercDevAbs_TR_7,8,0.90879,73.6153951798588,-1.3333407702662026,6
PercDevAbs_TR_7,8,0.95221,97.95265880833813,-1.6666702079210545,5
PercDevAbs_TR_7,8,0.97725,128.20448212552387,-2.0000024438996027,4
PercDevAbs_TR_7,8,0.99018,165.33033655756975,-2.3331552225672416,3
PercDevAbs_TR_7,8,0.99617,210.47891708503187,-2.6667000630340683,2
PercDevAbs_TR_7,8,0.99865,264.7425121718198,-2.999976992703401,1
PercDevAbs_TR_7,8.25,0.00135,0.023704544548151844,2.999976992703393,19
PercDevAbs_TR_7,8.25,0.00383,0.09426057321034642,2.6667000630340683,18
PercDevAbs_TR_7,8.25,0.00982,0.2760569312281799,2.3331552225672434,17
PercDevAbs_TR_7,8.25,0.02275,0.6619949325571095,2.000002443899604,16
PercDevAbs_TR_7,8.25,0.04779,1.3840339529734618,1.6666702079210545,15
PercDevAbs_TR_7,8.25,0.09121,2.6167978085736863,1.3333407702662026,14
PercDevAbs_TR_7,8.25,0.15866,4.58337292091156,0.9999803859660789,13
PercDevAbs_TR_7,8.25,0.25249,7.558685121476219,0.6666746102242979,12
PercDevAbs_TR_7,8.25,0.36944,11.875981239701634,0.33333688458431254,11
PercDevAbs_TR_7,8.25,0.5,17.92887403865515,-0,10
PercDevAbs_TR_7,8.25,0.63056,26.17657112017888,-0.33333688458431254,9
PercDevAbs_TR_7,8.25,0.74751,37.147586727167536,-0.6666746102242979,8
PercDevAbs_TR_7,8.25,0.84134,51.441957507822536,-0.9999803859660789,7
PercDevAbs_TR_7,8.25,0.90879,69.74222016707535,-1.3333407702662026,6
PercDevAbs_TR_7,8.25,0.95221,92.8030386316177,-1.6666702079210545,5
PercDevAbs_TR_7,8.25,0.97725,121.46912691967407,-2.0000024438996027,4
PercDevAbs_TR_7,8.25,0.99018,156.64992822121343,-2.3331552225672416,3
PercDevAbs_TR_7,8.25,0.99617,199.4342335889811,-2.6667000630340683,2
PercDevAbs_TR_7,8.25,0.99865,250.85741868104833,-2.999976992703401,1
PercDevAbs_TR_7,8.5,0.00135,0.02248338922047063,2.999976992703393,19
PercDevAbs_TR_7,8.5,0.00383,0.0894885476002924,2.6667000630340683,18
PercDevAbs_TR_7,8.5,0.00982,0.2622371872515253,2.3331552225672434,17
PercDevAbs_TR_7,8.5,0.02275,0.6291077129842312,2.000002443899604,16
PercDevAbs_TR_7,8.5,0.04779,1.3156559759445667,1.6666702079210545,15
PercDevAbs_TR_7,8.5,0.09121,2.488052707356012,1.3333407702662026,14
PercDevAbs_TR_7,8.5,0.15866,4.358603656929348,0.9999803859660789,13
PercDevAbs_TR_7,8.5,0.25249,7.188966868768636,0.6666746102242979,12
PercDevAbs_TR_7,8.5,0.36944,11.296322901283377,0.33333688458431254,11
PercDevAbs_TR_7,8.5,0.5,17.05532453005275,-0,10
PercDevAbs_TR_7,8.5,0.63056,24.903074968247576,-0.33333688458431254,9
PercDevAbs_TR_7,8.5,0.74751,35.34266280740483,-0.6666746102242979,8
PercDevAbs_TR_7,8.5,0.84134,48.94527309753842,-0.9999803859660789,7
PercDevAbs_TR_7,8.5,0.90879,66.36063634919961,-1.3333407702662026,6
PercDevAbs_TR_7,8.5,0.95221,88.30715982920852,-1.6666702079210545,5
PercDevAbs_TR_7,8.5,0.97725,115.58898574478728,-2.0000024438996027,4
PercDevAbs_TR_7,8.5,0.99018,149.0718947526659,-2.3331552225672416,3
PercDevAbs_TR_7,8.5,0.99617,189.79239595713585,-2.6667000630340683,2
PercDevAbs_TR_7,8.5,0.99865,238.7361953923409,-2.999976992703401,1
PercDevAbs_TR_7,8.75,0.00135,0.021421973494079292,2.999976992703393,19
PercDevAbs_TR_7,8.75,0.00383,0.08534428985537325,2.6667000630340683,18
PercDevAbs_TR_7,8.75,0.00982,0.2502423554832067,2.3331552225672434,17
PercDevAbs_TR_7,8.75,0.02275,0.600574827660163,2.000002443899604,16
PercDevAbs_TR_7,8.75,0.04779,1.2563490289674364,1.6666702079210545,15
PercDevAbs_TR_7,8.75,0.09121,2.3764122948579587,1.3333407702662026,14
PercDevAbs_TR_7,8.75,0.15866,4.163731376534351,0.9999803859660789,13
PercDevAbs_TR_7,8.75,0.25249,6.868471705565516,0.6666746102242979,12
PercDevAbs_TR_7,8.75,0.36944,10.793897979118723,0.33333688458431254,11
PercDevAbs_TR_7,8.75,0.5,16.29824154546628,-0,10
PercDevAbs_TR_7,8.75,0.63056,23.79946156491399,-0.33333688458431254,9
PercDevAbs_TR_7,8.75,0.74751,33.77862686706463,-0.6666746102242979,8
PercDevAbs_TR_7,8.75,0.84134,46.78193646657402,-0.9999803859660789,7
PercDevAbs_TR_7,8.75,0.90879,63.430710705031444,-1.3333407702662026,6
PercDevAbs_TR_7,8.75,0.95221,84.4119594039512,-1.6666702079210545,5
PercDevAbs_TR_7,8.75,0.97725,110.49469107000397,-2.0000024438996027,4
PercDevAbs_TR_7,8.75,0.99018,142.50687713107123,-2.3331552225672416,3
PercDevAbs_TR_7,8.75,0.99617,181.43975310427706,-2.6667000630340683,2
PercDevAbs_TR_7,8.75,0.99865,228.23601597612264,-2.999976992703401,1
PercDevAbs_TR_7,9,0.00135,0.02050329111733768,2.999976992703393,19
PercDevAbs_TR_7,9,0.00383,0.08176155028884526,2.6667000630340683,18
PercDevAbs_TR_7,9,0.00982,0.23988094491812453,2.3331552225672434,17
PercDevAbs_TR_7,9,0.02275,0.5759411592937025,2.000002443899604,16
PercDevAbs_TR_7,9,0.04779,1.2051676985083948,1.6666702079210545,15
PercDevAbs_TR_7,9,0.09121,2.280097691717892,1.3333407702662026,14
PercDevAbs_TR_7,9,0.15866,3.995652024057119,0.9999803859660789,13
PercDevAbs_TR_7,9,0.25249,6.592095916598451,0.6666746102242979,12
PercDevAbs_TR_7,9,0.36944,10.3607073237342,0.33333688458431254,11
PercDevAbs_TR_7,9,0.5,15.645573611937829,-0,10
PercDevAbs_TR_7,9,0.63056,22.84816583632167,-0.33333688458431254,9
PercDevAbs_TR_7,9,0.74751,32.43058886055018,-0.6666746102242979,8
PercDevAbs_TR_7,9,0.84134,44.9175239904631,-0.9999803859660789,7
PercDevAbs_TR_7,9,0.90879,60.90582576459061,-1.3333407702662026,6
PercDevAbs_TR_7,9,0.95221,81.05546664303725,-1.6666702079210545,5
PercDevAbs_TR_7,9,0.97725,106.10520102921433,-2.0000024438996027,4
PercDevAbs_TR_7,9,0.99018,136.8504434034424,-2.3331552225672416,3
PercDevAbs_TR_7,9,0.99617,174.24344436705456,-2.6667000630340683,2
PercDevAbs_TR_7,9,0.99865,219.1898688025026,-2.999976992703401,1
PercDevAbs_TR_7,9.25,0.00135,0.019709199228289013,2.999976992703393,19
PercDevAbs_TR_7,9.25,0.00383,0.07866927588149607,2.6667000630340683,18
PercDevAbs_TR_7,9.25,0.00982,0.2309468749136921,2.3331552225672434,17
PercDevAbs_TR_7,9.25,0.02275,0.5547157610094685,2.000002443899604,16
PercDevAbs_TR_7,9.25,0.04779,1.1610904028310638,1.6666702079210545,15
PercDevAbs_TR_7,9.25,0.09121,2.1971842283114533,1.3333407702662026,14
PercDevAbs_TR_7,9.25,0.15866,3.851003776789442,0.9999803859660789,13
PercDevAbs_TR_7,9.25,0.25249,6.354307520500421,0.6666746102242979,12
PercDevAbs_TR_7,9.25,0.36944,9.988074848557964,0.33333688458431254,11
PercDevAbs_TR_7,9.25,0.5,15.084242213187698,-0,10
PercDevAbs_TR_7,9.25,0.63056,22.03011693404382,-0.33333688458431254,9
PercDevAbs_TR_7,9.25,0.74751,31.271514269427055,-0.6666746102242979,8
PercDevAbs_TR_7,9.25,0.84134,43.31463327479789,-0.9999803859660789,7
PercDevAbs_TR_7,9.25,0.90879,58.73531482116155,-1.3333407702662026,6
PercDevAbs_TR_7,9.25,0.95221,78.17031004895506,-1.6666702079210545,5
PercDevAbs_TR_7,9.25,0.97725,102.33239003554412,-2.0000024438996027,4
PercDevAbs_TR_7,9.25,0.99018,131.9890093505131,-2.3331552225672416,3
PercDevAbs_TR_7,9.25,0.99617,168.05893777590111,-2.6667000630340683,2
PercDevAbs_TR_7,9.25,0.99865,211.4160395444442,-2.999976992703401,1
PercDevAbs_TR_7,9.5,0.00135,0.019016418484540235,2.999976992703393,19
PercDevAbs_TR_7,9.5,0.00383,0.07597567035964681,2.6667000630340683,18
PercDevAbs_TR_7,9.5,0.00982,0.22317272671173644,2.3331552225672434,17
PercDevAbs_TR_7,9.5,0.02275,0.5362596430257985,2.000002443899604,16
PercDevAbs_TR_7,9.5,0.04779,1.122784622701882,1.6666702079210545,15
PercDevAbs_TR_7,9.5,0.09121,2.1251573305947735,1.3333407702662026,14
PercDevAbs_TR_7,9.5,0.15866,3.7253888490961593,0.9999803859660789,13
PercDevAbs_TR_7,9.5,0.25249,6.147862481050651,0.6666746102242979,12
PercDevAbs_TR_7,9.5,0.36944,9.664629933206845,0.33333688458431254,11
PercDevAbs_TR_7,9.5,0.5,14.59709518672869,-0,10
PercDevAbs_TR_7,9.5,0.63056,21.32028927513982,-0.33333688458431254,9
PercDevAbs_TR_7,9.5,0.74751,30.265909479783275,-0.6666746102242979,8
PercDevAbs_TR_7,9.5,0.84134,41.924137429416376,-0.9999803859660789,7
PercDevAbs_TR_7,9.5,0.90879,56.85260347871527,-1.3333407702662026,6
PercDevAbs_TR_7,9.5,0.95221,75.66793606833251,-1.6666702079210545,5
PercDevAbs_TR_7,9.5,0.97725,99.06039079705072,-2.0000024438996027,4
PercDevAbs_TR_7,9.5,0.99018,127.77319506428958,-2.3331552225672416,3
PercDevAbs_TR_7,9.5,0.99617,162.6961071094642,-2.6667000630340683,2
PercDevAbs_TR_7,9.5,0.99865,204.67543833625464,-2.999976992703401,1
PercDevAbs_TR_7,9.75,0.00135,0.018398671923118077,2.999976992703393,19
PercDevAbs_TR_7,9.75,0.00383,0.07357671031087508,2.6667000630340683,18
PercDevAbs_TR_7,9.75,0.00982,0.21625470343462733,2.3331552225672434,17
PercDevAbs_TR_7,9.75,0.02275,0.519845657639625,2.000002443899604,16
PercDevAbs_TR_7,9.75,0.04779,1.0887321467578472,1.6666702079210545,15
PercDevAbs_TR_7,9.75,0.09121,2.0611493826683205,1.3333407702662026,14
PercDevAbs_TR_7,9.75,0.15866,3.613788443126989,0.9999803859660789,13
PercDevAbs_TR_7,9.75,0.25249,5.964489130190829,0.6666746102242979,12
PercDevAbs_TR_7,9.75,0.36944,9.377382902717223,0.33333688458431254,11
PercDevAbs_TR_7,9.75,0.5,14.164530515184497,-0,10
PercDevAbs_TR_7,9.75,0.63056,20.690073519599554,-0.33333688458431254,9
PercDevAbs_TR_7,9.75,0.74751,29.37318672078942,-0.6666746102242979,8
PercDevAbs_TR_7,9.75,0.84134,40.68984512782028,-0.9999803859660789,7
PercDevAbs_TR_7,9.75,0.90879,55.18152785535703,-1.3333407702662026,6
PercDevAbs_TR_7,9.75,0.95221,73.44701686509502,-1.6666702079210545,5
PercDevAbs_TR_7,9.75,0.97725,96.1565996510101,-2.0000024438996027,4
PercDevAbs_TR_7,9.75,0.99018,124.03201826957923,-2.3331552225672416,3
PercDevAbs_TR_7,9.75,0.99617,157.93730231987666,-2.6667000630340683,2
PercDevAbs_TR_7,9.75,0.99865,198.69433027263327,-2.999976992703401,1
PercDevAbs_TR_7,10,0.00135,0.01783655327867786,2.999976992703393,19
PercDevAbs_TR_7,10,0.00383,0.07139554916044168,2.6667000630340683,18
PercDevAbs_TR_7,10,0.00982,0.20996833311700697,2.3331552225672434,17
PercDevAbs_TR_7,10,0.02275,0.5049364497862936,2.000002443899604,16
PercDevAbs_TR_7,10,0.04779,1.0578109179931596,1.6666702079210545,15
PercDevAbs_TR_7,10,0.09121,2.0030408663294037,1.3333407702662026,14
PercDevAbs_TR_7,10,0.15866,3.512492829975413,0.9999803859660789,13
PercDevAbs_TR_7,10,0.25249,5.798073027118872,0.6666746102242979,12
PercDevAbs_TR_7,10,0.36944,9.116731367054205,0.33333688458431254,11
PercDevAbs_TR_7,10,0.5,13.772057264108257,-0,10
PercDevAbs_TR_7,10,0.63056,20.11831940205953,-0.33333688458431254,9
PercDevAbs_TR_7,10,0.74751,28.56333959892242,-0.6666746102242979,8
PercDevAbs_TR_7,10,0.84134,39.570213441622975,-0.9999803859660789,7
PercDevAbs_TR_7,10,0.90879,53.665778022402655,-1.3333407702662026,6
PercDevAbs_TR_7,10,0.95221,71.43263691597714,-1.6666702079210545,5
PercDevAbs_TR_7,10,0.97725,93.52297623076213,-2.0000024438996027,4
PercDevAbs_TR_7,10,0.99018,120.63906175960054,-2.3331552225672416,3
PercDevAbs_TR_7,10,0.99617,153.6216000814145,-2.6667000630340683,2
PercDevAbs_TR_7,10,0.99865,193.27032255408474,-2.999976992703401,1
PercDevAbs_TR_7,10.25,0.00135,0.01731707753368316,2.999976992703393,19
PercDevAbs_TR_7,10.25,0.00383,0.06938082566693984,2.6667000630340683,18
PercDevAbs_TR_7,10.25,0.00982,0.2041636929663528,2.3331552225672434,17
PercDevAbs_TR_7,10.25,0.02275,0.49117329393263454,2.000002443899604,16
PercDevAbs_TR_7,10.25,0.04779,1.0292721289633464,1.6666702079210545,15
PercDevAbs_TR_7,10.25,0.09121,1.9494176697247534,1.3333407702662026,14
PercDevAbs_TR_7,10.25,0.15866,3.419027410724192,0.9999803859660789,13
PercDevAbs_TR_7,10.25,0.25249,5.644536121306983,0.6666746102242979,12
PercDevAbs_TR_7,10.25,0.36944,8.87627177601817,0.33333688458431254,11
PercDevAbs_TR_7,10.25,0.5,13.410012861529168,-0,10
PercDevAbs_TR_7,10.25,0.63056,19.590925136301028,-0.33333688458431254,9
PercDevAbs_TR_7,10.25,0.74751,27.816363066048407,-0.6666746102242979,8
PercDevAbs_TR_7,10.25,0.84134,38.53754778874745,-0.9999803859660789,7
PercDevAbs_TR_7,10.25,0.90879,52.267817100707354,-1.3333407702662026,6
PercDevAbs_TR_7,10.25,0.95221,69.57485911019211,-1.6666702079210545,5
PercDevAbs_TR_7,10.25,0.97725,91.09417177403134,-2.0000024438996027,4
PercDevAbs_TR_7,10.25,0.99018,117.51006551991638,-2.3331552225672416,3
PercDevAbs_TR_7,10.25,0.99617,149.64174504679744,-2.6667000630340683,2
PercDevAbs_TR_7,10.25,0.99865,188.26852475564982,-2.999976992703401,1
PercDevAbs_TR_7,10.5,0.00135,0.01682616410905521,2.999976992703393,19
PercDevAbs_TR_7,10.5,0.00383,0.06747663893622619,2.6667000630340683,18
PercDevAbs_TR_7,10.5,0.00982,0.19867722492823553,2.3331552225672434,17
PercDevAbs_TR_7,10.5,0.02275,0.4781642147348629,2.000002443899604,16
PercDevAbs_TR_7,10.5,0.04779,1.002296629532179,1.6666702079210545,15
PercDevAbs_TR_7,10.5,0.09121,1.8987315123352417,1.3333407702662026,14
PercDevAbs_TR_7,10.5,0.15866,3.3306809955391454,0.9999803859660789,13
PercDevAbs_TR_7,10.5,0.25249,5.499408093643169,0.6666746102242979,12
PercDevAbs_TR_7,10.5,0.36944,8.648981573934075,0.33333688458431254,11
PercDevAbs_TR_7,10.5,0.5,13.067796868848875,-0,10
PercDevAbs_TR_7,10.5,0.63056,19.092415475377752,-0.33333688458431254,9
PercDevAbs_TR_7,10.5,0.74751,27.110297931067898,-0.6666746102242979,8
PercDevAbs_TR_7,10.5,0.84134,37.561441449041176,-0.9999803859660789,7
PercDevAbs_TR_7,10.5,0.90879,50.94642408300729,-1.3333407702662026,6
PercDevAbs_TR_7,10.5,0.95221,67.81883562983381,-1.6666702079210545,5
PercDevAbs_TR_7,10.5,0.97725,88.79840018125674,-2.0000024438996027,4
PercDevAbs_TR_7,10.5,0.99018,114.55245653185347,-2.3331552225672416,3
PercDevAbs_TR_7,10.5,0.99617,145.8798855342488,-2.6667000630340683,2
PercDevAbs_TR_7,10.5,0.99865,183.54070327072085,-2.999976992703401,1
PercDevAbs_TR_7,10.75,0.00135,0.01635247202976688,2.999976992703393,19
PercDevAbs_TR_7,10.75,0.00383,0.06563787276063775,2.6667000630340683,18
PercDevAbs_TR_7,10.75,0.00982,0.19337675210120958,2.3331552225672434,17
PercDevAbs_TR_7,10.75,0.02275,0.4655921592968193,2.000002443899604,16
PercDevAbs_TR_7,10.75,0.04779,0.9762214137679782,1.6666702079210545,15
PercDevAbs_TR_7,10.75,0.09121,1.849728632653609,1.3333407702662026,14
PercDevAbs_TR_7,10.75,0.15866,3.245257294079582,0.9999803859660789,13
PercDevAbs_TR_7,10.75,0.25249,5.359066514711726,0.6666746102242979,12
PercDevAbs_TR_7,10.75,0.36944,8.429168769849428,0.33333688458431254,11
PercDevAbs_TR_7,10.75,0.5,12.736815541299528,-0,10
PercDevAbs_TR_7,10.75,0.63056,18.61024249266482,-0.33333688458431254,9
PercDevAbs_TR_7,10.75,0.74751,26.427336174629218,-0.6666746102242979,8
PercDevAbs_TR_7,10.75,0.84134,36.617232605966954,-0.9999803859660789,7
PercDevAbs_TR_7,10.75,0.90879,49.668162281942784,-1.3333407702662026,6
PercDevAbs_TR_7,10.75,0.95221,66.12007187073804,-1.6666702079210545,5
PercDevAbs_TR_7,10.75,0.97725,86.57742071505727,-2.0000024438996027,4
PercDevAbs_TR_7,10.75,0.99018,111.69112348105634,-2.3331552225672416,3
PercDevAbs_TR_7,10.75,0.99617,142.24039295873067,-2.6667000630340683,2
PercDevAbs_TR_7,10.75,0.99865,178.9665688973179,-2.999976992703401,1
PercDevAbs_TR_7,11,0.00135,0.01589003106624061,2.999976992703393,19
PercDevAbs_TR_7,11,0.00383,0.06384078918244405,2.6667000630340683,18
PercDevAbs_TR_7,11,0.00982,0.1881927475084925,2.3331552225672434,17
PercDevAbs_TR_7,11,0.02275,0.4532903772878205,2.000002443899604,16
PercDevAbs_TR_7,11,0.04779,0.9506978122168301,1.6666702079210545,15
PercDevAbs_TR_7,11,0.09121,1.8017497261253963,1.3333407702662026,14
PercDevAbs_TR_7,11,0.15866,3.161601409331104,0.9999803859660789,13
PercDevAbs_TR_7,11,0.25249,5.221606622909497,0.6666746102242979,12
PercDevAbs_TR_7,11,0.36944,8.213840442700448,0.33333688458431254,11
PercDevAbs_TR_7,11,0.5,12.412550256360934,-0,10
PercDevAbs_TR_7,11,0.63056,18.137808531900415,-0.33333688458431254,9
PercDevAbs_TR_7,11,0.74751,25.7581145045832,-0.6666746102242979,8
PercDevAbs_TR_7,11,0.84134,35.691954420700625,-0.9999803859660789,7
PercDevAbs_TR_7,11,0.90879,48.41545128575156,-1.3333407702662026,6
PercDevAbs_TR_7,11,0.95221,64.45517351404483,-1.6666702079210545,5
PercDevAbs_TR_7,11,0.97725,84.4006117960778,-2.0000024438996027,4
PercDevAbs_TR_7,11,0.99018,108.88657482715122,-2.3331552225672416,3
PercDevAbs_TR_7,11,0.99617,138.67298854434657,-2.6667000630340683,2
PercDevAbs_TR_7,11,0.99865,174.482877234515,-2.999976992703401,1
PercDevAbs_TR_7,11.25,0.00135,0.015437892762314841,2.999976992703393,19
PercDevAbs_TR_7,11.25,0.00383,0.06208172186226274,2.6667000630340683,18
PercDevAbs_TR_7,11.25,0.00982,0.18311465911469565,2.3331552225672434,17
PercDevAbs_TR_7,11.25,0.02275,0.44123385549931543,2.000002443899604,16
PercDevAbs_TR_7,11.25,0.04779,0.9256739559620973,1.6666702079210545,15
PercDevAbs_TR_7,11.25,0.09121,1.7546973176588694,1.3333407702662026,14
PercDevAbs_TR_7,11.25,0.15866,3.079543408280711,0.9999803859660789,13
PercDevAbs_TR_7,11.25,0.25249,5.086749209986789,0.6666746102242979,12
PercDevAbs_TR_7,11.25,0.36944,8.002559228245982,0.33333688458431254,11
PercDevAbs_TR_7,11.25,0.5,12.094342381107479,-0,10
PercDevAbs_TR_7,11.25,0.63056,17.674153990429883,-0.33333688458431254,9
PercDevAbs_TR_7,11.25,0.74751,25.10127357045768,-0.6666746102242979,8
PercDevAbs_TR_7,11.25,0.84134,34.78372737306285,-0.9999803859660789,7
PercDevAbs_TR_7,11.25,0.90879,47.18574637525239,-1.3333407702662026,6
PercDevAbs_TR_7,11.25,0.95221,62.82075842089497,-1.6666702079210545,5
PercDevAbs_TR_7,11.25,0.97725,82.26355122024154,-2.0000024438996027,4
PercDevAbs_TR_7,11.25,0.99018,106.133112917366,-2.3331552225672416,3
PercDevAbs_TR_7,11.25,0.99617,135.17042460279308,-2.6667000630340683,2
PercDevAbs_TR_7,11.25,0.99865,170.08051873957206,-2.999976992703401,1
PercDevAbs_TR_7,11.5,0.00135,0.014997438443997504,2.999976992703393,19
PercDevAbs_TR_7,11.5,0.00383,0.06036634999071857,2.6667000630340683,18
PercDevAbs_TR_7,11.5,0.00982,0.17815945730575905,2.3331552225672434,17
PercDevAbs_TR_7,11.5,0.02275,0.4294638298122246,2.000002443899604,16
PercDevAbs_TR_7,11.5,0.04779,0.9012368585454537,1.6666702079210545,15
PercDevAbs_TR_7,11.5,0.09121,1.708737051033212,1.3333407702662026,14
PercDevAbs_TR_7,11.5,0.15866,2.999374942275055,0.9999803859660789,13
PercDevAbs_TR_7,11.5,0.25249,4.954977248510623,0.6666746102242979,12
PercDevAbs_TR_7,11.5,0.36944,7.796086507501589,0.33333688458431254,11
PercDevAbs_TR_7,11.5,0.5,11.783344543449195,-0,10
PercDevAbs_TR_7,11.5,0.63056,17.220965654805536,-0.33333688458431254,9
PercDevAbs_TR_7,11.5,0.74751,24.459211871298574,-0.6666746102242979,8
PercDevAbs_TR_7,11.5,0.84134,33.89587858842805,-0.9999803859660789,7
PercDevAbs_TR_7,11.5,0.90879,45.983565012254225,-1.3333407702662026,6
PercDevAbs_TR_7,11.5,0.95221,61.22284566265985,-1.6666702079210545,5
PercDevAbs_TR_7,11.5,0.97725,80.17412644113013,-2.0000024438996027,4
PercDevAbs_TR_7,11.5,0.99018,103.44092014923015,-2.3331552225672416,3
PercDevAbs_TR_7,11.5,0.99617,131.74567659896113,-2.6667000630340683,2
PercDevAbs_TR_7,11.5,0.99865,165.77582821479731,-2.999976992703401,1
PercDevAbs_TR_7,11.75,0.00135,0.014569033626052887,2.999976992703393,19
PercDevAbs_TR_7,11.75,0.00383,0.058696289027075806,2.6667000630340683,18
PercDevAbs_TR_7,11.75,0.00982,0.17333216660469752,2.3331552225672434,17
PercDevAbs_TR_7,11.75,0.02275,0.41799281782236436,2.000002443899604,16
PercDevAbs_TR_7,11.75,0.04779,0.8774133854250369,1.6666702079210545,15
PercDevAbs_TR_7,11.75,0.09121,1.6639206974030625,1.3333407702662026,14
PercDevAbs_TR_7,11.75,0.15866,2.921188008800616,0.9999803859660789,13
PercDevAbs_TR_7,11.75,0.25249,4.82644418395722,0.6666746102242979,12
PercDevAbs_TR_7,11.75,0.36944,7.5946655763910735,0.33333688458431254,11
PercDevAbs_TR_7,11.75,0.5,11.479926802717856,-0,10
PercDevAbs_TR_7,11.75,0.63056,16.778787216021495,-0.33333688458431254,9
PercDevAbs_TR_7,11.75,0.74751,23.832705081711566,-0.6666746102242979,8
PercDevAbs_TR_7,11.75,0.84134,33.02948714052518,-0.9999803859660789,7
PercDevAbs_TR_7,11.75,0.90879,44.81037596609228,-1.3333407702662026,6
PercDevAbs_TR_7,11.75,0.95221,59.6633964827226,-1.6666702079210545,5
PercDevAbs_TR_7,11.75,0.97725,78.1349124226408,-2.0000024438996027,4
PercDevAbs_TR_7,11.75,0.99018,100.81332636857545,-2.3331552225672416,3
PercDevAbs_TR_7,11.75,0.99617,128.40299424859197,-2.6667000630340683,2
PercDevAbs_TR_7,11.75,0.99865,161.57416297424555,-2.999976992703401,1
PercDevAbs_TR_7,12,0.00135,0.0141524449209868,2.999976992703393,19
PercDevAbs_TR_7,12,0.00383,0.0570707483720197,2.6667000630340683,18
PercDevAbs_TR_7,12,0.00982,0.1686307199386255,2.3331552225672434,17
PercDevAbs_TR_7,12,0.02275,0.4068162585643337,2.000002443899604,16
PercDevAbs_TR_7,12,0.04779,0.854194587481528,1.6666702079210545,15
PercDevAbs_TR_7,12,0.09121,1.6202321601564353,1.3333407702662026,14
PercDevAbs_TR_7,12,0.15866,2.8449555261796333,0.9999803859660789,13
PercDevAbs_TR_7,12,0.25249,4.701106809646122,0.6666746102242979,12
PercDevAbs_TR_7,12,0.36944,7.398230408135249,0.33333688458431254,11
PercDevAbs_TR_7,12,0.5,11.18399180436331,-0,10
PercDevAbs_TR_7,12,0.63056,16.34747939171414,-0.33333688458431254,9
PercDevAbs_TR_7,12,0.74751,23.221559005034777,-0.6666746102242979,8
PercDevAbs_TR_7,12,0.84134,32.18428824417816,-0.9999803859660789,7
PercDevAbs_TR_7,12,0.90879,43.66582514944106,-1.3333407702662026,6
PercDevAbs_TR_7,12,0.95221,58.14194544123037,-1.6666702079210545,5
PercDevAbs_TR_7,12,0.97725,76.14530660336122,-2.0000024438996027,4
PercDevAbs_TR_7,12,0.99018,98.24956214643778,-2.3331552225672416,3
PercDevAbs_TR_7,12,0.99617,125.14140673468883,-2.6667000630340683,2
PercDevAbs_TR_7,12,0.99865,157.4743118216686,-2.999976992703401,1
PercDevAbs_TR_8,6,0.00135,0.25603973153778403,2.999976992703393,19
PercDevAbs_TR_8,6,0.00383,0.5999749643445812,2.6667000630340683,18
PercDevAbs_TR_8,6,0.00982,1.231391799367821,2.3331552225672434,17
PercDevAbs_TR_8,6,0.02275,2.2912872325422016,2.000002443899604,16
PercDevAbs_TR_8,6,0.04779,3.960576484164654,1.6666702079210545,15
PercDevAbs_TR_8,6,0.09121,6.458848552843193,1.3333407702662026,14
PercDevAbs_TR_8,6,0.15866,10.05058998755574,0.9999803859660789,13
PercDevAbs_TR_8,6,0.25249,15.046551081769433,0.6666746102242979,12
PercDevAbs_TR_8,6,0.36944,21.81134377635701,0.33333688458431254,11
PercDevAbs_TR_8,6,0.5,30.7638887187165,-0,10
PercDevAbs_TR_8,6,0.63056,42.38401310547325,-0.33333688458431254,9
PercDevAbs_TR_8,6,0.74751,57.2170486257473,-0.6666746102242979,8
PercDevAbs_TR_8,6,0.84134,75.87725211000021,-0.9999803859660789,7
PercDevAbs_TR_8,6,0.90879,99.06320962916126,-1.3333407702662026,6
PercDevAbs_TR_8,6,0.95221,127.54648882807997,-1.6666702079210545,5
PercDevAbs_TR_8,6,0.97725,162.19745937137347,-2.0000024438996027,4
PercDevAbs_TR_8,6,0.99018,203.95874854872977,-2.3331552225672416,3
PercDevAbs_TR_8,6,0.99617,253.98539749412052,-2.6667000630340683,2
PercDevAbs_TR_8,6,0.99865,313.377257481219,-2.999976992703401,1
PercDevAbs_TR_8,6.25,0.00135,0.20904355551254758,2.999976992703393,19
PercDevAbs_TR_8,6.25,0.00383,0.5093211355988735,2.6667000630340683,18
PercDevAbs_TR_8,6.25,0.00982,1.074775003929922,2.3331552225672434,17
PercDevAbs_TR_8,6.25,0.02275,2.0417489451305295,2.000002443899604,16
PercDevAbs_TR_8,6.25,0.04779,3.586441142082026,1.6666702079210545,15
PercDevAbs_TR_8,6.25,0.09121,5.924237413951885,1.3333407702662026,14
PercDevAbs_TR_8,6.25,0.15866,9.31580350207198,0.9999803859660789,13
PercDevAbs_TR_8,6.25,0.25249,14.068695177345127,0.6666746102242979,12
PercDevAbs_TR_8,6.25,0.36944,20.544861252926832,0.33333688458431254,11
PercDevAbs_TR_8,6.25,0.5,29.161381290499957,-0,10
PercDevAbs_TR_8,6.25,0.63056,40.397056374363174,-0.33333688458431254,9
PercDevAbs_TR_8,6.25,0.74751,54.797129021628336,-0.6666746102242979,8
PercDevAbs_TR_8,6.25,0.84134,72.97685977251327,-0.9999803859660789,7
PercDevAbs_TR_8,6.25,0.90879,95.63681473528486,-1.3333407702662026,6
PercDevAbs_TR_8,6.25,0.95221,123.55207822866927,-1.6666702079210545,5
PercDevAbs_TR_8,6.25,0.97725,157.59776457505836,-2.0000024438996027,4
PercDevAbs_TR_8,6.25,0.99018,198.72320903959914,-2.3331552225672416,3
PercDevAbs_TR_8,6.25,0.99617,248.0904116049575,-2.6667000630340683,2
PercDevAbs_TR_8,6.25,0.99865,306.81048958377045,-2.999976992703401,1
PercDevAbs_TR_8,6.5,0.00135,0.16936755029296902,2.999976992703393,19
PercDevAbs_TR_8,6.5,0.00383,0.43030748610789077,2.6667000630340683,18
PercDevAbs_TR_8,6.5,0.00982,0.9352033484506797,2.3331552225672434,17
PercDevAbs_TR_8,6.5,0.02275,1.8157262131282885,2.000002443899604,16
PercDevAbs_TR_8,6.5,0.04779,3.2433471388625006,1.6666702079210545,15
PercDevAbs_TR_8,6.5,0.09121,5.429221258662683,1.3333407702662026,14
PercDevAbs_TR_8,6.5,0.15866,8.630172744832874,0.9999803859660789,13
PercDevAbs_TR_8,6.5,0.25249,13.150546603228179,0.6666746102242979,12
PercDevAbs_TR_8,6.5,0.36944,19.34963052131549,0.33333688458431254,11
PercDevAbs_TR_8,6.5,0.5,27.642678978169542,-0,10
PercDevAbs_TR_8,6.5,0.63056,38.50750598921439,-0.33333688458431254,9
PercDevAbs_TR_8,6.5,0.74751,52.489330265314294,-0.6666746102242979,8
PercDevAbs_TR_8,6.5,0.84134,70.20451039632675,-0.9999803859660789,7
PercDevAbs_TR_8,6.5,0.90879,92.35572782597656,-1.3333407702662026,6
PercDevAbs_TR_8,6.5,0.95221,119.72175000914963,-1.6666702079210545,5
PercDevAbs_TR_8,6.5,0.97725,153.18265303722976,-2.0000024438996027,4
PercDevAbs_TR_8,6.5,0.99018,193.6947326518849,-2.3331552225672416,3
PercDevAbs_TR_8,6.5,0.99617,242.42730943757735,-2.6667000630340683,2
PercDevAbs_TR_8,6.5,0.99865,300.50310198931027,-2.999976992703401,1
PercDevAbs_TR_8,6.75,0.00135,0.1361566707901634,2.999976992703393,19
PercDevAbs_TR_8,6.75,0.00383,0.36184066711007223,2.6667000630340683,18
PercDevAbs_TR_8,6.75,0.00982,0.8113515379793964,2.3331552225672434,17
PercDevAbs_TR_8,6.75,0.02275,1.6116696123312786,2.000002443899604,16
PercDevAbs_TR_8,6.75,0.04779,2.929523439439574,1.6666702079210545,15
PercDevAbs_TR_8,6.75,0.09121,4.971798888214205,1.3333407702662026,14
PercDevAbs_TR_8,6.75,0.15866,7.991439936614134,0.9999803859660789,13
PercDevAbs_TR_8,6.75,0.25249,12.28953976068639,0.6666746102242979,12
PercDevAbs_TR_8,6.75,0.36944,18.22269441631356,0.33333688458431254,11
PercDevAbs_TR_8,6.75,0.5,26.204308804485326,-0,10
PercDevAbs_TR_8,6.75,0.63056,36.71119967939678,-0.33333688458431254,9
PercDevAbs_TR_8,6.75,0.74751,50.28856867866968,-0.6666746102242979,8
PercDevAbs_TR_8,6.75,0.84134,67.55389812857496,-0.9999803859660789,7
PercDevAbs_TR_8,6.75,0.90879,89.21203996084431,-1.3333407702662026,6
PercDevAbs_TR_8,6.75,0.95221,116.04551986039225,-1.6666702079210545,5
PercDevAbs_TR_8,6.75,0.97725,148.93948791603364,-2.0000024438996027,4
PercDevAbs_TR_8,6.75,0.99018,188.8573359873414,-2.3331552225672416,3
PercDevAbs_TR_8,6.75,0.99617,236.97592617068722,-2.6667000630340683,2
PercDevAbs_TR_8,6.75,0.99865,294.4297701576407,-2.999976992703401,1
PercDevAbs_TR_8,7,0.00135,0.10871069200652751,2.999976992703393,19
PercDevAbs_TR_8,7,0.00383,0.30308375285455125,2.6667000630340683,18
PercDevAbs_TR_8,7,0.00982,0.702297355953733,2.3331552225672434,17
PercDevAbs_TR_8,7,0.02275,1.4286202158655168,2.000002443899604,16
PercDevAbs_TR_8,7,0.04779,2.644003195021085,1.6666702079210545,15
PercDevAbs_TR_8,7,0.09121,4.550985469579316,1.3333407702662026,14
PercDevAbs_TR_8,7,0.15866,7.398531829304788,0.9999803859660789,13
PercDevAbs_TR_8,7,0.25249,11.484358487803746,0.6666746102242979,12
PercDevAbs_TR_8,7,0.36944,17.162229111902427,0.33333688458431254,11
PercDevAbs_TR_8,7,0.5,24.843535758751738,-0,10
PercDevAbs_TR_8,7,0.63056,35.00391772479481,-0.33333688458431254,9
PercDevAbs_TR_8,7,0.74751,48.18836223780469,-0.6666746102242979,8
PercDevAbs_TR_8,7,0.84134,65.0152602105301,-0.9999803859660789,7
PercDevAbs_TR_8,7,0.90879,86.19140651376242,-1.3333407702662026,6
PercDevAbs_TR_8,7,0.95221,112.502835237611,-1.6666702079210545,5
PercDevAbs_TR_8,7,0.97725,144.83950800427806,-2.0000024438996027,4
PercDevAbs_TR_8,7,0.99018,184.17162784431963,-2.3331552225672416,3
PercDevAbs_TR_8,7,0.99617,231.68331343987083,-2.6667000630340683,2
PercDevAbs_TR_8,7,0.99865,288.5205382503543,-2.999976992703401,1
PercDevAbs_TR_8,7.25,0.00135,0.08641617988398831,2.999976992703393,19
PercDevAbs_TR_8,7.25,0.00383,0.2533547447357347,2.6667000630340683,18
PercDevAbs_TR_8,7.25,0.00982,0.6073897921888266,2.3331552225672434,17
PercDevAbs_TR_8,7.25,0.02275,1.266055636538289,2.000002443899604,16
PercDevAbs_TR_8,7.25,0.04779,2.386459682149965,1.6666702079210545,15
PercDevAbs_TR_8,7.25,0.09121,4.166651896451741,1.3333407702662026,14
PercDevAbs_TR_8,7.25,0.15866,6.8514146167953855,0.9999803859660789,13
PercDevAbs_TR_8,7.25,0.25249,10.734813664753709,0.6666746102242979,12
PercDevAbs_TR_8,7.25,0.36944,16.16744239585821,0.33333688458431254,11
PercDevAbs_TR_8,7.25,0.5,23.55826573754583,-0,10
PercDevAbs_TR_8,7.25,0.63056,33.38125517158978,-0.33333688458431254,9
PercDevAbs_TR_8,7.25,0.74751,46.180611241472484,-0.6666746102242979,8
PercDevAbs_TR_8,7.25,0.84134,62.57497316038871,-0.9999803859660789,7
PercDevAbs_TR_8,7.25,0.90879,83.27232631578812,-1.3333407702662026,6
PercDevAbs_TR_8,7.25,0.95221,109.06135723587859,-1.6666702079210545,5
PercDevAbs_TR_8,7.25,0.97725,140.83587532289195,-2.0000024438996027,4
PercDevAbs_TR_8,7.25,0.99018,179.5718194787811,-2.3331552225672416,3
PercDevAbs_TR_8,7.25,0.99617,226.4593294558466,-2.6667000630340683,2
PercDevAbs_TR_8,7.25,0.99865,282.65451919938664,-2.999976992703401,1
PercDevAbs_TR_8,7.5,0.00135,0.06866912843846022,2.999976992703393,19
PercDevAbs_TR_8,7.5,0.00383,0.2119781756969097,2.6667000630340683,18
PercDevAbs_TR_8,7.5,0.00982,0.5260097802343056,2.3331552225672434,17
PercDevAbs_TR_8,7.5,0.02275,1.123547190739101,2.000002443899604,16
PercDevAbs_TR_8,7.5,0.04779,2.156757365492203,1.6666702079210545,15
PercDevAbs_TR_8,7.5,0.09121,3.8189810433836846,1.3333407702662026,14
PercDevAbs_TR_8,7.5,0.15866,6.350483881038068,0.9999803859660789,13
PercDevAbs_TR_8,7.5,0.25249,10.041216102613571,0.6666746102242979,12
PercDevAbs_TR_8,7.5,0.36944,15.238003129442282,0.33333688458431254,11
PercDevAbs_TR_8,7.5,0.5,22.346633411999015,-0,10
PercDevAbs_TR_8,7.5,0.63056,31.83850217210065,-0.33333688458431254,9
PercDevAbs_TR_8,7.5,0.74751,44.25594168703839,-0.6666746102242979,8
PercDevAbs_TR_8,7.5,0.84134,60.21657072308759,-0.9999803859660789,7
PercDevAbs_TR_8,7.5,0.90879,80.4280918449475,-1.3333407702662026,6
PercDevAbs_TR_8,7.5,0.95221,105.68015165020346,-1.6666702079210545,5
PercDevAbs_TR_8,7.5,0.97725,136.86847260654497,-2.0000024438996027,4
PercDevAbs_TR_8,7.5,0.99018,174.9725558045429,-2.3331552225672416,3
PercDevAbs_TR_8,7.5,0.99617,221.1860047719402,-2.6667000630340683,2
PercDevAbs_TR_8,7.5,0.99865,276.6723680060679,-2.999976992703401,1
PercDevAbs_TR_8,7.75,0.00135,0.054815814200253915,2.999976992703393,19
PercDevAbs_TR_8,7.75,0.00383,0.17813314472181174,2.6667000630340683,18
PercDevAbs_TR_8,7.75,0.00982,0.4572777059494723,2.3331552225672434,17
PercDevAbs_TR_8,7.75,0.02275,1.0002850791867954,2.000002443899604,16
PercDevAbs_TR_8,7.75,0.04779,1.9542685266697546,1.6666702079210545,15
PercDevAbs_TR_8,7.75,0.09121,3.507577444781352,1.3333407702662026,14
PercDevAbs_TR_8,7.75,0.15866,5.89551002183962,0.9999803859660789,13
PercDevAbs_TR_8,7.75,0.25249,9.403256418389896,0.6666746102242979,12
PercDevAbs_TR_8,7.75,0.36944,14.373026547289644,0.33333688458431254,11
PercDevAbs_TR_8,7.75,0.5,21.206354185863322,-0,10
PercDevAbs_TR_8,7.75,0.63056,30.370733675202036,-0.33333688458431254,9
PercDevAbs_TR_8,7.75,0.74751,42.40503500730298,-0.6666746102242979,8
PercDevAbs_TR_8,7.75,0.84134,57.92397032849431,-0.9999803859660789,7
PercDevAbs_TR_8,7.75,0.90879,77.63274970116707,-1.3333407702662026,6
PercDevAbs_TR_8,7.75,0.95221,102.31942800718092,-1.6666702079210545,5
PercDevAbs_TR_8,7.75,0.97725,132.87870392026997,-2.0000024438996027,4
PercDevAbs_TR_8,7.75,0.99018,170.2903280227241,-2.3331552225672416,3
PercDevAbs_TR_8,7.75,0.99617,215.74743823823874,-2.6667000630340683,2
PercDevAbs_TR_8,7.75,0.99865,270.416864302003,-2.999976992703401,1
PercDevAbs_TR_8,8,0.00135,0.04414444177236272,2.999976992703393,19
PercDevAbs_TR_8,8,0.00383,0.15077886267574614,2.6667000630340683,18
PercDevAbs_TR_8,8,0.00982,0.3998587997873572,2.3331552225672434,17
PercDevAbs_TR_8,8,0.02275,0.8947147084256218,2.000002443899604,16
PercDevAbs_TR_8,8,0.04779,1.777312821900537,1.6666702079210545,15
PercDevAbs_TR_8,8,0.09121,3.2307240147499097,1.3333407702662026,14
PercDevAbs_TR_8,8,0.15866,5.484790849311951,0.9999803859660789,13
PercDevAbs_TR_8,8,0.25249,8.819223327737184,0.6666746102242979,12
PercDevAbs_TR_8,8,0.36944,13.570648552809415,0.33333688458431254,11
PercDevAbs_TR_8,8,0.5,20.135097781808508,-0,10
PercDevAbs_TR_8,8,0.63056,28.974614357523592,-0.33333688458431254,9
PercDevAbs_TR_8,8,0.74751,40.6227244384834,-0.6666746102242979,8
PercDevAbs_TR_8,8,0.84134,55.68899163974683,-0.9999803859660789,7
PercDevAbs_TR_8,8,0.90879,74.87349122457562,-1.3333407702662026,6
PercDevAbs_TR_8,8,0.95221,98.95962069584047,-1.6666702079210545,5
PercDevAbs_TR_8,8,0.97725,128.83751125054633,-2.0000024438996027,4
PercDevAbs_TR_8,8,0.99018,165.48315130495862,-2.3331552225672416,3
PercDevAbs_TR_8,8,0.99617,210.08444001381517,-2.6667000630340683,2
PercDevAbs_TR_8,8,0.99865,263.80642710683634,-2.999976992703401,1
PercDevAbs_TR_8,8.25,0.00135,0.03596807857145287,2.999976992703393,19
PercDevAbs_TR_8,8.25,0.00383,0.12878926026721907,2.6667000630340683,18
PercDevAbs_TR_8,8.25,0.00982,0.35214095035186044,2.3331552225672434,17
PercDevAbs_TR_8,8.25,0.02275,0.8047381932913636,2.000002443899604,16
PercDevAbs_TR_8,8.25,0.04779,1.6233540626019616,1.6666702079210545,15
PercDevAbs_TR_8,8.25,0.09121,2.9855401331109572,1.3333407702662026,14
PercDevAbs_TR_8,8.25,0.15866,5.115236088913904,0.9999803859660789,13
PercDevAbs_TR_8,8.25,0.25249,8.285984543017744,0.6666746102242979,12
PercDevAbs_TR_8,8.25,0.36944,12.827884580842001,0.33333688458431254,11
PercDevAbs_TR_8,8.25,0.5,19.13022607040726,-0,10
PercDevAbs_TR_8,8.25,0.63056,27.648044662820045,-0.33333688458431254,9
PercDevAbs_TR_8,8.25,0.74751,38.90761663194012,-0.6666746102242979,8
PercDevAbs_TR_8,8.25,0.84134,53.511070183773676,-0.9999803859660789,7
PercDevAbs_TR_8,8.25,0.90879,72.15063589238605,-1.3333407702662026,6
PercDevAbs_TR_8,8.25,0.95221,95.601894524521,-1.6666702079210545,5
PercDevAbs_TR_8,8.25,0.97725,124.7467441523556,-2.0000024438996027,4
PercDevAbs_TR_8,8.25,0.99018,160.5532454600035,-2.3331552225672416,3
PercDevAbs_TR_8,8.25,0.99617,204.19909680357307,-2.6667000630340683,2
PercDevAbs_TR_8,8.25,0.99865,256.8422784882875,-2.999976992703401,1
PercDevAbs_TR_8,8.5,0.00135,0.02969773064355586,2.999976992703393,19
PercDevAbs_TR_8,8.5,0.00383,0.11111308670128087,2.6667000630340683,18
PercDevAbs_TR_8,8.5,0.00982,0.3125050503410323,2.3331552225672434,17
PercDevAbs_TR_8,8.5,0.02275,0.7281031983990319,2.000002443899604,16
PercDevAbs_TR_8,8.5,0.04779,1.489492904345969,1.6666702079210545,15
PercDevAbs_TR_8,8.5,0.09121,2.7685313109494967,1.3333407702662026,14
PercDevAbs_TR_8,8.5,0.15866,4.7828852112335065,0.9999803859660789,13
PercDevAbs_TR_8,8.5,0.25249,7.799331502944846,0.6666746102242979,12
PercDevAbs_TR_8,8.5,0.36944,12.14059609188812,0.33333688458431254,11
PercDevAbs_TR_8,8.5,0.5,18.18810009013332,-0,10
PercDevAbs_TR_8,8.5,0.63056,26.388437735496794,-0.33333688458431254,9
PercDevAbs_TR_8,8.5,0.74751,37.25886416791447,-0.6666746102242979,8
PercDevAbs_TR_8,8.5,0.84134,51.391932090992974,-0.9999803859660789,7
PercDevAbs_TR_8,8.5,0.90879,69.46947820285207,-1.3333407702662026,6
PercDevAbs_TR_8,8.5,0.95221,92.25627988194424,-1.6666702079210545,5
PercDevAbs_TR_8,8.5,0.97725,120.6225246852381,-2.0000024438996027,4
PercDevAbs_TR_8,8.5,0.99018,155.52437868787646,-2.3331552225672416,3
PercDevAbs_TR_8,8.5,0.99617,198.12461196172578,-2.6667000630340683,2
PercDevAbs_TR_8,8.5,0.99865,249.56906579913306,-2.999976992703401,1
PercDevAbs_TR_8,8.75,0.00135,0.024810749700100162,2.999976992703393,19
PercDevAbs_TR_8,8.75,0.00383,0.09671076466074056,2.6667000630340683,18
PercDevAbs_TR_8,8.75,0.00982,0.27920218648402056,2.3331552225672434,17
PercDevAbs_TR_8,8.75,0.02275,0.6621925096072654,2.000002443899604,16
PercDevAbs_TR_8,8.75,0.04779,1.3721524320649199,1.6666702079210545,15
PercDevAbs_TR_8,8.75,0.09121,2.575180834518269,1.3333407702662026,14
PercDevAbs_TR_8,8.75,0.15866,4.482459070754624,0.9999803859660789,13
PercDevAbs_TR_8,8.75,0.25249,7.353609094928999,0.6666746102242979,12
PercDevAbs_TR_8,8.75,0.36944,11.503403574006871,0.33333688458431254,11
PercDevAbs_TR_8,8.75,0.5,17.304594280810452,-0,10
PercDevAbs_TR_8,8.75,0.63056,25.19429404490854,-0.33333688458431254,9
PercDevAbs_TR_8,8.75,0.74751,35.679432329538656,-0.6666746102242979,8
PercDevAbs_TR_8,8.75,0.84134,49.341391605117224,-0.9999803859660789,7
PercDevAbs_TR_8,8.75,0.90879,66.8497002876633,-1.3333407702662026,6
PercDevAbs_TR_8,8.75,0.95221,88.95607061915113,-1.6666702079210545,5
PercDevAbs_TR_8,8.75,0.97725,116.51633329683196,-2.0000024438996027,4
PercDevAbs_TR_8,8.75,0.99018,150.47172108883294,-2.3331552225672416,3
PercDevAbs_TR_8,8.75,0.99617,191.9664608382945,-2.6667000630340683,2
PercDevAbs_TR_8,8.75,0.99865,242.13032975458992,-2.999976992703401,1
PercDevAbs_TR_8,9,0.00135,0.020927041483770538,2.999976992703393,19
PercDevAbs_TR_8,9,0.00383,0.0847795964626072,2.6667000630340683,18
PercDevAbs_TR_8,9,0.00982,0.250818950459139,2.3331552225672434,17
PercDevAbs_TR_8,9,0.02275,0.604810366680623,2.000002443899604,16
PercDevAbs_TR_8,9,0.04779,1.2682313717477496,1.6666702079210545,15
PercDevAbs_TR_8,9,0.09121,2.4014490068366974,1.3333407702662026,14
PercDevAbs_TR_8,9,0.15866,4.2090819658943115,0.9999803859660789,13
PercDevAbs_TR_8,9,0.25249,6.943394417113042,0.6666746102242979,12
PercDevAbs_TR_8,9,0.36944,10.910867879090336,0.33333688458431254,11
PercDevAbs_TR_8,9,0.5,16.475088277765416,-0,10
PercDevAbs_TR_8,9,0.63056,24.063018585849907,-0.33333688458431254,9
PercDevAbs_TR_8,9,0.74751,34.17040342948923,-0.6666746102242979,8
PercDevAbs_TR_8,9,0.84134,47.366385625747796,-0.9999803859660789,7
PercDevAbs_TR_8,9,0.90879,64.30688670858997,-1.3333407702662026,6
PercDevAbs_TR_8,9,0.95221,85.72900030632421,-1.6666702079210545,5
PercDevAbs_TR_8,9,0.97725,112.47237000932876,-2.0000024438996027,4
PercDevAbs_TR_8,9,0.99018,145.46117351482954,-2.3331552225672416,3
PercDevAbs_TR_8,9,0.99617,185.81857874873,-2.6667000630340683,2
PercDevAbs_TR_8,9,0.99865,234.65551620530883,-2.999976992703401,1
PercDevAbs_TR_8,9.25,0.00135,0.017812763216511745,2.999976992703393,19
PercDevAbs_TR_8,9.25,0.00383,0.07482089384369713,2.6667000630340683,18
PercDevAbs_TR_8,9.25,0.00982,0.2264688415702721,2.3331552225672434,17
PercDevAbs_TR_8,9.25,0.02275,0.5545582431270518,2.000002443899604,16
PercDevAbs_TR_8,9.25,0.04779,1.1757047014032878,1.6666702079210545,15
PercDevAbs_TR_8,9.25,0.09121,2.244595039278951,1.3333407702662026,14
PercDevAbs_TR_8,9.25,0.15866,3.959249050188183,0.9999803859660789,13
PercDevAbs_TR_8,9.25,0.25249,6.564429275867295,0.6666746102242979,12
PercDevAbs_TR_8,9.25,0.36944,10.358066225850003,0.33333688458431254,11
PercDevAbs_TR_8,9.25,0.5,15.694183024699198,-0,10
PercDevAbs_TR_8,9.25,0.63056,22.989046956145206,-0.33333688458431254,9
PercDevAbs_TR_8,9.25,0.74751,32.7265064752765,-0.6666746102242979,8
PercDevAbs_TR_8,9.25,0.84134,45.46257048434245,-0.9999803859660789,7
PercDevAbs_TR_8,9.25,0.90879,61.83846055562045,-1.3333407702662026,6
PercDevAbs_TR_8,9.25,0.95221,82.57533569982841,-1.6666702079210545,5
PercDevAbs_TR_8,9.25,0.97725,108.49509577233859,-2.0000024438996027,4
PercDevAbs_TR_8,9.25,0.99018,140.50305036406377,-2.3331552225672416,3
PercDevAbs_TR_8,9.25,0.99617,179.69915971186663,-2.6667000630340683,2
PercDevAbs_TR_8,9.25,0.99865,227.17311224858292,-2.999976992703401,1
PercDevAbs_TR_8,9.5,0.00135,0.015338264056119284,2.999976992703393,19
PercDevAbs_TR_8,9.5,0.00383,0.06657656388956822,2.6667000630340683,18
PercDevAbs_TR_8,9.5,0.00982,0.20571629988085943,2.3331552225672434,17
PercDevAbs_TR_8,9.5,0.02275,0.5107604005937603,2.000002443899604,16
PercDevAbs_TR_8,9.5,0.04779,1.0935656168551091,1.6666702079210545,15
PercDevAbs_TR_8,9.5,0.09121,2.103145177924735,1.3333407702662026,14
PercDevAbs_TR_8,9.5,0.15866,3.7308177787328396,0.9999803859660789,13
PercDevAbs_TR_8,9.5,0.25249,6.213610666456281,0.6666746102242979,12
PercDevAbs_TR_8,9.5,0.36944,9.840525783738851,0.33333688458431254,11
PercDevAbs_TR_8,9.5,0.5,14.955478325994003,-0,10
PercDevAbs_TR_8,9.5,0.63056,21.963311612845963,-0.33333688458431254,9
PercDevAbs_TR_8,9.5,0.74751,31.335046377660415,-0.6666746102242979,8
PercDevAbs_TR_8,9.5,0.84134,43.61240209834574,-0.9999803859660789,7
PercDevAbs_TR_8,9.5,0.90879,59.420498437296544,-1.3333407702662026,6
PercDevAbs_TR_8,9.5,0.95221,79.46288764670521,-1.6666702079210545,5
PercDevAbs_TR_8,9.5,0.97725,104.54175598541053,-2.0000024438996027,4
PercDevAbs_TR_8,9.5,0.99018,135.54126696719536,-2.3331552225672416,3
PercDevAbs_TR_8,9.5,0.99617,173.53545914725552,-2.6667000630340683,2
PercDevAbs_TR_8,9.5,0.99865,219.58980248444794,-2.999976992703401,1
PercDevAbs_TR_8,9.75,0.00135,0.013404487032001493,2.999976992703393,19
PercDevAbs_TR_8,9.75,0.00383,0.05984895052797325,2.6667000630340683,18
PercDevAbs_TR_8,9.75,0.00982,0.18822952456726105,2.3331552225672434,17
PercDevAbs_TR_8,9.75,0.02275,0.47290043700906564,2.000002443899604,16
PercDevAbs_TR_8,9.75,0.04779,1.021029108082276,1.6666702079210545,15
PercDevAbs_TR_8,9.75,0.09121,1.9759060637340458,1.3333407702662026,14
PercDevAbs_TR_8,9.75,0.15866,3.521963883076528,0.9999803859660789,13
PercDevAbs_TR_8,9.75,0.25249,5.888147105875651,0.6666746102242979,12
PercDevAbs_TR_8,9.75,0.36944,9.354002007867992,0.33333688458431254,11
PercDevAbs_TR_8,9.75,0.5,14.252601861865001,-0,10
PercDevAbs_TR_8,9.75,0.63056,20.976404834628823,-0.33333688458431254,9
PercDevAbs_TR_8,9.75,0.74751,29.98239092867328,-0.6666746102242979,8
PercDevAbs_TR_8,9.75,0.84134,41.79650047530414,-0.9999803859660789,7
PercDevAbs_TR_8,9.75,0.90879,57.02595410102885,-1.3333407702662026,6
PercDevAbs_TR_8,9.75,0.95221,76.35456905127582,-1.6666702079210545,5
PercDevAbs_TR_8,9.75,0.97725,100.5623189301224,-2.0000024438996027,4
PercDevAbs_TR_8,9.75,0.99018,130.50934724811995,-2.3331552225672416,3
PercDevAbs_TR_8,9.75,0.99617,167.2403338222785,-2.6667000630340683,2
PercDevAbs_TR_8,9.75,0.99865,211.79280780486923,-2.999976992703401,1
PercDevAbs_TR_8,10,0.00135,0.01191185876703151,2.999976992703393,19
PercDevAbs_TR_8,10,0.00383,0.05441455143591494,2.6667000630340683,18
PercDevAbs_TR_8,10,0.00982,0.17360137260399947,2.3331552225672434,17
PercDevAbs_TR_8,10,0.02275,0.440320878515714,2.000002443899604,16
PercDevAbs_TR_8,10,0.04779,0.957109858467835,1.6666702079210545,15
PercDevAbs_TR_8,10,0.09121,1.861472422832888,1.3333407702662026,14
PercDevAbs_TR_8,10,0.15866,3.3307497105501227,0.9999803859660789,13
PercDevAbs_TR_8,10,0.25249,5.585429267815125,0.6666746102242979,12
PercDevAbs_TR_8,10,0.36944,8.895039440667242,0.33333688458431254,11
PercDevAbs_TR_8,10,0.5,13.581033481327639,-0,10
PercDevAbs_TR_8,10,0.63056,20.022468701338585,-0.33333688458431254,9
PercDevAbs_TR_8,10,0.74751,28.661005278558036,-0.6666746102242979,8
PercDevAbs_TR_8,10,0.84134,40.00523597276715,-0.9999803859660789,7
PercDevAbs_TR_8,10,0.90879,54.64259151653371,-1.3333407702662026,6
PercDevAbs_TR_8,10,0.95221,73.23491769529441,-1.6666702079210545,5
PercDevAbs_TR_8,10,0.97725,96.53735005829205,-2.0000024438996027,4
PercDevAbs_TR_8,10,0.99018,125.38299598781447,-2.3331552225672416,3
PercDevAbs_TR_8,10,0.99617,160.7835641527334,-2.6667000630340683,2
PercDevAbs_TR_8,10,0.99865,203.74474259911702,-2.999976992703401,1
PercDevAbs_TR_8,10.25,0.00135,0.010757348766731335,2.999976992703393,19
PercDevAbs_TR_8,10.25,0.00383,0.05001242282136629,2.6667000630340683,18
PercDevAbs_TR_8,10.25,0.00982,0.1613174529241575,2.3331552225672434,17
PercDevAbs_TR_8,10.25,0.02275,0.41215837325529625,2.000002443899604,16
PercDevAbs_TR_8,10.25,0.04779,0.9005165910545831,1.6666702079210545,15
PercDevAbs_TR_8,10.25,0.09121,1.758084494273711,1.3333407702662026,14
PercDevAbs_TR_8,10.25,0.15866,3.154969163890427,0.9999803859660789,13
PercDevAbs_TR_8,10.25,0.25249,5.302917426637058,0.6666746102242979,12
PercDevAbs_TR_8,10.25,0.36944,8.460998681095468,0.33333688458431254,11
PercDevAbs_TR_8,10.25,0.5,12.938423603831021,-0,10
PercDevAbs_TR_8,10.25,0.63056,19.10002602813512,-0.33333688458431254,9
PercDevAbs_TR_8,10.25,0.74751,27.371101513568174,-0.6666746102242979,8
PercDevAbs_TR_8,10.25,0.84134,38.24160592198964,-0.9999803859660789,7
PercDevAbs_TR_8,10.25,0.90879,52.277618901210126,-1.3333407702662026,6
PercDevAbs_TR_8,10.25,0.95221,70.11716024734018,-1.6666702079210545,5
PercDevAbs_TR_8,10.25,0.97725,92.4883444419145,-2.0000024438996027,4
PercDevAbs_TR_8,10.25,0.99018,120.19472658992653,-2.3331552225672416,3
PercDevAbs_TR_8,10.25,0.99617,154.2120315812336,-2.6667000630340683,2
PercDevAbs_TR_8,10.25,0.99865,195.5108352892643,-2.999976992703401,1
PercDevAbs_TR_8,10.5,0.00135,0.009842496284541695,2.999976992703393,19
PercDevAbs_TR_8,10.5,0.00383,0.04636996918403861,2.6667000630340683,18
PercDevAbs_TR_8,10.5,0.00982,0.1508095946165099,2.3331552225672434,17
PercDevAbs_TR_8,10.5,0.02275,0.38742922452046574,2.000002443899604,16
PercDevAbs_TR_8,10.5,0.04779,0.8497626185511046,1.6666702079210545,15
PercDevAbs_TR_8,10.5,0.09121,1.663737910972606,1.3333407702662026,14
PercDevAbs_TR_8,10.5,0.15866,2.9922044032106694,0.9999803859660789,13
PercDevAbs_TR_8,10.5,0.25249,5.038056453968581,0.6666746102242979,12
PercDevAbs_TR_8,10.5,0.36944,8.049694834216274,0.33333688458431254,11
PercDevAbs_TR_8,10.5,0.5,12.323762693571801,-0,10
PercDevAbs_TR_8,10.5,0.63056,18.210418422333156,-0.33333688458431254,9
PercDevAbs_TR_8,10.5,0.74751,26.11799923551484,-0.6666746102242979,8
PercDevAbs_TR_8,10.5,0.84134,36.517073349882544,-0.9999803859660789,7
PercDevAbs_TR_8,10.5,0.90879,49.95144600025408,-1.3333407702662026,6
PercDevAbs_TR_8,10.5,0.95221,67.0341964508223,-1.6666702079210545,5
PercDevAbs_TR_8,10.5,0.97725,88.46509403118655,-2.0000024438996027,4
PercDevAbs_TR_8,10.5,0.99018,115.01659710555691,-2.3331552225672416,3
PercDevAbs_TR_8,10.5,0.99617,147.62660338701545,-2.6667000630340683,2
PercDevAbs_TR_8,10.5,0.99865,187.2285306247864,-2.999976992703401,1
PercDevAbs_TR_8,10.75,0.00135,0.009088852922204904,2.999976992703393,19
PercDevAbs_TR_8,10.75,0.00383,0.043258171382205966,2.6667000630340683,18
PercDevAbs_TR_8,10.75,0.00982,0.1415848455624576,2.3331552225672434,17
PercDevAbs_TR_8,10.75,0.02275,0.365263580044997,2.000002443899604,16
PercDevAbs_TR_8,10.75,0.04779,0.8035206328775383,1.6666702079210545,15
PercDevAbs_TR_8,10.75,0.09121,1.5766413295712407,1.3333407702662026,14
PercDevAbs_TR_8,10.75,0.15866,2.840315416669729,0.9999803859660789,13
PercDevAbs_TR_8,10.75,0.25249,4.788650319008263,0.6666746102242979,12
PercDevAbs_TR_8,10.75,0.36944,7.659407900021353,0.33333688458431254,11
PercDevAbs_TR_8,10.75,0.5,11.736647619214677,-0,10
PercDevAbs_TR_8,10.75,0.63056,17.35578588558502,-0.33333688458431254,9
PercDevAbs_TR_8,10.75,0.74751,24.908077694458278,-0.6666746102242979,8
PercDevAbs_TR_8,10.75,0.84134,34.844514666654355,-0.9999803859660789,7
PercDevAbs_TR_8,10.75,0.90879,47.686370478100535,-1.3333407702662026,6
PercDevAbs_TR_8,10.75,0.95221,64.02144289701783,-1.6666702079210545,5
PercDevAbs_TR_8,10.75,0.97725,84.52073074246992,-2.0000024438996027,4
PercDevAbs_TR_8,10.75,0.99018,109.92506863424944,-2.3331552225672416,3
PercDevAbs_TR_8,10.75,0.99617,141.13390881744115,-2.6667000630340683,2
PercDevAbs_TR_8,10.75,0.99865,179.04274944841563,-2.999976992703401,1
PercDevAbs_TR_8,11,0.00135,0.008438696460251627,2.999976992703393,19
PercDevAbs_TR_8,11,0.00383,0.040501877440282684,2.6667000630340683,18
PercDevAbs_TR_8,11,0.00982,0.13325660459975036,2.3331552225672434,17
PercDevAbs_TR_8,11,0.02275,0.34496689990596324,2.000002443899604,16
PercDevAbs_TR_8,11,0.04779,0.7607155264814615,1.6666702079210545,15
PercDevAbs_TR_8,11,0.09121,1.4953246709457815,1.3333407702662026,14
PercDevAbs_TR_8,11,0.15866,2.6975208236419674,0.9999803859660789,13
PercDevAbs_TR_8,11,0.25249,4.5528342006219376,0.6666746102242979,12
PercDevAbs_TR_8,11,0.36944,7.288613521434969,0.33333688458431254,11
PercDevAbs_TR_8,11,0.5,11.176572470852191,-0,10
PercDevAbs_TR_8,11,0.63056,16.53763717065063,-0.33333688458431254,9
PercDevAbs_TR_8,11,0.74751,23.746245485023255,-0.6666746102242979,8
PercDevAbs_TR_8,11,0.84134,33.234089552466706,-0.9999803859660789,7
PercDevAbs_TR_8,11,0.90879,45.50020788098524,-1.3333407702662026,6
PercDevAbs_TR_8,11,0.95221,61.107419539384324,-1.6666702079210545,5
PercDevAbs_TR_8,11,0.97725,80.69827618869431,-2.0000024438996027,4
PercDevAbs_TR_8,11,0.99018,104.98231036966288,-2.3331552225672416,3
PercDevAbs_TR_8,11,0.99617,134.82093250657886,-2.6667000630340683,2
PercDevAbs_TR_8,11,0.99865,171.07203332051822,-2.999976992703401,1
PercDevAbs_TR_8,11.25,0.00135,0.00785419979880094,2.999976992703393,19
PercDevAbs_TR_8,11.25,0.00383,0.03798300812867422,2.6667000630340683,18
PercDevAbs_TR_8,11.25,0.00982,0.12555876704387056,2.3331552225672434,17
PercDevAbs_TR_8,11.25,0.02275,0.3260524539493756,2.000002443899604,16
PercDevAbs_TR_8,11.25,0.04779,0.7205799305797359,1.6666702079210545,15
PercDevAbs_TR_8,11.25,0.09121,1.4187154802325508,1.3333407702662026,14
PercDevAbs_TR_8,11.25,0.15866,2.562480944407603,0.9999803859660789,13
PercDevAbs_TR_8,11.25,0.25249,4.329132456156921,0.6666746102242979,12
PercDevAbs_TR_8,11.25,0.36944,6.935959734297642,0.33333688458431254,11
PercDevAbs_TR_8,11.25,0.5,10.642736261424098,-0,10
PercDevAbs_TR_8,11.25,0.63056,15.756360658835048,-0.33333688458431254,9
PercDevAbs_TR_8,11.25,0.74751,22.63497777892229,-0.6666746102242979,8
PercDevAbs_TR_8,11.25,0.84134,31.69156874140575,-0.9999803859660789,7
PercDevAbs_TR_8,11.25,0.90879,43.403603879542494,-1.3333407702662026,6
PercDevAbs_TR_8,11.25,0.95221,58.309658361424134,-1.6666702079210545,5
PercDevAbs_TR_8,11.25,0.97725,77.02466320524825,-2.0000024438996027,4
PercDevAbs_TR_8,11.25,0.99018,100.22774193340635,-2.3331552225672416,3
PercDevAbs_TR_8,11.25,0.99617,128.74335464415648,-2.6667000630340683,2
PercDevAbs_TR_8,11.25,0.99865,163.39282187995408,-2.999976992703401,1
PercDevAbs_TR_8,11.5,0.00135,0.007316741417461528,2.999976992703393,19
PercDevAbs_TR_8,11.5,0.00383,0.0356422176894667,2.6667000630340683,18
PercDevAbs_TR_8,11.5,0.00982,0.11835479454167983,2.3331552225672434,17
PercDevAbs_TR_8,11.5,0.02275,0.3082646260708224,2.000002443899604,16
PercDevAbs_TR_8,11.5,0.04779,0.6826991557221205,1.6666702079210545,15
PercDevAbs_TR_8,11.5,0.09121,1.3462118175762474,1.3333407702662026,14
PercDevAbs_TR_8,11.5,0.15866,2.4344018343529235,0.9999803859660789,13
PercDevAbs_TR_8,11.5,0.25249,4.116591433654829,0.6666746102242979,12
PercDevAbs_TR_8,11.5,0.36944,6.6004178479572975,0.33333688458431254,11
PercDevAbs_TR_8,11.5,0.5,10.134189637611726,-0,10
PercDevAbs_TR_8,11.5,0.63056,15.011329585838602,-0.33333688458431254,9
PercDevAbs_TR_8,11.5,0.74751,21.574323726854804,-0.6666746102242979,8
PercDevAbs_TR_8,11.5,0.84134,30.218163896079336,-0.9999803859660789,7
PercDevAbs_TR_8,11.5,0.90879,41.39957866133215,-1.3333407702662026,6
PercDevAbs_TR_8,11.5,0.95221,55.63382090488122,-1.6666702079210545,5
PercDevAbs_TR_8,11.5,0.97725,73.50924579490234,-2.0000024438996027,4
PercDevAbs_TR_8,11.5,0.99018,95.67570982680152,-2.3331552225672416,3
PercDevAbs_TR_8,11.5,0.99617,122.9221135860702,-2.6667000630340683,2
PercDevAbs_TR_8,11.5,0.99865,156.0345628083779,-2.999976992703401,1
PercDevAbs_TR_8,11.75,0.00135,0.006820336193050033,2.999976992703393,19
PercDevAbs_TR_8,11.75,0.00383,0.03345991864092653,2.6667000630340683,18
PercDevAbs_TR_8,11.75,0.00982,0.11159741464691862,2.3331552225672434,17
PercDevAbs_TR_8,11.75,0.02275,0.2915089342577174,2.000002443899604,16
PercDevAbs_TR_8,11.75,0.04779,0.646906592949009,1.6666702079210545,15
PercDevAbs_TR_8,11.75,0.09121,1.277545171059665,1.3333407702662026,14
PercDevAbs_TR_8,11.75,0.15866,2.312879117669374,0.9999803859660789,13
PercDevAbs_TR_8,11.75,0.25249,3.9146337454154247,0.6666746102242979,12
PercDevAbs_TR_8,11.75,0.36944,6.2811982120447345,0.33333688458431254,11
PercDevAbs_TR_8,11.75,0.5,9.649890764629433,-0,10
PercDevAbs_TR_8,11.75,0.63056,14.301210908179291,-0.33333688458431254,9
PercDevAbs_TR_8,11.75,0.74751,20.562622746178562,-0.6666746102242979,8
PercDevAbs_TR_8,11.75,0.84134,28.811855312689723,-0.9999803859660789,7
PercDevAbs_TR_8,11.75,0.90879,39.48572868579528,-1.3333407702662026,6
PercDevAbs_TR_8,11.75,0.95221,53.07710463575412,-1.6666702079210545,5
PercDevAbs_TR_8,11.75,0.97725,70.14881946975368,-2.0000024438996027,4
PercDevAbs_TR_8,11.75,0.99018,91.32262015663537,-2.3331552225672416,3
PercDevAbs_TR_8,11.75,0.99617,117.35325663575502,-2.6667000630340683,2
PercDevAbs_TR_8,11.75,0.99865,148.99299838637307,-2.999976992703401,1
PercDevAbs_TR_8,12,0.00135,0.006361599400288254,2.999976992703393,19
PercDevAbs_TR_8,12,0.00383,0.03142466979305633,2.6667000630340683,18
PercDevAbs_TR_8,12,0.00982,0.10525756536421425,2.3331552225672434,17
PercDevAbs_TR_8,12,0.02275,0.2757235847670487,2.000002443899604,16
PercDevAbs_TR_8,12,0.04779,0.613085561035456,1.6666702079210545,15
PercDevAbs_TR_8,12,0.09121,1.2125133108392694,1.3333407702662026,14
PercDevAbs_TR_8,12,0.15866,2.19758420319758,0.9999803859660789,13
PercDevAbs_TR_8,12,0.25249,3.7227517956879237,0.6666746102242979,12
PercDevAbs_TR_8,12,0.36944,5.9775478190759275,0.33333688458431254,11
PercDevAbs_TR_8,12,0.5,9.188759116630427,-0,10
PercDevAbs_TR_8,12,0.63056,13.624496617223514,-0.33333688458431254,9
PercDevAbs_TR_8,12,0.74751,19.597819212391872,-0.6666746102242979,8
PercDevAbs_TR_8,12,0.84134,27.469897030049733,-0.9999803859660789,7
PercDevAbs_TR_8,12,0.90879,37.658449376181174,-1.3333407702662026,6
PercDevAbs_TR_8,12,0.95221,50.63484999437813,-1.6666702079210545,5
PercDevAbs_TR_8,12,0.97725,66.9374417663601,-2.0000024438996027,4
PercDevAbs_TR_8,12,0.99018,87.16098562069394,-2.3331552225672416,3
PercDevAbs_TR_8,12,0.99617,112.0274480851469,-2.6667000630340683,2
PercDevAbs_TR_8,12,0.99865,142.2566016020557,-2.999976992703401,1
PercDevAbs_TR_9,6,0.00135,1.3882569120791288,2.999976992703393,19
PercDevAbs_TR_9,6,0.00383,2.275213444254283,2.6667000630340683,18
PercDevAbs_TR_9,6,0.00982,3.5727625871187842,2.3331552225672434,17
PercDevAbs_TR_9,6,0.02275,5.408100616718627,2.000002443899604,16
PercDevAbs_TR_9,6,0.04779,7.939697993387957,1.6666702079210545,15
PercDevAbs_TR_9,6,0.09121,11.350921618740006,1.3333407702662026,14
PercDevAbs_TR_9,6,0.15866,15.857425384673427,0.9999803859660789,13
PercDevAbs_TR_9,6,0.25249,21.706624262392637,0.6666746102242979,12
PercDevAbs_TR_9,6,0.36944,29.18478580263321,0.33333688458431254,11
PercDevAbs_TR_9,6,0.5,38.61514111116112,-0,10
PercDevAbs_TR_9,6,0.63056,50.362996497347666,-0.33333688458431254,9
PercDevAbs_TR_9,6,0.74751,64.83794374555538,-0.6666746102242979,8
PercDevAbs_TR_9,6,0.84134,82.49465642877362,-0.9999803859660789,7
PercDevAbs_TR_9,6,0.90879,103.84440101449276,-1.3333407702662026,6
PercDevAbs_TR_9,6,0.95221,129.44097747848625,-1.6666702079210545,5
PercDevAbs_TR_9,6,0.97725,159.90069607948593,-2.0000024438996027,4
PercDevAbs_TR_9,6,0.99018,195.87481601237678,-2.3331552225672416,3
PercDevAbs_TR_9,6,0.99617,238.16438108613394,-2.6667000630340683,2
PercDevAbs_TR_9,6,0.99865,287.48669374092475,-2.999976992703401,1
PercDevAbs_TR_9,6.25,0.00135,0.9677652171412766,2.999976992703393,19
PercDevAbs_TR_9,6.25,0.00383,1.6789467402180296,2.6667000630340683,18
PercDevAbs_TR_9,6.25,0.00982,2.7632200471677297,2.3331552225672434,17
PercDevAbs_TR_9,6.25,0.02275,4.350556252922316,2.000002443899604,16
PercDevAbs_TR_9,6.25,0.04779,6.6046933874948675,1.6666702079210545,15
PercDevAbs_TR_9,6.25,0.09121,9.718727654564875,1.3333407702662026,14
PercDevAbs_TR_9,6.25,0.15866,13.92245269391372,0.9999803859660789,13
PercDevAbs_TR_9,6.25,0.25249,19.482735657487193,0.6666746102242979,12
PercDevAbs_TR_9,6.25,0.36944,26.710995559143605,0.33333688458431254,11
PercDevAbs_TR_9,6.25,0.5,35.962231929752626,-0,10
PercDevAbs_TR_9,6.25,0.63056,47.64066585737655,-0.33333688458431254,9
PercDevAbs_TR_9,6.25,0.74751,62.20265600305862,-0.6666746102242979,8
PercDevAbs_TR_9,6.25,0.84134,80.15813591503596,-0.9999803859660789,7
PercDevAbs_TR_9,6.25,0.90879,102.08299812512762,-1.3333407702662026,6
PercDevAbs_TR_9,6.25,0.95221,128.6053680330483,-1.6666702079210545,5
PercDevAbs_TR_9,6.25,0.97725,160.42667338329878,-2.0000024438996027,4
PercDevAbs_TR_9,6.25,0.99018,198.29338789888328,-2.3331552225672416,3
PercDevAbs_TR_9,6.25,0.99617,243.1188433462196,-2.6667000630340683,2
PercDevAbs_TR_9,6.25,0.99865,295.7369179729578,-2.999976992703401,1
PercDevAbs_TR_9,6.5,0.00135,0.6571875135661888,2.999976992703393,19
PercDevAbs_TR_9,6.5,0.00383,1.216737630142491,2.6667000630340683,18
PercDevAbs_TR_9,6.5,0.00982,2.1105167803216336,2.3331552225672434,17
PercDevAbs_TR_9,6.5,0.02275,3.469750518469809,2.000002443899604,16
PercDevAbs_TR_9,6.5,0.04779,5.462117023799264,1.6666702079210545,15
PercDevAbs_TR_9,6.5,0.09121,8.289291275764555,1.3333407702662026,14
PercDevAbs_TR_9,6.5,0.15866,12.194411162989121,0.9999803859660789,13
PercDevAbs_TR_9,6.5,0.25249,17.463463616562606,0.6666746102242979,12
PercDevAbs_TR_9,6.5,0.36944,24.433274546554113,0.33333688458431254,11
PercDevAbs_TR_9,6.5,0.5,33.49158103497952,-0,10
PercDevAbs_TR_9,6.5,0.63056,45.083330798659034,-0.33333688458431254,9
PercDevAbs_TR_9,6.5,0.74751,59.7144350978732,-0.6666746102242979,8
PercDevAbs_TR_9,6.5,0.84134,77.95398165311023,-0.9999803859660789,7
PercDevAbs_TR_9,6.5,0.90879,100.44762145512856,-1.3333407702662026,6
PercDevAbs_TR_9,6.5,0.95221,127.90432323254178,-1.6666702079210545,5
PercDevAbs_TR_9,6.5,0.97725,161.11866538347627,-2.0000024438996027,4
PercDevAbs_TR_9,6.5,0.99018,200.94198449009468,-2.3331552225672416,3
PercDevAbs_TR_9,6.5,0.99617,248.41154473714835,-2.6667000630340683,2
PercDevAbs_TR_9,6.5,0.99865,304.4910520964203,-2.999976992703401,1
PercDevAbs_TR_9,6.75,0.00135,0.43678546434903875,2.999976992703393,19
PercDevAbs_TR_9,6.75,0.00383,0.8699168453991776,2.6667000630340683,18
PercDevAbs_TR_9,6.75,0.00982,1.5983576681677714,2.3331552225672434,17
PercDevAbs_TR_9,6.75,0.02275,2.7527955692886334,2.000002443899604,16
PercDevAbs_TR_9,6.75,0.04779,4.503062045431672,1.6666702079210545,15
PercDevAbs_TR_9,6.75,0.09121,7.057580552028963,1.3333407702662026,14
PercDevAbs_TR_9,6.75,0.15866,10.671130219730157,0.9999803859660789,13
PercDevAbs_TR_9,6.75,0.25249,15.64733190859652,0.6666746102242979,12
PercDevAbs_TR_9,6.75,0.36944,22.347260791649383,0.33333688458431254,11
PercDevAbs_TR_9,6.75,0.5,31.19067104820496,-0,10
PercDevAbs_TR_9,6.75,0.63056,42.66306837200911,-0.33333688458431254,9
PercDevAbs_TR_9,6.75,0.74751,57.320415502809155,-0.6666746102242979,8
PercDevAbs_TR_9,6.75,0.84134,75.79224459309758,-0.9999803859660789,7
PercDevAbs_TR_9,6.75,0.90879,98.79614175958838,-1.3333407702662026,6
PercDevAbs_TR_9,6.75,0.95221,127.12515242151213,-1.6666702079210545,5
PercDevAbs_TR_9,6.75,0.97725,161.67137088056808,-2.0000024438996027,4
PercDevAbs_TR_9,6.75,0.99018,203.39667214325198,-2.3331552225672416,3
PercDevAbs_TR_9,6.75,0.99617,253.46922352715345,-2.6667000630340683,2
PercDevAbs_TR_9,6.75,0.99865,312.9912344246302,-2.999976992703401,1
PercDevAbs_TR_9,7,0.00135,0.2861990887741642,2.999976992703393,19
PercDevAbs_TR_9,7,0.00383,0.6175361259635609,2.6667000630340683,18
PercDevAbs_TR_9,7,0.00982,1.2066732261943274,2.3331552225672434,17
PercDevAbs_TR_9,7,0.02275,2.181897274920449,2.000002443899604,16
PercDevAbs_TR_9,7,0.04779,3.71311422006887,1.6666702079210545,15
PercDevAbs_TR_9,7,0.09121,6.013107828428094,1.3333407702662026,14
PercDevAbs_TR_9,7,0.15866,9.345740600462431,0.9999803859660789,13
PercDevAbs_TR_9,7,0.25249,14.029591021547445,0.6666746102242979,12
PercDevAbs_TR_9,7,0.36944,20.44726599282163,0.33333688458431254,11
PercDevAbs_TR_9,7,0.5,29.047847553428355,-0,10
PercDevAbs_TR_9,7,0.63056,40.354817246481524,-0.33333688458431254,9
PercDevAbs_TR_9,7,0.74751,54.97179215784044,-0.6666746102242979,8
PercDevAbs_TR_9,7,0.84134,73.58662731212642,-0.9999803859660789,7
PercDevAbs_TR_9,7,0.90879,96.98703473706516,-1.3333407702662026,6
PercDevAbs_TR_9,7,0.95221,126.048810954037,-1.6666702079210545,5
PercDevAbs_TR_9,7,0.97725,161.76071973798273,-2.0000024438996027,4
PercDevAbs_TR_9,7,0.99018,205.19505428708885,-2.3331552225672416,3
PercDevAbs_TR_9,7,0.99617,257.6509871396547,-2.6667000630340683,2
PercDevAbs_TR_9,7,0.99865,320.3708894053614,-2.999976992703401,1
PercDevAbs_TR_9,7.25,0.00135,0.186691195939061,2.999976992703393,19
PercDevAbs_TR_9,7.25,0.00383,0.43874040302413236,2.6667000630340683,18
PercDevAbs_TR_9,7.25,0.00982,0.9138394243266448,2.3331552225672434,17
PercDevAbs_TR_9,7.25,0.02275,1.7361649788531552,2.000002443899604,16
PercDevAbs_TR_9,7.25,0.04779,3.0735524165730683,1.6666702079210545,15
PercDevAbs_TR_9,7.25,0.09121,5.1404188660332375,1.3333407702662026,14
PercDevAbs_TR_9,7.25,0.15866,8.206486018465432,0.9999803859660789,13
PercDevAbs_TR_9,7.25,0.25249,12.601562052769289,0.6666746102242979,12
PercDevAbs_TR_9,7.25,0.36944,18.72557712433202,0.33333688458431254,11
PercDevAbs_TR_9,7.25,0.5,27.05226064293682,-0,10
PercDevAbs_TR_9,7.25,0.63056,38.13793919050759,-0.33333688458431254,9
PercDevAbs_TR_9,7.25,0.74751,52.628321025905855,-0.6666746102242979,8
PercDevAbs_TR_9,7.25,0.84134,71.2636229595596,-0.9999803859660789,7
PercDevAbs_TR_9,7.25,0.90879,94.89528152204197,-1.3333407702662026,6
PercDevAbs_TR_9,7.25,0.95221,124.4751481464454,-1.6666702079210545,5
PercDevAbs_TR_9,7.25,0.97725,161.08156096630387,-2.0000024438996027,4
PercDevAbs_TR_9,7.25,0.99018,205.8900305193706,-2.3331552225672416,3
PercDevAbs_TR_9,7.25,0.99617,260.32239449875664,-2.6667000630340683,2
PercDevAbs_TR_9,7.25,0.99865,325.75397930598564,-2.999976992703401,1
PercDevAbs_TR_9,7.5,0.00135,0.12273539030619335,2.999976992703393,19
PercDevAbs_TR_9,7.5,0.00383,0.31489587843438055,2.6667000630340683,18
PercDevAbs_TR_9,7.5,0.00982,0.6991372317343828,2.3331552225672434,17
PercDevAbs_TR_9,7.5,0.02275,1.3941519551890573,2.000002443899604,16
PercDevAbs_TR_9,7.5,0.04779,2.5637097534804814,1.6666702079210545,15
PercDevAbs_TR_9,7.5,0.09121,4.421039942578642,1.3333407702662026,14
PercDevAbs_TR_9,7.5,0.15866,7.23808697368878,0.9999803859660789,13
PercDevAbs_TR_9,7.5,0.25249,11.351357983634621,0.6666746102242979,12
PercDevAbs_TR_9,7.5,0.36944,17.17263417488343,0.33333688458431254,11
PercDevAbs_TR_9,7.5,0.5,25.193809421312523,-0,10
PercDevAbs_TR_9,7.5,0.63056,35.9965089600919,-0.33333688458431254,9
PercDevAbs_TR_9,7.5,0.74751,50.25986263177964,-0.6666746102242979,8
PercDevAbs_TR_9,7.5,0.84134,68.766615609888,-0.9999803859660789,7
PercDevAbs_TR_9,7.5,0.90879,92.42079487847408,-1.3333407702662026,6
PercDevAbs_TR_9,7.5,0.95221,122.23796654547557,-1.6666702079210545,5
PercDevAbs_TR_9,7.5,0.97725,159.37228017718144,-2.0000024438996027,4
PercDevAbs_TR_9,7.5,0.99018,205.08758925514454,-2.3331552225672416,3
PercDevAbs_TR_9,7.5,0.99617,260.91085463935593,-2.6667000630340683,2
PercDevAbs_TR_9,7.5,0.99865,328.3332856508342,-2.999976992703401,1
PercDevAbs_TR_9,7.75,0.00135,0.08249107294820744,2.999976992703393,19
PercDevAbs_TR_9,7.75,0.00383,0.23064521544580077,2.6667000630340683,18
PercDevAbs_TR_9,7.75,0.00982,0.5442781531505015,2.3331552225672434,17
PercDevAbs_TR_9,7.75,0.02275,1.135665598139689,2.000002443899604,16
PercDevAbs_TR_9,7.75,0.04779,2.162834884996777,1.6666702079210545,15
PercDevAbs_TR_9,7.75,0.09121,3.8351435858219656,1.3333407702662026,14
PercDevAbs_TR_9,7.75,0.15866,6.4229964780979465,0.9999803859660789,13
PercDevAbs_TR_9,7.75,0.25249,10.264602131013907,0.6666746102242979,12
PercDevAbs_TR_9,7.75,0.36944,15.77723572013737,0.33333688458431254,11
PercDevAbs_TR_9,7.75,0.5,23.463085713633628,-0,10
PercDevAbs_TR_9,7.75,0.63056,33.91955870609087,-0.33333688458431254,9
PercDevAbs_TR_9,7.75,0.74751,47.84789660570867,-0.6666746102242979,8
PercDevAbs_TR_9,7.75,0.84134,66.0601466884908,-0.9999803859660789,7
PercDevAbs_TR_9,7.75,0.90879,89.49754919153021,-1.3333407702662026,6
PercDevAbs_TR_9,7.75,0.95221,119.22188227329528,-1.6666702079210545,5
PercDevAbs_TR_9,7.75,0.97725,156.44315153272146,-2.0000024438996027,4
PercDevAbs_TR_9,7.75,0.99018,202.49144509259608,-2.3331552225672416,3
PercDevAbs_TR_9,7.75,0.99617,258.97257947287665,-2.6667000630340683,2
PercDevAbs_TR_9,7.75,0.99865,327.4670404516572,-2.999976992703401,1
PercDevAbs_TR_9,8,0.00135,0.057644943526736686,2.999976992703393,19
PercDevAbs_TR_9,8,0.00383,0.17437069798616633,2.6667000630340683,18
PercDevAbs_TR_9,8,0.00982,0.43455566117682287,2.3331552225672434,17
PercDevAbs_TR_9,8,0.02275,0.9435812533853671,2.000002443899604,16
PercDevAbs_TR_9,8,0.04779,1.8524450153155025,1.6666702079210545,15
PercDevAbs_TR_9,8,0.09121,3.364216901173108,1.3333407702662026,14
PercDevAbs_TR_9,8,0.15866,5.744063423901924,0.9999803859660789,13
PercDevAbs_TR_9,8,0.25249,9.326679640957074,0.6666746102242979,12
PercDevAbs_TR_9,8,0.36944,14.527900594020466,0.33333688458431254,11
PercDevAbs_TR_9,8,0.5,21.851318913516668,-0,10
PercDevAbs_TR_9,8,0.63056,31.899058143767007,-0.33333688458431254,9
PercDevAbs_TR_9,8,0.74751,45.381003143683124,-0.6666746102242979,8
PercDevAbs_TR_9,8,0.84134,63.12241910092236,-0.9999803859660789,7
PercDevAbs_TR_9,8,0.90879,86.08273088895402,-1.3333407702662026,6
PercDevAbs_TR_9,8,0.95221,115.34790400897927,-1.6666702079210545,5
PercDevAbs_TR_9,8,0.97725,152.15834670837668,-2.0000024438996027,4
PercDevAbs_TR_9,8,0.99018,197.88176897449654,-2.3331552225672416,3
PercDevAbs_TR_9,8,0.99617,254.16868514827897,-2.6667000630340683,2
PercDevAbs_TR_9,8,0.99865,322.65350112780254,-2.999976992703401,1
PercDevAbs_TR_9,8.25,0.00135,0.042597121469125386,2.999976992703393,19
PercDevAbs_TR_9,8.25,0.00383,0.13755479003542695,2.6667000630340683,18
PercDevAbs_TR_9,8.25,0.00982,0.3584044755370865,2.3331552225672434,17
PercDevAbs_TR_9,8.25,0.02275,0.8035614783127181,2.000002443899604,16
PercDevAbs_TR_9,8.25,0.04779,1.6161161291590243,1.6666702079210545,15
PercDevAbs_TR_9,8.25,0.09121,2.9908113076006404,1.3333407702662026,14
PercDevAbs_TR_9,8.25,0.15866,5.1841527120449555,0.9999803859660789,13
PercDevAbs_TR_9,8.25,0.25249,8.522222960616318,0.6666746102242979,12
PercDevAbs_TR_9,8.25,0.36944,13.412376739424536,0.33333688458431254,11
PercDevAbs_TR_9,8.25,0.5,20.350326378325203,-0,10
PercDevAbs_TR_9,8.25,0.63056,29.931100080794018,-0.33333688458431254,9
PercDevAbs_TR_9,8.25,0.74751,42.85858669378545,-0.6666746102242979,8
PercDevAbs_TR_9,8.25,0.84134,59.953524039922456,-0.9999803859660789,7
PercDevAbs_TR_9,8.25,0.90879,82.17226965350669,-1.3333407702662026,6
PercDevAbs_TR_9,8.25,0.95221,110.60009531081975,-1.6666702079210545,5
PercDevAbs_TR_9,8.25,0.97725,146.47879471016827,-2.0000024438996027,4
PercDevAbs_TR_9,8.25,0.99018,191.1807687923078,-2.3331552225672416,3
PercDevAbs_TR_9,8.25,0.99617,246.36178718737133,-2.6667000630340683,2
PercDevAbs_TR_9,8.25,0.99865,313.66879466074346,-2.999976992703401,1
PercDevAbs_TR_9,8.5,0.00135,0.03363180639661256,2.999976992703393,19
PercDevAbs_TR_9,8.5,0.00383,0.11390934442310902,2.6667000630340683,18
PercDevAbs_TR_9,8.5,0.00982,0.3064618236417274,2.3331552225672434,17
PercDevAbs_TR_9,8.5,0.02275,0.7029689598027492,2.000002443899604,16
PercDevAbs_TR_9,8.5,0.04779,1.4381391955152243,1.6666702079210545,15
PercDevAbs_TR_9,8.5,0.09121,2.6968580573573306,1.3333407702662026,14
PercDevAbs_TR_9,8.5,0.15866,4.724139597469549,0.9999803859660789,13
PercDevAbs_TR_9,8.5,0.25249,7.833015200985107,0.6666746102242979,12
PercDevAbs_TR_9,8.5,0.36944,12.416030253545,0.33333688458431254,11
PercDevAbs_TR_9,8.5,0.5,18.952476859452503,-0,10
PercDevAbs_TR_9,8.5,0.63056,28.01923470792653,-0.33333688458431254,9
PercDevAbs_TR_9,8.5,0.74751,40.30031205079076,-0.6666746102242979,8
PercDevAbs_TR_9,8.5,0.84134,56.59490126793779,-0.9999803859660789,7
PercDevAbs_TR_9,8.5,0.90879,77.83573121290907,-1.3333407702662026,6
PercDevAbs_TR_9,8.5,0.95221,105.08311046003418,-1.6666702079210545,5
PercDevAbs_TR_9,8.5,0.97725,139.5517340907373,-2.0000024438996027,4
PercDevAbs_TR_9,8.5,0.99018,182.5861543616687,-2.3331552225672416,3
PercDevAbs_TR_9,8.5,0.99617,235.80833716906844,-2.6667000630340683,2
PercDevAbs_TR_9,8.5,0.99865,300.8364079970366,-2.999976992703401,1
PercDevAbs_TR_9,8.75,0.00135,0.028406757495832182,2.999976992703393,19
PercDevAbs_TR_9,8.75,0.00383,0.09900445320274952,2.6667000630340683,18
PercDevAbs_TR_9,8.75,0.00982,0.27148834053196036,2.3331552225672434,17
PercDevAbs_TR_9,8.75,0.02275,0.6312011999586029,2.000002443899604,16
PercDevAbs_TR_9,8.75,0.04779,1.304329153658605,1.6666702079210545,15
PercDevAbs_TR_9,8.75,0.09121,2.464920124358315,1.3333407702662026,14
PercDevAbs_TR_9,8.75,0.15866,4.344453929902292,0.9999803859660789,13
PercDevAbs_TR_9,8.75,0.25249,7.2395323274677645,0.6666746102242979,12
PercDevAbs_TR_9,8.75,0.36944,11.522925824684313,0.33333688458431254,11
PercDevAbs_TR_9,8.75,0.5,17.650665926154716,-0,10
PercDevAbs_TR_9,8.75,0.63056,26.172498520983634,-0.33333688458431254,9
PercDevAbs_TR_9,8.75,0.74751,37.741136047041124,-0.6666746102242979,8
PercDevAbs_TR_9,8.75,0.84134,53.12010692882762,-0.9999803859660789,7
PercDevAbs_TR_9,8.75,0.90879,73.20133378404509,-1.3333407702662026,6
PercDevAbs_TR_9,8.75,0.95221,98.99975467554361,-1.6666702079210545,5
PercDevAbs_TR_9,8.75,0.97725,131.67889794578224,-2.0000024438996027,4
PercDevAbs_TR_9,8.75,0.99018,172.5278308859327,-2.3331552225672416,3
PercDevAbs_TR_9,8.75,0.99617,223.10149608868042,-2.6667000630340683,2
PercDevAbs_TR_9,8.75,0.99865,284.95376668972705,-2.999976992703401,1
PercDevAbs_TR_9,9,0.00135,0.025376305612898376,2.999976992703393,19
PercDevAbs_TR_9,9,0.00383,0.0895358525617235,2.6667000630340683,18
PercDevAbs_TR_9,9,0.00982,0.24753344372342964,2.3331552225672434,17
PercDevAbs_TR_9,9,0.02275,0.5788234936846098,2.000002443899604,16
PercDevAbs_TR_9,9,0.04779,1.2012013181122654,1.6666702079210545,15
PercDevAbs_TR_9,9,0.09121,2.277483513987007,1.3333407702662026,14
PercDevAbs_TR_9,9,0.15866,4.024542169878977,0.9999803859660789,13
PercDevAbs_TR_9,9,0.25249,6.720604236223892,0.6666746102242979,12
PercDevAbs_TR_9,9,0.36944,10.715675873290841,0.33333688458431254,11
PercDevAbs_TR_9,9,0.5,16.438290521553242,-0,10
PercDevAbs_TR_9,9,0.63056,24.40538757944154,-0.33333688458431254,9
PercDevAbs_TR_9,9,0.74751,35.23107615138742,-0.6666746102242979,8
PercDevAbs_TR_9,9,0.84134,49.634084825483306,-0.9999803859660789,7
PercDevAbs_TR_9,9,0.90879,68.45432702268614,-1.3333407702662026,6
PercDevAbs_TR_9,9,0.95221,92.64796083879232,-1.6666702079210545,5
PercDevAbs_TR_9,9,0.97725,123.31145040326989,-2.0000024438996027,4
PercDevAbs_TR_9,9,0.99018,161.6600179248294,-2.3331552225672416,3
PercDevAbs_TR_9,9,0.99617,209.1594987604717,-2.6667000630340683,2
PercDevAbs_TR_9,9,0.99865,267.2757474678622,-2.999976992703401,1
PercDevAbs_TR_9,9.25,0.00135,0.023459156436089253,2.999976992703393,19
PercDevAbs_TR_9,9.25,0.00383,0.08295275187613806,2.6667000630340683,18
PercDevAbs_TR_9,9.25,0.00982,0.22966618049349521,2.3331552225672434,17
PercDevAbs_TR_9,9.25,0.02275,0.5375914836398253,2.000002443899604,16
PercDevAbs_TR_9,9.25,0.04779,1.116478062729148,1.6666702079210545,15
PercDevAbs_TR_9,9.25,0.09121,2.118078060812709,1.3333407702662026,14
PercDevAbs_TR_9,9.25,0.15866,3.7445802204175522,0.9999803859660789,13
PercDevAbs_TR_9,9.25,0.25249,6.255430709451696,0.6666746102242979,12
PercDevAbs_TR_9,9.25,0.36944,9.977064085397522,0.33333688458431254,11
PercDevAbs_TR_9,9.25,0.5,15.309211597660516,-0,10
PercDevAbs_TR_9,9.25,0.63056,22.734125124250227,-0.33333688458431254,9
PercDevAbs_TR_9,9.25,0.74751,32.824763388132034,-0.6666746102242979,8
PercDevAbs_TR_9,9.25,0.84134,46.25175320375657,-0.9999803859660789,7
PercDevAbs_TR_9,9.25,0.90879,63.79884927259304,-1.3333407702662026,6
PercDevAbs_TR_9,9.25,0.95221,86.35834489907332,-1.6666702079210545,5
PercDevAbs_TR_9,9.25,0.97725,114.95352096181291,-2.0000024438996027,4
PercDevAbs_TR_9,9.25,0.99018,150.71856490375004,-2.3331552225672416,3
PercDevAbs_TR_9,9.25,0.99617,195.02156075214347,-2.6667000630340683,2
PercDevAbs_TR_9,9.25,0.99865,249.230779439619,-2.999976992703401,1
PercDevAbs_TR_9,9.5,0.00135,0.02195567684385589,2.999976992703393,19
PercDevAbs_TR_9,9.5,0.00383,0.07752345315180666,2.6667000630340683,18
PercDevAbs_TR_9,9.5,0.00982,0.2144275357816321,2.3331552225672434,17
PercDevAbs_TR_9,9.5,0.02275,0.5015809799120226,2.000002443899604,16
PercDevAbs_TR_9,9.5,0.04779,1.0411672901640974,1.6666702079210545,15
PercDevAbs_TR_9,9.5,0.09121,1.9744420616370073,1.3333407702662026,14
PercDevAbs_TR_9,9.5,0.15866,3.4895750617006365,0.9999803859660789,13
PercDevAbs_TR_9,9.5,0.25249,5.8279884283736845,0.6666746102242979,12
PercDevAbs_TR_9,9.5,0.36944,9.293405248554377,0.33333688458431254,11
PercDevAbs_TR_9,9.5,0.5,14.257709870967446,-0,10
PercDevAbs_TR_9,9.5,0.63056,21.169523560837746,-0.33333688458431254,9
PercDevAbs_TR_9,9.5,0.74751,30.561813319100803,-0.6666746102242979,8
PercDevAbs_TR_9,9.5,0.84134,43.058360642852435,-0.9999803859660789,7
PercDevAbs_TR_9,9.5,0.90879,59.38813948621413,-1.3333407702662026,6
PercDevAbs_TR_9,9.5,0.95221,80.38103502326157,-1.6666702079210545,5
PercDevAbs_TR_9,9.5,0.97725,106.9887257582469,-2.0000024438996027,4
PercDevAbs_TR_9,9.5,0.99018,140.2659898770247,-2.3331552225672416,3
PercDevAbs_TR_9,9.5,0.99617,181.48512908861244,-2.6667000630340683,2
PercDevAbs_TR_9,9.5,0.99865,231.91851438603956,-2.999976992703401,1
PercDevAbs_TR_9,9.75,0.00135,0.020679652468125028,2.999976992703393,19
PercDevAbs_TR_9,9.75,0.00383,0.07277495681626313,2.6667000630340683,18
PercDevAbs_TR_9,9.75,0.00982,0.20084909490168876,2.3331552225672434,17
PercDevAbs_TR_9,9.75,0.02275,0.46908833084589235,2.000002443899604,16
PercDevAbs_TR_9,9.75,0.04779,0.9725981478545059,1.6666702079210545,15
PercDevAbs_TR_9,9.75,0.09121,1.8427748811704439,1.3333407702662026,14
PercDevAbs_TR_9,9.75,0.15866,3.2545825327774076,0.9999803859660789,13
PercDevAbs_TR_9,9.75,0.25249,5.432425486221206,0.6666746102242979,12
PercDevAbs_TR_9,9.75,0.36944,8.658545707510376,0.33333688458431254,11
PercDevAbs_TR_9,9.75,0.5,13.278449197526854,-0,10
PercDevAbs_TR_9,9.75,0.63056,19.708861215295016,-0.33333688458431254,9
PercDevAbs_TR_9,9.75,0.74751,28.44478023953939,-0.6666746102242979,8
PercDevAbs_TR_9,9.75,0.84134,40.06547183027995,-0.9999803859660789,7
PercDevAbs_TR_9,9.75,0.90879,55.24781643629903,-1.3333407702662026,6
PercDevAbs_TR_9,9.75,0.95221,74.76230696598034,-1.6666702079210545,5
PercDevAbs_TR_9,9.75,0.97725,99.492443386772,-2.0000024438996027,4
PercDevAbs_TR_9,9.75,0.99018,130.41734038069953,-2.3331552225672416,3
PercDevAbs_TR_9,9.75,0.99617,168.71803887363941,-2.6667000630340683,2
PercDevAbs_TR_9,9.75,0.99865,215.57542115331398,-2.999976992703401,1
PercDevAbs_TR_9,10,0.00135,0.019397549316753013,2.999976992703393,19
PercDevAbs_TR_9,10,0.00383,0.06811908479770433,2.6667000630340683,18
PercDevAbs_TR_9,10,0.00982,0.18773649065677867,2.3331552225672434,17
PercDevAbs_TR_9,10,0.02275,0.43803118806415386,2.000002443899604,16
PercDevAbs_TR_9,10,0.04779,0.9075411494425882,1.6666702079210545,15
PercDevAbs_TR_9,10,0.09121,1.7185449915058315,1.3333407702662026,14
PercDevAbs_TR_9,10,0.15866,3.0338232970442247,0.9999803859660789,13
PercDevAbs_TR_9,10,0.25249,5.062110199158733,0.6666746102242979,12
PercDevAbs_TR_9,10,0.36944,8.065896222336363,0.33333688458431254,11
PercDevAbs_TR_9,10,0.5,12.366463549259928,-0,10
PercDevAbs_TR_9,10,0.63056,18.351276335145432,-0.33333688458431254,9
PercDevAbs_TR_9,10,0.74751,26.48053117073427,-0.6666746102242979,8
PercDevAbs_TR_9,10,0.84134,37.29272123405766,-0.9999803859660789,7
PercDevAbs_TR_9,10,0.90879,51.417042201722516,-1.3333407702662026,6
PercDevAbs_TR_9,10,0.95221,69.56965575117121,-1.6666702079210545,5
PercDevAbs_TR_9,10,0.97725,92.57172067981,-2.0000024438996027,4
PercDevAbs_TR_9,10,0.99018,121.33320538758063,-2.3331552225672416,3
PercDevAbs_TR_9,10,0.99617,156.9517481872589,-2.6667000630340683,2
PercDevAbs_TR_9,10,0.99865,200.52470822829181,-2.999976992703401,1
PercDevAbs_TR_9,10.25,0.00135,0.01773649660273054,2.999976992703393,19
PercDevAbs_TR_9,10.25,0.00383,0.06262479684956265,2.6667000630340683,18
PercDevAbs_TR_9,10.25,0.00982,0.17321624265945393,2.3331552225672434,17
PercDevAbs_TR_9,10.25,0.02275,0.4051776532217716,2.000002443899604,16
PercDevAbs_TR_9,10.25,0.04779,0.8410508402145426,1.6666702079210545,15
PercDevAbs_TR_9,10.25,0.09121,1.59493892717295,1.3333407702662026,14
PercDevAbs_TR_9,10.25,0.15866,2.818840924757986,0.9999803859660789,13
PercDevAbs_TR_9,10.25,0.25249,4.707771478346572,0.6666746102242979,12
PercDevAbs_TR_9,10.25,0.36944,7.507070015383248,0.33333688458431254,11
PercDevAbs_TR_9,10.25,0.5,11.51713445967264,-0,10
PercDevAbs_TR_9,10.25,0.63056,17.100348351987915,-0.33333688458431254,9
PercDevAbs_TR_9,10.25,0.74751,24.687226973626608,-0.6666746102242979,8
PercDevAbs_TR_9,10.25,0.84134,34.78164255769473,-0.9999803859660789,7
PercDevAbs_TR_9,10.25,0.90879,47.97243836128293,-1.3333407702662026,6
PercDevAbs_TR_9,10.25,0.95221,64.92997028404166,-1.6666702079210545,5
PercDevAbs_TR_9,10.25,0.97725,86.42297483150357,-2.0000024438996027,4
PercDevAbs_TR_9,10.25,0.99018,113.30346878597014,-2.3331552225672416,3
PercDevAbs_TR_9,10.25,0.99617,146.59917764911364,-2.6667000630340683,2
PercDevAbs_TR_9,10.25,0.99865,187.33788184647864,-2.999976992703401,1
PercDevAbs_TR_9,10.5,0.00135,0.015489775857657906,2.999976992703393,19
PercDevAbs_TR_9,10.5,0.00383,0.05574499041211292,2.6667000630340683,18
PercDevAbs_TR_9,10.5,0.00982,0.15614413032199867,2.3331552225672434,17
PercDevAbs_TR_9,10.5,0.02275,0.36849605978088484,2.000002443899604,16
PercDevAbs_TR_9,10.5,0.04779,0.7699417743061556,1.6666702079210545,15
PercDevAbs_TR_9,10.5,0.09121,1.4674643870304358,1.3333407702662026,14
PercDevAbs_TR_9,10.5,0.15866,2.6039121388442017,0.9999803859660789,13
PercDevAbs_TR_9,10.5,0.25249,4.362906075452463,0.6666746102242979,12
PercDevAbs_TR_9,10.5,0.36944,6.975785594298371,0.33333688458431254,11
PercDevAbs_TR_9,10.5,0.5,10.726162222955724,-0,10
PercDevAbs_TR_9,10.5,0.63056,15.956516507028077,-0.33333688458431254,9
PercDevAbs_TR_9,10.5,0.74751,23.074071397962488,-0.6666746102242979,8
PercDevAbs_TR_9,10.5,0.84134,32.555800396696114,-0.9999803859660789,7
PercDevAbs_TR_9,10.5,0.90879,44.95944102796495,-1.3333407702662026,6
PercDevAbs_TR_9,10.5,0.95221,60.92034526347243,-1.6666702079210545,5
PercDevAbs_TR_9,10.5,0.97725,81.16743493596434,-2.0000024438996027,4
PercDevAbs_TR_9,10.5,0.99018,106.50905967439935,-2.3331552225672416,3
PercDevAbs_TR_9,10.5,0.99617,137.9202442348853,-2.6667000630340683,2
PercDevAbs_TR_9,10.5,0.99865,176.37710253338537,-2.999976992703401,1
PercDevAbs_TR_9,10.75,0.00135,0.012781502463016152,2.999976992703393,19
PercDevAbs_TR_9,10.75,0.00383,0.047695413368304226,2.6667000630340683,18
PercDevAbs_TR_9,10.75,0.00982,0.1368188891843976,2.3331552225672434,17
PercDevAbs_TR_9,10.75,0.02275,0.32831822748757117,2.000002443899604,16
PercDevAbs_TR_9,10.75,0.04779,0.6944762994478164,1.6666702079210545,15
PercDevAbs_TR_9,10.75,0.09121,1.336149269496544,1.3333407702662026,14
PercDevAbs_TR_9,10.75,0.15866,2.38859573243327,0.9999803859660789,13
PercDevAbs_TR_9,10.75,0.25249,4.026294918935561,0.6666746102242979,12
PercDevAbs_TR_9,10.75,0.36944,6.469660968309786,0.33333688458431254,11
PercDevAbs_TR_9,10.75,0.5,9.989541823476698,-0,10
PercDevAbs_TR_9,10.75,0.63056,14.913621545583153,-0.33333688458431254,9
PercDevAbs_TR_9,10.75,0.74751,21.632155717792436,-0.6666746102242979,8
PercDevAbs_TR_9,10.75,0.84134,30.60288794354778,-0.9999803859660789,7
PercDevAbs_TR_9,10.75,0.90879,42.361655531580354,-1.3333407702662026,6
PercDevAbs_TR_9,10.75,0.95221,57.519585974633486,-1.6666702079210545,5
PercDevAbs_TR_9,10.75,0.97725,76.7783905099662,-2.0000024438996027,4
PercDevAbs_TR_9,10.75,0.99018,100.91706017066137,-2.3331552225672416,3
PercDevAbs_TR_9,10.75,0.99617,130.87516746483385,-2.6667000630340683,2
PercDevAbs_TR_9,10.75,0.99865,167.59516368400813,-2.999976992703401,1
PercDevAbs_TR_9,11,0.00135,0.009986234725417636,2.999976992703393,19
PercDevAbs_TR_9,11,0.00383,0.0393053665669527,2.6667000630340683,18
PercDevAbs_TR_9,11,0.00982,0.11674197927746645,2.3331552225672434,17
PercDevAbs_TR_9,11,0.02275,0.2869923897873172,2.000002443899604,16
PercDevAbs_TR_9,11,0.04779,0.6179068065083629,1.6666702079210545,15
PercDevAbs_TR_9,11,0.09121,1.2049893911599945,1.3333407702662026,14
PercDevAbs_TR_9,11,0.15866,2.1771309409250104,0.9999803859660789,13
PercDevAbs_TR_9,11,0.25249,3.7014369440065966,0.6666746102242979,12
PercDevAbs_TR_9,11,0.36944,5.989819427151329,0.33333688458431254,11
PercDevAbs_TR_9,11,0.5,9.303542439897752,-0,10
PercDevAbs_TR_9,11,0.63056,13.959541152836442,-0.33333688458431254,9
PercDevAbs_TR_9,11,0.74751,20.336129455615527,-0.6666746102242979,8
PercDevAbs_TR_9,11,0.84134,28.87792763911078,-0.9999803859660789,7
PercDevAbs_TR_9,11,0.90879,40.10621746988197,-1.3333407702662026,6
PercDevAbs_TR_9,11,0.95221,54.61651665475646,-1.6666702079210545,5
PercDevAbs_TR_9,11,0.97725,73.09341441700077,-2.0000024438996027,4
PercDevAbs_TR_9,11,0.99018,96.29801201533222,-2.3331552225672416,3
PercDevAbs_TR_9,11,0.99617,125.1482703553163,-2.6667000630340683,2
PercDevAbs_TR_9,11,0.99865,160.5674452596897,-2.999976992703401,1
PercDevAbs_TR_9,11.25,0.00135,0.007495618241719353,2.999976992703393,19
PercDevAbs_TR_9,11.25,0.00383,0.031535306638156874,2.6667000630340683,18
PercDevAbs_TR_9,11.25,0.00982,0.09778243878102219,2.3331552225672434,17
PercDevAbs_TR_9,11.25,0.02275,0.2476114761029614,2.000002443899604,16
PercDevAbs_TR_9,11.25,0.04779,0.5447313925795503,1.6666702079210545,15
PercDevAbs_TR_9,11.25,0.09121,1.079780372602634,1.3333407702662026,14
PercDevAbs_TR_9,11.25,0.15866,1.9760222274605945,0.9999803859660789,13
PercDevAbs_TR_9,11.25,0.25249,3.3942415909514567,0.6666746102242979,12
PercDevAbs_TR_9,11.25,0.36944,5.539280108495422,0.33333688458431254,11
PercDevAbs_TR_9,11.25,0.5,8.664686769354025,-0,10
PercDevAbs_TR_9,11.25,0.63056,13.07902123501571,-0.33333688458431254,9
PercDevAbs_TR_9,11.25,0.74751,19.151599061091687,-0.6666746102242979,8
PercDevAbs_TR_9,11.25,0.84134,27.317491472136172,-0.9999803859660789,7
PercDevAbs_TR_9,11.25,0.90879,38.08772550558047,-1.3333407702662026,6
PercDevAbs_TR_9,11.25,0.95221,52.04725194701418,-1.6666702079210545,5
PercDevAbs_TR_9,11.25,0.97725,69.86944823324252,-2.0000024438996027,4
PercDevAbs_TR_9,11.25,0.99018,92.30424372957005,-2.3331552225672416,3
PercDevAbs_TR_9,11.25,0.99617,120.25611574149244,-2.6667000630340683,2
PercDevAbs_TR_9,11.25,0.99865,154.6375998616163,-2.999976992703401,1
PercDevAbs_TR_9,11.5,0.00135,0.005516396439488854,2.999976992703393,19
PercDevAbs_TR_9,11.5,0.00383,0.02499281235812605,2.6667000630340683,18
PercDevAbs_TR_9,11.5,0.00982,0.08125234050954173,2.3331552225672434,17
PercDevAbs_TR_9,11.5,0.02275,0.21250038130863882,2.000002443899604,16
PercDevAbs_TR_9,11.5,0.04779,0.47849982932402496,1.6666702079210545,15
PercDevAbs_TR_9,11.5,0.09121,0.9652649335949282,1.3333407702662026,14
PercDevAbs_TR_9,11.5,0.15866,1.7907406789460456,0.9999803859660789,13
PercDevAbs_TR_9,11.5,0.25249,3.1097770722958957,0.6666746102242979,12
PercDevAbs_TR_9,11.5,0.36944,5.120630877348726,0.33333688458431254,11
PercDevAbs_TR_9,11.5,0.5,8.069732038354784,-0,10
PercDevAbs_TR_9,11.5,0.63056,12.25799099639827,-0.33333688458431254,9
PercDevAbs_TR_9,11.5,0.74751,18.046598264236508,-0.6666746102242979,8
PercDevAbs_TR_9,11.5,0.84134,25.86211106955962,-0.9999803859660789,7
PercDevAbs_TR_9,11.5,0.90879,36.2065293677764,-1.3333407702662026,6
PercDevAbs_TR_9,11.5,0.95221,49.655650621426794,-1.6666702079210545,5
PercDevAbs_TR_9,11.5,0.97725,66.8732839519219,-2.0000024438996027,4
PercDevAbs_TR_9,11.5,0.99018,88.60002813806419,-2.3331552225672416,3
PercDevAbs_TR_9,11.5,0.99617,115.72913081103445,-2.6667000630340683,2
PercDevAbs_TR_9,11.5,0.99865,149.1646769711031,-2.999976992703401,1
PercDevAbs_TR_9,11.75,0.00135,0.004020967273673012,2.999976992703393,19
PercDevAbs_TR_9,11.75,0.00383,0.01970484447056898,2.6667000630340683,18
PercDevAbs_TR_9,11.75,0.00982,0.06732252353151022,2.3331552225672434,17
PercDevAbs_TR_9,11.75,0.02275,0.18207186303641062,2.000002443899604,16
PercDevAbs_TR_9,11.75,0.04779,0.4199341549141013,1.6666702079210545,15
PercDevAbs_TR_9,11.75,0.09121,0.862452011838689,1.3333407702662026,14
PercDevAbs_TR_9,11.75,0.15866,1.6223920321414145,0.9999803859660789,13
PercDevAbs_TR_9,11.75,0.25249,2.8487899746772056,0.6666746102242979,12
PercDevAbs_TR_9,11.75,0.36944,4.733418579736594,0.33333688458431254,11
PercDevAbs_TR_9,11.75,0.5,7.51566035720777,-0,10
PercDevAbs_TR_9,11.75,0.63056,11.488817083025028,-0.33333688458431254,9
PercDevAbs_TR_9,11.75,0.74751,17.005958536050166,-0.6666746102242979,8
PercDevAbs_TR_9,11.75,0.84134,24.485089881176076,-0.9999803859660789,7
PercDevAbs_TR_9,11.75,0.90879,34.41910555792215,-1.3333407702662026,6
PercDevAbs_TR_9,11.75,0.95221,47.374513366972764,-1.6666702079210545,5
PercDevAbs_TR_9,11.75,0.97725,64.00536802189366,-2.0000024438996027,4
PercDevAbs_TR_9,11.75,0.99018,85.04267986047141,-2.3331552225672416,3
PercDevAbs_TR_9,11.75,0.99617,111.36818710388056,-2.6667000630340683,2
PercDevAbs_TR_9,11.75,0.99865,143.87710459920962,-2.999976992703401,1
PercDevAbs_TR_9,12,0.00135,0.002907705617277087,2.999976992703393,19
PercDevAbs_TR_9,12,0.00383,0.015472617273533983,2.6667000630340683,18
PercDevAbs_TR_9,12,0.00982,0.055666372516078456,2.3331552225672434,17
PercDevAbs_TR_9,12,0.02275,0.15584145844426708,2.000002443899604,16
PercDevAbs_TR_9,12,0.04779,0.36835899888165236,1.6666702079210545,15
PercDevAbs_TR_9,12,0.09121,0.7704336436327167,1.3333407702662026,14
PercDevAbs_TR_9,12,0.15866,1.4697763939117068,0.9999803859660789,13
PercDevAbs_TR_9,12,0.25249,2.6096995773487364,0.6666746102242979,12
PercDevAbs_TR_9,12,0.36944,4.375547820652266,0.33333688458431254,11
PercDevAbs_TR_9,12,0.5,6.999664507605786,-0,10
PercDevAbs_TR_9,12,0.63056,10.767698158927425,-0.33333688458431254,9
PercDevAbs_TR_9,12,0.74751,16.02449177014737,-0.6666746102242979,8
PercDevAbs_TR_9,12,0.84134,23.17932156327373,-0.9999803859660789,7
PercDevAbs_TR_9,12,0.90879,32.715726237846,-1.3333407702662026,6
PercDevAbs_TR_9,12,0.95221,45.19058118620938,-1.6666702079210545,5
PercDevAbs_TR_9,12,0.97725,61.247753965422746,-2.0000024438996027,4
PercDevAbs_TR_9,12,0.99018,81.60812289418418,-2.3331552225672416,3
PercDevAbs_TR_9,12,0.99617,107.14128860064962,-2.6667000630340683,2
PercDevAbs_TR_9,12,0.99865,138.73280398745501,-2.999976992703401,1
QST_parent_total,6,0.00135,5,-2.999976992703393,1
QST_parent_total,6,0.00383,7,-2.6667000630340683,2
QST_parent_total,6,0.00982,8,-2.3331552225672434,3
QST_parent_total,6,0.02275,10,-2.000002443899604,4
QST_parent_total,6,0.04779,12,-1.6666702079210545,5
QST_parent_total,6,0.09121,13,-1.3333407702662026,6
QST_parent_total,6,0.15866,15,-0.9999803859660789,7
QST_parent_total,6,0.25249,17,-0.6666746102242979,8
QST_parent_total,6,0.36944,19,-0.33333688458431254,9
QST_parent_total,6,0.5,21,0,10
QST_parent_total,6,0.63056,22,0.33333688458431254,11
QST_parent_total,6,0.74751,24,0.6666746102242979,12
QST_parent_total,6,0.84134,25,0.9999803859660789,13
QST_parent_total,6,0.90879,26,1.3333407702662026,14
QST_parent_total,6,0.95221,28,1.6666702079210545,15
QST_parent_total,6,0.97725,28,2.0000024438996027,16
QST_parent_total,6,0.99018,29,2.3331552225672416,17
QST_parent_total,6,0.99617,30,2.6667000630340683,18
QST_parent_total,6,0.99865,30,2.999976992703401,19
QST_parent_total,6.25,0.00135,5,-2.999976992703393,1
QST_parent_total,6.25,0.00383,7,-2.6667000630340683,2
QST_parent_total,6.25,0.00982,9,-2.3331552225672434,3
QST_parent_total,6.25,0.02275,10,-2.000002443899604,4
QST_parent_total,6.25,0.04779,12,-1.6666702079210545,5
QST_parent_total,6.25,0.09121,14,-1.3333407702662026,6
QST_parent_total,6.25,0.15866,16,-0.9999803859660789,7
QST_parent_total,6.25,0.25249,18,-0.6666746102242979,8
QST_parent_total,6.25,0.36944,20,-0.33333688458431254,9
QST_parent_total,6.25,0.5,21,0,10
QST_parent_total,6.25,0.63056,23,0.33333688458431254,11
QST_parent_total,6.25,0.74751,24,0.6666746102242979,12
QST_parent_total,6.25,0.84134,26,0.9999803859660789,13
QST_parent_total,6.25,0.90879,27,1.3333407702662026,14
QST_parent_total,6.25,0.95221,28,1.6666702079210545,15
QST_parent_total,6.25,0.97725,29,2.0000024438996027,16
QST_parent_total,6.25,0.99018,29,2.3331552225672416,17
QST_parent_total,6.25,0.99617,30,2.6667000630340683,18
QST_parent_total,6.25,0.99865,30,2.999976992703401,19
QST_parent_total,6.5,0.00135,6,-2.999976992703393,1
QST_parent_total,6.5,0.00383,7,-2.6667000630340683,2
QST_parent_total,6.5,0.00982,9,-2.3331552225672434,3
QST_parent_total,6.5,0.02275,11,-2.000002443899604,4
QST_parent_total,6.5,0.04779,12,-1.6666702079210545,5
QST_parent_total,6.5,0.09121,14,-1.3333407702662026,6
QST_parent_total,6.5,0.15866,16,-0.9999803859660789,7
QST_parent_total,6.5,0.25249,18,-0.6666746102242979,8
QST_parent_total,6.5,0.36944,20,-0.33333688458431254,9
QST_parent_total,6.5,0.5,22,0,10
QST_parent_total,6.5,0.63056,23,0.33333688458431254,11
QST_parent_total,6.5,0.74751,25,0.6666746102242979,12
QST_parent_total,6.5,0.84134,26,0.9999803859660789,13
QST_parent_total,6.5,0.90879,27,1.3333407702662026,14
QST_parent_total,6.5,0.95221,28,1.6666702079210545,15
QST_parent_total,6.5,0.97725,29,2.0000024438996027,16
QST_parent_total,6.5,0.99018,30,2.3331552225672416,17
QST_parent_total,6.5,0.99617,30,2.6667000630340683,18
QST_parent_total,6.5,0.99865,30,2.999976992703401,19
QST_parent_total,6.75,0.00135,6,-2.999976992703393,1
QST_parent_total,6.75,0.00383,7,-2.6667000630340683,2
QST_parent_total,6.75,0.00982,9,-2.3331552225672434,3
QST_parent_total,6.75,0.02275,11,-2.000002443899604,4
QST_parent_total,6.75,0.04779,13,-1.6666702079210545,5
QST_parent_total,6.75,0.09121,15,-1.3333407702662026,6
QST_parent_total,6.75,0.15866,17,-0.9999803859660789,7
QST_parent_total,6.75,0.25249,19,-0.6666746102242979,8
QST_parent_total,6.75,0.36944,21,-0.33333688458431254,9
QST_parent_total,6.75,0.5,22,0,10
QST_parent_total,6.75,0.63056,24,0.33333688458431254,11
QST_parent_total,6.75,0.74751,25,0.6666746102242979,12
QST_parent_total,6.75,0.84134,27,0.9999803859660789,13
QST_parent_total,6.75,0.90879,28,1.3333407702662026,14
QST_parent_total,6.75,0.95221,29,1.6666702079210545,15
QST_parent_total,6.75,0.97725,29,2.0000024438996027,16
QST_parent_total,6.75,0.99018,30,2.3331552225672416,17
QST_parent_total,6.75,0.99617,30,2.6667000630340683,18
QST_parent_total,6.75,0.99865,30,2.999976992703401,19
QST_parent_total,7,0.00135,6,-2.999976992703393,1
QST_parent_total,7,0.00383,8,-2.6667000630340683,2
QST_parent_total,7,0.00982,9,-2.3331552225672434,3
QST_parent_total,7,0.02275,11,-2.000002443899604,4
QST_parent_total,7,0.04779,13,-1.6666702079210545,5
QST_parent_total,7,0.09121,15,-1.3333407702662026,6
QST_parent_total,7,0.15866,17,-0.9999803859660789,7
QST_parent_total,7,0.25249,19,-0.6666746102242979,8
QST_parent_total,7,0.36944,21,-0.33333688458431254,9
QST_parent_total,7,0.5,23,0,10
QST_parent_total,7,0.63056,24,0.33333688458431254,11
QST_parent_total,7,0.74751,26,0.6666746102242979,12
QST_parent_total,7,0.84134,27,0.9999803859660789,13
QST_parent_total,7,0.90879,28,1.3333407702662026,14
QST_parent_total,7,0.95221,29,1.6666702079210545,15
QST_parent_total,7,0.97725,29,2.0000024438996027,16
QST_parent_total,7,0.99018,30,2.3331552225672416,17
QST_parent_total,7,0.99617,30,2.6667000630340683,18
QST_parent_total,7,0.99865,30,2.999976992703401,19
QST_parent_total,7.25,0.00135,6,-2.999976992703393,1
QST_parent_total,7.25,0.00383,8,-2.6667000630340683,2
QST_parent_total,7.25,0.00982,10,-2.3331552225672434,3
QST_parent_total,7.25,0.02275,12,-2.000002443899604,4
QST_parent_total,7.25,0.04779,14,-1.6666702079210545,5
QST_parent_total,7.25,0.09121,16,-1.3333407702662026,6
QST_parent_total,7.25,0.15866,18,-0.9999803859660789,7
QST_parent_total,7.25,0.25249,20,-0.6666746102242979,8
QST_parent_total,7.25,0.36944,22,-0.33333688458431254,9
QST_parent_total,7.25,0.5,23,0,10
QST_parent_total,7.25,0.63056,25,0.33333688458431254,11
QST_parent_total,7.25,0.74751,26,0.6666746102242979,12
QST_parent_total,7.25,0.84134,27,0.9999803859660789,13
QST_parent_total,7.25,0.90879,28,1.3333407702662026,14
QST_parent_total,7.25,0.95221,29,1.6666702079210545,15
QST_parent_total,7.25,0.97725,30,2.0000024438996027,16
QST_parent_total,7.25,0.99018,30,2.3331552225672416,17
QST_parent_total,7.25,0.99617,30,2.6667000630340683,18
QST_parent_total,7.25,0.99865,30,2.999976992703401,19
QST_parent_total,7.5,0.00135,6,-2.999976992703393,1
QST_parent_total,7.5,0.00383,8,-2.6667000630340683,2
QST_parent_total,7.5,0.00982,10,-2.3331552225672434,3
QST_parent_total,7.5,0.02275,12,-2.000002443899604,4
QST_parent_total,7.5,0.04779,14,-1.6666702079210545,5
QST_parent_total,7.5,0.09121,16,-1.3333407702662026,6
QST_parent_total,7.5,0.15866,18,-0.9999803859660789,7
QST_parent_total,7.5,0.25249,20,-0.6666746102242979,8
QST_parent_total,7.5,0.36944,22,-0.33333688458431254,9
QST_parent_total,7.5,0.5,24,0,10
QST_parent_total,7.5,0.63056,25,0.33333688458431254,11
QST_parent_total,7.5,0.74751,27,0.6666746102242979,12
QST_parent_total,7.5,0.84134,28,0.9999803859660789,13
QST_parent_total,7.5,0.90879,29,1.3333407702662026,14
QST_parent_total,7.5,0.95221,29,1.6666702079210545,15
QST_parent_total,7.5,0.97725,30,2.0000024438996027,16
QST_parent_total,7.5,0.99018,30,2.3331552225672416,17
QST_parent_total,7.5,0.99617,30,2.6667000630340683,18
QST_parent_total,7.5,0.99865,30,2.999976992703401,19
QST_parent_total,7.75,0.00135,6,-2.999976992703393,1
QST_parent_total,7.75,0.00383,8,-2.6667000630340683,2
QST_parent_total,7.75,0.00982,10,-2.3331552225672434,3
QST_parent_total,7.75,0.02275,12,-2.000002443899604,4
QST_parent_total,7.75,0.04779,14,-1.6666702079210545,5
QST_parent_total,7.75,0.09121,16,-1.3333407702662026,6
QST_parent_total,7.75,0.15866,18,-0.9999803859660789,7
QST_parent_total,7.75,0.25249,20,-0.6666746102242979,8
QST_parent_total,7.75,0.36944,22,-0.33333688458431254,9
QST_parent_total,7.75,0.5,24,0,10
QST_parent_total,7.75,0.63056,26,0.33333688458431254,11
QST_parent_total,7.75,0.74751,27,0.6666746102242979,12
QST_parent_total,7.75,0.84134,28,0.9999803859660789,13
QST_parent_total,7.75,0.90879,29,1.3333407702662026,14
QST_parent_total,7.75,0.95221,29,1.6666702079210545,15
QST_parent_total,7.75,0.97725,30,2.0000024438996027,16
QST_parent_total,7.75,0.99018,30,2.3331552225672416,17
QST_parent_total,7.75,0.99617,30,2.6667000630340683,18
QST_parent_total,7.75,0.99865,30,2.999976992703401,19
QST_parent_total,8,0.00135,6,-2.999976992703393,1
QST_parent_total,8,0.00383,8,-2.6667000630340683,2
QST_parent_total,8,0.00982,10,-2.3331552225672434,3
QST_parent_total,8,0.02275,12,-2.000002443899604,4
QST_parent_total,8,0.04779,14,-1.6666702079210545,5
QST_parent_total,8,0.09121,16,-1.3333407702662026,6
QST_parent_total,8,0.15866,19,-0.9999803859660789,7
QST_parent_total,8,0.25249,21,-0.6666746102242979,8
QST_parent_total,8,0.36944,23,-0.33333688458431254,9
QST_parent_total,8,0.5,24,0,10
QST_parent_total,8,0.63056,26,0.33333688458431254,11
QST_parent_total,8,0.74751,27,0.6666746102242979,12
QST_parent_total,8,0.84134,28,0.9999803859660789,13
QST_parent_total,8,0.90879,29,1.3333407702662026,14
QST_parent_total,8,0.95221,30,1.6666702079210545,15
QST_parent_total,8,0.97725,30,2.0000024438996027,16
QST_parent_total,8,0.99018,30,2.3331552225672416,17
QST_parent_total,8,0.99617,30,2.6667000630340683,18
QST_parent_total,8,0.99865,30,2.999976992703401,19
QST_parent_total,8.25,0.00135,6,-2.999976992703393,1
QST_parent_total,8.25,0.00383,8,-2.6667000630340683,2
QST_parent_total,8.25,0.00982,10,-2.3331552225672434,3
QST_parent_total,8.25,0.02275,12,-2.000002443899604,4
QST_parent_total,8.25,0.04779,14,-1.6666702079210545,5
QST_parent_total,8.25,0.09121,17,-1.3333407702662026,6
QST_parent_total,8.25,0.15866,19,-0.9999803859660789,7
QST_parent_total,8.25,0.25249,21,-0.6666746102242979,8
QST_parent_total,8.25,0.36944,23,-0.33333688458431254,9
QST_parent_total,8.25,0.5,25,0,10
QST_parent_total,8.25,0.63056,26,0.33333688458431254,11
QST_parent_total,8.25,0.74751,27,0.6666746102242979,12
QST_parent_total,8.25,0.84134,28,0.9999803859660789,13
QST_parent_total,8.25,0.90879,29,1.3333407702662026,14
QST_parent_total,8.25,0.95221,30,1.6666702079210545,15
QST_parent_total,8.25,0.97725,30,2.0000024438996027,16
QST_parent_total,8.25,0.99018,30,2.3331552225672416,17
QST_parent_total,8.25,0.99617,30,2.6667000630340683,18
QST_parent_total,8.25,0.99865,30,2.999976992703401,19
QST_parent_total,8.5,0.00135,6,-2.999976992703393,1
QST_parent_total,8.5,0.00383,8,-2.6667000630340683,2
QST_parent_total,8.5,0.00982,10,-2.3331552225672434,3
QST_parent_total,8.5,0.02275,12,-2.000002443899604,4
QST_parent_total,8.5,0.04779,14,-1.6666702079210545,5
QST_parent_total,8.5,0.09121,17,-1.3333407702662026,6
QST_parent_total,8.5,0.15866,19,-0.9999803859660789,7
QST_parent_total,8.5,0.25249,21,-0.6666746102242979,8
QST_parent_total,8.5,0.36944,23,-0.33333688458431254,9
QST_parent_total,8.5,0.5,25,0,10
QST_parent_total,8.5,0.63056,26,0.33333688458431254,11
QST_parent_total,8.5,0.74751,28,0.6666746102242979,12
QST_parent_total,8.5,0.84134,29,0.9999803859660789,13
QST_parent_total,8.5,0.90879,29,1.3333407702662026,14
QST_parent_total,8.5,0.95221,30,1.6666702079210545,15
QST_parent_total,8.5,0.97725,30,2.0000024438996027,16
QST_parent_total,8.5,0.99018,30,2.3331552225672416,17
QST_parent_total,8.5,0.99617,30,2.6667000630340683,18
QST_parent_total,8.5,0.99865,30,2.999976992703401,19
QST_parent_total,8.75,0.00135,6,-2.999976992703393,1
QST_parent_total,8.75,0.00383,8,-2.6667000630340683,2
QST_parent_total,8.75,0.00982,10,-2.3331552225672434,3
QST_parent_total,8.75,0.02275,12,-2.000002443899604,4
QST_parent_total,8.75,0.04779,14,-1.6666702079210545,5
QST_parent_total,8.75,0.09121,17,-1.3333407702662026,6
QST_parent_total,8.75,0.15866,19,-0.9999803859660789,7
QST_parent_total,8.75,0.25249,21,-0.6666746102242979,8
QST_parent_total,8.75,0.36944,23,-0.33333688458431254,9
QST_parent_total,8.75,0.5,25,0,10
QST_parent_total,8.75,0.63056,26,0.33333688458431254,11
QST_parent_total,8.75,0.74751,28,0.6666746102242979,12
QST_parent_total,8.75,0.84134,29,0.9999803859660789,13
QST_parent_total,8.75,0.90879,29,1.3333407702662026,14
QST_parent_total,8.75,0.95221,30,1.6666702079210545,15
QST_parent_total,8.75,0.97725,30,2.0000024438996027,16
QST_parent_total,8.75,0.99018,30,2.3331552225672416,17
QST_parent_total,8.75,0.99617,30,2.6667000630340683,18
QST_parent_total,8.75,0.99865,30,2.999976992703401,19
QST_parent_total,9,0.00135,6,-2.999976992703393,1
QST_parent_total,9,0.00383,8,-2.6667000630340683,2
QST_parent_total,9,0.00982,10,-2.3331552225672434,3
QST_parent_total,9,0.02275,12,-2.000002443899604,4
QST_parent_total,9,0.04779,14,-1.6666702079210545,5
QST_parent_total,9,0.09121,17,-1.3333407702662026,6
QST_parent_total,9,0.15866,19,-0.9999803859660789,7
QST_parent_total,9,0.25249,21,-0.6666746102242979,8
QST_parent_total,9,0.36944,23,-0.33333688458431254,9
QST_parent_total,9,0.5,25,0,10
QST_parent_total,9,0.63056,27,0.33333688458431254,11
QST_parent_total,9,0.74751,28,0.6666746102242979,12
QST_parent_total,9,0.84134,29,0.9999803859660789,13
QST_parent_total,9,0.90879,29,1.3333407702662026,14
QST_parent_total,9,0.95221,30,1.6666702079210545,15
QST_parent_total,9,0.97725,30,2.0000024438996027,16
QST_parent_total,9,0.99018,30,2.3331552225672416,17
QST_parent_total,9,0.99617,30,2.6667000630340683,18
QST_parent_total,9,0.99865,30,2.999976992703401,19
QST_parent_total,9.25,0.00135,6,-2.999976992703393,1
QST_parent_total,9.25,0.00383,8,-2.6667000630340683,2
QST_parent_total,9.25,0.00982,10,-2.3331552225672434,3
QST_parent_total,9.25,0.02275,12,-2.000002443899604,4
QST_parent_total,9.25,0.04779,14,-1.6666702079210545,5
QST_parent_total,9.25,0.09121,17,-1.3333407702662026,6
QST_parent_total,9.25,0.15866,19,-0.9999803859660789,7
QST_parent_total,9.25,0.25249,21,-0.6666746102242979,8
QST_parent_total,9.25,0.36944,23,-0.33333688458431254,9
QST_parent_total,9.25,0.5,25,0,10
QST_parent_total,9.25,0.63056,27,0.33333688458431254,11
QST_parent_total,9.25,0.74751,28,0.6666746102242979,12
QST_parent_total,9.25,0.84134,29,0.9999803859660789,13
QST_parent_total,9.25,0.90879,30,1.3333407702662026,14
QST_parent_total,9.25,0.95221,30,1.6666702079210545,15
QST_parent_total,9.25,0.97725,30,2.0000024438996027,16
QST_parent_total,9.25,0.99018,30,2.3331552225672416,17
QST_parent_total,9.25,0.99617,30,2.6667000630340683,18
QST_parent_total,9.25,0.99865,30,2.999976992703401,19
QST_parent_total,9.5,0.00135,6,-2.999976992703393,1
QST_parent_total,9.5,0.00383,8,-2.6667000630340683,2
QST_parent_total,9.5,0.00982,10,-2.3331552225672434,3
QST_parent_total,9.5,0.02275,12,-2.000002443899604,4
QST_parent_total,9.5,0.04779,14,-1.6666702079210545,5
QST_parent_total,9.5,0.09121,17,-1.3333407702662026,6
QST_parent_total,9.5,0.15866,19,-0.9999803859660789,7
QST_parent_total,9.5,0.25249,21,-0.6666746102242979,8
QST_parent_total,9.5,0.36944,23,-0.33333688458431254,9
QST_parent_total,9.5,0.5,25,0,10
QST_parent_total,9.5,0.63056,27,0.33333688458431254,11
QST_parent_total,9.5,0.74751,28,0.6666746102242979,12
QST_parent_total,9.5,0.84134,29,0.9999803859660789,13
QST_parent_total,9.5,0.90879,30,1.3333407702662026,14
QST_parent_total,9.5,0.95221,30,1.6666702079210545,15
QST_parent_total,9.5,0.97725,30,2.0000024438996027,16
QST_parent_total,9.5,0.99018,30,2.3331552225672416,17
QST_parent_total,9.5,0.99617,30,2.6667000630340683,18
QST_parent_total,9.5,0.99865,30,2.999976992703401,19
QST_parent_total,9.75,0.00135,5,-2.999976992703393,1
QST_parent_total,9.75,0.00383,7,-2.6667000630340683,2
QST_parent_total,9.75,0.00982,9,-2.3331552225672434,3
QST_parent_total,9.75,0.02275,12,-2.000002443899604,4
QST_parent_total,9.75,0.04779,14,-1.6666702079210545,5
QST_parent_total,9.75,0.09121,17,-1.3333407702662026,6
QST_parent_total,9.75,0.15866,19,-0.9999803859660789,7
QST_parent_total,9.75,0.25249,21,-0.6666746102242979,8
QST_parent_total,9.75,0.36944,23,-0.33333688458431254,9
QST_parent_total,9.75,0.5,25,0,10
QST_parent_total,9.75,0.63056,27,0.33333688458431254,11
QST_parent_total,9.75,0.74751,28,0.6666746102242979,12
QST_parent_total,9.75,0.84134,29,0.9999803859660789,13
QST_parent_total,9.75,0.90879,30,1.3333407702662026,14
QST_parent_total,9.75,0.95221,30,1.6666702079210545,15
QST_parent_total,9.75,0.97725,30,2.0000024438996027,16
QST_parent_total,9.75,0.99018,30,2.3331552225672416,17
QST_parent_total,9.75,0.99617,30,2.6667000630340683,18
QST_parent_total,9.75,0.99865,30,2.999976992703401,19
QST_parent_total,10,0.00135,5,-2.999976992703393,1
QST_parent_total,10,0.00383,7,-2.6667000630340683,2
QST_parent_total,10,0.00982,9,-2.3331552225672434,3
QST_parent_total,10,0.02275,12,-2.000002443899604,4
QST_parent_total,10,0.04779,14,-1.6666702079210545,5
QST_parent_total,10,0.09121,17,-1.3333407702662026,6
QST_parent_total,10,0.15866,19,-0.9999803859660789,7
QST_parent_total,10,0.25249,21,-0.6666746102242979,8
QST_parent_total,10,0.36944,23,-0.33333688458431254,9
QST_parent_total,10,0.5,25,0,10
QST_parent_total,10,0.63056,27,0.33333688458431254,11
QST_parent_total,10,0.74751,28,0.6666746102242979,12
QST_parent_total,10,0.84134,29,0.9999803859660789,13
QST_parent_total,10,0.90879,30,1.3333407702662026,14
QST_parent_total,10,0.95221,30,1.6666702079210545,15
QST_parent_total,10,0.97725,30,2.0000024438996027,16
QST_parent_total,10,0.99018,30,2.3331552225672416,17
QST_parent_total,10,0.99617,30,2.6667000630340683,18
QST_parent_total,10,0.99865,30,2.999976992703401,19
QST_parent_total,10.25,0.00135,5,-2.999976992703393,1
QST_parent_total,10.25,0.00383,7,-2.6667000630340683,2
QST_parent_total,10.25,0.00982,9,-2.3331552225672434,3
QST_parent_total,10.25,0.02275,11,-2.000002443899604,4
QST_parent_total,10.25,0.04779,14,-1.6666702079210545,5
QST_parent_total,10.25,0.09121,16,-1.3333407702662026,6
QST_parent_total,10.25,0.15866,19,-0.9999803859660789,7
QST_parent_total,10.25,0.25249,21,-0.6666746102242979,8
QST_parent_total,10.25,0.36944,24,-0.33333688458431254,9
QST_parent_total,10.25,0.5,25,0,10
QST_parent_total,10.25,0.63056,27,0.33333688458431254,11
QST_parent_total,10.25,0.74751,28,0.6666746102242979,12
QST_parent_total,10.25,0.84134,29,0.9999803859660789,13
QST_parent_total,10.25,0.90879,30,1.3333407702662026,14
QST_parent_total,10.25,0.95221,30,1.6666702079210545,15
QST_parent_total,10.25,0.97725,30,2.0000024438996027,16
QST_parent_total,10.25,0.99018,30,2.3331552225672416,17
QST_parent_total,10.25,0.99617,30,2.6667000630340683,18
QST_parent_total,10.25,0.99865,30,2.999976992703401,19
QST_parent_total,10.5,0.00135,5,-2.999976992703393,1
QST_parent_total,10.5,0.00383,7,-2.6667000630340683,2
QST_parent_total,10.5,0.00982,9,-2.3331552225672434,3
QST_parent_total,10.5,0.02275,11,-2.000002443899604,4
QST_parent_total,10.5,0.04779,14,-1.6666702079210545,5
QST_parent_total,10.5,0.09121,16,-1.3333407702662026,6
QST_parent_total,10.5,0.15866,19,-0.9999803859660789,7
QST_parent_total,10.5,0.25249,21,-0.6666746102242979,8
QST_parent_total,10.5,0.36944,24,-0.33333688458431254,9
QST_parent_total,10.5,0.5,25,0,10
QST_parent_total,10.5,0.63056,27,0.33333688458431254,11
QST_parent_total,10.5,0.74751,28,0.6666746102242979,12
QST_parent_total,10.5,0.84134,29,0.9999803859660789,13
QST_parent_total,10.5,0.90879,30,1.3333407702662026,14
QST_parent_total,10.5,0.95221,30,1.6666702079210545,15
QST_parent_total,10.5,0.97725,30,2.0000024438996027,16
QST_parent_total,10.5,0.99018,30,2.3331552225672416,17
QST_parent_total,10.5,0.99617,30,2.6667000630340683,18
QST_parent_total,10.5,0.99865,30,2.999976992703401,19
QST_parent_total,10.75,0.00135,5,-2.999976992703393,1
QST_parent_total,10.75,0.00383,7,-2.6667000630340683,2
QST_parent_total,10.75,0.00982,9,-2.3331552225672434,3
QST_parent_total,10.75,0.02275,11,-2.000002443899604,4
QST_parent_total,10.75,0.04779,14,-1.6666702079210545,5
QST_parent_total,10.75,0.09121,16,-1.3333407702662026,6
QST_parent_total,10.75,0.15866,19,-0.9999803859660789,7
QST_parent_total,10.75,0.25249,21,-0.6666746102242979,8
QST_parent_total,10.75,0.36944,24,-0.33333688458431254,9
QST_parent_total,10.75,0.5,25,0,10
QST_parent_total,10.75,0.63056,27,0.33333688458431254,11
QST_parent_total,10.75,0.74751,28,0.6666746102242979,12
QST_parent_total,10.75,0.84134,29,0.9999803859660789,13
QST_parent_total,10.75,0.90879,30,1.3333407702662026,14
QST_parent_total,10.75,0.95221,30,1.6666702079210545,15
QST_parent_total,10.75,0.97725,30,2.0000024438996027,16
QST_parent_total,10.75,0.99018,30,2.3331552225672416,17
QST_parent_total,10.75,0.99617,30,2.6667000630340683,18
QST_parent_total,10.75,0.99865,30,2.999976992703401,19
QST_parent_total,11,0.00135,5,-2.999976992703393,1
QST_parent_total,11,0.00383,6,-2.6667000630340683,2
QST_parent_total,11,0.00982,9,-2.3331552225672434,3
QST_parent_total,11,0.02275,11,-2.000002443899604,4
QST_parent_total,11,0.04779,13,-1.6666702079210545,5
QST_parent_total,11,0.09121,16,-1.3333407702662026,6
QST_parent_total,11,0.15866,19,-0.9999803859660789,7
QST_parent_total,11,0.25249,21,-0.6666746102242979,8
QST_parent_total,11,0.36944,24,-0.33333688458431254,9
QST_parent_total,11,0.5,25,0,10
QST_parent_total,11,0.63056,27,0.33333688458431254,11
QST_parent_total,11,0.74751,28,0.6666746102242979,12
QST_parent_total,11,0.84134,29,0.9999803859660789,13
QST_parent_total,11,0.90879,30,1.3333407702662026,14
QST_parent_total,11,0.95221,30,1.6666702079210545,15
QST_parent_total,11,0.97725,30,2.0000024438996027,16
QST_parent_total,11,0.99018,30,2.3331552225672416,17
QST_parent_total,11,0.99617,30,2.6667000630340683,18
QST_parent_total,11,0.99865,30,2.999976992703401,19
QST_parent_total,11.25,0.00135,4,-2.999976992703393,1
QST_parent_total,11.25,0.00383,6,-2.6667000630340683,2
QST_parent_total,11.25,0.00982,8,-2.3331552225672434,3
QST_parent_total,11.25,0.02275,11,-2.000002443899604,4
QST_parent_total,11.25,0.04779,13,-1.6666702079210545,5
QST_parent_total,11.25,0.09121,16,-1.3333407702662026,6
QST_parent_total,11.25,0.15866,19,-0.9999803859660789,7
QST_parent_total,11.25,0.25249,21,-0.6666746102242979,8
QST_parent_total,11.25,0.36944,24,-0.33333688458431254,9
QST_parent_total,11.25,0.5,26,0,10
QST_parent_total,11.25,0.63056,27,0.33333688458431254,11
QST_parent_total,11.25,0.74751,28,0.6666746102242979,12
QST_parent_total,11.25,0.84134,29,0.9999803859660789,13
QST_parent_total,11.25,0.90879,30,1.3333407702662026,14
QST_parent_total,11.25,0.95221,30,1.6666702079210545,15
QST_parent_total,11.25,0.97725,30,2.0000024438996027,16
QST_parent_total,11.25,0.99018,30,2.3331552225672416,17
QST_parent_total,11.25,0.99617,30,2.6667000630340683,18
QST_parent_total,11.25,0.99865,30,2.999976992703401,19
QST_parent_total,11.5,0.00135,4,-2.999976992703393,1
QST_parent_total,11.5,0.00383,6,-2.6667000630340683,2
QST_parent_total,11.5,0.00982,8,-2.3331552225672434,3
QST_parent_total,11.5,0.02275,11,-2.000002443899604,4
QST_parent_total,11.5,0.04779,13,-1.6666702079210545,5
QST_parent_total,11.5,0.09121,16,-1.3333407702662026,6
QST_parent_total,11.5,0.15866,19,-0.9999803859660789,7
QST_parent_total,11.5,0.25249,21,-0.6666746102242979,8
QST_parent_total,11.5,0.36944,24,-0.33333688458431254,9
QST_parent_total,11.5,0.5,26,0,10
QST_parent_total,11.5,0.63056,27,0.33333688458431254,11
QST_parent_total,11.5,0.74751,28,0.6666746102242979,12
QST_parent_total,11.5,0.84134,29,0.9999803859660789,13
QST_parent_total,11.5,0.90879,30,1.3333407702662026,14
QST_parent_total,11.5,0.95221,30,1.6666702079210545,15
QST_parent_total,11.5,0.97725,30,2.0000024438996027,16
QST_parent_total,11.5,0.99018,30,2.3331552225672416,17
QST_parent_total,11.5,0.99617,30,2.6667000630340683,18
QST_parent_total,11.5,0.99865,30,2.999976992703401,19
QST_parent_total,11.75,0.00135,4,-2.999976992703393,1
QST_parent_total,11.75,0.00383,6,-2.6667000630340683,2
QST_parent_total,11.75,0.00982,8,-2.3331552225672434,3
QST_parent_total,11.75,0.02275,10,-2.000002443899604,4
QST_parent_total,11.75,0.04779,13,-1.6666702079210545,5
QST_parent_total,11.75,0.09121,16,-1.3333407702662026,6
QST_parent_total,11.75,0.15866,19,-0.9999803859660789,7
QST_parent_total,11.75,0.25249,21,-0.6666746102242979,8
QST_parent_total,11.75,0.36944,24,-0.33333688458431254,9
QST_parent_total,11.75,0.5,26,0,10
QST_parent_total,11.75,0.63056,27,0.33333688458431254,11
QST_parent_total,11.75,0.74751,28,0.6666746102242979,12
QST_parent_total,11.75,0.84134,29,0.9999803859660789,13
QST_parent_total,11.75,0.90879,30,1.3333407702662026,14
QST_parent_total,11.75,0.95221,30,1.6666702079210545,15
QST_parent_total,11.75,0.97725,30,2.0000024438996027,16
QST_parent_total,11.75,0.99018,30,2.3331552225672416,17
QST_parent_total,11.75,0.99617,30,2.6667000630340683,18
QST_parent_total,11.75,0.99865,30,2.999976992703401,19
QST_parent_total,12,0.00135,4,-2.999976992703393,1
QST_parent_total,12,0.00383,6,-2.6667000630340683,2
QST_parent_total,12,0.00982,8,-2.3331552225672434,3
QST_parent_total,12,0.02275,10,-2.000002443899604,4
QST_parent_total,12,0.04779,13,-1.6666702079210545,5
QST_parent_total,12,0.09121,16,-1.3333407702662026,6
QST_parent_total,12,0.15866,19,-0.9999803859660789,7
QST_parent_total,12,0.25249,21,-0.6666746102242979,8
QST_parent_total,12,0.36944,24,-0.33333688458431254,9
QST_parent_total,12,0.5,26,0,10
QST_parent_total,12,0.63056,27,0.33333688458431254,11
QST_parent_total,12,0.74751,29,0.6666746102242979,12
QST_parent_total,12,0.84134,29,0.9999803859660789,13
QST_parent_total,12,0.90879,30,1.3333407702662026,14
QST_parent_total,12,0.95221,30,1.6666702079210545,15
QST_parent_total,12,0.97725,30,2.0000024438996027,16
QST_parent_total,12,0.99018,30,2.3331552225672416,17
QST_parent_total,12,0.99617,30,2.6667000630340683,18
QST_parent_total,12,0.99865,30,2.999976992703401,19
QST_teacher_total,6,0.00135,1,-2.999976992703393,1
QST_teacher_total,6,0.00383,2,-2.6667000630340683,2
QST_teacher_total,6,0.00982,3,-2.3331552225672434,3
QST_teacher_total,6,0.02275,4,-2.000002443899604,4
QST_teacher_total,6,0.04779,6,-1.6666702079210545,5
QST_teacher_total,6,0.09121,7,-1.3333407702662026,6
QST_teacher_total,6,0.15866,9,-0.9999803859660789,7
QST_teacher_total,6,0.25249,10,-0.6666746102242979,8
QST_teacher_total,6,0.36944,12,-0.33333688458431254,9
QST_teacher_total,6,0.5,14,0,10
QST_teacher_total,6,0.63056,15,0.33333688458431254,11
QST_teacher_total,6,0.74751,17,0.6666746102242979,12
QST_teacher_total,6,0.84134,19,0.9999803859660789,13
QST_teacher_total,6,0.90879,20,1.3333407702662026,14
QST_teacher_total,6,0.95221,22,1.6666702079210545,15
QST_teacher_total,6,0.97725,23,2.0000024438996027,16
QST_teacher_total,6,0.99018,25,2.3331552225672416,17
QST_teacher_total,6,0.99617,26,2.6667000630340683,18
QST_teacher_total,6,0.99865,27,2.999976992703401,19
QST_teacher_total,6.25,0.00135,2,-2.999976992703393,1
QST_teacher_total,6.25,0.00383,2,-2.6667000630340683,2
QST_teacher_total,6.25,0.00982,4,-2.3331552225672434,3
QST_teacher_total,6.25,0.02275,5,-2.000002443899604,4
QST_teacher_total,6.25,0.04779,6,-1.6666702079210545,5
QST_teacher_total,6.25,0.09121,7,-1.3333407702662026,6
QST_teacher_total,6.25,0.15866,9,-0.9999803859660789,7
QST_teacher_total,6.25,0.25249,10,-0.6666746102242979,8
QST_teacher_total,6.25,0.36944,12,-0.33333688458431254,9
QST_teacher_total,6.25,0.5,14,0,10
QST_teacher_total,6.25,0.63056,16,0.33333688458431254,11
QST_teacher_total,6.25,0.74751,17,0.6666746102242979,12
QST_teacher_total,6.25,0.84134,19,0.9999803859660789,13
QST_teacher_total,6.25,0.90879,21,1.3333407702662026,14
QST_teacher_total,6.25,0.95221,22,1.6666702079210545,15
QST_teacher_total,6.25,0.97725,24,2.0000024438996027,16
QST_teacher_total,6.25,0.99018,25,2.3331552225672416,17
QST_teacher_total,6.25,0.99617,26,2.6667000630340683,18
QST_teacher_total,6.25,0.99865,27,2.999976992703401,19
QST_teacher_total,6.5,0.00135,2,-2.999976992703393,1
QST_teacher_total,6.5,0.00383,3,-2.6667000630340683,2
QST_teacher_total,6.5,0.00982,4,-2.3331552225672434,3
QST_teacher_total,6.5,0.02275,5,-2.000002443899604,4
QST_teacher_total,6.5,0.04779,6,-1.6666702079210545,5
QST_teacher_total,6.5,0.09121,8,-1.3333407702662026,6
QST_teacher_total,6.5,0.15866,9,-0.9999803859660789,7
QST_teacher_total,6.5,0.25249,11,-0.6666746102242979,8
QST_teacher_total,6.5,0.36944,12,-0.33333688458431254,9
QST_teacher_total,6.5,0.5,14,0,10
QST_teacher_total,6.5,0.63056,16,0.33333688458431254,11
QST_teacher_total,6.5,0.74751,18,0.6666746102242979,12
QST_teacher_total,6.5,0.84134,19,0.9999803859660789,13
QST_teacher_total,6.5,0.90879,21,1.3333407702662026,14
QST_teacher_total,6.5,0.95221,22,1.6666702079210545,15
QST_teacher_total,6.5,0.97725,24,2.0000024438996027,16
QST_teacher_total,6.5,0.99018,25,2.3331552225672416,17
QST_teacher_total,6.5,0.99617,26,2.6667000630340683,18
QST_teacher_total,6.5,0.99865,27,2.999976992703401,19
QST_teacher_total,6.75,0.00135,2,-2.999976992703393,1
QST_teacher_total,6.75,0.00383,3,-2.6667000630340683,2
QST_teacher_total,6.75,0.00982,4,-2.3331552225672434,3
QST_teacher_total,6.75,0.02275,5,-2.000002443899604,4
QST_teacher_total,6.75,0.04779,6,-1.6666702079210545,5
QST_teacher_total,6.75,0.09121,8,-1.3333407702662026,6
QST_teacher_total,6.75,0.15866,9,-0.9999803859660789,7
QST_teacher_total,6.75,0.25249,11,-0.6666746102242979,8
QST_teacher_total,6.75,0.36944,13,-0.33333688458431254,9
QST_teacher_total,6.75,0.5,15,0,10
QST_teacher_total,6.75,0.63056,16,0.33333688458431254,11
QST_teacher_total,6.75,0.74751,18,0.6666746102242979,12
QST_teacher_total,6.75,0.84134,20,0.9999803859660789,13
QST_teacher_total,6.75,0.90879,21,1.3333407702662026,14
QST_teacher_total,6.75,0.95221,23,1.6666702079210545,15
QST_teacher_total,6.75,0.97725,24,2.0000024438996027,16
QST_teacher_total,6.75,0.99018,25,2.3331552225672416,17
QST_teacher_total,6.75,0.99617,27,2.6667000630340683,18
QST_teacher_total,6.75,0.99865,28,2.999976992703401,19
QST_teacher_total,7,0.00135,2,-2.999976992703393,1
QST_teacher_total,7,0.00383,3,-2.6667000630340683,2
QST_teacher_total,7,0.00982,4,-2.3331552225672434,3
QST_teacher_total,7,0.02275,5,-2.000002443899604,4
QST_teacher_total,7,0.04779,7,-1.6666702079210545,5
QST_teacher_total,7,0.09121,8,-1.3333407702662026,6
QST_teacher_total,7,0.15866,10,-0.9999803859660789,7
QST_teacher_total,7,0.25249,11,-0.6666746102242979,8
QST_teacher_total,7,0.36944,13,-0.33333688458431254,9
QST_teacher_total,7,0.5,15,0,10
QST_teacher_total,7,0.63056,17,0.33333688458431254,11
QST_teacher_total,7,0.74751,18,0.6666746102242979,12
QST_teacher_total,7,0.84134,20,0.9999803859660789,13
QST_teacher_total,7,0.90879,21,1.3333407702662026,14
QST_teacher_total,7,0.95221,23,1.6666702079210545,15
QST_teacher_total,7,0.97725,24,2.0000024438996027,16
QST_teacher_total,7,0.99018,26,2.3331552225672416,17
QST_teacher_total,7,0.99617,27,2.6667000630340683,18
QST_teacher_total,7,0.99865,28,2.999976992703401,19
QST_teacher_total,7.25,0.00135,2,-2.999976992703393,1
QST_teacher_total,7.25,0.00383,3,-2.6667000630340683,2
QST_teacher_total,7.25,0.00982,4,-2.3331552225672434,3
QST_teacher_total,7.25,0.02275,6,-2.000002443899604,4
QST_teacher_total,7.25,0.04779,7,-1.6666702079210545,5
QST_teacher_total,7.25,0.09121,8,-1.3333407702662026,6
QST_teacher_total,7.25,0.15866,10,-0.9999803859660789,7
QST_teacher_total,7.25,0.25249,12,-0.6666746102242979,8
QST_teacher_total,7.25,0.36944,13,-0.33333688458431254,9
QST_teacher_total,7.25,0.5,15,0,10
QST_teacher_total,7.25,0.63056,17,0.33333688458431254,11
QST_teacher_total,7.25,0.74751,19,0.6666746102242979,12
QST_teacher_total,7.25,0.84134,20,0.9999803859660789,13
QST_teacher_total,7.25,0.90879,22,1.3333407702662026,14
QST_teacher_total,7.25,0.95221,23,1.6666702079210545,15
QST_teacher_total,7.25,0.97725,25,2.0000024438996027,16
QST_teacher_total,7.25,0.99018,26,2.3331552225672416,17
QST_teacher_total,7.25,0.99617,27,2.6667000630340683,18
QST_teacher_total,7.25,0.99865,28,2.999976992703401,19
QST_teacher_total,7.5,0.00135,2,-2.999976992703393,1
QST_teacher_total,7.5,0.00383,3,-2.6667000630340683,2
QST_teacher_total,7.5,0.00982,5,-2.3331552225672434,3
QST_teacher_total,7.5,0.02275,6,-2.000002443899604,4
QST_teacher_total,7.5,0.04779,7,-1.6666702079210545,5
QST_teacher_total,7.5,0.09121,9,-1.3333407702662026,6
QST_teacher_total,7.5,0.15866,10,-0.9999803859660789,7
QST_teacher_total,7.5,0.25249,12,-0.6666746102242979,8
QST_teacher_total,7.5,0.36944,14,-0.33333688458431254,9
QST_teacher_total,7.5,0.5,15,0,10
QST_teacher_total,7.5,0.63056,17,0.33333688458431254,11
QST_teacher_total,7.5,0.74751,19,0.6666746102242979,12
QST_teacher_total,7.5,0.84134,21,0.9999803859660789,13
QST_teacher_total,7.5,0.90879,22,1.3333407702662026,14
QST_teacher_total,7.5,0.95221,24,1.6666702079210545,15
QST_teacher_total,7.5,0.97725,25,2.0000024438996027,16
QST_teacher_total,7.5,0.99018,26,2.3331552225672416,17
QST_teacher_total,7.5,0.99617,27,2.6667000630340683,18
QST_teacher_total,7.5,0.99865,28,2.999976992703401,19
QST_teacher_total,7.75,0.00135,3,-2.999976992703393,1
QST_teacher_total,7.75,0.00383,4,-2.6667000630340683,2
QST_teacher_total,7.75,0.00982,5,-2.3331552225672434,3
QST_teacher_total,7.75,0.02275,6,-2.000002443899604,4
QST_teacher_total,7.75,0.04779,8,-1.6666702079210545,5
QST_teacher_total,7.75,0.09121,9,-1.3333407702662026,6
QST_teacher_total,7.75,0.15866,11,-0.9999803859660789,7
QST_teacher_total,7.75,0.25249,12,-0.6666746102242979,8
QST_teacher_total,7.75,0.36944,14,-0.33333688458431254,9
QST_teacher_total,7.75,0.5,16,0,10
QST_teacher_total,7.75,0.63056,18,0.33333688458431254,11
QST_teacher_total,7.75,0.74751,19,0.6666746102242979,12
QST_teacher_total,7.75,0.84134,21,0.9999803859660789,13
QST_teacher_total,7.75,0.90879,22,1.3333407702662026,14
QST_teacher_total,7.75,0.95221,24,1.6666702079210545,15
QST_teacher_total,7.75,0.97725,25,2.0000024438996027,16
QST_teacher_total,7.75,0.99018,26,2.3331552225672416,17
QST_teacher_total,7.75,0.99617,27,2.6667000630340683,18
QST_teacher_total,7.75,0.99865,28,2.999976992703401,19
QST_teacher_total,8,0.00135,3,-2.999976992703393,1
QST_teacher_total,8,0.00383,4,-2.6667000630340683,2
QST_teacher_total,8,0.00982,5,-2.3331552225672434,3
QST_teacher_total,8,0.02275,6,-2.000002443899604,4
QST_teacher_total,8,0.04779,8,-1.6666702079210545,5
QST_teacher_total,8,0.09121,9,-1.3333407702662026,6
QST_teacher_total,8,0.15866,11,-0.9999803859660789,7
QST_teacher_total,8,0.25249,13,-0.6666746102242979,8
QST_teacher_total,8,0.36944,14,-0.33333688458431254,9
QST_teacher_total,8,0.5,16,0,10
QST_teacher_total,8,0.63056,18,0.33333688458431254,11
QST_teacher_total,8,0.74751,20,0.6666746102242979,12
QST_teacher_total,8,0.84134,21,0.9999803859660789,13
QST_teacher_total,8,0.90879,23,1.3333407702662026,14
QST_teacher_total,8,0.95221,24,1.6666702079210545,15
QST_teacher_total,8,0.97725,25,2.0000024438996027,16
QST_teacher_total,8,0.99018,26,2.3331552225672416,17
QST_teacher_total,8,0.99617,28,2.6667000630340683,18
QST_teacher_total,8,0.99865,28,2.999976992703401,19
QST_teacher_total,8.25,0.00135,3,-2.999976992703393,1
QST_teacher_total,8.25,0.00383,4,-2.6667000630340683,2
QST_teacher_total,8.25,0.00982,5,-2.3331552225672434,3
QST_teacher_total,8.25,0.02275,7,-2.000002443899604,4
QST_teacher_total,8.25,0.04779,8,-1.6666702079210545,5
QST_teacher_total,8.25,0.09121,10,-1.3333407702662026,6
QST_teacher_total,8.25,0.15866,11,-0.9999803859660789,7
QST_teacher_total,8.25,0.25249,13,-0.6666746102242979,8
QST_teacher_total,8.25,0.36944,15,-0.33333688458431254,9
QST_teacher_total,8.25,0.5,16,0,10
QST_teacher_total,8.25,0.63056,18,0.33333688458431254,11
QST_teacher_total,8.25,0.74751,20,0.6666746102242979,12
QST_teacher_total,8.25,0.84134,21,0.9999803859660789,13
QST_teacher_total,8.25,0.90879,23,1.3333407702662026,14
QST_teacher_total,8.25,0.95221,24,1.6666702079210545,15
QST_teacher_total,8.25,0.97725,26,2.0000024438996027,16
QST_teacher_total,8.25,0.99018,27,2.3331552225672416,17
QST_teacher_total,8.25,0.99617,28,2.6667000630340683,18
QST_teacher_total,8.25,0.99865,29,2.999976992703401,19
QST_teacher_total,8.5,0.00135,3,-2.999976992703393,1
QST_teacher_total,8.5,0.00383,4,-2.6667000630340683,2
QST_teacher_total,8.5,0.00982,6,-2.3331552225672434,3
QST_teacher_total,8.5,0.02275,7,-2.000002443899604,4
QST_teacher_total,8.5,0.04779,8,-1.6666702079210545,5
QST_teacher_total,8.5,0.09121,10,-1.3333407702662026,6
QST_teacher_total,8.5,0.15866,12,-0.9999803859660789,7
QST_teacher_total,8.5,0.25249,13,-0.6666746102242979,8
QST_teacher_total,8.5,0.36944,15,-0.33333688458431254,9
QST_teacher_total,8.5,0.5,17,0,10
QST_teacher_total,8.5,0.63056,18,0.33333688458431254,11
QST_teacher_total,8.5,0.74751,20,0.6666746102242979,12
QST_teacher_total,8.5,0.84134,22,0.9999803859660789,13
QST_teacher_total,8.5,0.90879,23,1.3333407702662026,14
QST_teacher_total,8.5,0.95221,25,1.6666702079210545,15
QST_teacher_total,8.5,0.97725,26,2.0000024438996027,16
QST_teacher_total,8.5,0.99018,27,2.3331552225672416,17
QST_teacher_total,8.5,0.99617,28,2.6667000630340683,18
QST_teacher_total,8.5,0.99865,29,2.999976992703401,19
QST_teacher_total,8.75,0.00135,3,-2.999976992703393,1
QST_teacher_total,8.75,0.00383,4,-2.6667000630340683,2
QST_teacher_total,8.75,0.00982,6,-2.3331552225672434,3
QST_teacher_total,8.75,0.02275,7,-2.000002443899604,4
QST_teacher_total,8.75,0.04779,9,-1.6666702079210545,5
QST_teacher_total,8.75,0.09121,10,-1.3333407702662026,6
QST_teacher_total,8.75,0.15866,12,-0.9999803859660789,7
QST_teacher_total,8.75,0.25249,14,-0.6666746102242979,8
QST_teacher_total,8.75,0.36944,15,-0.33333688458431254,9
QST_teacher_total,8.75,0.5,17,0,10
QST_teacher_total,8.75,0.63056,19,0.33333688458431254,11
QST_teacher_total,8.75,0.74751,20,0.6666746102242979,12
QST_teacher_total,8.75,0.84134,22,0.9999803859660789,13
QST_teacher_total,8.75,0.90879,23,1.3333407702662026,14
QST_teacher_total,8.75,0.95221,25,1.6666702079210545,15
QST_teacher_total,8.75,0.97725,26,2.0000024438996027,16
QST_teacher_total,8.75,0.99018,27,2.3331552225672416,17
QST_teacher_total,8.75,0.99617,28,2.6667000630340683,18
QST_teacher_total,8.75,0.99865,29,2.999976992703401,19
QST_teacher_total,9,0.00135,3,-2.999976992703393,1
QST_teacher_total,9,0.00383,5,-2.6667000630340683,2
QST_teacher_total,9,0.00982,6,-2.3331552225672434,3
QST_teacher_total,9,0.02275,7,-2.000002443899604,4
QST_teacher_total,9,0.04779,9,-1.6666702079210545,5
QST_teacher_total,9,0.09121,11,-1.3333407702662026,6
QST_teacher_total,9,0.15866,12,-0.9999803859660789,7
QST_teacher_total,9,0.25249,14,-0.6666746102242979,8
QST_teacher_total,9,0.36944,16,-0.33333688458431254,9
QST_teacher_total,9,0.5,17,0,10
QST_teacher_total,9,0.63056,19,0.33333688458431254,11
QST_teacher_total,9,0.74751,21,0.6666746102242979,12
QST_teacher_total,9,0.84134,22,0.9999803859660789,13
QST_teacher_total,9,0.90879,24,1.3333407702662026,14
QST_teacher_total,9,0.95221,25,1.6666702079210545,15
QST_teacher_total,9,0.97725,26,2.0000024438996027,16
QST_teacher_total,9,0.99018,27,2.3331552225672416,17
QST_teacher_total,9,0.99617,28,2.6667000630340683,18
QST_teacher_total,9,0.99865,29,2.999976992703401,19
QST_teacher_total,9.25,0.00135,4,-2.999976992703393,1
QST_teacher_total,9.25,0.00383,5,-2.6667000630340683,2
QST_teacher_total,9.25,0.00982,6,-2.3331552225672434,3
QST_teacher_total,9.25,0.02275,8,-2.000002443899604,4
QST_teacher_total,9.25,0.04779,9,-1.6666702079210545,5
QST_teacher_total,9.25,0.09121,11,-1.3333407702662026,6
QST_teacher_total,9.25,0.15866,13,-0.9999803859660789,7
QST_teacher_total,9.25,0.25249,14,-0.6666746102242979,8
QST_teacher_total,9.25,0.36944,16,-0.33333688458431254,9
QST_teacher_total,9.25,0.5,18,0,10
QST_teacher_total,9.25,0.63056,19,0.33333688458431254,11
QST_teacher_total,9.25,0.74751,21,0.6666746102242979,12
QST_teacher_total,9.25,0.84134,23,0.9999803859660789,13
QST_teacher_total,9.25,0.90879,24,1.3333407702662026,14
QST_teacher_total,9.25,0.95221,25,1.6666702079210545,15
QST_teacher_total,9.25,0.97725,26,2.0000024438996027,16
QST_teacher_total,9.25,0.99018,27,2.3331552225672416,17
QST_teacher_total,9.25,0.99617,28,2.6667000630340683,18
QST_teacher_total,9.25,0.99865,29,2.999976992703401,19
QST_teacher_total,9.5,0.00135,4,-2.999976992703393,1
QST_teacher_total,9.5,0.00383,5,-2.6667000630340683,2
QST_teacher_total,9.5,0.00982,6,-2.3331552225672434,3
QST_teacher_total,9.5,0.02275,8,-2.000002443899604,4
QST_teacher_total,9.5,0.04779,10,-1.6666702079210545,5
QST_teacher_total,9.5,0.09121,11,-1.3333407702662026,6
QST_teacher_total,9.5,0.15866,13,-0.9999803859660789,7
QST_teacher_total,9.5,0.25249,15,-0.6666746102242979,8
QST_teacher_total,9.5,0.36944,16,-0.33333688458431254,9
QST_teacher_total,9.5,0.5,18,0,10
QST_teacher_total,9.5,0.63056,20,0.33333688458431254,11
QST_teacher_total,9.5,0.74751,21,0.6666746102242979,12
QST_teacher_total,9.5,0.84134,23,0.9999803859660789,13
QST_teacher_total,9.5,0.90879,24,1.3333407702662026,14
QST_teacher_total,9.5,0.95221,25,1.6666702079210545,15
QST_teacher_total,9.5,0.97725,27,2.0000024438996027,16
QST_teacher_total,9.5,0.99018,28,2.3331552225672416,17
QST_teacher_total,9.5,0.99617,28,2.6667000630340683,18
QST_teacher_total,9.5,0.99865,29,2.999976992703401,19
QST_teacher_total,9.75,0.00135,4,-2.999976992703393,1
QST_teacher_total,9.75,0.00383,5,-2.6667000630340683,2
QST_teacher_total,9.75,0.00982,7,-2.3331552225672434,3
QST_teacher_total,9.75,0.02275,8,-2.000002443899604,4
QST_teacher_total,9.75,0.04779,10,-1.6666702079210545,5
QST_teacher_total,9.75,0.09121,11,-1.3333407702662026,6
QST_teacher_total,9.75,0.15866,13,-0.9999803859660789,7
QST_teacher_total,9.75,0.25249,15,-0.6666746102242979,8
QST_teacher_total,9.75,0.36944,17,-0.33333688458431254,9
QST_teacher_total,9.75,0.5,18,0,10
QST_teacher_total,9.75,0.63056,20,0.33333688458431254,11
QST_teacher_total,9.75,0.74751,22,0.6666746102242979,12
QST_teacher_total,9.75,0.84134,23,0.9999803859660789,13
QST_teacher_total,9.75,0.90879,24,1.3333407702662026,14
QST_teacher_total,9.75,0.95221,26,1.6666702079210545,15
QST_teacher_total,9.75,0.97725,27,2.0000024438996027,16
QST_teacher_total,9.75,0.99018,28,2.3331552225672416,17
QST_teacher_total,9.75,0.99617,29,2.6667000630340683,18
QST_teacher_total,9.75,0.99865,29,2.999976992703401,19
QST_teacher_total,10,0.00135,4,-2.999976992703393,1
QST_teacher_total,10,0.00383,6,-2.6667000630340683,2
QST_teacher_total,10,0.00982,7,-2.3331552225672434,3
QST_teacher_total,10,0.02275,9,-2.000002443899604,4
QST_teacher_total,10,0.04779,10,-1.6666702079210545,5
QST_teacher_total,10,0.09121,12,-1.3333407702662026,6
QST_teacher_total,10,0.15866,13,-0.9999803859660789,7
QST_teacher_total,10,0.25249,15,-0.6666746102242979,8
QST_teacher_total,10,0.36944,17,-0.33333688458431254,9
QST_teacher_total,10,0.5,19,0,10
QST_teacher_total,10,0.63056,20,0.33333688458431254,11
QST_teacher_total,10,0.74751,22,0.6666746102242979,12
QST_teacher_total,10,0.84134,23,0.9999803859660789,13
QST_teacher_total,10,0.90879,25,1.3333407702662026,14
QST_teacher_total,10,0.95221,26,1.6666702079210545,15
QST_teacher_total,10,0.97725,27,2.0000024438996027,16
QST_teacher_total,10,0.99018,28,2.3331552225672416,17
QST_teacher_total,10,0.99617,29,2.6667000630340683,18
QST_teacher_total,10,0.99865,29,2.999976992703401,19
QST_teacher_total,10.25,0.00135,4,-2.999976992703393,1
QST_teacher_total,10.25,0.00383,6,-2.6667000630340683,2
QST_teacher_total,10.25,0.00982,7,-2.3331552225672434,3
QST_teacher_total,10.25,0.02275,9,-2.000002443899604,4
QST_teacher_total,10.25,0.04779,10,-1.6666702079210545,5
QST_teacher_total,10.25,0.09121,12,-1.3333407702662026,6
QST_teacher_total,10.25,0.15866,14,-0.9999803859660789,7
QST_teacher_total,10.25,0.25249,16,-0.6666746102242979,8
QST_teacher_total,10.25,0.36944,17,-0.33333688458431254,9
QST_teacher_total,10.25,0.5,19,0,10
QST_teacher_total,10.25,0.63056,21,0.33333688458431254,11
QST_teacher_total,10.25,0.74751,22,0.6666746102242979,12
QST_teacher_total,10.25,0.84134,24,0.9999803859660789,13
QST_teacher_total,10.25,0.90879,25,1.3333407702662026,14
QST_teacher_total,10.25,0.95221,26,1.6666702079210545,15
QST_teacher_total,10.25,0.97725,27,2.0000024438996027,16
QST_teacher_total,10.25,0.99018,28,2.3331552225672416,17
QST_teacher_total,10.25,0.99617,29,2.6667000630340683,18
QST_teacher_total,10.25,0.99865,30,2.999976992703401,19
QST_teacher_total,10.5,0.00135,4,-2.999976992703393,1
QST_teacher_total,10.5,0.00383,5,-2.6667000630340683,2
QST_teacher_total,10.5,0.00982,7,-2.3331552225672434,3
QST_teacher_total,10.5,0.02275,8,-2.000002443899604,4
QST_teacher_total,10.5,0.04779,10,-1.6666702079210545,5
QST_teacher_total,10.5,0.09121,12,-1.3333407702662026,6
QST_teacher_total,10.5,0.15866,14,-0.9999803859660789,7
QST_teacher_total,10.5,0.25249,16,-0.6666746102242979,8
QST_teacher_total,10.5,0.36944,17,-0.33333688458431254,9
QST_teacher_total,10.5,0.5,19,0,10
QST_teacher_total,10.5,0.63056,21,0.33333688458431254,11
QST_teacher_total,10.5,0.74751,23,0.6666746102242979,12
QST_teacher_total,10.5,0.84134,24,0.9999803859660789,13
QST_teacher_total,10.5,0.90879,25,1.3333407702662026,14
QST_teacher_total,10.5,0.95221,27,1.6666702079210545,15
QST_teacher_total,10.5,0.97725,28,2.0000024438996027,16
QST_teacher_total,10.5,0.99018,29,2.3331552225672416,17
QST_teacher_total,10.5,0.99617,29,2.6667000630340683,18
QST_teacher_total,10.5,0.99865,30,2.999976992703401,19
QST_teacher_total,10.75,0.00135,3,-2.999976992703393,1
QST_teacher_total,10.75,0.00383,4,-2.6667000630340683,2
QST_teacher_total,10.75,0.00982,6,-2.3331552225672434,3
QST_teacher_total,10.75,0.02275,8,-2.000002443899604,4
QST_teacher_total,10.75,0.04779,9,-1.6666702079210545,5
QST_teacher_total,10.75,0.09121,11,-1.3333407702662026,6
QST_teacher_total,10.75,0.15866,13,-0.9999803859660789,7
QST_teacher_total,10.75,0.25249,16,-0.6666746102242979,8
QST_teacher_total,10.75,0.36944,18,-0.33333688458431254,9
QST_teacher_total,10.75,0.5,20,0,10
QST_teacher_total,10.75,0.63056,22,0.33333688458431254,11
QST_teacher_total,10.75,0.74751,23,0.6666746102242979,12
QST_teacher_total,10.75,0.84134,25,0.9999803859660789,13
QST_teacher_total,10.75,0.90879,26,1.3333407702662026,14
QST_teacher_total,10.75,0.95221,28,1.6666702079210545,15
QST_teacher_total,10.75,0.97725,28,2.0000024438996027,16
QST_teacher_total,10.75,0.99018,29,2.3331552225672416,17
QST_teacher_total,10.75,0.99617,30,2.6667000630340683,18
QST_teacher_total,10.75,0.99865,30,2.999976992703401,19
QST_teacher_total,11,0.00135,2,-2.999976992703393,1
QST_teacher_total,11,0.00383,3,-2.6667000630340683,2
QST_teacher_total,11,0.00982,5,-2.3331552225672434,3
QST_teacher_total,11,0.02275,7,-2.000002443899604,4
QST_teacher_total,11,0.04779,9,-1.6666702079210545,5
QST_teacher_total,11,0.09121,11,-1.3333407702662026,6
QST_teacher_total,11,0.15866,13,-0.9999803859660789,7
QST_teacher_total,11,0.25249,15,-0.6666746102242979,8
QST_teacher_total,11,0.36944,18,-0.33333688458431254,9
QST_teacher_total,11,0.5,20,0,10
QST_teacher_total,11,0.63056,22,0.33333688458431254,11
QST_teacher_total,11,0.74751,24,0.6666746102242979,12
QST_teacher_total,11,0.84134,26,0.9999803859660789,13
QST_teacher_total,11,0.90879,27,1.3333407702662026,14
QST_teacher_total,11,0.95221,28,1.6666702079210545,15
QST_teacher_total,11,0.97725,29,2.0000024438996027,16
QST_teacher_total,11,0.99018,30,2.3331552225672416,17
QST_teacher_total,11,0.99617,30,2.6667000630340683,18
QST_teacher_total,11,0.99865,30,2.999976992703401,19
QST_teacher_total,11.25,0.00135,1,-2.999976992703393,1
QST_teacher_total,11.25,0.00383,3,-2.6667000630340683,2
QST_teacher_total,11.25,0.00982,4,-2.3331552225672434,3
QST_teacher_total,11.25,0.02275,6,-2.000002443899604,4
QST_teacher_total,11.25,0.04779,8,-1.6666702079210545,5
QST_teacher_total,11.25,0.09121,10,-1.3333407702662026,6
QST_teacher_total,11.25,0.15866,13,-0.9999803859660789,7
QST_teacher_total,11.25,0.25249,15,-0.6666746102242979,8
QST_teacher_total,11.25,0.36944,18,-0.33333688458431254,9
QST_teacher_total,11.25,0.5,21,0,10
QST_teacher_total,11.25,0.63056,23,0.33333688458431254,11
QST_teacher_total,11.25,0.74751,25,0.6666746102242979,12
QST_teacher_total,11.25,0.84134,27,0.9999803859660789,13
QST_teacher_total,11.25,0.90879,28,1.3333407702662026,14
QST_teacher_total,11.25,0.95221,29,1.6666702079210545,15
QST_teacher_total,11.25,0.97725,30,2.0000024438996027,16
QST_teacher_total,11.25,0.99018,30,2.3331552225672416,17
QST_teacher_total,11.25,0.99617,30,2.6667000630340683,18
QST_teacher_total,11.25,0.99865,30,2.999976992703401,19
QST_teacher_total,11.5,0.00135,1,-2.999976992703393,1
QST_teacher_total,11.5,0.00383,2,-2.6667000630340683,2
QST_teacher_total,11.5,0.00982,4,-2.3331552225672434,3
QST_teacher_total,11.5,0.02275,6,-2.000002443899604,4
QST_teacher_total,11.5,0.04779,8,-1.6666702079210545,5
QST_teacher_total,11.5,0.09121,10,-1.3333407702662026,6
QST_teacher_total,11.5,0.15866,13,-0.9999803859660789,7
QST_teacher_total,11.5,0.25249,16,-0.6666746102242979,8
QST_teacher_total,11.5,0.36944,18,-0.33333688458431254,9
QST_teacher_total,11.5,0.5,21,0,10
QST_teacher_total,11.5,0.63056,23,0.33333688458431254,11
QST_teacher_total,11.5,0.74751,25,0.6666746102242979,12
QST_teacher_total,11.5,0.84134,27,0.9999803859660789,13
QST_teacher_total,11.5,0.90879,28,1.3333407702662026,14
QST_teacher_total,11.5,0.95221,29,1.6666702079210545,15
QST_teacher_total,11.5,0.97725,30,2.0000024438996027,16
QST_teacher_total,11.5,0.99018,30,2.3331552225672416,17
QST_teacher_total,11.5,0.99617,30,2.6667000630340683,18
QST_teacher_total,11.5,0.99865,30,2.999976992703401,19
QST_teacher_total,11.75,0.00135,1,-2.999976992703393,1
QST_teacher_total,11.75,0.00383,3,-2.6667000630340683,2
QST_teacher_total,11.75,0.00982,4,-2.3331552225672434,3
QST_teacher_total,11.75,0.02275,6,-2.000002443899604,4
QST_teacher_total,11.75,0.04779,8,-1.6666702079210545,5
QST_teacher_total,11.75,0.09121,11,-1.3333407702662026,6
QST_teacher_total,11.75,0.15866,13,-0.9999803859660789,7
QST_teacher_total,11.75,0.25249,16,-0.6666746102242979,8
QST_teacher_total,11.75,0.36944,19,-0.33333688458431254,9
QST_teacher_total,11.75,0.5,21,0,10
QST_teacher_total,11.75,0.63056,24,0.33333688458431254,11
QST_teacher_total,11.75,0.74751,26,0.6666746102242979,12
QST_teacher_total,11.75,0.84134,27,0.9999803859660789,13
QST_teacher_total,11.75,0.90879,28,1.3333407702662026,14
QST_teacher_total,11.75,0.95221,29,1.6666702079210545,15
QST_teacher_total,11.75,0.97725,30,2.0000024438996027,16
QST_teacher_total,11.75,0.99018,30,2.3331552225672416,17
QST_teacher_total,11.75,0.99617,30,2.6667000630340683,18
QST_teacher_total,11.75,0.99865,30,2.999976992703401,19
QST_teacher_total,12,0.00135,1,-2.999976992703393,1
QST_teacher_total,12,0.00383,3,-2.6667000630340683,2
QST_teacher_total,12,0.00982,4,-2.3331552225672434,3
QST_teacher_total,12,0.02275,6,-2.000002443899604,4
QST_teacher_total,12,0.04779,8,-1.6666702079210545,5
QST_teacher_total,12,0.09121,11,-1.3333407702662026,6
QST_teacher_total,12,0.15866,14,-0.9999803859660789,7
QST_teacher_total,12,0.25249,16,-0.6666746102242979,8
QST_teacher_total,12,0.36944,19,-0.33333688458431254,9
QST_teacher_total,12,0.5,22,0,10
QST_teacher_total,12,0.63056,24,0.33333688458431254,11
QST_teacher_total,12,0.74751,26,0.6666746102242979,12
QST_teacher_total,12,0.84134,27,0.9999803859660789,13
QST_teacher_total,12,0.90879,29,1.3333407702662026,14
QST_teacher_total,12,0.95221,29,1.6666702079210545,15
QST_teacher_total,12,0.97725,30,2.0000024438996027,16
QST_teacher_total,12,0.99018,30,2.3331552225672416,17
QST_teacher_total,12,0.99617,30,2.6667000630340683,18
QST_teacher_total,12,0.99865,30,2.999976992703401,19
TD,6,0.00135,1.0294607573479024,2.999976992703393,19
TD,6,0.00383,1.0488166339676228,2.6667000630340683,18
TD,6,0.00982,1.0775153561562512,2.3331552225672434,17
TD,6,0.02275,1.118643476762777,2.000002443899604,16
TD,6,0.04779,1.1760990663039927,1.6666702079210545,15
TD,6,0.09121,1.254475443918686,1.3333407702662026,14
TD,6,0.15866,1.3592537232813735,0.9999803859660789,13
TD,6,0.25249,1.4968180613359916,0.6666746102242979,12
TD,6,0.36944,1.6746498327994037,0.33333688458431254,11
TD,6,0.5,1.9013135681505897,-0,10
TD,6,0.63056,2.18660847596818,-0.33333688458431254,9
TD,6,0.74751,2.5416538164928397,-0.6666746102242979,8
TD,6,0.84134,2.9789399795330285,-0.9999803859660789,7
TD,6,0.90879,3.512647525662989,-1.3333407702662026,6
TD,6,0.95221,4.158331940733887,-1.6666702079210545,5
TD,6,0.97725,4.933456955283944,-2.0000024438996027,4
TD,6,0.99018,5.856727254071335,-2.3331552225672416,3
TD,6,0.99617,6.951083205062615,-2.6667000630340683,2
TD,6,0.99865,8.237714951958896,-2.999976992703401,1
TD,6.25,0.00135,1.0265347966501002,2.999976992703393,19
TD,6.25,0.00383,1.0441326086038578,2.6667000630340683,18
TD,6.25,0.00982,1.0702967962165617,2.3331552225672434,17
TD,6.25,0.02275,1.1078800893624774,2.000002443899604,16
TD,6.25,0.04779,1.1604882042535665,1.6666702079210545,15
TD,6.25,0.09121,1.2323757137077704,1.3333407702662026,14
TD,6.25,0.15866,1.3286239113707452,0.9999803859660789,13
TD,6.25,0.25249,1.4551565166076026,0.6666746102242979,12
TD,6.25,0.36944,1.6189197752819289,0.33333688458431254,11
TD,6.25,0.5,1.8278711988979242,-0,10
TD,6.25,0.63056,2.09112057700556,-0.33333688458431254,9
TD,6.25,0.74751,2.4190102330480623,-0.6666746102242979,8
TD,6.25,0.84134,2.8231635454207797,-0.9999803859660789,7
TD,6.25,0.90879,3.3167812362518503,-1.3333407702662026,6
TD,6.25,0.95221,3.9143512840359027,-1.6666702079210545,5
TD,6.25,0.97725,4.632143429172057,-2.0000024438996027,4
TD,6.25,0.99018,5.487592429737857,-2.3331552225672416,3
TD,6.25,0.99617,6.502074663301726,-2.6667000630340683,2
TD,6.25,0.99865,7.695361435479034,-2.999976992703401,1
TD,6.5,0.00135,1.0238958442407302,2.999976992703393,19
TD,6.5,0.00383,1.0398936251970878,2.6667000630340683,18
TD,6.5,0.00982,1.063745314189625,2.3331552225672434,17
TD,6.5,0.02275,1.0980874181661409,2.000002443899604,16
TD,6.5,0.04779,1.1462551360170437,1.6666702079210545,15
TD,6.5,0.09121,1.2121891926773296,1.3333407702662026,14
TD,6.5,0.15866,1.300600162155618,0.9999803859660789,13
TD,6.5,0.25249,1.416984483992849,0.6666746102242979,12
TD,6.5,0.36944,1.5677915247844927,0.33333688458431254,11
TD,6.5,0.5,1.7604147891975952,-0,10
TD,6.5,0.63056,2.0033231625265384,-0.33333688458431254,9
TD,6.5,0.74751,2.3061363513561313,-0.6666746102242979,8
TD,6.5,0.84134,2.6796709594945005,-0.9999803859660789,7
TD,6.5,0.90879,3.1362156611849215,-1.3333407702662026,6
TD,6.5,0.95221,3.6892642844943526,-1.6666702079210545,5
TD,6.5,0.97725,4.35397434692546,-2.0000024438996027,4
TD,6.5,0.99018,5.14659703530545,-2.3331552225672416,3
TD,6.5,0.99617,6.087051623582075,-2.6667000630340683,2
TD,6.5,0.99865,7.193785695265645,-2.999976992703401,1
TD,6.75,0.00135,1.0215217747350296,2.999976992703393,19
TD,6.75,0.00383,1.0360673466625752,2.6667000630340683,18
TD,6.75,0.00982,1.0578150376980877,2.3331552225672434,17
TD,6.75,0.02275,1.0892020627057952,2.000002443899604,16
TD,6.75,0.04779,1.1333141353176546,1.6666702079210545,15
TD,6.75,0.09121,1.193802177203363,1.3333407702662026,14
TD,6.75,0.15866,1.275034190790787,0.9999803859660789,13
TD,6.75,0.25249,1.382111465613369,0.6666746102242979,12
TD,6.75,0.36944,1.521023599244897,0.33333688458431254,11
TD,6.75,0.5,1.6986418821349556,-0,10
TD,6.75,0.63056,1.922841490000952,-0.33333688458431254,9
TD,6.75,0.74751,2.2025724132013353,-0.6666746102242979,8
TD,6.75,0.84134,2.547903207597222,-0.9999803859660789,7
TD,6.75,0.90879,2.9702766383136305,-1.3333407702662026,6
TD,6.75,0.95221,3.482264037088969,-1.6666702079210545,5
TD,6.75,0.97725,4.097990615342906,-2.0000024438996027,4
TD,6.75,0.99018,4.832608494689653,-2.3331552225672416,3
TD,6.75,0.99617,5.7046843496057456,-2.6667000630340683,2
TD,6.75,0.99865,6.731435356017534,-2.999976992703401,1
TD,7,0.00135,1.0193918041426355,2.999976992703393,19
TD,7,0.00383,1.032623257070508,2.6667000630340683,18
TD,7,0.00982,1.0524625044395035,2.3331552225672434,17
TD,7,0.02275,1.081163741281391,2.000002443899604,16
TD,7,0.04779,1.121583435700931,1.6666702079210545,15
TD,7,0.09121,1.1771059074940415,1.3333407702662026,14
TD,7,0.15866,1.2517837935693654,0.9999803859660789,13
TD,7,0.25249,1.3503543443181851,0.6666746102242979,12
TD,7,0.36944,1.4783833676886566,0.33333688458431254,11
TD,7,0.5,1.6422605197255886,-0,10
TD,7,0.63056,1.8493131464396708,-0.33333688458431254,9
TD,7,0.74751,2.107873006807745,-0.6666746102242979,8
TD,7,0.84134,2.427317826495644,-0.9999803859660789,7
TD,7,0.90879,2.8183089483736494,-1.3333407702662026,6
TD,7,0.95221,3.292565155370287,-1.6666702079210545,5
TD,7,0.97725,3.8632574135909237,-2.0000024438996027,4
TD,7,0.99018,4.54452142564893,-2.3331552225672416,3
TD,7,0.99617,5.353673381251847,-2.6667000630340683,2
TD,7,0.99865,6.306791540362432,-2.999976992703401,1
TD,7.25,0.00135,1.0174869734920444,2.999976992703393,19
TD,7.25,0.00383,1.0295335059448594,2.6667000630340683,18
TD,7.25,0.00982,1.0476480547401477,2.3331552225672434,17
TD,7.25,0.02275,1.0739174845490869,2.000002443899604,16
TD,7.25,0.04779,1.1109885605521237,1.6666702079210545,15
TD,7.25,0.09121,1.1620014674871626,1.3333407702662026,14
TD,7.25,0.15866,1.2307198686480785,0.9999803859660789,13
TD,7.25,0.25249,1.3215472136450788,0.6666746102242979,12
TD,7.25,0.36944,1.4396605394055122,0.33333688458431254,11
TD,7.25,0.5,1.5910074268858423,-0,10
TD,7.25,0.63056,1.7824121756606957,-0.33333688458431254,9
TD,7.25,0.74751,2.021638628102502,-0.6666746102242979,8
TD,7.25,0.84134,2.317429662546589,-0.9999803859660789,7
TD,7.25,0.90879,2.6797283445456967,-1.3333407702662026,6
TD,7.25,0.95221,3.1194694863876054,-1.6666702079210545,5
TD,7.25,0.97725,3.648946391254608,-2.0000024438996027,4
TD,7.25,0.99018,4.281359530244135,-2.3331552225672416,3
TD,7.25,0.99617,5.032874830599698,-2.6667000630340683,2
TD,7.25,0.99865,5.91852175205875,-2.999976992703401,1
TD,7.5,0.00135,1.0157944165225459,2.999976992703393,19
TD,7.5,0.00383,1.026780191564835,2.6667000630340683,18
TD,7.5,0.00982,1.0433476777385096,2.3331552225672434,17
TD,7.5,0.02275,1.0674321320023772,2.000002443899604,16
TD,7.5,0.04779,1.101490243313433,1.6666702079210545,15
TD,7.5,0.09121,1.148440718086028,1.3333407702662026,14
TD,7.5,0.15866,1.211784930868844,0.9999803859660789,13
TD,7.5,0.25249,1.295623190289678,0.6666746102242979,12
TD,7.5,0.36944,1.404779340675655,0.33333688458431254,11
TD,7.5,0.5,1.544799172430288,-0,10
TD,7.5,0.63056,1.7220496276401553,-0.33333688458431254,9
TD,7.5,0.74751,1.9437780539527867,-0.6666746102242979,8
TD,7.5,0.84134,2.21814979385208,-0.9999803859660789,7
TD,7.5,0.90879,2.5544543538264217,-1.3333407702662026,6
TD,7.5,0.95221,2.962912989094953,-1.6666702079210545,5
TD,7.5,0.97725,3.455020046829878,-2.0000024438996027,4
TD,7.5,0.99018,4.04312436260766,-2.3331552225672416,3
TD,7.5,0.99617,4.7423446708681265,-2.6667000630340683,2
TD,7.5,0.99865,5.566754770847328,-2.999976992703401,1
TD,7.75,0.00135,1.0143074322072025,2.999976992703393,19
TD,7.75,0.00383,1.0243556807906429,2.6667000630340683,18
TD,7.75,0.00982,1.039553789003002,2.3331552225672434,17
TD,7.75,0.02275,1.0617018776145928,2.000002443899604,16
TD,7.75,0.04779,1.0930871816952814,1.6666702079210545,15
TD,7.75,0.09121,1.1364308621131114,1.3333407702662026,14
TD,7.75,0.15866,1.1950002888456366,0.9999803859660789,13
TD,7.75,0.25249,1.2726252442972148,0.6666746102242979,12
TD,7.75,0.36944,1.373814326278656,0.33333688458431254,11
TD,7.75,0.5,1.5037546270181907,-0,10
TD,7.75,0.63056,1.668404720960258,-0.33333688458431254,9
TD,7.75,0.74751,1.8745507208928716,-0.6666746102242979,8
TD,7.75,0.84134,2.129842155097343,-0.9999803859660789,7
TD,7.75,0.90879,2.442984772657023,-1.3333407702662026,6
TD,7.75,0.95221,2.8235623886775834,-1.6666702079210545,5
TD,7.75,0.97725,3.282355579944525,-2.0000024438996027,4
TD,7.75,0.99018,3.8309522359346726,-2.3331552225672416,3
TD,7.75,0.99617,4.483535549027993,-2.6667000630340683,2
TD,7.75,0.99865,5.25332517688015,-2.999976992703401,1
TD,8,0.00135,1.0130206569594729,2.999976992703393,19
TD,8,0.00383,1.022254560582906,2.6667000630340683,18
TD,8,0.00982,1.0362623868166665,2.3331552225672434,17
TD,8,0.02275,1.056726530885275,2.000002443899604,16
TD,8,0.04779,1.0857866395044686,1.6666702079210545,15
TD,8,0.09121,1.1259918395296369,1.3333407702662026,14
TD,8,0.15866,1.180405750716631,0.9999803859660789,13
TD,8,0.25249,1.2526226421024704,0.6666746102242979,12
TD,8,0.36944,1.3468767082057655,0.33333688458431254,11
TD,8,0.5,1.4680428616792383,-0,10
TD,8,0.63056,1.6217243192964943,-0.33333688458431254,9
TD,8,0.74751,1.814305885272735,-0.6666746102242979,8
TD,8,0.84134,2.052988349294483,-0.9999803859660789,7
TD,8,0.90879,2.3459696706706823,-1.3333407702662026,6
TD,8,0.95221,2.702279248861821,-1.6666702079210545,5
TD,8,0.97725,3.132076917713825,-2.0000024438996027,4
TD,8,0.99018,3.646288883593809,-2.3331552225672416,3
TD,8,0.99617,4.258284833213915,-2.6667000630340683,2
TD,8,0.99865,4.980541902830945,-2.999976992703401,1
TD,8.25,0.00135,1.0119209594431382,2.999976992703393,19
TD,8.25,0.00383,1.0204580534827128,2.6667000630340683,18
TD,8.25,0.00982,1.033447628692288,2.3331552225672434,17
TD,8.25,0.02275,1.0524717082270514,2.000002443899604,16
TD,8.25,0.04779,1.0795441975953113,1.6666702079210545,15
TD,8.25,0.09121,1.1170677842756789,1.3333407702662026,14
TD,8.25,0.15866,1.1679327716319332,0.9999803859660789,13
TD,8.25,0.25249,1.235533233166117,0.6666746102242979,12
TD,8.25,0.36944,1.3238702419441593,0.33333688458431254,11
TD,8.25,0.5,1.4375536538349274,-0,10
TD,8.25,0.63056,1.5818851226622854,-0.33333688458431254,9
TD,8.25,0.74751,1.7629090587838792,-0.6666746102242979,8
TD,8.25,0.84134,1.9874458040825558,-0.9999803859660789,7
TD,8.25,0.90879,2.2632629577510714,-1.3333407702662026,6
TD,8.25,0.95221,2.598920266055235,-1.6666702079210545,5
TD,8.25,0.97725,3.0040518805949903,-2.0000024438996027,4
TD,8.25,0.99018,3.4890239283297397,-2.3331552225672416,3
TD,8.25,0.99617,4.06651737957742,-2.6667000630340683,2
TD,8.25,0.99865,4.748381484160419,-2.999976992703401,1
TD,8.5,0.00135,1.0109803007431288,2.999976992703393,19
TD,8.5,0.00383,1.0189214349745073,2.6667000630340683,18
TD,8.5,0.00982,1.0310408131748068,2.3331552225672434,17
TD,8.5,0.02275,1.0488352724140884,2.000002443899604,16
TD,8.5,0.04779,1.0742121186824622,1.6666702079210545,15
TD,8.5,0.09121,1.1094500685342648,1.3333407702662026,14
TD,8.5,0.15866,1.1572928599018153,0.9999803859660789,13
TD,8.5,0.25249,1.2209654556960081,0.6666746102242979,12
TD,8.5,0.36944,1.304272177153652,0.33333688458431254,11
TD,8.5,0.5,1.4115993832052673,-0,10
TD,8.5,0.63056,1.5479946499693722,-0.33333688458431254,9
TD,8.5,0.74751,1.7192158073590948,-0.6666746102242979,8
TD,8.5,0.84134,1.9317631255017296,-0.9999803859660789,7
TD,8.5,0.90879,2.193042336394785,-1.3333407702662026,6
TD,8.5,0.95221,2.5112185719321367,-1.6666702079210545,5
TD,8.5,0.97725,2.895484494555049,-2.0000024438996027,4
TD,8.5,0.99018,3.3557362123559615,-2.3331552225672416,3
TD,8.5,0.99617,3.904076542103494,-2.6667000630340683,2
TD,8.5,0.99865,4.5518286205689735,-2.999976992703401,1
TD,8.75,0.00135,1.0101711070937025,2.999976992703393,19
TD,8.75,0.00383,1.017600090969752,2.6667000630340683,18
TD,8.75,0.00982,1.0289725348202154,2.3331552225672434,17
TD,8.75,0.02275,1.0457128659414128,2.000002443899604,16
TD,8.75,0.04779,1.069637909581029,1.6666702079210545,15
TD,8.75,0.09121,1.102921356794053,1.3333407702662026,14
TD,8.75,0.15866,1.1481829572622728,0.9999803859660789,13
TD,8.75,0.25249,1.2085048228150057,0.6666746102242979,12
TD,8.75,0.36944,1.287525268370623,0.33333688458431254,11
TD,8.75,0.5,1.3894423158120193,-0,10
TD,8.75,0.63056,1.519089661508668,-0.33333688458431254,9
TD,8.75,0.74751,1.68198413640763,-0.6666746102242979,8
TD,8.75,0.84134,1.8843571075516121,-0.9999803859660789,7
TD,8.75,0.90879,2.133310510694368,-1.3333407702662026,6
TD,8.75,0.95221,2.4366785203999237,-1.6666702079210545,5
TD,8.75,0.97725,2.803283756289553,-2.0000024438996027,4
TD,8.75,0.99018,3.2426287771839823,-2.3331552225672416,3
TD,8.75,0.99617,3.766332096967991,-2.6667000630340683,2
TD,8.75,0.99865,4.385277253098442,-2.999976992703401,1
TD,9,0.00135,1.0094706086423406,2.999976992703393,19
TD,9,0.00383,1.0164570481617219,2.6667000630340683,18
TD,9,0.00982,1.0271850982826534,2.3331552225672434,17
TD,9,0.02275,1.0430175083218758,2.000002443899604,16
TD,9,0.04779,1.0656941746229183,1.6666702079210545,15
TD,9,0.09121,1.0972997120556478,1.3333407702662026,14
TD,9,0.15866,1.1403489063748922,0.9999803859660789,13
TD,9,0.25249,1.1978031662378503,0.6666746102242979,12
TD,9,0.36944,1.27316075029092,0.33333688458431254,11
TD,9,0.5,1.3704610419848293,-0,10
TD,9,0.63056,1.4943578335639705,-0.33333688458431254,9
TD,9,0.74751,1.6501655054972881,-0.6666746102242979,8
TD,9,0.84134,1.8438898196887012,-0.9999803859660789,7
TD,9,0.90879,2.082378074271368,-1.3333407702662026,6
TD,9,0.95221,2.3731874047579433,-1.6666702079210545,5
TD,9,0.97725,2.7248309242947304,-2.0000024438996027,4
TD,9,0.99018,3.146482472573192,-2.3331552225672416,3
TD,9,0.99617,3.649355804355244,-2.6667000630340683,2
TD,9,0.99865,4.243968287571975,-2.999976992703401,1
TD,9.25,0.00135,1.0088579234339126,2.999976992703393,19
TD,9.25,0.00383,1.0154580336021013,2.6667000630340683,18
TD,9.25,0.00982,1.0256245169422755,2.3331552225672434,17
TD,9.25,0.02275,1.0406671325027386,2.000002443899604,16
TD,9.25,0.04779,1.062259824263189,1.6666702079210545,15
TD,9.25,0.09121,1.0924110574378219,1.3333407702662026,14
TD,9.25,0.15866,1.133546080404915,0.9999803859660789,13
TD,9.25,0.25249,1.1885235670742966,0.6666746102242979,12
TD,9.25,0.36944,1.2607227815578275,0.33333688458431254,11
TD,9.25,0.5,1.3540485833098068,-0,10
TD,9.25,0.63056,1.47300245783079,-0.33333688458431254,9
TD,9.25,0.74751,1.6227276576643432,-0.6666746102242979,8
TD,9.25,0.84134,1.8090395328980615,-0.9999803859660789,7
TD,9.25,0.90879,2.0385707112020395,-1.3333407702662026,6
TD,9.25,0.95221,2.3186451404365975,-1.6666702079210545,5
TD,9.25,0.97725,2.657515671691571,-2.0000024438996027,4
TD,9.25,0.99018,3.0640801805331344,-2.3331552225672416,3
TD,9.25,0.99617,3.5492123837921876,-2.6667000630340683,2
TD,9.25,0.99865,4.123123272811797,-2.999976992703401,1
TD,9.5,0.00135,1.0083098972175795,2.999976992703393,19
TD,9.5,0.00383,1.014564227700233,2.6667000630340683,18
TD,9.5,0.00982,1.0242285059267595,2.3331552225672434,17
TD,9.5,0.02275,1.0385655254554058,2.000002443899604,16
TD,9.5,0.04779,1.059190877941499,1.6666702079210545,15
TD,9.5,0.09121,1.0880458028873141,1.3333407702662026,14
TD,9.5,0.15866,1.1274766425417933,0.9999803859660789,13
TD,9.5,0.25249,1.180251696596095,0.6666746102242979,12
TD,9.5,0.36944,1.2496457051165517,0.33333688458431254,11
TD,9.5,0.5,1.339445548280036,-0,10
TD,9.5,0.63056,1.4540193187987682,-0.33333688458431254,9
TD,9.5,0.74751,1.5983605871251148,-0.6666746102242979,8
TD,9.5,0.84134,1.7781183650226404,-0.9999803859660789,7
TD,9.5,0.90879,1.9997379320889024,-1.3333407702662026,6
TD,9.5,0.95221,2.270339997100713,-1.6666702079210545,5
TD,9.5,0.97725,2.597950764894205,-2.0000024438996027,4
TD,9.5,0.99018,2.991228123836701,-2.3331552225672416,3
TD,9.5,0.99617,3.4607499223619644,-2.6667000630340683,2
TD,9.5,0.99865,4.016461473790887,-2.999976992703401,1
TD,9.75,0.00135,1.007808472921031,2.999976992703393,19
TD,9.75,0.00383,1.0137451282044212,2.6667000630340683,18
TD,9.75,0.00982,1.0229477994821559,2.3331552225672434,17
TD,9.75,0.02275,1.036636137762314,2.000002443899604,16
TD,9.75,0.04779,1.0563721831954722,1.6666702079210545,15
TD,9.75,0.09121,1.0840355426587318,1.3333407702662026,14
TD,9.75,0.15866,1.1219002827217766,0.9999803859660789,13
TD,9.75,0.25249,1.1726519986100858,0.6666746102242979,12
TD,9.75,0.36944,1.2394698529851835,0.33333688458431254,11
TD,9.75,0.5,1.3260329346909132,-0,10
TD,9.75,0.63056,1.4365875535220778,-0.33333688458431254,9
TD,9.75,0.74751,1.5759907232066488,-0.6666746102242979,8
TD,9.75,0.84134,1.7497398094622016,-0.9999803859660789,7
TD,9.75,0.90879,1.9641093875041657,-1.3333407702662026,6
TD,9.75,0.95221,2.226035117372197,-1.6666702079210545,5
TD,9.75,0.97725,2.543336944625083,-2.0000024438996027,4
TD,9.75,0.99018,2.9244545249085325,-2.3331552225672416,3
TD,9.75,0.99617,3.379696599336368,-2.6667000630340683,2
TD,9.75,0.99865,3.9187672697469944,-2.999976992703401,1
TD,10,0.00135,1.0073413664059157,2.999976992703393,19
TD,10,0.00383,1.012979921686656,2.6667000630340683,18
TD,10,0.00982,1.0217486771852702,2.3331552225672434,17
TD,10,0.02275,1.0348264177642825,2.000002443899604,16
TD,10,0.04779,1.0537244626084277,1.6666702079210545,15
TD,10,0.09121,1.0802640280744962,1.3333407702662026,14
TD,10,0.15866,1.1166507061286761,0.9999803859660789,13
TD,10,0.25249,1.1654917335528974,0.6666746102242979,12
TD,10,0.36944,1.2298757224740853,0.33333688458431254,11
TD,10,0.5,1.3133796405966476,-0,10
TD,10,0.63056,1.4201344271074623,-0.33333688458431254,9
TD,10,0.74751,1.5548677366823567,-0.6666746102242979,8
TD,10,0.84134,1.7229332905323178,-0.9999803859660789,7
TD,10,0.90879,1.9304439809673988,-1.3333407702662026,6
TD,10,0.95221,2.184160207684938,-1.6666702079210545,5
TD,10,0.97725,2.4917065849883375,-2.0000024438996027,4
TD,10,0.99018,2.8613161097458373,-2.3331552225672416,3
TD,10,0.99617,3.3030427217981515,-2.6667000630340683,2
TD,10,0.99865,3.8263621342115726,-2.999976992703401,1
TD,10.25,0.00135,1.0069011361201248,2.999976992703393,19
TD,10.25,0.00383,1.0122560402931282,2.6667000630340683,18
TD,10.25,0.00982,1.020610812581402,2.3331552225672434,17
TD,10.25,0.02275,1.033104711750866,2.000002443899604,16
TD,10.25,0.04779,1.0511999714208689,1.6666702079210545,15
TD,10.25,0.09121,1.0766612305889303,1.3333407702662026,14
TD,10.25,0.15866,1.1116276852414104,0.9999803859660789,13
TD,10.25,0.25249,1.1586305332458287,0.6666746102242979,12
TD,10.25,0.36944,1.2206704702289963,0.33333688458431254,11
TD,10.25,0.5,1.3012252516547724,-0,10
TD,10.25,0.63056,1.4043136782678611,-0.33333688458431254,9
TD,10.25,0.74751,1.5345376129713761,-0.6666746102242979,8
TD,10.25,0.84134,1.6971110325408736,-0.9999803859660789,7
TD,10.25,0.90879,1.8979894921265366,-1.3333407702662026,6
TD,10.25,0.95221,2.1437627607953145,-1.6666702079210545,5
TD,10.25,0.97725,2.441865238601813,-2.0000024438996027,4
TD,10.25,0.99018,2.800328577681508,-2.3331552225672416,3
TD,10.25,0.99617,3.2289585663965994,-2.6667000630340683,2
TD,10.25,0.99865,3.7370081795409105,-2.999976992703401,1
TD,10.5,0.00135,1.0064837431253009,2.999976992703393,19
TD,10.5,0.00383,1.0115667717540089,2.6667000630340683,18
TD,10.5,0.00982,1.0195234774727664,2.3331552225672434,17
TD,10.5,0.02275,1.031454458719692,2.000002443899604,16
TD,10.5,0.04779,1.0487738926058796,1.6666702079210545,15
TD,10.5,0.09121,1.0731909284285057,1.3333407702662026,14
TD,10.5,0.15866,1.1067795693470628,0.9999803859660789,13
TD,10.5,0.25249,1.151996262863404,0.6666746102242979,12
TD,10.5,0.36944,1.2117552036312071,0.33333688458431254,11
TD,10.5,0.5,1.289436436437267,-0,10
TD,10.5,0.63056,1.3889482336280807,-0.33333688458431254,9
TD,10.5,0.74751,1.514768380430549,-0.6666746102242979,8
TD,10.5,0.84134,1.671972914108959,-0.9999803859660789,7
TD,10.5,0.90879,1.8663620084107344,-1.3333407702662026,6
TD,10.5,0.95221,2.1043567928649045,-1.6666702079210545,5
TD,10.5,0.97725,2.3932035964076452,-2.0000024438996027,4
TD,10.5,0.99018,2.7407348347502776,-2.3331552225672416,3
TD,10.5,0.99617,3.1565108735103022,-2.6667000630340683,2
TD,10.5,0.99865,3.6495639218858487,-2.999976992703401,1
TD,10.75,0.00135,1.0060860171217092,2.999976992703393,19
TD,10.75,0.00383,1.0109068447078793,2.6667000630340683,18
TD,10.75,0.00982,1.0184782323195765,2.3331552225672434,17
TD,10.75,0.02275,1.029862599384437,2.000002443899604,16
TD,10.75,0.04779,1.0464266021934951,1.6666702079210545,15
TD,10.75,0.09121,1.0698243949903246,1.3333407702662026,14
TD,10.75,0.15866,1.1020652732676415,0.9999803859660789,13
TD,10.75,0.25249,1.1455313744393412,0.6666746102242979,12
TD,10.75,0.36944,1.2030508026226951,0.33333688458431254,11
TD,10.75,0.5,1.277906229653606,-0,10
TD,10.75,0.63056,1.373895665191521,-0.33333688458431254,9
TD,10.75,0.74751,1.4953729920465149,-0.6666746102242979,8
TD,10.75,0.84134,1.6472763699257917,-0.9999803859660789,7
TD,10.75,0.90879,1.835250555952322,-1.3333407702662026,6
TD,10.75,0.95221,2.065547829123056,-1.6666702079210545,5
TD,10.75,0.97725,2.3452261057342003,-2.0000024438996027,4
TD,10.75,0.99018,2.6819179902134227,-2.3331552225672416,3
TD,10.75,0.99617,3.084937874523411,-2.6667000630340683,2
TD,10.75,0.99865,3.5630960859131515,-2.999976992703401,1
TD,11,0.00135,1.005704457674315,2.999976992703393,19
TD,11,0.00383,1.010270300260215,2.6667000630340683,18
TD,11,0.00982,1.0174653453835418,2.3331552225672434,17
TD,11,0.02275,1.028313820299904,2.000002443899604,16
TD,11,0.04779,1.0441347588913026,1.6666702079210545,15
TD,11,0.09121,1.0665270439610695,1.3333407702662026,14
TD,11,0.15866,1.0974348110970782,0.9999803859660789,13
TD,11,0.25249,1.139165215870083,0.6666746102242979,12
TD,11,0.36944,1.1944593608460221,0.33333688458431254,11
TD,11,0.5,1.2665013477149683,-0,10
TD,11,0.63056,1.3589774118610554,-0.33333688458431254,9
TD,11,0.74751,1.476115669981584,-0.6666746102242979,8
TD,11,0.84134,1.622714151960291,-0.9999803859660789,7
TD,11,0.90879,1.8042595157939,-1.3333407702662026,6
TD,11,0.95221,2.0268320449338466,-1.6666702079210545,5
TD,11,0.97725,2.2972975872975137,-2.0000024438996027,4
TD,11,0.99018,2.6230847749041146,-2.3331552225672416,3
TD,11,0.99617,3.0132570966959604,-2.6667000630340683,2
TD,11,0.99865,3.4763977368450067,-2.999976992703401,1
TD,11.25,0.00135,1.0053367838903935,2.999976992703393,19
TD,11.25,0.00383,1.0096532779654912,2.6667000630340683,18
TD,11.25,0.00982,1.016478522793368,2.3331552225672434,17
TD,11.25,0.02275,1.0267982094179013,2.000002443899604,16
TD,11.25,0.04779,1.0418832184266944,1.6666702079210545,15
TD,11.25,0.09121,1.0632763615848004,1.3333407702662026,14
TD,11.25,0.15866,1.09285552269924,0.9999803859660789,13
TD,11.25,0.25249,1.1328514409651638,0.6666746102242979,12
TD,11.25,0.36944,1.1859163962237542,0.33333688458431254,11
TD,11.25,0.5,1.2551336612939452,-0,10
TD,11.25,0.63056,1.3440749523281519,-0.33333688458431254,9
TD,11.25,0.74751,1.4568393368585517,-0.6666746102242979,8
TD,11.25,0.84134,1.5980808470170302,-0.9999803859660789,7
TD,11.25,0.90879,1.773123506928826,-1.3333407702662026,6
TD,11.25,0.95221,1.987870400870273,-1.6666702079210545,5
TD,11.25,0.97725,2.2489893231282663,-2.0000024438996027,4
TD,11.25,0.99018,2.5636982445767504,-2.3331552225672416,3
TD,11.25,0.99617,2.9408017384952405,-2.6667000630340683,2
TD,11.25,0.99865,3.3886476482227734,-2.999976992703401,1
TD,11.5,0.00135,1.0049841816867218,2.999976992703393,19
TD,11.5,0.00383,1.0090581491927053,2.6667000630340683,18
TD,11.5,0.00982,1.0155220573032233,2.3331552225672434,17
TD,11.5,0.02275,1.0253230045812014,2.000002443899604,16
TD,11.5,0.04779,1.0396835546808134,1.6666702079210545,15
TD,11.5,0.09121,1.0600900907941748,1.3333407702662026,14
TD,11.5,0.15866,1.0883536868989114,0.9999803859660789,13
TD,11.5,0.25249,1.1266278608015592,0.6666746102242979,12
TD,11.5,0.36944,1.1774749921835188,0.33333688458431254,11
TD,11.5,0.5,1.2438761256024382,-0,10
TD,11.5,0.63056,1.3292867031214837,-0.33333688458431254,9
TD,11.5,0.74751,1.4376745906792532,-0.6666746102242979,8
TD,11.5,0.84134,1.5735472323965025,-0.9999803859660789,7
TD,11.5,0.90879,1.7420629398055345,-1.3333407702662026,6
TD,11.5,0.95221,1.9489440015141883,-1.6666702079210545,5
TD,11.5,0.97725,2.200655982439212,-2.0000024438996027,4
TD,11.5,0.99018,2.5042014537118242,-2.3331552225672416,3
TD,11.5,0.99617,2.8681204403827483,-2.6667000630340683,2
TD,11.5,0.99865,3.3005194830293867,-2.999976992703401,1
TD,11.75,0.00135,1.0046486092074276,2.999976992703393,19
TD,11.75,0.00383,1.0084887443154578,2.6667000630340683,18
TD,11.75,0.00982,1.0146028215772822,2.3331552225672434,17
TD,11.75,0.02275,1.023899762126586,2.000002443899604,16
TD,11.75,0.04779,1.0375542552078556,1.6666702079210545,15
TD,11.75,0.09121,1.0569966335014398,1.3333407702662026,14
TD,11.75,0.15866,1.0839714971353136,0.9999803859660789,13
TD,11.75,0.25249,1.1205553982471925,0.6666746102242979,12
TD,11.75,0.36944,1.1692209983174466,0.33333688458431254,11
TD,11.75,0.5,1.2328471765618945,-0,10
TD,11.75,0.63056,1.314773037998489,-0.33333688458431254,9
TD,11.75,0.74751,1.4188350340298,-0.6666746102242979,8
TD,11.75,0.84134,1.5493936301940527,-0.9999803859660789,7
TD,11.75,0.90879,1.7114408604988032,-1.3333407702662026,6
TD,11.75,0.95221,1.910517405850103,-1.6666702079210545,5
TD,11.75,0.97725,2.152885568421107,-2.0000024438996027,4
TD,11.75,0.99018,2.4453311793639703,-2.3331552225672416,3
TD,11.75,0.99617,2.7961282266866267,-2.6667000630340683,2
TD,11.75,0.99865,3.213139908988437,-2.999976992703401,1
TD,12,0.00135,1.0043316897730954,2.999976992703393,19
TD,12,0.00383,1.0079483573799066,2.6667000630340683,18
TD,12,0.00982,1.0137268737208975,2.3331552225672434,17
TD,12,0.02275,1.0225388542655744,2.000002443899604,16
TD,12,0.04779,1.0355121465526997,1.6666702079210545,15
TD,12,0.09121,1.054022131342242,1.3333407702662026,14
TD,12,0.15866,1.079748150253081,0.9999803859660789,13
TD,12,0.25249,1.114691092966556,0.6666746102242979,12
TD,12,0.36944,1.1612353321169713,0.33333688458431254,11
TD,12,0.5,1.2221590973113634,-0,10
TD,12,0.63056,1.300686778665093,-0.33333688458431254,9
TD,12,0.74751,1.4005251361538031,-0.6666746102242979,8
TD,12,0.84134,1.5258894665878522,-0.9999803859660789,7
TD,12,0.90879,1.6816074800162406,-1.3333407702662026,6
TD,12,0.95221,1.873040233021265,-1.6666702079210545,5
TD,12,0.97725,2.1062488902751495,-2.0000024438996027,4
TD,12,0.99018,2.3878046255164076,-2.3331552225672416,3
TD,12,0.99617,2.7257180709733406,-2.6667000630340683,2
TD,12,0.99865,3.1276110102519232,-2.999976992703401,1
TE_Barca_dd,6,0.00135,0,2.999976992703393,19
TE_Barca_dd,6,0.00383,0,2.6667000630340683,18
TE_Barca_dd,6,0.00982,0,2.3331552225672434,17
TE_Barca_dd,6,0.02275,0,2.000002443899604,16
TE_Barca_dd,6,0.04779,0,1.6666702079210545,15
TE_Barca_dd,6,0.09121,0,1.3333407702662026,14
TE_Barca_dd,6,0.15866,4.435487078620116,0.9999803859660789,13
TE_Barca_dd,6,0.25249,8.480852476155285,0.6666746102242979,12
TE_Barca_dd,6,0.36944,12.45327680939431,0.33333688458431254,11
TE_Barca_dd,6,0.5,16.826811585452834,-0,10
TE_Barca_dd,6,0.63056,21.75906991660255,-0.33333688458431254,9
TE_Barca_dd,6,0.74751,27.337539084309057,-0.6666746102242979,8
TE_Barca_dd,6,0.84134,33.62104842317506,-0.9999803859660789,7
TE_Barca_dd,6,0.90879,40.655962201577964,-1.3333407702662026,6
TE_Barca_dd,6,0.95221,48.475935100569295,-1.6666702079210545,5
TE_Barca_dd,6,0.97725,57.11059205434556,-2.0000024438996027,4
TE_Barca_dd,6,0.99018,66.57868466012988,-2.3331552225672416,3
TE_Barca_dd,6,0.99617,76.91770287474924,-2.6667000630340683,2
TE_Barca_dd,6,0.99865,88.12513603977958,-2.999976992703401,1
TE_Barca_dd,6.25,0.00135,0,2.999976992703393,19
TE_Barca_dd,6.25,0.00383,0,2.6667000630340683,18
TE_Barca_dd,6.25,0.00982,0,2.3331552225672434,17
TE_Barca_dd,6.25,0.02275,0,2.000002443899604,16
TE_Barca_dd,6.25,0.04779,0,1.6666702079210545,15
TE_Barca_dd,6.25,0.09121,0,1.3333407702662026,14
TE_Barca_dd,6.25,0.15866,3.8511122374583824,0.9999803859660789,13
TE_Barca_dd,6.25,0.25249,7.697773308676544,0.6666746102242979,12
TE_Barca_dd,6.25,0.36944,11.572302742734875,0.33333688458431254,11
TE_Barca_dd,6.25,0.5,15.901615672918433,-0,10
TE_Barca_dd,6.25,0.63056,20.83591326383749,-0.33333688458431254,9
TE_Barca_dd,6.25,0.74751,26.462175485373397,-0.6666746102242979,8
TE_Barca_dd,6.25,0.84134,32.840528679755465,-0.9999803859660789,7
TE_Barca_dd,6.25,0.90879,40.01909097127073,-1.3333407702662026,6
TE_Barca_dd,6.25,0.95221,48.033161029922766,-1.6666702079210545,5
TE_Barca_dd,6.25,0.97725,56.91385112333137,-2.0000024438996027,4
TE_Barca_dd,6.25,0.99018,66.68097338580505,-2.3331552225672416,3
TE_Barca_dd,6.25,0.99617,77.37359438093068,-2.6667000630340683,2
TE_Barca_dd,6.25,0.99865,88.98934788188342,-2.999976992703401,1
TE_Barca_dd,6.5,0.00135,0,2.999976992703393,19
TE_Barca_dd,6.5,0.00383,0,2.6667000630340683,18
TE_Barca_dd,6.5,0.00982,0,2.3331552225672434,17
TE_Barca_dd,6.5,0.02275,0,2.000002443899604,16
TE_Barca_dd,6.5,0.04779,0,1.6666702079210545,15
TE_Barca_dd,6.5,0.09121,0,1.3333407702662026,14
TE_Barca_dd,6.5,0.15866,3.3154565216215883,0.9999803859660789,13
TE_Barca_dd,6.5,0.25249,6.954226245037018,0.6666746102242979,12
TE_Barca_dd,6.5,0.36944,10.722128375493744,0.33333688458431254,11
TE_Barca_dd,6.5,0.5,14.999980138478877,-0,10
TE_Barca_dd,6.5,0.63056,19.93100520928835,-0.33333688458431254,9
TE_Barca_dd,6.5,0.74751,25.60202911472193,-0.6666746102242979,8
TE_Barca_dd,6.5,0.84134,32.074753725045824,-0.9999803859660789,7
TE_Barca_dd,6.5,0.90879,39.39925689686337,-1.3333407702662026,6
TE_Barca_dd,6.5,0.95221,47.61262297841358,-1.6666702079210545,5
TE_Barca_dd,6.5,0.97725,56.747542347008256,-2.0000024438996027,4
TE_Barca_dd,6.5,0.99018,66.82493232920628,-2.3331552225672416,3
TE_Barca_dd,6.5,0.99617,77.8854815171925,-2.6667000630340683,2
TE_Barca_dd,6.5,0.99865,89.92694493264726,-2.999976992703401,1
TE_Barca_dd,6.75,0.00135,0,2.999976992703393,19
TE_Barca_dd,6.75,0.00383,0,2.6667000630340683,18
TE_Barca_dd,6.75,0.00982,0,2.3331552225672434,17
TE_Barca_dd,6.75,0.02275,0,2.000002443899604,16
TE_Barca_dd,6.75,0.04779,0,1.6666702079210545,15
TE_Barca_dd,6.75,0.09121,0,1.3333407702662026,14
TE_Barca_dd,6.75,0.15866,2.8294004251615896,0.9999803859660789,13
TE_Barca_dd,6.75,0.25249,6.25238939250575,0.6666746102242979,12
TE_Barca_dd,6.75,0.36944,9.904827126821658,0.33333688458431254,11
TE_Barca_dd,6.75,0.5,14.123335548145773,-0,10
TE_Barca_dd,6.75,0.63056,19.044805359829226,-0.33333688458431254,9
TE_Barca_dd,6.75,0.74751,24.756345305464205,-0.6666746102242979,8
TE_Barca_dd,6.75,0.84134,31.32154850874804,-0.9999803859660789,7
TE_Barca_dd,6.75,0.90879,38.792670916125125,-1.3333407702662026,6
TE_Barca_dd,6.75,0.95221,47.20872408719878,-1.6666702079210545,5
TE_Barca_dd,6.75,0.97725,56.60405928863731,-2.0000024438996027,4
TE_Barca_dd,6.75,0.99018,67.00073361243962,-2.3331552225672416,3
TE_Barca_dd,6.75,0.99617,78.44108653165785,-2.6667000630340683,2
TE_Barca_dd,6.75,0.99865,90.92296348236826,-2.999976992703401,1
TE_Barca_dd,7,0.00135,0,2.999976992703393,19
TE_Barca_dd,7,0.00383,0,2.6667000630340683,18
TE_Barca_dd,7,0.00982,0,2.3331552225672434,17
TE_Barca_dd,7,0.02275,0,2.000002443899604,16
TE_Barca_dd,7,0.04779,0,1.6666702079210545,15
TE_Barca_dd,7,0.09121,0,1.3333407702662026,14
TE_Barca_dd,7,0.15866,2.3964364684191617,0.9999803859660789,13
TE_Barca_dd,7,0.25249,5.598538593455935,0.6666746102242979,12
TE_Barca_dd,7,0.36944,9.1267427493374491,0.33333688458431254,11
TE_Barca_dd,7,0.5,13.276605066410749,-0,10
TE_Barca_dd,7,0.63056,18.179559710842856,-0.33333688458431254,9
TE_Barca_dd,7,0.74751,23.923481762319675,-0.6666746102242979,8
TE_Barca_dd,7,0.84134,30.574157741363184,-0.9999803859660789,7
TE_Barca_dd,7,0.90879,38.1862023708591,-1.3333407702662026,6
TE_Barca_dd,7,0.95221,46.80065422602722,-1.6666702079210545,5
TE_Barca_dd,7,0.97725,56.453564391178396,-2.0000024438996027,4
TE_Barca_dd,7,0.99018,67.1681304217415,-2.3331552225672416,3
TE_Barca_dd,7,0.99617,78.98831710985642,-2.6667000630340683,2
TE_Barca_dd,7,0.99865,91.91202197818626,-2.999976992703401,1
TE_Barca_dd,7.25,0.00135,0,2.999976992703393,19
TE_Barca_dd,7.25,0.00383,0,2.6667000630340683,18
TE_Barca_dd,7.25,0.00982,0,2.3331552225672434,17
TE_Barca_dd,7.25,0.02275,0,2.000002443899604,16
TE_Barca_dd,7.25,0.04779,0,1.6666702079210545,15
TE_Barca_dd,7.25,0.09121,0,1.3333407702662026,14
TE_Barca_dd,7.25,0.15866,2.0202437610888633,0.9999803859660789,13
TE_Barca_dd,7.25,0.25249,5.00081200613931,0.6666746102242979,12
TE_Barca_dd,7.25,0.36944,8.396755219272451,0.33333688458431254,11
TE_Barca_dd,7.25,0.5,12.467029217216604,-0,10
TE_Barca_dd,7.25,0.63056,17.338673020378728,-0.33333688458431254,9
TE_Barca_dd,7.25,0.74751,23.100781633001475,-0.6666746102242979,8
TE_Barca_dd,7.25,0.84134,29.821551505471895,-0.9999803859660789,7
TE_Barca_dd,7.25,0.90879,37.558036839143035,-1.3333407702662026,6
TE_Barca_dd,7.25,0.95221,46.35331341588269,-1.6666702079210545,5
TE_Barca_dd,7.25,0.97725,56.245089260079006,-2.0000024438996027,4
TE_Barca_dd,7.25,0.99018,67.25764588388947,-2.3331552225672416,3
TE_Barca_dd,7.25,0.99617,79.43645772308282,-2.6667000630340683,2
TE_Barca_dd,7.25,0.99865,92.77943160610482,-2.999976992703401,1
TE_Barca_dd,7.5,0.00135,0,2.999976992703393,19
TE_Barca_dd,7.5,0.00383,0,2.6667000630340683,18
TE_Barca_dd,7.5,0.00982,0,2.3331552225672434,17
TE_Barca_dd,7.5,0.02275,0,2.000002443899604,16
TE_Barca_dd,7.5,0.04779,0,1.6666702079210545,15
TE_Barca_dd,7.5,0.09121,0,1.3333407702662026,14
TE_Barca_dd,7.5,0.15866,1.7008876755819253,0.9999803859660789,13
TE_Barca_dd,7.5,0.25249,4.464182017499601,0.6666746102242979,12
TE_Barca_dd,7.5,0.36944,7.72139708170469,0.33333688458431254,11
TE_Barca_dd,7.5,0.5,11.700269458261491,-0,10
TE_Barca_dd,7.5,0.63056,16.524566348860034,-0.33333688458431254,9
TE_Barca_dd,7.5,0.74751,22.284955986415046,-0.6666746102242979,8
TE_Barca_dd,7.5,0.84134,29.052129353689534,-0.9999803859660789,7
TE_Barca_dd,7.5,0.90879,36.88553084107259,-1.3333407702662026,6
TE_Barca_dd,7.5,0.95221,45.83017586609054,-1.6666702079210545,5
TE_Barca_dd,7.5,0.97725,55.92529494870429,-2.0000024438996027,4
TE_Barca_dd,7.5,0.99018,67.19613670562902,-2.3331552225672416,3
TE_Barca_dd,7.5,0.99617,79.689476737726,-2.6667000630340683,2
TE_Barca_dd,7.5,0.99865,93.40318923502885,-2.999976992703401,1
TE_Barca_dd,7.75,0.00135,0,2.999976992703393,19
TE_Barca_dd,7.75,0.00383,0,2.6667000630340683,18
TE_Barca_dd,7.75,0.00982,0,2.3331552225672434,17
TE_Barca_dd,7.75,0.02275,0,2.000002443899604,16
TE_Barca_dd,7.75,0.04779,0,1.6666702079210545,15
TE_Barca_dd,7.75,0.09121,0,1.3333407702662026,14
TE_Barca_dd,7.75,0.15866,1.433409871821348,0.9999803859660789,13
TE_Barca_dd,7.75,0.25249,3.9872355913793154,0.6666746102242979,12
TE_Barca_dd,7.75,0.36944,7.101055861880611,0.33333688458431254,11
TE_Barca_dd,7.75,0.5,10.976944238971006,-0,10
TE_Barca_dd,7.75,0.63056,15.736449180861497,-0.33333688458431254,9
TE_Barca_dd,7.75,0.74751,21.47204094804243,-0.6666746102242979,8
TE_Barca_dd,7.75,0.84134,28.256866359017806,-0.9999803859660789,7
TE_Barca_dd,7.75,0.90879,36.1526026097891,-1.3333407702662026,6
TE_Barca_dd,7.75,0.95221,45.206023278848775,-1.6666702079210545,5
TE_Barca_dd,7.75,0.97725,55.45768066944083,-2.0000024438996027,4
TE_Barca_dd,7.75,0.99018,66.93363289133596,-2.3331552225672416,3
TE_Barca_dd,7.75,0.99617,79.68168790324277,-2.6667000630340683,2
TE_Barca_dd,7.75,0.99865,93.69965056257585,-2.999976992703401,1
TE_Barca_dd,8,0.00135,0,2.999976992703393,19
TE_Barca_dd,8,0.00383,0,2.6667000630340683,18
TE_Barca_dd,8,0.00982,0,2.3331552225672434,17
TE_Barca_dd,8,0.02275,0,2.000002443899604,16
TE_Barca_dd,8,0.04779,0,1.6666702079210545,15
TE_Barca_dd,8,0.09121,0,1.3333407702662026,14
TE_Barca_dd,8,0.15866,1.2154973024760465,0.9999803859660789,13
TE_Barca_dd,8,0.25249,3.5728159919296023,0.6666746102242979,12
TE_Barca_dd,8,0.36944,6.541001602250067,0.33333688458431254,11
TE_Barca_dd,8,0.5,10.302004186613253,-0,10
TE_Barca_dd,8,0.63056,14.975922409277866,-0.33333688458431254,9
TE_Barca_dd,8,0.74751,20.656944680672982,-0.6666746102242979,8
TE_Barca_dd,8,0.84134,27.420362155684526,-0.9999803859660789,7
TE_Barca_dd,8,0.90879,35.32970442759104,-1.3333407702662026,6
TE_Barca_dd,8,0.95221,44.43315672913,-1.6666702079210545,5
TE_Barca_dd,8,0.97725,54.77226646951661,-2.0000024438996027,4
TE_Barca_dd,8,0.99018,66.37366905674143,-2.3331552225672416,3
TE_Barca_dd,8,0.99617,79.2858225904058,-2.6667000630340683,2
TE_Barca_dd,8,0.99865,93.5064400263912,-2.999976992703401,1
TE_Barca_dd,8.25,0.00135,0,2.999976992703393,19
TE_Barca_dd,8.25,0.00383,0,2.6667000630340683,18
TE_Barca_dd,8.25,0.00982,0,2.3331552225672434,17
TE_Barca_dd,8.25,0.02275,0,2.000002443899604,16
TE_Barca_dd,8.25,0.04779,0,1.6666702079210545,15
TE_Barca_dd,8.25,0.09121,0,1.3333407702662026,14
TE_Barca_dd,8.25,0.15866,1.0475335028828485,0.9999803859660789,13
TE_Barca_dd,8.25,0.25249,3.229068098328343,0.6666746102242979,12
TE_Barca_dd,8.25,0.36944,6.05331479412098,0.33333688458431254,11
TE_Barca_dd,8.25,0.5,9.687239449216746,-0,10
TE_Barca_dd,8.25,0.63056,14.249621822567093,-0.33333688458431254,9
TE_Barca_dd,8.25,0.74751,19.835677581611293,-0.6666746102242979,8
TE_Barca_dd,8.25,0.84134,26.522032268428244,-0.9999803859660789,7
TE_Barca_dd,8.25,0.90879,34.37329722796272,-1.3333407702662026,6
TE_Barca_dd,8.25,0.95221,43.438443326858156,-1.6666702079210545,5
TE_Barca_dd,8.25,0.97725,53.75947970466527,-2.0000024438996027,4
TE_Barca_dd,8.25,0.99018,65.36326856586007,-2.3331552225672416,3
TE_Barca_dd,8.25,0.99617,78.2983554589923,-2.6667000630340683,2
TE_Barca_dd,8.25,0.99865,92.56236767874073,-2.999976992703401,1
TE_Barca_dd,8.5,0.00135,0,2.999976992703393,19
TE_Barca_dd,8.5,0.00383,0,2.6667000630340683,18
TE_Barca_dd,8.5,0.00982,0,2.3331552225672434,17
TE_Barca_dd,8.5,0.02275,0,2.000002443899604,16
TE_Barca_dd,8.5,0.04779,0,1.6666702079210545,15
TE_Barca_dd,8.5,0.09121,0,1.3333407702662026,14
TE_Barca_dd,8.5,0.15866,0.9287686999777945,0.9999803859660789,13
TE_Barca_dd,8.5,0.25249,2.962861557358585,0.6666746102242979,12
TE_Barca_dd,8.5,0.36944,5.649609260677512,0.33333688458431254,11
TE_Barca_dd,8.5,0.5,9.145043413976925,-0,10
TE_Barca_dd,8.5,0.63056,13.565842565458569,-0.33333688458431254,9
TE_Barca_dd,8.5,0.74751,19.006794928466398,-0.6666746102242979,8
TE_Barca_dd,8.5,0.84134,25.544459711063034,-0.9999803859660789,7
TE_Barca_dd,8.5,0.90879,33.243318404746695,-1.3333407702662026,6
TE_Barca_dd,8.5,0.95221,42.15219757317267,-1.6666702079210545,5
TE_Barca_dd,8.5,0.97725,52.312820007482024,-2.0000024438996027,4
TE_Barca_dd,8.5,0.99018,63.75180762456413,-2.3331552225672416,3
TE_Barca_dd,8.5,0.99617,76.51705477510217,-2.6667000630340683,2
TE_Barca_dd,8.5,0.99865,90.60614825176154,-2.999976992703401,1
TE_Barca_dd,8.75,0.00135,0,2.999976992703393,19
TE_Barca_dd,8.75,0.00383,0,2.6667000630340683,18
TE_Barca_dd,8.75,0.00982,0,2.3331552225672434,17
TE_Barca_dd,8.75,0.02275,0,2.000002443899604,16
TE_Barca_dd,8.75,0.04779,0,1.6666702079210545,15
TE_Barca_dd,8.75,0.09121,0,1.3333407702662026,14
TE_Barca_dd,8.75,0.15866,0.8555952517298229,0.9999803859660789,13
TE_Barca_dd,8.75,0.25249,2.7746663843030266,0.6666746102242979,12
TE_Barca_dd,8.75,0.36944,5.334005625151574,0.33333688458431254,11
TE_Barca_dd,8.75,0.5,8.681367259670582,-0,10
TE_Barca_dd,8.75,0.63056,12.929750555468445,-0.33333688458431254,9
TE_Barca_dd,8.75,0.74751,18.17147912531574,-0.6666746102242979,8
TE_Barca_dd,8.75,0.84134,24.4812265431292,-0.9999803859660789,7
TE_Barca_dd,8.75,0.90879,31.921840496065748,-1.3333407702662026,6
TE_Barca_dd,8.75,0.95221,40.54088344313006,-1.6666702079210545,5
TE_Barca_dd,8.75,0.97725,50.378920153625444,-2.0000024438996027,4
TE_Barca_dd,8.75,0.99018,61.46180498053634,-2.3331552225672416,3
TE_Barca_dd,8.75,0.99617,73.83595451640883,-2.6667000630340683,2
TE_Barca_dd,8.75,0.99865,87.49899256885993,-2.999976992703401,1
TE_Barca_dd,9,0.00135,0,2.999976992703393,19
TE_Barca_dd,9,0.00383,0,2.6667000630340683,18
TE_Barca_dd,9,0.00982,0,2.3331552225672434,17
TE_Barca_dd,9,0.02275,0,2.000002443899604,16
TE_Barca_dd,9,0.04779,0,1.6666702079210545,15
TE_Barca_dd,9,0.09121,0,1.3333407702662026,14
TE_Barca_dd,9,0.15866,0.8101592645564641,0.9999803859660789,13
TE_Barca_dd,9,0.25249,2.6358219471944215,0.6666746102242979,12
TE_Barca_dd,9,0.36944,5.0752015315740735,0.33333688458431254,11
TE_Barca_dd,9,0.5,8.268991606221242,-0,10
TE_Barca_dd,9,0.63056,12.32525512229204,-0.33333688458431254,9
TE_Barca_dd,9,0.74751,17.332376881972387,-0.6666746102242979,8
TE_Barca_dd,9,0.84134,23.361862684607992,-0.9999803859660789,7
TE_Barca_dd,9,0.90879,30.473884758628536,-1.3333407702662026,6
TE_Barca_dd,9,0.95221,38.71397534654731,-1.6666702079210545,5
TE_Barca_dd,9,0.97725,48.12095291982208,-2.0000024438996027,4
TE_Barca_dd,9,0.99018,58.71955327750424,-2.3331552225672416,3
TE_Barca_dd,9,0.99617,70.55416693003788,-2.6667000630340683,2
TE_Barca_dd,9,0.99865,83.62251409633332,-2.999976992703401,1
TE_Barca_dd,9.25,0.00135,0,2.999976992703393,19
TE_Barca_dd,9.25,0.00383,0,2.6667000630340683,18
TE_Barca_dd,9.25,0.00982,0,2.3331552225672434,17
TE_Barca_dd,9.25,0.02275,0,2.000002443899604,16
TE_Barca_dd,9.25,0.04779,0,1.6666702079210545,15
TE_Barca_dd,9.25,0.09121,0,1.3333407702662026,14
TE_Barca_dd,9.25,0.15866,0.770363706013356,0.9999803859660789,13
TE_Barca_dd,9.25,0.25249,2.507266007414499,0.6666746102242979,12
TE_Barca_dd,9.25,0.36944,4.828545038352406,0.33333688458431254,11
TE_Barca_dd,9.25,0.5,7.868068822945744,-0,10
TE_Barca_dd,9.25,0.63056,11.728707598659106,-0.33333688458431254,9
TE_Barca_dd,9.25,0.74751,16.494609124683993,-0.6666746102242979,8
TE_Barca_dd,9.25,0.84134,22.233853223717677,-0.9999803859660789,7
TE_Barca_dd,9.25,0.90879,29.003728136279918,-1.3333407702662026,6
TE_Barca_dd,9.25,0.95221,36.847583199228666,-1.6666702079210545,5
TE_Barca_dd,9.25,0.97725,45.80237425357072,-2.0000024438996027,4
TE_Barca_dd,9.25,0.99018,55.891649598707005,-2.3331552225672416,3
TE_Barca_dd,9.25,0.99617,67.15766674751195,-2.6667000630340683,2
TE_Barca_dd,9.25,0.99865,79.59825467076483,-2.999976992703401,1
TE_Barca_dd,9.5,0.00135,0,2.999976992703393,19
TE_Barca_dd,9.5,0.00383,0,2.6667000630340683,18
TE_Barca_dd,9.5,0.00982,0,2.3331552225672434,17
TE_Barca_dd,9.5,0.02275,0,2.000002443899604,16
TE_Barca_dd,9.5,0.04779,0,1.6666702079210545,15
TE_Barca_dd,9.5,0.09121,0,1.3333407702662026,14
TE_Barca_dd,9.5,0.15866,0.7317279652404367,0.9999803859660789,13
TE_Barca_dd,9.5,0.25249,2.3815228943916322,0.6666746102242979,12
TE_Barca_dd,9.5,0.36944,4.586388993837146,0.33333688458431254,11
TE_Barca_dd,9.5,0.5,7.473480718452265,-0,10
TE_Barca_dd,9.5,0.63056,11.140509447213079,-0.33333688458431254,9
TE_Barca_dd,9.5,0.74751,15.667403028463086,-0.6666746102242979,8
TE_Barca_dd,9.5,0.84134,21.118827167908762,-0.9999803859660789,7
TE_Barca_dd,9.5,0.90879,27.549197170157182,-1.3333407702662026,6
TE_Barca_dd,9.5,0.95221,34.99968845348456,-1.6666702079210545,5
TE_Barca_dd,9.5,0.97725,43.5054035618071,-2.0000024438996027,4
TE_Barca_dd,9.5,0.99018,53.08870986991533,-2.3331552225672416,3
TE_Barca_dd,9.5,0.99617,63.789745711117796,-2.6667000630340683,2
TE_Barca_dd,9.5,0.99865,75.60644892911266,-2.999976992703401,1
TE_Barca_dd,9.75,0.00135,0,2.999976992703393,19
TE_Barca_dd,9.75,0.00383,0,2.6667000630340683,18
TE_Barca_dd,9.75,0.00982,0,2.3331552225672434,17
TE_Barca_dd,9.75,0.02275,0,2.000002443899604,16
TE_Barca_dd,9.75,0.04779,0,1.6666702079210545,15
TE_Barca_dd,9.75,0.09121,0,1.3333407702662026,14
TE_Barca_dd,9.75,0.15866,0.6939842092189974,0.9999803859660789,13
TE_Barca_dd,9.75,0.25249,2.2586799385984175,0.6666746102242979,12
TE_Barca_dd,9.75,0.36944,4.349815327691118,0.33333688458431254,11
TE_Barca_dd,9.75,0.5,7.087985990379465,-0,10
TE_Barca_dd,9.75,0.63056,10.56586318758335,-0.33333688458431254,9
TE_Barca_dd,9.75,0.74751,14.859251954048567,-0.6666746102242979,8
TE_Barca_dd,9.75,0.84134,20.029482428993713,-0.9999803859660789,7
TE_Barca_dd,9.75,0.90879,26.128163083576815,-1.3333407702662026,6
TE_Barca_dd,9.75,0.95221,33.194345438362,-1.6666702079210545,5
TE_Barca_dd,9.75,0.97725,41.261321388700225,-2.0000024438996027,4
TE_Barca_dd,9.75,0.99018,50.350304562378554,-2.3331552225672416,3
TE_Barca_dd,9.75,0.99617,60.49936288964051,-2.6667000630340683,2
TE_Barca_dd,9.75,0.99865,71.7065405836995,-2.999976992703401,1
TE_Barca_dd,10,0.00135,0,2.999976992703393,19
TE_Barca_dd,10,0.00383,0,2.6667000630340683,18
TE_Barca_dd,10,0.00982,0,2.3331552225672434,17
TE_Barca_dd,10,0.02275,0,2.000002443899604,16
TE_Barca_dd,10,0.04779,0,1.6666702079210545,15
TE_Barca_dd,10,0.09121,0,1.3333407702662026,14
TE_Barca_dd,10,0.15866,0.6574396583511856,0.9999803859660789,13
TE_Barca_dd,10,0.25249,2.1397399841119795,0.6666746102242979,12
TE_Barca_dd,10,0.36944,4.120758147897421,0.33333688458431254,11
TE_Barca_dd,10,0.5,6.714739311981826,-0,10
TE_Barca_dd,10,0.63056,10.009474755344941,-0.33333688458431254,9
TE_Barca_dd,10,0.74751,14.076777690390072,-0.6666746102242979,8
TE_Barca_dd,10,0.84134,18.974748668456105,-0.9999803859660789,7
TE_Barca_dd,10,0.90879,24.752278506796443,-1.3333407702662026,6
TE_Barca_dd,10,0.95221,31.446362309370475,-1.6666702079210545,5
TE_Barca_dd,10,0.97725,39.08853885142541,-2.0000024438996027,4
TE_Barca_dd,10,0.99018,47.698904670935555,-2.3331552225672416,3
TE_Barca_dd,10,0.99617,57.313523076535475,-2.6667000630340683,2
TE_Barca_dd,10,0.99865,67.93054127134988,-2.999976992703401,1
TE_Barca_dd,10.25,0.00135,0,2.999976992703393,19
TE_Barca_dd,10.25,0.00383,0,2.6667000630340683,18
TE_Barca_dd,10.25,0.00982,0,2.3331552225672434,17
TE_Barca_dd,10.25,0.02275,0,2.000002443899604,16
TE_Barca_dd,10.25,0.04779,0,1.6666702079210545,15
TE_Barca_dd,10.25,0.09121,0,1.3333407702662026,14
TE_Barca_dd,10.25,0.15866,0.6223054494361081,0.9999803859660789,13
TE_Barca_dd,10.25,0.25249,2.025390210190829,0.6666746102242979,12
TE_Barca_dd,10.25,0.36944,3.90054084084569,0.33333688458431254,11
TE_Barca_dd,10.25,0.5,6.3558971314430845,-0,10
TE_Barca_dd,10.25,0.63056,9.474558709515104,-0.33333688458431254,9
TE_Barca_dd,10.25,0.74751,13.324501019378086,-0.6666746102242979,8
TE_Barca_dd,10.25,0.84134,17.960719662245943,-0.9999803859660789,7
TE_Barca_dd,10.25,0.90879,23.429492682426197,-1.3333407702662026,6
TE_Barca_dd,10.25,0.95221,29.765838129454504,-1.6666702079210545,5
TE_Barca_dd,10.25,0.97725,36.9996093156928,-2.0000024438996027,4
TE_Barca_dd,10.25,0.99018,45.14982880054553,-2.3331552225672416,3
TE_Barca_dd,10.25,0.99617,54.2506326343116,-2.6667000630340683,2
TE_Barca_dd,10.25,0.99865,64.30026703539134,-2.999976992703401,1
TE_Barca_dd,10.5,0.00135,0,2.999976992703393,19
TE_Barca_dd,10.5,0.00383,0,2.6667000630340683,18
TE_Barca_dd,10.5,0.00982,0,2.3331552225672434,17
TE_Barca_dd,10.5,0.02275,0,2.000002443899604,16
TE_Barca_dd,10.5,0.04779,0,1.6666702079210545,15
TE_Barca_dd,10.5,0.09121,0,1.3333407702662026,14
TE_Barca_dd,10.5,0.15866,0.5887029764494265,0.9999803859660789,13
TE_Barca_dd,10.5,0.25249,1.9160257129492646,0.6666746102242979,12
TE_Barca_dd,10.5,0.36944,3.6899242917408914,0.33333688458431254,11
TE_Barca_dd,10.5,0.5,6.012699305031897,-0,10
TE_Barca_dd,10.5,0.63056,8.962963269817012,-0.33333688458431254,9
TE_Barca_dd,10.5,0.74751,12.605021176698035,-0.6666746102242979,8
TE_Barca_dd,10.5,0.84134,16.990899042630566,-0.9999803859660789,7
TE_Barca_dd,10.5,0.90879,22.164376047493494,-1.3333407702662026,6
TE_Barca_dd,10.5,0.95221,28.158579379626456,-1.6666702079210545,5
TE_Barca_dd,10.5,0.97725,35.00175036927367,-2.0000024438996027,4
TE_Barca_dd,10.5,0.99018,42.711884419283834,-2.3331552225672416,3
TE_Barca_dd,10.5,0.99617,51.32127434388395,-2.6667000630340683,2
TE_Barca_dd,10.5,0.99865,60.82826106000006,-2.999976992703401,1
TE_Barca_dd,10.75,0.00135,0,2.999976992703393,19
TE_Barca_dd,10.75,0.00383,0,2.6667000630340683,18
TE_Barca_dd,10.75,0.00982,0,2.3331552225672434,17
TE_Barca_dd,10.75,0.02275,0,2.000002443899604,16
TE_Barca_dd,10.75,0.04779,0,1.6666702079210545,15
TE_Barca_dd,10.75,0.09121,0,1.3333407702662026,14
TE_Barca_dd,10.75,0.15866,0.5566818862322211,0.9999803859660789,13
TE_Barca_dd,10.75,0.25249,1.8118080747455283,0.6666746102242979,12
TE_Barca_dd,10.75,0.36944,3.4892196784426317,0.33333688458431254,11
TE_Barca_dd,10.75,0.5,5.68565289327002,-0,10
TE_Barca_dd,10.75,0.63056,8.475444296061585,-0.33333688458431254,9
TE_Barca_dd,10.75,0.74751,11.919401160964934,-0.6666746102242979,8
TE_Barca_dd,10.75,0.84134,16.06671967393485,-0.9999803859660789,7
TE_Barca_dd,10.75,0.90879,20.958797750869152,-1.3333407702662026,6
TE_Barca_dd,10.75,0.95221,26.626960705779787,-1.6666702079210545,5
TE_Barca_dd,10.75,0.97725,33.09791374917552,-2.0000024438996027,4
TE_Barca_dd,10.75,0.99018,40.388673466930925,-2.3331552225672416,3
TE_Barca_dd,10.75,0.99617,48.52977618274764,-2.6667000630340683,2
TE_Barca_dd,10.75,0.99865,57.519653055416526,-2.999976992703401,1
TE_Barca_dd,11,0.00135,0,2.999976992703393,19
TE_Barca_dd,11,0.00383,0,2.6667000630340683,18
TE_Barca_dd,11,0.00982,0,2.3331552225672434,17
TE_Barca_dd,11,0.02275,0,2.000002443899604,16
TE_Barca_dd,11,0.04779,0,1.6666702079210545,15
TE_Barca_dd,11,0.09121,0,1.3333407702662026,14
TE_Barca_dd,11,0.15866,0.5262475562506401,0.9999803859660789,13
TE_Barca_dd,11,0.25249,1.712754796585915,0.6666746102242979,12
TE_Barca_dd,11,0.36944,3.2984607040131184,0.33333688458431254,11
TE_Barca_dd,11,0.5,5.374812814174725,-0,10
TE_Barca_dd,11,0.63056,8.01208365210059,-0.33333688458431254,9
TE_Barca_dd,11,0.74751,11.267756100043213,-0.6666746102242979,8
TE_Barca_dd,11,0.84134,15.188336741366912,-0.9999803859660789,7
TE_Barca_dd,11,0.90879,19.81296022827158,-1.3333407702662026,6
TE_Barca_dd,11,0.95221,25.17123928986126,-1.6666702079210545,5
TE_Barca_dd,11,0.97725,31.28841913722148,-2.0000024438996027,4
TE_Barca_dd,11,0.99018,38.18058604318825,-2.3331552225672416,3
TE_Barca_dd,11,0.99617,45.87660688141956,-2.6667000630340683,2
TE_Barca_dd,11,0.99865,54.374998580758195,-2.999976992703401,1
TE_Barca_dd,11.25,0.00135,0,2.999976992703393,19
TE_Barca_dd,11.25,0.00383,0,2.6667000630340683,18
TE_Barca_dd,11.25,0.00982,0,2.3331552225672434,17
TE_Barca_dd,11.25,0.02275,0,2.000002443899604,16
TE_Barca_dd,11.25,0.04779,0,1.6666702079210545,15
TE_Barca_dd,11.25,0.09121,0,1.3333407702662026,14
TE_Barca_dd,11.25,0.15866,0.49738422567762947,0.9999803859660789,13
TE_Barca_dd,11.25,0.25249,1.6188145820763489,0.6666746102242979,12
TE_Barca_dd,11.25,0.36944,3.117548580425352,0.33333688458431254,11
TE_Barca_dd,11.25,0.5,5.080018093186345,-0,10
TE_Barca_dd,11.25,0.63056,7.5726413772775505,-0.33333688458431254,9
TE_Barca_dd,11.25,0.74751,10.649748525997678,-0.6666746102242979,8
TE_Barca_dd,11.25,0.84134,14.35529535565376,-0.9999803859660789,7
TE_Barca_dd,11.25,0.90879,18.726270082944172,-1.3333407702662026,6
TE_Barca_dd,11.25,0.95221,23.790661254580858,-1.6666702079210545,5
TE_Barca_dd,11.25,0.97725,29.57232944644251,-2.0000024438996027,4
TE_Barca_dd,11.25,0.99018,36.08647864047731,-2.3331552225672416,3
TE_Barca_dd,11.25,0.99617,43.36039243621759,-2.6667000630340683,2
TE_Barca_dd,11.25,0.99865,51.39266910516335,-2.999976992703401,1
TE_Barca_dd,11.5,0.00135,0,2.999976992703393,19
TE_Barca_dd,11.5,0.00383,0,2.6667000630340683,18
TE_Barca_dd,11.5,0.00982,0,2.3331552225672434,17
TE_Barca_dd,11.5,0.02275,0,2.000002443899604,16
TE_Barca_dd,11.5,0.04779,0,1.6666702079210545,15
TE_Barca_dd,11.5,0.09121,0,1.3333407702662026,14
TE_Barca_dd,11.5,0.15866,0.4700544768590135,0.9999803859660789,13
TE_Barca_dd,11.5,0.25249,1.5298656490899236,0.6666746102242979,12
TE_Barca_dd,11.5,0.36944,2.9462487764846803,0.33333688458431254,11
TE_Barca_dd,11.5,0.5,4.8008865632256335,-0,10
TE_Barca_dd,11.5,0.63056,7.15654778517424,-0.33333688458431254,9
TE_Barca_dd,11.5,0.74751,10.064577262364523,-0.6666746102242979,8
TE_Barca_dd,11.5,0.84134,13.566515572782736,-0.9999803859660789,7
TE_Barca_dd,11.5,0.90879,17.69731854319874,-1.3333407702662026,6
TE_Barca_dd,11.5,0.95221,22.48343683487022,-1.6666702079210545,5
TE_Barca_dd,11.5,0.97725,27.94741995765562,-2.0000024438996027,4
TE_Barca_dd,11.5,0.99018,34.10363648097168,-2.3331552225672416,3
TE_Barca_dd,11.5,0.99617,40.97787085360095,-2.6667000630340683,2
TE_Barca_dd,11.5,0.99865,48.56879836775846,-2.999976992703401,1
TE_Barca_dd,11.75,0.00135,0,2.999976992703393,19
TE_Barca_dd,11.75,0.00383,0,2.6667000630340683,18
TE_Barca_dd,11.75,0.00982,0,2.3331552225672434,17
TE_Barca_dd,11.75,0.02275,0,2.000002443899604,16
TE_Barca_dd,11.75,0.04779,0,1.6666702079210545,15
TE_Barca_dd,11.75,0.09121,0,1.3333407702662026,14
TE_Barca_dd,11.75,0.15866,0.44420485904699986,0.9999803859660789,13
TE_Barca_dd,11.75,0.25249,1.4457340335915911,0.6666746102242979,12
TE_Barca_dd,11.75,0.36944,2.784226268217902,0.33333688458431254,11
TE_Barca_dd,11.75,0.5,4.536872305419869,-0,10
TE_Barca_dd,11.75,0.63056,6.76298908947605,-0.33333688458431254,9
TE_Barca_dd,11.75,0.74751,9.511097844305333,-0.6666746102242979,8
TE_Barca_dd,11.75,0.84134,12.820454714633069,-0.9999803859660789,7
TE_Barca_dd,11.75,0.90879,16.72409320796469,-1.3333407702662026,6
TE_Barca_dd,11.75,0.95221,21.247009389275,-1.6666702079210545,5
TE_Barca_dd,11.75,0.97725,26.410512707431778,-2.0000024438996027,4
TE_Barca_dd,11.75,0.99018,32.22818156379349,-2.3331552225672416,3
TE_Barca_dd,11.75,0.99617,38.724382447760235,-2.6667000630340683,2
TE_Barca_dd,11.75,0.99865,45.8978635009555,-2.999976992703401,1
TE_Barca_dd,12,0.00135,0,2.999976992703393,19
TE_Barca_dd,12,0.00383,0,2.6667000630340683,18
TE_Barca_dd,12,0.00982,0,2.3331552225672434,17
TE_Barca_dd,12,0.02275,0,2.000002443899604,16
TE_Barca_dd,12,0.04779,0,1.6666702079210545,15
TE_Barca_dd,12,0.09121,0,1.3333407702662026,14
TE_Barca_dd,12,0.15866,0.4197609767673778,0.9999803859660789,13
TE_Barca_dd,12,0.25249,1.3661776039068034,0.6666746102242979,12
TE_Barca_dd,12,0.36944,2.6310147531483716,0.33333688458431254,11
TE_Barca_dd,12,0.5,4.287215483975837,-0,10
TE_Barca_dd,12,0.63056,6.390832624151689,-0.33333688458431254,9
TE_Barca_dd,12,0.74751,8.987717352290549,-0.6666746102242979,8
TE_Barca_dd,12,0.84134,12.1149656102942,-0.9999803859660789,7
TE_Barca_dd,12,0.90879,15.803793124613058,-1.3333407702662026,6
TE_Barca_dd,12,0.95221,20.077820466767342,-1.6666702079210545,5
TE_Barca_dd,12,0.97725,24.957184460755382,-2.0000024438996027,4
TE_Barca_dd,12,0.99018,30.45471631023872,-2.3331552225672416,3
TE_Barca_dd,12,0.99617,36.59344165570054,-2.6667000630340683,2
TE_Barca_dd,12,0.99865,43.37217752652757,-2.999976992703401,1
TE_Ladro_dd,6,0.00135,0,2.999976992703393,19
TE_Ladro_dd,6,0.00383,0,2.6667000630340683,18
TE_Ladro_dd,6,0.00982,0,2.3331552225672434,17
TE_Ladro_dd,6,0.02275,0,2.000002443899604,16
TE_Ladro_dd,6,0.04779,0,1.6666702079210545,15
TE_Ladro_dd,6,0.09121,0,1.3333407702662026,14
TE_Ladro_dd,6,0.15866,1.8862693967185182,0.9999803859660789,13
TE_Ladro_dd,6,0.25249,4.983291340143296,0.6666746102242979,12
TE_Ladro_dd,6,0.36944,9.080004032979604,0.33333688458431254,11
TE_Ladro_dd,6,0.5,14.397526755717212,-0,10
TE_Ladro_dd,6,0.63056,21.107420274704065,-0.33333688458431254,9
TE_Ladro_dd,6,0.74751,29.350033483984266,-0.6666746102242979,8
TE_Ladro_dd,6,0.84134,39.23907500925822,-0.9999803859660789,7
TE_Ladro_dd,6,0.90879,50.87061576569702,-1.3333407702662026,6
TE_Ladro_dd,6,0.95221,64.31751029381742,-1.6666702079210545,5
TE_Ladro_dd,6,0.97725,79.64219816052493,-2.0000024438996027,4
TE_Ladro_dd,6,0.99018,96.88455272817468,-2.3331552225672416,3
TE_Ladro_dd,6,0.99617,116.11663417293894,-2.6667000630340683,2
TE_Ladro_dd,6,0.99865,137.3347831618779,-2.999976992703401,1
TE_Ladro_dd,6.25,0.00135,0,2.999976992703393,19
TE_Ladro_dd,6.25,0.00383,0,2.6667000630340683,18
TE_Ladro_dd,6.25,0.00982,0,2.3331552225672434,17
TE_Ladro_dd,6.25,0.02275,0,2.000002443899604,16
TE_Ladro_dd,6.25,0.04779,0,1.6666702079210545,15
TE_Ladro_dd,6.25,0.09121,0,1.3333407702662026,14
TE_Ladro_dd,6.25,0.15866,1.82229658833395,0.9999803859660789,13
TE_Ladro_dd,6.25,0.25249,4.815400757494037,0.6666746102242979,12
TE_Ladro_dd,6.25,0.36944,8.775220267074452,0.33333688458431254,11
TE_Ladro_dd,6.25,0.5,13.915490277406112,-0,10
TE_Ladro_dd,6.25,0.63056,20.402090030585097,-0.33333688458431254,9
TE_Ladro_dd,6.25,0.74751,28.370731184885603,-0.6666746102242979,8
TE_Ladro_dd,6.25,0.84134,37.931367358839715,-0.9999803859660789,7
TE_Ladro_dd,6.25,0.90879,49.17689549258329,-1.3333407702662026,6
TE_Ladro_dd,6.25,0.95221,62.17776246468556,-1.6666702079210545,5
TE_Ladro_dd,6.25,0.97725,76.99434231854701,-2.0000024438996027,4
TE_Ladro_dd,6.25,0.99018,93.66518872976918,-2.3331552225672416,3
TE_Ladro_dd,6.25,0.99617,112.25997403367808,-2.6667000630340683,2
TE_Ladro_dd,6.25,0.99865,132.7751594438079,-2.999976992703401,1
TE_Ladro_dd,6.5,0.00135,0,2.999976992703393,19
TE_Ladro_dd,6.5,0.00383,0,2.6667000630340683,18
TE_Ladro_dd,6.5,0.00982,0,2.3331552225672434,17
TE_Ladro_dd,6.5,0.02275,0,2.000002443899604,16
TE_Ladro_dd,6.5,0.04779,0,1.6666702079210545,15
TE_Ladro_dd,6.5,0.09121,0,1.3333407702662026,14
TE_Ladro_dd,6.5,0.15866,1.7604982509036653,0.9999803859660789,13
TE_Ladro_dd,6.5,0.25249,4.65317385971183,0.6666746102242979,12
TE_Ladro_dd,6.5,0.36944,8.480674868156704,0.33333688458431254,11
TE_Ladro_dd,6.5,0.5,13.449598986902604,-0,10
TE_Ladro_dd,6.5,0.63056,19.7203318800798,-0.33333688458431254,9
TE_Ladro_dd,6.5,0.74751,27.424100952434816,-0.6666746102242979,8
TE_Ladro_dd,6.5,0.84134,36.66722861084498,-0.9999803859660789,7
TE_Ladro_dd,6.5,0.90879,47.53954251177895,-1.3333407702662026,6
TE_Ladro_dd,6.5,0.95221,60.10916131237904,-1.6666702079210545,5
TE_Ladro_dd,6.5,0.97725,74.43446176172056,-2.0000024438996027,4
TE_Ladro_dd,6.5,0.99018,90.55272146566297,-2.3331552225672416,3
TE_Ladro_dd,6.5,0.99617,108.53130394962709,-2.6667000630340683,2
TE_Ladro_dd,6.5,0.99865,128.36678700987738,-2.999976992703401,1
TE_Ladro_dd,6.75,0.00135,0,2.999976992703393,19
TE_Ladro_dd,6.75,0.00383,0,2.6667000630340683,18
TE_Ladro_dd,6.75,0.00982,0,2.3331552225672434,17
TE_Ladro_dd,6.75,0.02275,0,2.000002443899604,16
TE_Ladro_dd,6.75,0.04779,0,1.6666702079210545,15
TE_Ladro_dd,6.75,0.09121,0,1.3333407702662026,14
TE_Ladro_dd,6.75,0.15866,1.7008053502050444,0.9999803859660789,13
TE_Ladro_dd,6.75,0.25249,4.496427012051954,0.6666746102242979,12
TE_Ladro_dd,6.75,0.36944,8.196031923603282,0.33333688458431254,11
TE_Ladro_dd,6.75,0.5,12.999318780319182,-0,10
TE_Ladro_dd,6.75,0.63056,19.0613611694561,-0.33333688458431254,9
TE_Ladro_dd,6.75,0.74751,26.509049939755563,-0.6666746102242979,8
TE_Ladro_dd,6.75,0.84134,35.44519579841344,-0.9999803859660789,7
TE_Ladro_dd,6.75,0.90879,45.9566581926827,-1.3333407702662026,6
TE_Ladro_dd,6.75,0.95221,58.10930425704204,-1.6666702079210545,5
TE_Ladro_dd,6.75,0.97725,71.95957932836102,-2.0000024438996027,4
TE_Ladro_dd,6.75,0.99018,87.54352706188887,-2.3331552225672416,3
TE_Ladro_dd,6.75,0.99617,104.92627850064956,-2.6667000630340683,2
TE_Ladro_dd,6.75,0.99865,124.10452419823663,-2.999976992703401,1
TE_Ladro_dd,7,0.00135,0,2.999976992703393,19
TE_Ladro_dd,7,0.00383,0,2.6667000630340683,18
TE_Ladro_dd,7,0.00982,0,2.3331552225672434,17
TE_Ladro_dd,7,0.02275,0,2.000002443899604,16
TE_Ladro_dd,7,0.04779,0,1.6666702079210545,15
TE_Ladro_dd,7,0.09121,0,1.3333407702662026,14
TE_Ladro_dd,7,0.15866,1.643151992412742,0.9999803859660789,13
TE_Ladro_dd,7,0.25249,4.344983837959379,0.6666746102242979,12
TE_Ladro_dd,7,0.36944,7.920967692706982,0.33333688458431254,11
TE_Ladro_dd,7,0.5,12.56413369490324,-0,10
TE_Ladro_dd,7,0.63056,18.424418567793847,-0.33333688458431254,9
TE_Ladro_dd,7,0.74751,25.624519135415923,-0.6666746102242979,8
TE_Ladro_dd,7,0.84134,34.26384972788886,-0.9999803859660789,7
TE_Ladro_dd,7,0.90879,44.426399121736175,-1.3333407702662026,6
TE_Ladro_dd,7,0.95221,56.17585694785816,-1.6666702079210545,5
TE_Ladro_dd,7,0.97725,69.56680072113825,-2.0000024438996027,4
TE_Ladro_dd,7,0.99018,84.63408080332881,-2.3331552225672416,3
TE_Ladro_dd,7,0.99617,101.44066944664624,-2.6667000630340683,2
TE_Ladro_dd,7,0.99865,119.98336627221714,-2.999976992703401,1
TE_Ladro_dd,7.25,0.00135,0,2.999976992703393,19
TE_Ladro_dd,7.25,0.00383,0,2.6667000630340683,18
TE_Ladro_dd,7.25,0.00982,0,2.3331552225672434,17
TE_Ladro_dd,7.25,0.02275,0,2.000002443899604,16
TE_Ladro_dd,7.25,0.04779,0,1.6666702079210545,15
TE_Ladro_dd,7.25,0.09121,0,1.3333407702662026,14
TE_Ladro_dd,7.25,0.15866,1.5874741593132522,0.9999803859660789,13
TE_Ladro_dd,7.25,0.25249,4.198673157878398,0.6666746102242979,12
TE_Ladro_dd,7.25,0.36944,7.655168143589877,0.33333688458431254,11
TE_Ladro_dd,7.25,0.5,12.143543422365497,-0,10
TE_Ladro_dd,7.25,0.63056,17.808767977043573,-0.33333688458431254,9
TE_Ladro_dd,7.25,0.74751,24.76948213710101,-0.6666746102242979,8
TE_Ladro_dd,7.25,0.84134,33.12181512302032,-0.9999803859660789,7
TE_Ladro_dd,7.25,0.90879,42.946979156256134,-1.3333407702662026,6
TE_Ladro_dd,7.25,0.95221,54.306557789214516,-1.6666702079210545,5
TE_Ladro_dd,7.25,0.97725,67.25332208614222,-2.0000024438996027,4
TE_Ladro_dd,7.25,0.99018,81.82096835690193,-2.3331552225672416,3
TE_Ladro_dd,7.25,0.99617,98.07038120204491,-2.6667000630340683,2
TE_Ladro_dd,7.25,0.99865,115.99846575167312,-2.999976992703401,1
TE_Ladro_dd,7.5,0.00135,0,2.999976992703393,19
TE_Ladro_dd,7.5,0.00383,0,2.6667000630340683,18
TE_Ladro_dd,7.5,0.00982,0,2.3331552225672434,17
TE_Ladro_dd,7.5,0.02275,0,2.000002443899604,16
TE_Ladro_dd,7.5,0.04779,0,1.6666702079210545,15
TE_Ladro_dd,7.5,0.09121,0,1.3333407702662026,14
TE_Ladro_dd,7.5,0.15866,1.5337098692003395,0.9999803859660789,13
TE_Ladro_dd,7.5,0.25249,4.057329181902903,0.6666746102242979,12
TE_Ladro_dd,7.5,0.36944,7.398329070253889,0.33333688458431254,11
TE_Ladro_dd,7.5,0.5,11.737063238065145,-0,10
TE_Ladro_dd,7.5,0.63056,17.213696147386365,-0.33333688458431254,9
TE_Ladro_dd,7.5,0.74751,23.942944313771157,-0.6666746102242979,8
TE_Ladro_dd,7.5,0.84134,32.01775918324971,-0.9999803859660789,7
TE_Ladro_dd,7.5,0.90879,41.516667218929506,-1.3333407702662026,6
TE_Ladro_dd,7.5,0.95221,52.499214804608556,-1.6666702079210545,5
TE_Ladro_dd,7.5,0.97725,65.01642577393574,-2.0000024438996027,4
TE_Ladro_dd,7.5,0.99018,79.1008802541394,-2.3331552225672416,3
TE_Ladro_dd,7.5,0.99617,94.81144385879759,-2.6667000630340683,2
TE_Ladro_dd,7.5,0.99865,112.14512379572433,-2.999976992703401,1
TE_Ladro_dd,7.75,0.00135,0,2.999976992703393,19
TE_Ladro_dd,7.75,0.00383,0,2.6667000630340683,18
TE_Ladro_dd,7.75,0.00982,0,2.3331552225672434,17
TE_Ladro_dd,7.75,0.02275,0,2.000002443899604,16
TE_Ladro_dd,7.75,0.04779,0,1.6666702079210545,15
TE_Ladro_dd,7.75,0.09121,0,1.3333407702662026,14
TE_Ladro_dd,7.75,0.15866,1.4817976773379253,0.9999803859660789,13
TE_Ladro_dd,7.75,0.25249,3.9207893875427238,0.6666746102242979,12
TE_Ladro_dd,7.75,0.36944,7.150154086583098,0.33333688458431254,11
TE_Ladro_dd,7.75,0.5,11.344222865287744,-0,10
TE_Ladro_dd,7.75,0.63056,16.638513256080625,-0.33333688458431254,9
TE_Ladro_dd,7.75,0.74751,23.143946034750776,-0.6666746102242979,8
TE_Ladro_dd,7.75,0.84134,30.950398476032444,-0.9999803859660789,7
TE_Ladro_dd,7.75,0.90879,40.133798929283785,-1.3333407702662026,6
TE_Ladro_dd,7.75,0.95221,50.75172312971507,-1.6666702079210545,5
TE_Ladro_dd,7.75,0.97725,62.853504853124306,-2.0000024438996027,4
TE_Ladro_dd,7.75,0.99018,76.47064460633781,-2.3331552225672416,3
TE_Ladro_dd,7.75,0.99617,91.66005531951653,-2.6667000630340683,2
TE_Ladro_dd,7.75,0.99865,108.41884296728293,-2.999976992703401,1
TE_Ladro_dd,8,0.00135,0,2.999976992703393,19
TE_Ladro_dd,8,0.00383,0,2.6667000630340683,18
TE_Ladro_dd,8,0.00982,0,2.3331552225672434,17
TE_Ladro_dd,8,0.02275,0,2.000002443899604,16
TE_Ladro_dd,8,0.04779,0,1.6666702079210545,15
TE_Ladro_dd,8,0.09121,0,1.3333407702662026,14
TE_Ladro_dd,8,0.15866,1.4316783853352684,0.9999803859660789,13
TE_Ladro_dd,8,0.25249,3.7888969255603264,0.6666746102242979,12
TE_Ladro_dd,8,0.36944,6.910356879044288,0.33333688458431254,11
TE_Ladro_dd,8,0.5,10.96456770777633,-0,10
TE_Ladro_dd,8,0.63056,16.082552149300515,-0.33333688458431254,9
TE_Ladro_dd,8,0.74751,22.371558845570238,-0.6666746102242979,8
TE_Ladro_dd,8,0.84134,29.91849088269496,-0.9999803859660789,7
TE_Ladro_dd,8,0.90879,38.7967630833434,-1.3333407702662026,6
TE_Ladro_dd,8,0.95221,49.06204473619235,-1.6666702079210545,5
TE_Ladro_dd,8,0.97725,60.76203474675364,-2.0000024438996027,4
TE_Ladro_dd,8,0.99018,73.9271892964821,-2.3331552225672416,3
TE_Ladro_dd,8,0.99617,88.6125326471857,-2.6667000630340683,2
TE_Ladro_dd,8,0.99865,104.8152663462341,-2.999976992703401,1
TE_Ladro_dd,8.25,0.00135,0,2.999976992703393,19
TE_Ladro_dd,8.25,0.00383,0,2.6667000630340683,18
TE_Ladro_dd,8.25,0.00982,0,2.3331552225672434,17
TE_Ladro_dd,8.25,0.02275,0,2.000002443899604,16
TE_Ladro_dd,8.25,0.04779,0,1.6666702079210545,15
TE_Ladro_dd,8.25,0.09121,0,1.3333407702662026,14
TE_Ladro_dd,8.25,0.15866,1.383294990847943,0.9999803859660789,13
TE_Ladro_dd,8.25,0.25249,3.661500357377908,0.6666746102242979,12
TE_Ladro_dd,8.25,0.36944,6.678660597463716,0.33333688458431254,11
TE_Ladro_dd,8.25,0.5,10.597657740327199,-0,10
TE_Ladro_dd,8.25,0.63056,15.545166558570294,-0.33333688458431254,9
TE_Ladro_dd,8.25,0.74751,21.624882818308606,-0.6666746102242979,8
TE_Ladro_dd,8.25,0.84134,28.920831875979292,-0.9999803859660789,7
TE_Ladro_dd,8.25,0.90879,37.50399663934701,-1.3333407702662026,6
TE_Ladro_dd,8.25,0.95221,47.428201897279784,-1.6666702079210545,5
TE_Ladro_dd,8.25,0.97725,58.739564941792636,-2.0000024438996027,4
TE_Ladro_dd,8.25,0.99018,71.46753169177673,-2.3331552225672416,3
TE_Ladro_dd,8.25,0.99617,85.66529953148246,-2.6667000630340683,2
TE_Ladro_dd,8.25,0.99865,101.3301625008003,-2.999976992703401,1
TE_Ladro_dd,8.5,0.00135,0,2.999976992703393,19
TE_Ladro_dd,8.5,0.00383,0,2.6667000630340683,18
TE_Ladro_dd,8.5,0.00982,0,2.3331552225672434,17
TE_Ladro_dd,8.5,0.02275,0,2.000002443899604,16
TE_Ladro_dd,8.5,0.04779,0,1.6666702079210545,15
TE_Ladro_dd,8.5,0.09121,0,1.3333407702662026,14
TE_Ladro_dd,8.5,0.15866,1.336592089978366,0.9999803859660789,13
TE_Ladro_dd,8.5,0.25249,3.5384526199993993,0.6666746102242979,12
TE_Ladro_dd,8.5,0.36944,6.454796519837881,0.33333688458431254,11
TE_Ladro_dd,8.5,0.5,10.243065997455934,-0,10
TE_Ladro_dd,8.5,0.63056,15.025729550093226,-0.33333688458431254,9
TE_Ladro_dd,8.5,0.74751,20.903045114086584,-0.6666746102242979,8
TE_Ladro_dd,8.5,0.84134,27.956253361879988,-0.9999803859660789,7
TE_Ladro_dd,8.5,0.90879,36.253984015948575,-1.3333407702662026,6
TE_Ladro_dd,8.5,0.95221,45.848277127245765,-1.6666702079210545,5
TE_Ladro_dd,8.5,0.97725,56.78371976043247,-2.0000024438996027,4
TE_Ladro_dd,8.5,0.99018,69.08878044072257,-2.3331552225672416,3
TE_Ladro_dd,8.5,0.99617,82.814889310154,-2.6667000630340683,2
TE_Ladro_dd,8.5,0.99865,97.95942993114707,-2.999976992703401,1
TE_Ladro_dd,8.75,0.00135,0,2.999976992703393,19
TE_Ladro_dd,8.75,0.00383,0,2.6667000630340683,18
TE_Ladro_dd,8.75,0.00982,0,2.3331552225672434,17
TE_Ladro_dd,8.75,0.02275,0,2.000002443899604,16
TE_Ladro_dd,8.75,0.04779,0,1.6666702079210545,15
TE_Ladro_dd,8.75,0.09121,0,1.3333407702662026,14
TE_Ladro_dd,8.75,0.15866,1.2915136445697801,0.9999803859660789,13
TE_Ladro_dd,8.75,0.25249,3.419608005593905,0.6666746102242979,12
TE_Ladro_dd,8.75,0.36944,6.23850146376842,0.33333688458431254,11
TE_Ladro_dd,8.75,0.5,9.900377674149693,-0,10
TE_Ladro_dd,8.75,0.63056,14.523635724680895,-0.33333688458431254,9
TE_Ladro_dd,8.75,0.74751,20.205206844164383,-0.6666746102242979,8
TE_Ladro_dd,8.75,0.84134,27.023636892269646,-0.9999803859660789,7
TE_Ladro_dd,8.75,0.90879,35.04527845139793,-1.3333407702662026,6
TE_Ladro_dd,8.75,0.95221,44.32044455963988,-1.6666702079210545,5
TE_Ladro_dd,8.75,0.97725,54.89224169095871,-2.0000024438996027,4
TE_Ladro_dd,8.75,0.99018,66.78819272738706,-2.3331552225672416,3
TE_Ladro_dd,8.75,0.99617,80.05801817727895,-2.6667000630340683,2
TE_Ladro_dd,8.75,0.99865,94.69918825730147,-2.999976992703401,1
TE_Ladro_dd,9,0.00135,0,2.999976992703393,19
TE_Ladro_dd,9,0.00383,0,2.6667000630340683,18
TE_Ladro_dd,9,0.00982,0,2.3331552225672434,17
TE_Ladro_dd,9,0.02275,0,2.000002443899604,16
TE_Ladro_dd,9,0.04779,0,1.6666702079210545,15
TE_Ladro_dd,9,0.09121,0,1.3333407702662026,14
TE_Ladro_dd,9,0.15866,1.2479980051408301,0.9999803859660789,13
TE_Ladro_dd,9,0.25249,3.3048151959165613,0.6666746102242979,12
TE_Ladro_dd,9,0.36944,6.029511359130709,0.33333688458431254,11
TE_Ladro_dd,9,0.5,9.569186824533205,-0,10
TE_Ladro_dd,9,0.63056,14.038303941779137,-0.33333688458431254,9
TE_Ladro_dd,9,0.74751,19.5305750326179,-0.6666746102242979,8
TE_Ladro_dd,9,0.84134,26.121938344821384,-0.9999803859660789,7
TE_Ladro_dd,9,0.90879,33.87654309529309,-1.3333407702662026,6
TE_Ladro_dd,9,0.95221,42.843031305184326,-1.6666702079210545,5
TE_Ladro_dd,9,0.97725,53.06307699140441,-2.0000024438996027,4
TE_Ladro_dd,9,0.99018,64.56328817670529,-2.3331552225672416,3
TE_Ladro_dd,9,0.99617,77.3917315678756,-2.6667000630340683,2
TE_Ladro_dd,9,0.99865,91.5459612504674,-2.999976992703401,1
TE_Ladro_dd,9.25,0.00135,0,2.999976992703393,19
TE_Ladro_dd,9.25,0.00383,0,2.6667000630340683,18
TE_Ladro_dd,9.25,0.00982,0,2.3331552225672434,17
TE_Ladro_dd,9.25,0.02275,0,2.000002443899604,16
TE_Ladro_dd,9.25,0.04779,0,1.6666702079210545,15
TE_Ladro_dd,9.25,0.09121,0,1.3333407702662026,14
TE_Ladro_dd,9.25,0.15866,1.2059793757637713,0.9999803859660789,13
TE_Ladro_dd,9.25,0.25249,3.193919278105534,0.6666746102242979,12
TE_Ladro_dd,9.25,0.36944,5.827563051641961,0.33333688458431254,11
TE_Ladro_dd,9.25,0.5,9.249097171339018,-0,10
TE_Ladro_dd,9.25,0.63056,13.56917625949808,-0.33333688458431254,9
TE_Ladro_dd,9.25,0.74751,18.878398717445958,-0.6666746102242979,8
TE_Ladro_dd,9.25,0.84134,25.25018013608631,-0.9999803859660789,7
TE_Ladro_dd,9.25,0.90879,32.74653821957691,-1.3333407702662026,6
TE_Ladro_dd,9.25,0.95221,41.41449849854678,-1.6666702079210545,5
TE_Ladro_dd,9.25,0.97725,51.29434937212397,-2.0000024438996027,4
TE_Ladro_dd,9.25,0.99018,62.41181394981031,-2.3331552225672416,3
TE_Ladro_dd,9.25,0.99617,74.81335940599632,-2.6667000630340683,2
TE_Ladro_dd,9.25,0.99865,88.49662097693884,-2.999976992703401,1
TE_Ladro_dd,9.5,0.00135,0,2.999976992703393,19
TE_Ladro_dd,9.5,0.00383,0,2.6667000630340683,18
TE_Ladro_dd,9.5,0.00982,0,2.3331552225672434,17
TE_Ladro_dd,9.5,0.02275,0,2.000002443899604,16
TE_Ladro_dd,9.5,0.04779,0,1.6666702079210545,15
TE_Ladro_dd,9.5,0.09121,0,1.3333407702662026,14
TE_Ladro_dd,9.5,0.15866,1.1653948230607063,0.9999803859660789,13
TE_Ladro_dd,9.5,0.25249,3.0867715247169736,0.6666746102242979,12
TE_Ladro_dd,9.5,0.36944,5.63240327832099,0.33333688458431254,11
TE_Ladro_dd,9.5,0.5,8.939726614430917,-0,10
TE_Ladro_dd,9.5,0.63056,13.115713873326447,-0.33333688458431254,9
TE_Ladro_dd,9.5,0.74751,18.247951772875314,-0.6666746102242979,8
TE_Ladro_dd,9.5,0.84134,24.407416005739883,-0.9999803859660789,7
TE_Ladro_dd,9.5,0.90879,31.654062737647877,-1.3333407702662026,6
TE_Ladro_dd,9.5,0.95221,40.03335409931864,-1.6666702079210545,5
TE_Ladro_dd,9.5,0.97725,49.58423844830968,-2.0000024438996027,4
TE_Ladro_dd,9.5,0.99018,60.33158310979872,-2.3331552225672416,3
TE_Ladro_dd,9.5,0.99617,72.32030847297709,-2.6667000630340683,2
TE_Ladro_dd,9.5,0.99865,85.54812827254489,-2.999976992703401,1
TE_Ladro_dd,9.75,0.00135,0,2.999976992703393,19
TE_Ladro_dd,9.75,0.00383,0,2.6667000630340683,18
TE_Ladro_dd,9.75,0.00982,0,2.3331552225672434,17
TE_Ladro_dd,9.75,0.02275,0,2.000002443899604,16
TE_Ladro_dd,9.75,0.04779,0,1.6666702079210545,15
TE_Ladro_dd,9.75,0.09121,0,1.3333407702662026,14
TE_Ladro_dd,9.75,0.15866,1.1261866089844392,0.9999803859660789,13
TE_Ladro_dd,9.75,0.25249,2.983232492434949,0.6666746102242979,12
TE_Ladro_dd,9.75,0.36944,5.443791206307963,0.33333688458431254,11
TE_Ladro_dd,9.75,0.5,8.640707837179507,-0,10
TE_Ladro_dd,9.75,0.63056,12.677394250179765,-0.33333688458431254,9
TE_Ladro_dd,9.75,0.74751,17.638524865061548,-0.6666746102242979,8
TE_Ladro_dd,9.75,0.84134,23.592715947899276,-0.9999803859660789,7
TE_Ladro_dd,9.75,0.90879,30.59793015104181,-1.3333407702662026,6
TE_Ladro_dd,9.75,0.95221,38.69811780922771,-1.6666702079210545,5
TE_Ladro_dd,9.75,0.97725,47.930931516176486,-2.0000024438996027,4
TE_Ladro_dd,9.75,0.99018,58.32041110459304,-2.3331552225672416,3
TE_Ladro_dd,9.75,0.99617,69.9099813790406,-2.6667000630340683,2
TE_Ladro_dd,9.75,0.99865,82.69743199042502,-2.999976992703401,1
TE_Ladro_dd,10,0.00135,0,2.999976992703393,19
TE_Ladro_dd,10,0.00383,0,2.6667000630340683,18
TE_Ladro_dd,10,0.00982,0,2.3331552225672434,17
TE_Ladro_dd,10,0.02275,0,2.000002443899604,16
TE_Ladro_dd,10,0.04779,0,1.6666702079210545,15
TE_Ladro_dd,10,0.09121,0,1.3333407702662026,14
TE_Ladro_dd,10,0.15866,1.0883021715822092,0.9999803859660789,13
TE_Ladro_dd,10,0.25249,2.883172088455238,0.6666746102242979,12
TE_Ladro_dd,10,0.36944,5.261498667855732,0.33333688458431254,11
TE_Ladro_dd,10,0.5,8.351688801579982,-0,10
TE_Ladro_dd,10,0.63056,12.253711986634329,-0.33333688458431254,9
TE_Ladro_dd,10,0.74751,17.049426786920048,-0.6666746102242979,8
TE_Ladro_dd,10,0.84134,22.80516814477237,-0.9999803859660789,7
TE_Ladro_dd,10,0.90879,29.576971211410065,-1.3333407702662026,6
TE_Ladro_dd,10,0.95221,37.40732459743935,-1.6666702079210545,5
TE_Ladro_dd,10,0.97725,46.33262808110425,-2.0000024438996027,4
TE_Ladro_dd,10,0.99018,56.37612144027961,-2.3331552225672416,3
TE_Ladro_dd,10,0.99617,67.579783529043155,-2.6667000630340683,2
TE_Ladro_dd,10,0.99865,79.94147740610033,-2.999976992703401,1
TE_Ladro_dd,10.25,0.00135,0,2.999976992703393,19
TE_Ladro_dd,10.25,0.00383,0,2.6667000630340683,18
TE_Ladro_dd,10.25,0.00982,0,2.3331552225672434,17
TE_Ladro_dd,10.25,0.02275,0,2.000002443899604,16
TE_Ladro_dd,10.25,0.04779,0,1.6666702079210545,15
TE_Ladro_dd,10.25,0.09121,0,1.3333407702662026,14
TE_Ladro_dd,10.25,0.15866,1.0516936066574178,0.9999803859660789,13
TE_Ladro_dd,10.25,0.25249,2.7864688578172827,0.6666746102242979,12
TE_Ladro_dd,10.25,0.36944,5.085309523426849,0.33333688458431254,11
TE_Ladro_dd,10.25,0.5,8.072332463762573,-0,10
TE_Ladro_dd,10.25,0.63056,11.844179186530432,-0.33333688458431254,9
TE_Ladro_dd,10.25,0.74751,16.47998584078055,-0.6666746102242979,8
TE_Ladro_dd,10.25,0.84134,22.043881725475394,-0.9999803859660789,7
TE_Ladro_dd,10.25,0.90879,28.590038449578948,-1.3333407702662026,6
TE_Ladro_dd,10.25,0.95221,36.159531410945604,-1.6666702079210545,5
TE_Ladro_dd,10.25,0.97725,44.78754917382761,-2.0000024438996027,4
TE_Ladro_dd,10.25,0.99018,54.496558035733464,-2.3331552225672416,3
TE_Ladro_dd,10.25,0.99617,65.32713896124172,-2.6667000630340683,2
TE_Ladro_dd,10.25,0.99865,77.27722598501423,-2.999976992703401,1
TE_Ladro_dd,10.5,0.00135,0,2.999976992703393,19
TE_Ladro_dd,10.5,0.00383,0,2.6667000630340683,18
TE_Ladro_dd,10.5,0.00982,0,2.3331552225672434,17
TE_Ladro_dd,10.5,0.02275,0,2.000002443899604,16
TE_Ladro_dd,10.5,0.04779,0,1.6666702079210545,15
TE_Ladro_dd,10.5,0.09121,0,1.3333407702662026,14
TE_Ladro_dd,10.5,0.15866,1.0163168152256863,0.9999803859660789,13
TE_Ladro_dd,10.5,0.25249,2.6930086938651847,0.6666746102242979,12
TE_Ladro_dd,10.5,0.36944,4.915018284827208,0.33333688458431254,11
TE_Ladro_dd,10.5,0.5,7.80231565906214,-0,10
TE_Ladro_dd,10.5,0.63056,11.448324997991248,-0.33333688458431254,9
TE_Ladro_dd,10.5,0.74751,15.929550459885837,-0.6666746102242979,8
TE_Ladro_dd,10.5,0.84134,21.307988940715752,-0.9999803859660789,7
TE_Ladro_dd,10.5,0.90879,27.636010401445795,-1.3333407702662026,6
TE_Ladro_dd,10.5,0.95221,34.95332397132653,-1.6666702079210545,5
TE_Ladro_dd,10.5,0.97725,43.29394725446884,-2.0000024438996027,4
TE_Ladro_dd,10.5,0.99018,52.67959878045265,-2.3331552225672416,3
TE_Ladro_dd,10.5,0.99617,63.14950812127786,-2.6667000630340683,2
TE_Ladro_dd,10.5,0.99865,74.70167793359084,-2.999976992703401,1
TE_Ladro_dd,10.75,0.00135,0,2.999976992703393,19
TE_Ladro_dd,10.75,0.00383,0,2.6667000630340683,18
TE_Ladro_dd,10.75,0.00982,0,2.3331552225672434,17
TE_Ladro_dd,10.75,0.02275,0,2.000002443899604,16
TE_Ladro_dd,10.75,0.04779,0,1.6666702079210545,15
TE_Ladro_dd,10.75,0.09121,0,1.3333407702662026,14
TE_Ladro_dd,10.75,0.15866,0.982130520004615,0.9999803859660789,13
TE_Ladro_dd,10.75,0.25249,2.602683292725846,0.6666746102242979,12
TE_Ladro_dd,10.75,0.36944,4.750428364151017,0.33333688458431254,11
TE_Ladro_dd,10.75,0.5,7.541327495847313,-0,10
TE_Ladro_dd,10.75,0.63056,11.065694542796756,-0.33333688458431254,9
TE_Ladro_dd,10.75,0.74751,15.397489106936318,-0.6666746102242979,8
TE_Ladro_dd,10.75,0.84134,20.59664650082055,-0.9999803859660789,7
TE_Ladro_dd,10.75,0.90879,26.713794885432712,-1.3333407702662026,6
TE_Ladro_dd,10.75,0.95221,33.78732251335645,-1.6666702079210545,5
TE_Ladro_dd,10.75,0.97725,41.85011495073971,-2.0000024438996027,4
TE_Ladro_dd,10.75,0.99018,50.92316782084025,-2.3331552225672416,3
TE_Ladro_dd,10.75,0.99617,61.04440426044892,-2.6667000630340683,2
TE_Ladro_dd,10.75,0.99865,72.21189327193616,-2.999976992703401,1
TE_Ladro_dd,11,0.00135,0,2.999976992703393,19
TE_Ladro_dd,11,0.00383,0,2.6667000630340683,18
TE_Ladro_dd,11,0.00982,0,2.3331552225672434,17
TE_Ladro_dd,11,0.02275,0,2.000002443899604,16
TE_Ladro_dd,11,0.04779,0,1.6666702079210545,15
TE_Ladro_dd,11,0.09121,0,1.3333407702662026,14
TE_Ladro_dd,11,0.15866,0.9490948970227246,0.9999803859660789,13
TE_Ladro_dd,11,0.25249,2.5153880944918847,0.6666746102242979,12
TE_Ladro_dd,11,0.36944,4.591349898851206,0.33333688458431254,11
TE_Ladro_dd,11,0.5,7.289067640472117,-0,10
TE_Ladro_dd,11,0.63056,10.695848305024153,-0.33333688458431254,9
TE_Ladro_dd,11,0.74751,14.883191480553627,-0.6666746102242979,8
TE_Ladro_dd,11,0.84134,19.90903937389935,-0.9999803859660789,7
TE_Ladro_dd,11,0.90879,25.82233621464764,-1.3333407702662026,6
TE_Ladro_dd,11,0.95221,32.66019326916337,-1.6666702079210545,5
TE_Ladro_dd,11,0.97725,40.45440169978509,-2.0000024438996027,4
TE_Ladro_dd,11,0.99018,49.225258262153154,-2.3331552225672416,3
TE_Ladro_dd,11,0.99617,59.00942312638945,-2.6667000630340683,2
TE_Ladro_dd,11,0.99865,69.80502943952516,-2.999976992703401,1
TE_Ladro_dd,11.25,0.00135,0,2.999976992703393,19
TE_Ladro_dd,11.25,0.00383,0,2.6667000630340683,18
TE_Ladro_dd,11.25,0.00982,0,2.3331552225672434,17
TE_Ladro_dd,11.25,0.02275,0,2.000002443899604,16
TE_Ladro_dd,11.25,0.04779,0,1.6666702079210545,15
TE_Ladro_dd,11.25,0.09121,0,1.3333407702662026,14
TE_Ladro_dd,11.25,0.15866,0.9171711438478263,0.9999803859660789,13
TE_Ladro_dd,11.25,0.25249,2.4310215938475546,0.6666746102242979,12
TE_Ladro_dd,11.25,0.36944,4.437598953144908,0.33333688458431254,11
TE_Ladro_dd,11.25,0.5,7.045245554342628,-0,10
TE_Ladro_dd,11.25,0.63056,10.338361565240785,-0.33333688458431254,9
TE_Ladro_dd,11.25,0.74751,14.38606832593906,-0.6666746102242979,8
TE_Ladro_dd,11.25,0.84134,19.244381167586944,-0.9999803859660789,7
TE_Ladro_dd,11.25,0.90879,24.960616356641065,-1.3333407702662026,6
TE_Ladro_dd,11.25,0.95221,31.570650621965775,-1.6666702079210545,5
TE_Ladro_dd,11.25,0.97725,39.10521711876392,-2.0000024438996027,4
TE_Ladro_dd,11.25,0.99018,47.583936982920534,-2.3331552225672416,3
TE_Ladro_dd,11.25,0.99617,57.04224945460895,-2.6667000630340683,2
TE_Ladro_dd,11.25,0.99865,67.47834969652237,-2.999976992703401,1
TE_Ladro_dd,11.5,0.00135,0,2.999976992703393,19
TE_Ladro_dd,11.5,0.00383,0,2.6667000630340683,18
TE_Ladro_dd,11.5,0.00982,0,2.3331552225672434,17
TE_Ladro_dd,11.5,0.02275,0,2.000002443899604,16
TE_Ladro_dd,11.5,0.04779,0,1.6666702079210545,15
TE_Ladro_dd,11.5,0.09121,0,1.3333407702662026,14
TE_Ladro_dd,11.5,0.15866,0.8863217822781743,0.9999803859660789,13
TE_Ladro_dd,11.5,0.25249,2.349485670813856,0.6666746102242979,12
TE_Ladro_dd,11.5,0.36944,4.288997645434395,0.33333688458431254,11
TE_Ladro_dd,11.5,0.5,6.809580173207367,-0,10
TE_Ladro_dd,11.5,0.63056,9.992823356390918,-0.33333688458431254,9
TE_Ladro_dd,11.5,0.74751,13.905549362684441,-0.6666746102242979,8
TE_Ladro_dd,11.5,0.84134,18.60191069945649,-0.9999803859660789,7
TE_Ladro_dd,11.5,0.90879,24.127649796894296,-1.3333407702662026,6
TE_Ladro_dd,11.5,0.95221,30.517449898096082,-1.6666702079210545,5
TE_Ladro_dd,11.5,0.97725,37.80102134887995,-2.0000024438996027,4
TE_Ladro_dd,11.5,0.99018,45.99733214708448,-2.3331552225672416,3
TE_Ladro_dd,11.5,0.99617,55.14064125274537,-2.6667000630340683,2
TE_Ladro_dd,11.5,0.99865,65.22920378507546,-2.999976992703401,1
TE_Ladro_dd,11.75,0.00135,0,2.999976992703393,19
TE_Ladro_dd,11.75,0.00383,0,2.6667000630340683,18
TE_Ladro_dd,11.75,0.00982,0,2.3331552225672434,17
TE_Ladro_dd,11.75,0.02275,0,2.000002443899604,16
TE_Ladro_dd,11.75,0.04779,0,1.6666702079210545,15
TE_Ladro_dd,11.75,0.09121,0,1.3333407702662026,14
TE_Ladro_dd,11.75,0.15866,0.8565103658818858,0.9999803859660789,13
TE_Ladro_dd,11.75,0.25249,2.27068496759504,0.6666746102242979,12
TE_Ladro_dd,11.75,0.36944,4.145373164398549,0.33333688458431254,11
TE_Ladro_dd,11.75,0.5,6.581798513750781,-0,10
TE_Ladro_dd,11.75,0.63056,9.658834604046609,-0.33333688458431254,9
TE_Ladro_dd,11.75,0.74751,13.44108089663483,-0.6666746102242979,8
TE_Ladro_dd,11.75,0.84134,17.980889014499386,-0.9999803859660789,7
TE_Ladro_dd,11.75,0.90879,23.322479892386824,-1.3333407702662026,6
TE_Ladro_dd,11.75,0.95221,29.49938298434618,-1.6666702079210545,5
TE_Ladro_dd,11.75,0.97725,36.5403198615335,-2.0000024438996027,4
TE_Ladro_dd,11.75,0.99018,44.463627122194325,-2.3331552225672416,3
TE_Ladro_dd,11.75,0.99617,53.30242275041146,-2.6667000630340683,2
TE_Ladro_dd,11.75,0.99865,63.05501983050842,-2.999976992703401,1
TE_Ladro_dd,12,0.00135,0,2.999976992703393,19
TE_Ladro_dd,12,0.00383,0,2.6667000630340683,18
TE_Ladro_dd,12,0.00982,0,2.3331552225672434,17
TE_Ladro_dd,12,0.02275,0,2.000002443899604,16
TE_Ladro_dd,12,0.04779,0,1.6666702079210545,15
TE_Ladro_dd,12,0.09121,0,1.3333407702662026,14
TE_Ladro_dd,12,0.15866,0.8277018659706259,0.9999803859660789,13
TE_Ladro_dd,12,0.25249,2.1945275645595337,0.6666746102242979,12
TE_Ladro_dd,12,0.36944,4.006558652091002,0.33333688458431254,11
TE_Ladro_dd,12,0.5,6.361636690231628,-0,10
TE_Ladro_dd,12,0.63056,9.336009195531437,-0.33333688458431254,9
TE_Ladro_dd,12,0.74751,12.992126851044198,-0.6666746102242979,8
TE_Ladro_dd,12,0.84134,17.380600279637886,-0.9999803859660789,7
TE_Ladro_dd,12,0.90879,22.54417952430336,-1.3333407702662026,6
TE_Ladro_dd,12,0.95221,28.515278629014933,-1.6666702079210545,5
TE_Ladro_dd,12,0.97725,35.32166329448169,-2.0000024438996027,4
TE_Ladro_dd,12,0.99018,42.98105973550805,-2.3331552225672416,3
TE_Ladro_dd,12,0.99617,51.525482957448105,-2.6667000630340683,2
TE_Ladro_dd,12,0.99865,60.953302084298784,-2.999976992703401,1
TEdd_Mean,6,0.00135,0,2.999976992703393,19
TEdd_Mean,6,0.00383,0,2.6667000630340683,18
TEdd_Mean,6,0.00982,0,2.3331552225672434,17
TEdd_Mean,6,0.02275,0,2.000002443899604,16
TEdd_Mean,6,0.04779,0.6436296396385107,1.6666702079210545,15
TEdd_Mean,6,0.09121,2.8684846236011836,1.3333407702662026,14
TEdd_Mean,6,0.15866,5.254218781897258,0.9999803859660789,13
TEdd_Mean,6,0.25249,8.207379620556535,0.6666746102242979,12
TEdd_Mean,6,0.36944,11.88528603643275,0.33333688458431254,11
TEdd_Mean,6,0.5,16.401511089735042,-0,10
TEdd_Mean,6,0.63056,21.848274509138264,-0.33333688458431254,9
TEdd_Mean,6,0.74751,28.302235437580748,-0.6666746102242979,8
TEdd_Mean,6,0.84134,35.82669841345518,-0.9999803859660789,7
TEdd_Mean,6,0.90879,44.47740299517847,-1.3333407702662026,6
TEdd_Mean,6,0.95221,54.29724042742205,-1.6666702079210545,5
TEdd_Mean,6,0.97725,65.32483240258355,-2.0000024438996027,4
TEdd_Mean,6,0.99018,77.5849544860019,-2.3331552225672416,3
TEdd_Mean,6,0.99617,91.12669474780472,-2.6667000630340683,2
TEdd_Mean,6,0.99865,105.94672873981851,-2.999976992703401,1
TEdd_Mean,6.25,0.00135,0,2.999976992703393,19
TEdd_Mean,6.25,0.00383,0,2.6667000630340683,18
TEdd_Mean,6.25,0.00982,0,2.3331552225672434,17
TEdd_Mean,6.25,0.02275,0,2.000002443899604,16
TEdd_Mean,6.25,0.04779,0.5890307426422899,1.6666702079210545,15
TEdd_Mean,6.25,0.09121,2.6925307743774596,1.3333407702662026,14
TEdd_Mean,6.25,0.15866,4.9775200277888905,0.9999803859660789,13
TEdd_Mean,6.25,0.25249,7.823683323674221,0.6666746102242979,12
TEdd_Mean,6.25,0.36944,11.383530964892739,0.33333688458431254,11
TEdd_Mean,6.25,0.5,15.768716388545702,-0,10
TEdd_Mean,6.25,0.63056,21.07039725362422,-0.33333688458431254,9
TEdd_Mean,6.25,0.74751,27.36449923935769,-0.6666746102242979,8
TEdd_Mean,6.25,0.84134,34.713747716270284,-0.9999803859660789,7
TEdd_Mean,6.25,0.90879,43.17330021635203,-1.3333407702662026,6
TEdd_Mean,6.25,0.95221,52.78559586675484,-1.6666702079210545,5
TEdd_Mean,6.25,0.97725,63.588765721228825,-2.0000024438996027,4
TEdd_Mean,6.25,0.99018,75.6072773148347,-2.3331552225672416,3
TEdd_Mean,6.25,0.99617,88.88937108269558,-2.6667000630340683,2
TEdd_Mean,6.25,0.99865,103.43183948398642,-2.999976992703401,1
TEdd_Mean,6.5,0.00135,0,2.999976992703393,19
TEdd_Mean,6.5,0.00383,0,2.6667000630340683,18
TEdd_Mean,6.5,0.00982,0,2.3331552225672434,17
TEdd_Mean,6.5,0.02275,0,2.000002443899604,16
TEdd_Mean,6.5,0.04779,0.5384716220994855,1.6666702079210545,15
TEdd_Mean,6.5,0.09121,2.525907605805503,1.3333407702662026,14
TEdd_Mean,6.5,0.15866,4.7135092138699495,0.9999803859660789,13
TEdd_Mean,6.5,0.25249,7.455786190567854,0.6666746102242979,12
TEdd_Mean,6.5,0.36944,10.900690174823513,0.33333688458431254,11
TEdd_Mean,6.5,0.5,15.158042777286797,-0,10
TEdd_Mean,6.5,0.63056,20.317980154949314,-0.33333688458431254,9
TEdd_Mean,6.5,0.74751,26.455715719210946,-0.6666746102242979,8
TEdd_Mean,6.5,0.84134,33.633407214303794,-0.9999803859660789,7
TEdd_Mean,6.5,0.90879,41.90563827565052,-1.3333407702662026,6
TEdd_Mean,6.5,0.95221,51.314399695055236,-1.6666702079210545,5
TEdd_Mean,6.5,0.97725,61.89733587048268,-2.0000024438996027,4
TEdd_Mean,6.5,0.99018,73.67860700969334,-2.3331552225672416,3
TEdd_Mean,6.5,0.99617,86.70561662006031,-2.6667000630340683,2
TEdd_Mean,6.5,0.99865,100.97526822768396,-2.999976992703401,1
TEdd_Mean,6.75,0.00135,0,2.999976992703393,19
TEdd_Mean,6.75,0.00383,0,2.6667000630340683,18
TEdd_Mean,6.75,0.00982,0,2.3331552225672434,17
TEdd_Mean,6.75,0.02275,0,2.000002443899604,16
TEdd_Mean,6.75,0.04779,0.4916785133842137,1.6666702079210545,15
TEdd_Mean,6.75,0.09121,2.3680874119468767,1.3333407702662026,14
TEdd_Mean,6.75,0.15866,4.46147655370739,0.9999803859660789,13
TEdd_Mean,6.75,0.25249,7.10278176321515,0.6666746102242979,12
TEdd_Mean,6.75,0.36944,10.435630385149537,0.33333688458431254,11
TEdd_Mean,6.75,0.5,14.568092110943647,-0,10
TEdd_Mean,6.75,0.63056,19.589316796255886,-0.33333688458431254,9
TEdd_Mean,6.75,0.74751,25.57382270423531,-0.6666746102242979,8
TEdd_Mean,6.75,0.84134,32.58320829212124,-0.9999803859660789,7
TEdd_Mean,6.75,0.90879,40.67148868230616,-1.3333407702662026,6
TEdd_Mean,6.75,0.95221,49.880208065624004,-1.6666702079210545,5
TEdd_Mean,6.75,0.97725,60.24652634215008,-2.0000024438996027,4
TEdd_Mean,6.75,0.99018,71.79429598202915,-2.3331552225672416,3
TEdd_Mean,6.75,0.99617,84.57009190595205,-2.6667000630340683,2
TEdd_Mean,6.75,0.99865,98.57092317428717,-2.999976992703401,1
TEdd_Mean,7,0.00135,0,2.999976992703393,19
TEdd_Mean,7,0.00383,0,2.6667000630340683,18
TEdd_Mean,7,0.00982,0,2.3331552225672434,17
TEdd_Mean,7,0.02275,0,2.000002443899604,16
TEdd_Mean,7,0.04779,0.4483777371155707,1.6666702079210545,15
TEdd_Mean,7,0.09121,2.218484442507203,1.3333407702662026,14
TEdd_Mean,7,0.15866,4.220580777468046,0.9999803859660789,13
TEdd_Mean,7,0.25249,6.763534631480549,0.6666746102242979,12
TEdd_Mean,7,0.36944,9.986862274895504,0.33333688458431254,11
TEdd_Mean,7,0.5,13.996948888042095,-0,10
TEdd_Mean,7,0.63056,18.881983936728165,-0.33333688458431254,9
TEdd_Mean,7,0.74751,24.715800267440006,-0.6666746102242979,8
TEdd_Mean,7,0.84134,31.559439445871888,-0.9999803859660789,7
TEdd_Mean,7,0.90879,39.466348334365136,-1.3333407702662026,6
TEdd_Mean,7,0.95221,48.477622377806426,-1.6666702079210545,5
TEdd_Mean,7,0.97725,58.629935694616144,-2.0000024438996027,4
TEdd_Mean,7,0.99018,69.94683045491944,-2.3331552225672416,3
TEdd_Mean,7,0.99617,82.47405699717423,-2.6667000630340683,2
TEdd_Mean,7,0.99865,96.20872480357457,-2.999976992703401,1
TEdd_Mean,7.25,0.00135,0,2.999976992703393,19
TEdd_Mean,7.25,0.00383,0,2.6667000630340683,18
TEdd_Mean,7.25,0.00982,0,2.3331552225672434,17
TEdd_Mean,7.25,0.02275,0,2.000002443899604,16
TEdd_Mean,7.25,0.04779,0.40829844768312695,1.6666702079210545,15
TEdd_Mean,7.25,0.09121,2.0764613163407906,1.3333407702662026,14
TEdd_Mean,7.25,0.15866,3.9898546548459617,0.9999803859660789,13
TEdd_Mean,7.25,0.25249,6.436681491892528,0.6666746102242979,12
TEdd_Mean,7.25,0.36944,9.552532901051158,0.33333688458431254,11
TEdd_Mean,7.25,0.5,13.44215911924583,-0,10
TEdd_Mean,7.25,0.63056,18.1928012358775,-0.33333688458431254,9
TEdd_Mean,7.25,0.74751,23.877605119029983,-0.6666746102242979,8
TEdd_Mean,7.25,0.84134,30.557048664238682,-0.9999803859660789,7
TEdd_Mean,7.25,0.90879,38.28400280479142,-1.3333407702662026,6
TEdd_Mean,7.25,0.95221,47.099106075294486,-1.6666702079210545,5
TEdd_Mean,7.25,0.97725,57.038540214917695,-2.0000024438996027,4
TEdd_Mean,7.25,0.99018,68.1255311774645,-2.3331552225672416,3
TEdd_Mean,7.25,0.99617,80.40500214541345,-2.6667000630340683,2
TEdd_Mean,7.25,0.99865,93.8741584524073,-2.999976992703401,1
TEdd_Mean,7.5,0.00135,0,2.999976992703393,19
TEdd_Mean,7.5,0.00383,0,2.6667000630340683,18
TEdd_Mean,7.5,0.00982,0,2.3331552225672434,17
TEdd_Mean,7.5,0.02275,0,2.000002443899604,16
TEdd_Mean,7.5,0.04779,0.37117442747411167,1.6666702079210545,15
TEdd_Mean,7.5,0.09121,1.9413313685050775,1.3333407702662026,14
TEdd_Mean,7.5,0.15866,3.768202506339016,0.9999803859660789,13
TEdd_Mean,7.5,0.25249,6.120618690819082,0.6666746102242979,12
TEdd_Mean,7.5,0.36944,9.130397099692486,0.33333688458431254,11
TEdd_Mean,7.5,0.5,12.900678307237914,-0,10
TEdd_Mean,7.5,0.63056,17.5177475259009,-0.33333688458431254,9
TEdd_Mean,7.5,0.74751,23.054046022978238,-0.6666746102242979,8
TEdd_Mean,7.5,0.84134,29.569468133883863,-0.9999803859660789,7
TEdd_Mean,7.5,0.90879,37.11628988919931,-1.3333407702662026,6
TEdd_Mean,7.5,0.95221,45.73467614217565,-1.6666702079210545,5
TEdd_Mean,7.5,0.97725,55.46030209535972,-2.0000024438996027,4
TEdd_Mean,7.5,0.99018,66.31606677640184,-2.3331552225672416,3
TEdd_Mean,7.5,0.99617,78.34605441116244,-2.6667000630340683,2
TEdd_Mean,7.5,0.99865,91.54756229625511,-2.999976992703401,1
TEdd_Mean,7.75,0.00135,0,2.999976992703393,19
TEdd_Mean,7.75,0.00383,0,2.6667000630340683,18
TEdd_Mean,7.75,0.00982,0,2.3331552225672434,17
TEdd_Mean,7.75,0.02275,0,2.000002443899604,16
TEdd_Mean,7.75,0.04779,0.3367656011461656,1.6666702079210545,15
TEdd_Mean,7.75,0.09121,1.812469562495034,1.3333407702662026,14
TEdd_Mean,7.75,0.15866,3.5546115223798607,0.9999803859660789,13
TEdd_Mean,7.75,0.25249,5.813840016584238,0.6666746102242979,12
TEdd_Mean,7.75,0.36944,8.718314400561878,0.33333688458431254,11
TEdd_Mean,7.75,0.5,12.369565068938257,-0,10
TEdd_Mean,7.75,0.63056,16.85289279634749,-0.33333688458431254,9
TEdd_Mean,7.75,0.74751,22.239999208005898,-0.6666746102242979,8
TEdd_Mean,7.75,0.84134,28.590160968695695,-0.9999803859660789,7
TEdd_Mean,7.75,0.90879,35.9550280401052,-1.3333407702662026,6
TEdd_Mean,7.75,0.95221,44.37426555410906,-1.6666702079210545,5
TEdd_Mean,7.75,0.97725,53.88301994586263,-2.0000024438996027,4
TEdd_Mean,7.75,0.99018,64.50384748906238,-2.3331552225672416,3
TEdd_Mean,7.75,0.99617,76.27997196614533,-2.6667000630340683,2
TEdd_Mean,7.75,0.99865,89.20877943238976,-2.999976992703401,1
TEdd_Mean,8,0.00135,0,2.999976992703393,19
TEdd_Mean,8,0.00383,0,2.6667000630340683,18
TEdd_Mean,8,0.00982,0,2.3331552225672434,17
TEdd_Mean,8,0.02275,0,2.000002443899604,16
TEdd_Mean,8,0.04779,0.304847902749096,1.6666702079210545,15
TEdd_Mean,8,0.09121,1.6892639878441293,1.3333407702662026,14
TEdd_Mean,8,0.15866,3.3480576727773648,0.9999803859660789,13
TEdd_Mean,8,0.25249,5.5147825906748285,0.6666746102242979,12
TEdd_Mean,8,0.36944,8.314016664537283,0.33333688458431254,11
TEdd_Mean,8,0.5,11.845649208336065,-0,10
TEdd_Mean,8,0.63056,16.193942794450436,-0.33333688458431254,9
TEdd_Mean,8,0.74751,21.429803410848365,-0.6666746102242979,8
TEdd_Mean,8,0.84134,27.611838824183735,-0.9999803859660789,7
TEdd_Mean,8,0.90879,34.791027143585794,-1.3333407702662026,6
TEdd_Mean,8,0.95221,43.00649663620798,-1.6666702079210545,5
TEdd_Mean,8,0.97725,52.292833128226526,-2.0000024438996027,4
TEdd_Mean,8,0.99018,62.6722282160733,-2.3331552225672416,3
TEdd_Mean,8,0.99617,74.18701237543911,-2.6667000630340683,2
TEdd_Mean,8,0.99865,86.83465797923307,-2.999976992703401,1
TEdd_Mean,8.25,0.00135,0,2.999976992703393,19
TEdd_Mean,8.25,0.00383,0,2.6667000630340683,18
TEdd_Mean,8.25,0.00982,0,2.3331552225672434,17
TEdd_Mean,8.25,0.02275,0,2.000002443899604,16
TEdd_Mean,8.25,0.04779,0.27521729483850094,1.6666702079210545,15
TEdd_Mean,8.25,0.09121,1.5711408023108429,1.3333407702662026,14
TEdd_Mean,8.25,0.15866,3.14755363829161,0.9999803859660789,13
TEdd_Mean,8.25,0.25249,5.221902681242891,0.6666746102242979,12
TEdd_Mean,8.25,0.36944,7.915217672373153,0.33333688458431254,11
TEdd_Mean,8.25,0.5,11.325681624554685,-0,10
TEdd_Mean,8.25,0.63056,15.536436308125852,-0.33333688458431254,9
TEdd_Mean,8.25,0.74751,20.617512023485833,-0.6666746102242979,8
TEdd_Mean,8.25,0.84134,26.62677677289486,-0.9999803859660789,7
TEdd_Mean,8.25,0.90879,33.614474343449224,-1.3333407702662026,6
TEdd_Mean,8.25,0.95221,41.619146341940976,-1.6666702079210545,5
TEdd_Mean,8.25,0.97725,50.67477527166163,-2.0000024438996027,4
TEdd_Mean,8.25,0.99018,60.803159237751075,-2.3331552225672416,3
TEdd_Mean,8.25,0.99617,72.04568986384041,-2.6667000630340683,2
TEdd_Mean,8.25,0.99865,84.399924219897,-2.999976992703401,1
TEdd_Mean,8.5,0.00135,0,2.999976992703393,19
TEdd_Mean,8.5,0.00383,0,2.6667000630340683,18
TEdd_Mean,8.5,0.00982,0,2.3331552225672434,17
TEdd_Mean,8.5,0.02275,0,2.000002443899604,16
TEdd_Mean,8.5,0.04779,0.24769705031282235,1.6666702079210545,15
TEdd_Mean,8.5,0.09121,1.4576138370345308,1.3333407702662026,14
TEdd_Mean,8.5,0.15866,2.9522502968607993,0.9999803859660789,13
TEdd_Mean,8.5,0.25249,4.933844737462631,0.6666746102242979,12
TEdd_Mean,8.5,0.36944,7.519868787992489,0.33333688458431254,11
TEdd_Mean,8.5,0.5,10.806698412088778,-0,10
TEdd_Mean,8.5,0.63056,14.876241815349202,-0.33333688458431254,9
TEdd_Mean,8.5,0.74751,19.797548357979238,-0.6666746102242979,8
TEdd_Mean,8.5,0.84134,25.62765488449733,-0.9999803859660789,7
TEdd_Mean,8.5,0.90879,32.41599108168865,-1.3333407702662026,6
TEdd_Mean,8.5,0.95221,40.20044901974414,-1.6666702079210545,5
TEdd_Mean,8.5,0.97725,49.0143540381951,-2.0000024438996027,4
TEdd_Mean,8.5,0.99018,58.879074902736214,-2.3331552225672416,3
TEdd_Mean,8.5,0.99617,69.83500611147855,-2.6667000630340683,2
TEdd_Mean,8.5,0.99865,81.87978861951397,-2.999976992703401,1
TEdd_Mean,8.75,0.00135,0,2.999976992703393,19
TEdd_Mean,8.75,0.00383,0,2.6667000630340683,18
TEdd_Mean,8.75,0.00982,0,2.3331552225672434,17
TEdd_Mean,8.75,0.02275,0,2.000002443899604,16
TEdd_Mean,8.75,0.04779,0.22216577936425064,1.6666702079210545,15
TEdd_Mean,8.75,0.09121,1.348471220505299,1.3333407702662026,14
TEdd_Mean,8.75,0.15866,2.76182702232285,0.9999803859660789,13
TEdd_Mean,8.75,0.25249,4.650105728724515,0.6666746102242979,12
TEdd_Mean,8.75,0.36944,7.127183986963256,0.33333688458431254,11
TEdd_Mean,8.75,0.5,10.287506878494113,-0,10
TEdd_Mean,8.75,0.63056,14.21161647918969,-0.33333688458431254,9
TEdd_Mean,8.75,0.74751,18.967459492681325,-0.6666746102242979,8
TEdd_Mean,8.75,0.84134,24.61113697684989,-0.9999803859660789,7
TEdd_Mean,8.75,0.90879,31.191173897391884,-1.3333407702662026,6
TEdd_Mean,8.75,0.95221,38.74474184254559,-1.6666702079210545,5
TEdd_Mean,8.75,0.97725,47.304448543489244,-2.0000024438996027,4
TEdd_Mean,8.75,0.99018,56.89119346847726,-2.3331552225672416,3
TEdd_Mean,8.75,0.99617,67.54430870718612,-2.6667000630340683,2
TEdd_Mean,8.75,0.99865,79.26151876173843,-2.999976992703401,1
TEdd_Mean,9,0.00135,0,2.999976992703393,19
TEdd_Mean,9,0.00383,0,2.6667000630340683,18
TEdd_Mean,9,0.00982,0,2.3331552225672434,17
TEdd_Mean,9,0.02275,0,2.000002443899604,16
TEdd_Mean,9,0.04779,0.1985852142812086,1.6666702079210545,15
TEdd_Mean,9,0.09121,1.2439994858108927,1.3333407702662026,14
TEdd_Mean,9,0.15866,2.5769893885681743,0.9999803859660789,13
TEdd_Mean,9,0.25249,4.371915471073695,0.6666746102242979,12
TEdd_Mean,9,0.36944,6.7390368805556635,0.33333688458431254,11
TEdd_Mean,9,0.5,9.77075528721275,-0,10
TEdd_Mean,9,0.63056,13.546123663379113,-0.33333688458431254,9
TEdd_Mean,9,0.74751,18.131872738538828,-0.6666746102242979,8
TEdd_Mean,9,0.84134,23.58307050949738,-0.9999803859660789,7
TEdd_Mean,9,0.90879,29.94725363726293,-1.3333407702662026,6
TEdd_Mean,9,0.95221,37.26080794594814,-1.6666702079210545,5
TEdd_Mean,9,0.97725,45.55556859862253,-2.0000024438996027,4
TEdd_Mean,9,0.99018,54.85192946525813,-2.3331552225672416,3
TEdd_Mean,9,0.99617,65.1881025754762,-2.6667000630340683,2
TEdd_Mean,9,0.99865,76.5618952929769,-2.999976992703401,1
TEdd_Mean,9.25,0.00135,0,2.999976992703393,19
TEdd_Mean,9.25,0.00383,0,2.6667000630340683,18
TEdd_Mean,9.25,0.00982,0,2.3331552225672434,17
TEdd_Mean,9.25,0.02275,0,2.000002443899604,16
TEdd_Mean,9.25,0.04779,0.1769579987711868,1.6666702079210545,15
TEdd_Mean,9.25,0.09121,1.144789458815727,1.3333407702662026,14
TEdd_Mean,9.25,0.15866,2.399120794301892,0.9999803859660789,13
TEdd_Mean,9.25,0.25249,4.101706810988071,0.6666746102242979,12
TEdd_Mean,9.25,0.36944,6.359215003827879,0.33333688458431254,11
TEdd_Mean,9.25,0.5,9.261932412574202,-0,10
TEdd_Mean,9.25,0.63056,12.887335616653164,-0.33333688458431254,9
TEdd_Mean,9.25,0.74751,17.30085659809135,-0.6666746102242979,8
TEdd_Mean,9.25,0.84134,22.556458665684726,-0.9999803859660789,7
TEdd_Mean,9.25,0.90879,28.70062935255533,-1.3333407702662026,6
TEdd_Mean,9.25,0.95221,35.76892112832573,-1.6666702079210545,5
TEdd_Mean,9.25,0.97725,43.79235755824615,-2.0000024438996027,4
TEdd_Mean,9.25,0.99018,52.790800964809115,-2.3331552225672416,3
TEdd_Mean,9.25,0.99617,62.801305620124324,-2.6667000630340683,2
TEdd_Mean,9.25,0.99865,73.82176006021936,-2.999976992703401,1
TEdd_Mean,9.5,0.00135,0,2.999976992703393,19
TEdd_Mean,9.5,0.00383,0,2.6667000630340683,18
TEdd_Mean,9.5,0.00982,0,2.3331552225672434,17
TEdd_Mean,9.5,0.02275,0,2.000002443899604,16
TEdd_Mean,9.5,0.04779,0.15725639409146272,1.6666702079210545,15
TEdd_Mean,9.5,0.09121,1.0513011001955055,1.3333407702662026,14
TEdd_Mean,9.5,0.15866,2.229395723579238,0.9999803859660789,13
TEdd_Mean,9.5,0.25249,3.841630804201848,0.6666746102242979,12
TEdd_Mean,9.5,0.36944,5.991155804816869,0.33333688458431254,11
TEdd_Mean,9.5,0.5,8.766114834475648,-0,10
TEdd_Mean,9.5,0.63056,12.242358423456373,-0.33333688458431254,9
TEdd_Mean,9.5,0.74751,16.483969343211598,-0.6666746102242979,8
TEdd_Mean,9.5,0.84134,21.543761664540217,-0.9999803859660789,7
TEdd_Mean,9.5,0.90879,27.467136798577574,-1.3333407702662026,6
TEdd_Mean,9.5,0.95221,34.28878473830051,-1.6666702079210545,5
TEdd_Mean,9.5,0.97725,42.03889487322249,-2.0000024438996027,4
TEdd_Mean,9.5,0.99018,50.73678270271329,-2.3331552225672416,3
TEdd_Mean,9.5,0.99617,60.41832724562865,-2.6667000630340683,2
TEdd_Mean,9.5,0.99865,71.08149555615402,-2.999976992703401,1
TEdd_Mean,9.75,0.00135,0,2.999976992703393,19
TEdd_Mean,9.75,0.00383,0,2.6667000630340683,18
TEdd_Mean,9.75,0.00982,0,2.3331552225672434,17
TEdd_Mean,9.75,0.02275,0,2.000002443899604,16
TEdd_Mean,9.75,0.04779,0.13941015877476817,1.6666702079210545,15
TEdd_Mean,9.75,0.09121,0.963752433544939,1.3333407702662026,14
TEdd_Mean,9.75,0.15866,2.068528712409133,0.9999803859660789,13
TEdd_Mean,9.75,0.25249,3.5931099478998236,0.6666746102242979,12
TEdd_Mean,9.75,0.36944,5.637235987154099,0.33333688458431254,11
TEdd_Mean,9.75,0.5,8.286913328944381,-0,10
TEdd_Mean,9.75,0.63056,11.616346900438748,-0.33333688458431254,9
TEdd_Mean,9.75,0.74751,15.688245828338442,-0.6666746102242979,8
TEdd_Mean,9.75,0.84134,20.55425224979811,-0.9999803859660789,7
TEdd_Mean,9.75,0.90879,26.25866363046075,-1.3333407702662026,6
TEdd_Mean,9.75,0.95221,32.83529322415764,-1.6666702079210545,5
TEdd_Mean,9.75,0.97725,40.313486824381435,-2.0000024438996027,4
TEdd_Mean,9.75,0.99018,48.712006379680474,-2.3331552225672416,3
TEdd_Mean,9.75,0.99617,58.06555408957996,-2.6667000630340683,2
TEdd_Mean,9.75,0.99865,68.37217218653484,-2.999976992703401,1
TEdd_Mean,10,0.00135,0,2.999976992703393,19
TEdd_Mean,10,0.00383,0,2.6667000630340683,18
TEdd_Mean,10,0.00982,0,2.3331552225672434,17
TEdd_Mean,10,0.02275,0,2.000002443899604,16
TEdd_Mean,10,0.04779,0.12331991915578734,1.6666702079210545,15
TEdd_Mean,10,0.09121,0.8821709766952298,1.3333407702662026,14
TEdd_Mean,10,0.15866,1.9168591935722306,0.9999803859660789,13
TEdd_Mean,10,0.25249,3.3569592361268272,0.6666746102242979,12
TEdd_Mean,10,0.36944,5.298932992088704,0.33333688458431254,11
TEdd_Mean,10,0.5,7.8266795709285955,-0,10
TEdd_Mean,10,0.63056,11.012761642518582,-0.33333688458431254,9
TEdd_Mean,10,0.74751,14.918510238505826,-0.6666746102242979,8
TEdd_Mean,10,0.84134,19.594389693486605,-0.9999803859660789,7
TEdd_Mean,10,0.90879,25.083590419887315,-1.3333407702662026,6
TEdd_Mean,10,0.95221,31.419046083694113,-1.6666702079210545,5
TEdd_Mean,10,0.97725,38.629259504116185,-2.0000024438996027,4
TEdd_Mean,10,0.99018,46.73243888866469,-2.3331552225672416,3
TEdd_Mean,10,0.99617,55.762120014933004,-2.6667000630340683,2
TEdd_Mean,10,0.99865,65.71641651204042,-2.999976992703401,1
TEdd_Mean,10.25,0.00135,0,2.999976992703393,19
TEdd_Mean,10.25,0.00383,0,2.6667000630340683,18
TEdd_Mean,10.25,0.00982,0,2.3331552225672434,17
TEdd_Mean,10.25,0.02275,0,2.000002443899604,16
TEdd_Mean,10.25,0.04779,0.10886894197233825,1.6666702079210545,15
TEdd_Mean,10.25,0.09121,0.8064457384846893,1.3333407702662026,14
TEdd_Mean,10.25,0.15866,1.7744432100832426,0.9999803859660789,13
TEdd_Mean,10.25,0.25249,3.1335243595601763,0.6666746102242979,12
TEdd_Mean,10.25,0.36944,4.97701856196062,0.33333688458431254,11
TEdd_Mean,10.25,0.5,7.386765228004741,-0,10
TEdd_Mean,10.25,0.63056,10.433704787566853,-0.33333688458431254,9
TEdd_Mean,10.25,0.74751,14.177800459334035,-0.6666746102242979,8
TEdd_Mean,10.25,0.84134,18.668345364336766,-0.9999803859660789,7
TEdd_Mean,10.25,0.90879,23.947430616643373,-1.3333407702662026,6
TEdd_Mean,10.25,0.95221,30.047115881824215,-1.6666702079210545,5
TEdd_Mean,10.25,0.97725,36.995068994575114,-2.0000024438996027,4
TEdd_Mean,10.25,0.99018,44.80894904292963,-2.3331552225672416,3
TEdd_Mean,10.25,0.99617,53.52114438541564,-2.6667000630340683,2
TEdd_Mean,10.25,0.99865,63.1298360210326,-2.999976992703401,1
TEdd_Mean,10.5,0.00135,0,2.999976992703393,19
TEdd_Mean,10.5,0.00383,0,2.6667000630340683,18
TEdd_Mean,10.5,0.00982,0,2.3331552225672434,17
TEdd_Mean,10.5,0.02275,0,2.000002443899604,16
TEdd_Mean,10.5,0.04779,0.09593233538715774,1.6666702079210545,15
TEdd_Mean,10.5,0.09121,0.736372067237459,1.3333407702662026,14
TEdd_Mean,10.5,0.15866,1.6411356258990886,0.9999803859660789,13
TEdd_Mean,10.5,0.25249,2.922809137187249,0.6666746102242979,12
TEdd_Mean,10.5,0.36944,4.671741409569544,0.33333688458431254,11
TEdd_Mean,10.5,0.5,6.96777135141097,-0,10
TEdd_Mean,10.5,0.63056,9.88024877721524,-0.33333688458431254,9
TEdd_Mean,10.5,0.74751,13.467789820236641,-0.6666746102242979,8
TEdd_Mean,10.5,0.84134,17.778531867565395,-0.9999803859660789,7
TEdd_Mean,10.5,0.90879,22.853482218521837,-1.3333407702662026,6
TEdd_Mean,10.5,0.95221,28.723838142033685,-1.6666702079210545,5
TEdd_Mean,10.5,0.97725,35.41644568578848,-2.0000024438996027,4
TEdd_Mean,10.5,0.99018,42.94842285728256,-2.3331552225672416,3
TEdd_Mean,10.5,0.99617,51.35103552347359,-2.6667000630340683,2
TEdd_Mean,10.5,0.99865,60.62252793089565,-2.999976992703401,1
TEdd_Mean,10.75,0.00135,0,2.999976992703393,19
TEdd_Mean,10.75,0.00383,0,2.6667000630340683,18
TEdd_Mean,10.75,0.00982,0,2.3331552225672434,17
TEdd_Mean,10.75,0.02275,0,2.000002443899604,16
TEdd_Mean,10.75,0.04779,0.08438258000689002,1.6666702079210545,15
TEdd_Mean,10.75,0.09121,0.6716788738892074,1.3333407702662026,14
TEdd_Mean,10.75,0.15866,1.5166389899846402,0.9999803859660789,13
TEdd_Mean,10.75,0.25249,2.7245495178086196,0.6666746102242979,12
TEdd_Mean,10.75,0.36944,4.382930822348124,0.33333688458431254,11
TEdd_Mean,10.75,0.5,6.569686596625893,-0,10
TEdd_Mean,10.75,0.63056,9.35261460760847,-0.33333688458431254,9
TEdd_Mean,10.75,0.74751,12.789011115780166,-0.6666746102242979,8
TEdd_Mean,10.75,0.84134,16.92587885469608,-0.9999803859660789,7
TEdd_Mean,10.75,0.90879,21.803161652815813,-1.3333407702662026,6
TEdd_Mean,10.75,0.95221,27.45120979365982,-1.6666702079210545,5
TEdd_Mean,10.75,0.97725,33.89606399029414,-2.0000024438996027,4
TEdd_Mean,10.75,0.99018,41.154311367353976,-2.3331552225672416,3
TEdd_Mean,10.75,0.99617,49.25612377264387,-2.6667000630340683,2
TEdd_Mean,10.75,0.99865,58.19980460964026,-2.999976992703401,1
TEdd_Mean,11,0.00135,0,2.999976992703393,19
TEdd_Mean,11,0.00383,0,2.6667000630340683,18
TEdd_Mean,11,0.00982,0,2.3331552225672434,17
TEdd_Mean,11,0.02275,0,2.000002443899604,16
TEdd_Mean,11,0.04779,0.07409617626614422,1.6666702079210545,15
TEdd_Mean,11,0.09121,0.6120722206788248,1.3333407702662026,14
TEdd_Mean,11,0.15866,1.4005936641213266,0.9999803859660789,13
TEdd_Mean,11,0.25249,2.5383660831037655,0.6666746102242979,12
TEdd_Mean,11,0.36944,4.110231233531132,0.33333688458431254,11
TEdd_Mean,11,0.5,6.192226769544223,-0,10
TEdd_Mean,11,0.63056,8.850642001297446,-0.33333688458431254,9
TEdd_Mean,11,0.74751,12.141485366598028,-0.6666746102242979,8
TEdd_Mean,11,0.84134,16.11065024255993,-0.9999803859660789,7
TEdd_Mean,11,0.90879,20.797040965478146,-1.3333407702662026,6
TEdd_Mean,11,0.95221,26.230179099454034,-1.6666702079210545,5
TEdd_Mean,11,0.97725,32.435318875603926,-2.0000024438996027,4
TEdd_Mean,11,0.99018,39.42852833623057,-2.3331552225672416,3
TEdd_Mean,11,0.99617,47.238916266010456,-2.6667000630340683,2
TEdd_Mean,11,0.99865,55.86484121663605,-2.999976992703401,1
TEdd_Mean,11.25,0.00135,0,2.999976992703393,19
TEdd_Mean,11.25,0.00383,0,2.6667000630340683,18
TEdd_Mean,11.25,0.00982,0,2.3331552225672434,17
TEdd_Mean,11.25,0.02275,0,2.000002443899604,16
TEdd_Mean,11.25,0.04779,0.06495659031640014,1.6666702079210545,15
TEdd_Mean,11.25,0.09121,0.5572570652317376,1.3333407702662026,14
TEdd_Mean,11.25,0.15866,1.292623876590365,0.9999803859660789,13
TEdd_Mean,11.25,0.25249,2.363843193563405,0.6666746102242979,12
TEdd_Mean,11.25,0.36944,3.853225429148463,0.33333688458431254,11
TEdd_Mean,11.25,0.5,5.8350149218468275,-0,10
TEdd_Mean,11.25,0.63056,8.374040813523555,-0.33333688458431254,9
TEdd_Mean,11.25,0.74751,11.525060302559005,-0.6666746102242979,8
TEdd_Mean,11.25,0.84134,15.332886642267592,-0.9999803859660789,7
TEdd_Mean,11.25,0.90879,19.835412008381976,-1.3333407702662026,6
TEdd_Mean,11.25,0.95221,25.061350132044424,-1.6666702079210545,5
TEdd_Mean,11.25,0.97725,31.035189783450907,-2.0000024438996027,4
TEdd_Mean,11.25,0.99018,37.77249316715051,-2.3331552225672416,3
TEdd_Mean,11.25,0.99617,45.301339120046904,-2.6667000630340683,2
TEdd_Mean,11.25,0.99865,53.62013742162082,-2.999976992703401,1
TEdd_Mean,11.5,0.00135,0,2.999976992703393,19
TEdd_Mean,11.5,0.00383,0,2.6667000630340683,18
TEdd_Mean,11.5,0.00982,0,2.3331552225672434,17
TEdd_Mean,11.5,0.02275,0,2.000002443899604,16
TEdd_Mean,11.5,0.04779,0.05685351092923191,1.6666702079210545,15
TEdd_Mean,11.5,0.09121,0.506931069858537,1.3333407702662026,14
TEdd_Mean,11.5,0.15866,1.1923214357998153,0.9999803859660789,13
TEdd_Mean,11.5,0.25249,2.200496808674024,0.6666746102242979,12
TEdd_Mean,11.5,0.36944,3.611379308122075,0.33333688458431254,11
TEdd_Mean,11.5,0.5,5.497494593263268,-0,10
TEdd_Mean,11.5,0.63056,7.9222631572356494,-0.33333688458431254,9
TEdd_Mean,11.5,0.74751,10.939230803341573,-0.6666746102242979,8
TEdd_Mean,11.5,0.84134,14.59216275603513,-0.9999803859660789,7
TEdd_Mean,11.5,0.90879,18.91796876668466,-1.3333407702662026,6
TEdd_Mean,11.5,0.95221,23.94457750169111,-1.6666702079210545,5
TEdd_Mean,11.5,0.97725,29.695734801307974,-2.0000024438996027,4
TEdd_Mean,11.5,0.99018,36.186511291249126,-2.3331552225672416,3
TEdd_Mean,11.5,0.99617,43.44399033196751,-2.6667000630340683,2
TEdd_Mean,11.5,0.99865,51.46662913044168,-2.999976992703401,1
TEdd_Mean,11.75,0.00135,0,2.999976992703393,19
TEdd_Mean,11.75,0.00383,0,2.6667000630340683,18
TEdd_Mean,11.75,0.00982,0,2.3331552225672434,17
TEdd_Mean,11.75,0.02275,0,2.000002443899604,16
TEdd_Mean,11.75,0.04779,0.04968133151439606,1.6666702079210545,15
TEdd_Mean,11.75,0.09121,0.46077025120245113,1.3333407702662026,14
TEdd_Mean,11.75,0.15866,1.0992088295415656,0.9999803859660789,13
TEdd_Mean,11.75,0.25249,2.0477023461261954,0.6666746102242979,12
TEdd_Mean,11.75,0.36944,3.383918604341148,0.33333688458431254,11
TEdd_Mean,11.75,0.5,5.178736500866776,-0,10
TEdd_Mean,11.75,0.63056,7.494218521838359,-0.33333688458431254,9
TEdd_Mean,11.75,0.74751,10.382738678324282,-0.6666746102242979,8
TEdd_Mean,11.75,0.84134,13.887046233235004,-0.9999803859660789,7
TEdd_Mean,11.75,0.90879,18.043098187436815,-1.3333407702662026,6
TEdd_Mean,11.75,0.95221,22.878060909794694,-1.6666702079210545,5
TEdd_Mean,11.75,0.97725,28.414959731639875,-2.0000024438996027,4
TEdd_Mean,11.75,0.99018,34.66838793551597,-2.3331552225672416,3
TEdd_Mean,11.75,0.99617,41.66446735674952,-2.6667000630340683,2
TEdd_Mean,11.75,0.99865,49.401699042411174,-2.999976992703401,1
TEdd_Mean,12,0.00135,0,2.999976992703393,19
TEdd_Mean,12,0.00383,0,2.6667000630340683,18
TEdd_Mean,12,0.00982,0,2.3331552225672434,17
TEdd_Mean,12,0.02275,0,2.000002443899604,16
TEdd_Mean,12,0.04779,0.04334274956257564,1.6666702079210545,15
TEdd_Mean,12,0.09121,0.4184601467789153,1.3333407702662026,14
TEdd_Mean,12,0.15866,1.0128087279305344,0.9999803859660789,13
TEdd_Mean,12,0.25249,1.904817799501248,0.6666746102242979,12
TEdd_Mean,12,0.36944,3.170024457158729,0.33333688458431254,11
TEdd_Mean,12,0.5,4.87772851738469,-0,10
TEdd_Mean,12,0.63056,7.088682816100412,-0.33333688458431254,9
TEdd_Mean,12,0.74751,9.854127717620118,-0.6666746102242979,8
TEdd_Mean,12,0.84134,13.215827556826772,-0.9999803859660789,7
TEdd_Mean,12,0.90879,17.20881534265883,-1.3333407702662026,6
TEdd_Mean,12,0.95221,21.859517261700777,-1.6666702079210545,5
TEdd_Mean,12,0.97725,27.190259894441535,-2.0000024438996027,4
TEdd_Mean,12,0.99018,33.21517303733328,-2.3331552225672416,3
TEdd_Mean,12,0.99617,39.95944981172173,-2.6667000630340683,2
TEdd_Mean,12,0.99865,47.42163175369557,-2.999976992703401,1
