measure,age,ss_1_19,raw_min,raw_max
AverageDevAbs_TR,6,19,0,7.347966020999305
AverageDevAbs_TR,6,18,7.347966020999305,8.956161056689847
AverageDevAbs_TR,6,17,8.956161056689847,10.978917031833957
AverageDevAbs_TR,6,16,10.978917031833957,13.540546118606052
AverageDevAbs_TR,6,15,13.540546118606052,16.809638125075896
AverageDevAbs_TR,6,14,16.809638125075896,21.013146450339853
AverageDevAbs_TR,6,13,21.013146450339853,26.462065600022925
AverageDevAbs_TR,6,12,26.462065600022925,33.5876192579275
AverageDevAbs_TR,6,11,33.5876192579275,42.99388591076841
AverageDevAbs_TR,6,10,42.99388591076841,55.53567435134102
AverageDevAbs_TR,6,9,55.53567435134102,72.43970833695526
AverageDevAbs_TR,6,8,72.43970833695526,95.48847585805353
AverageDevAbs_TR,6,7,95.48847585805353,127.31721838243915
AverageDevAbs_TR,6,6,127.31721838243915,171.87361576513308
AverageDevAbs_TR,6,5,171.87361576513308,235.17846260830365
AverageDevAbs_TR,6,4,235.17846260830365,326.5625965193508
AverageDevAbs_TR,6,3,326.5625965193508,460.968511185146
AverageDevAbs_TR,6,2,460.968511185146,662.4972698976444
AverageDevAbs_TR,6,1,662.4972698976444,Inf
AverageDevAbs_TR,6.25,19,0,6.806467597658701
AverageDevAbs_TR,6.25,18,6.806467597658701,8.289888604575978
AverageDevAbs_TR,6.25,17,8.289888604575978,10.15404744565163
AverageDevAbs_TR,6.25,16,10.15404744565163,12.512601533868017
AverageDevAbs_TR,6.25,15,12.512601533868017,15.519519995781405
AverageDevAbs_TR,6.25,14,15.519519995781405,19.381795881586832
AverageDevAbs_TR,6.25,13,19.381795881586832,24.382693457430843
AverageDevAbs_TR,6.25,12,24.382693457430843,30.914427653397333
AverageDevAbs_TR,6.25,11,30.914427653397333,39.52559454008316
AverageDevAbs_TR,6.25,10,39.52559454008316,50.991209261187066
AverageDevAbs_TR,6.25,9,50.991209261187066,66.42152902065325
AverageDevAbs_TR,6.25,8,66.42152902065325,87.42673700484616
AverageDevAbs_TR,6.25,7,87.42673700484616,116.38249008377704
AverageDevAbs_TR,6.25,6,116.38249008377704,156.83965652103586
AverageDevAbs_TR,6.25,5,156.83965652103586,214.20070829074558
AverageDevAbs_TR,6.25,4,214.20070829074558,296.81593709243
AverageDevAbs_TR,6.25,3,296.81593709243,418.0199950465827
AverageDevAbs_TR,6.25,2,418.0199950465827,599.2505737300996
AverageDevAbs_TR,6.25,1,599.2505737300996,Inf
AverageDevAbs_TR,6.5,19,0,6.315420279111536
AverageDevAbs_TR,6.5,18,6.315420279111536,7.68603207635867
AverageDevAbs_TR,6.5,17,7.68603207635867,9.40690078583313
AverageDevAbs_TR,6.5,16,9.40690078583313,11.582115153188738
AverageDevAbs_TR,6.5,15,11.582115153188738,14.352526125536208
AverageDevAbs_TR,6.5,14,14.352526125536208,17.907237428884557
AverageDevAbs_TR,6.5,13,17.907237428884557,22.50468817786432
AverageDevAbs_TR,6.5,12,22.50468817786432,28.50221328807417
AverageDevAbs_TR,6.5,11,28.50221328807417,36.398863415585836
AverageDevAbs_TR,6.5,10,36.398863415585836,46.89849996998353
AverageDevAbs_TR,6.5,9,46.89849996998353,61.0076835043208
AverageDevAbs_TR,6.5,8,61.0076835043208,80.18344143639754
AverageDevAbs_TR,6.5,7,80.18344143639754,106.5711123847342
AverageDevAbs_TR,6.5,6,106.5711123847342,143.37019452708145
AverageDevAbs_TR,6.5,5,143.37019452708145,195.43684543059595
AverageDevAbs_TR,6.5,4,195.43684543059595,270.2571069396733
AverageDevAbs_TR,6.5,3,270.2571069396733,379.75217719778766
AverageDevAbs_TR,6.5,2,379.75217719778766,543.0254557389956
AverageDevAbs_TR,6.5,1,543.0254557389956,Inf
AverageDevAbs_TR,6.75,19,0,5.877044107984357
AverageDevAbs_TR,6.75,18,5.877044107984357,7.1471477476455245
AverageDevAbs_TR,6.75,17,7.1471477476455245,8.740413676134803
AverageDevAbs_TR,6.75,16,8.740413676134803,10.752447171551289
AverageDevAbs_TR,6.75,15,10.752447171551289,13.312477198978026
AverageDevAbs_TR,6.75,14,13.312477198978026,16.593772333316707
AverageDevAbs_TR,6.75,13,16.593772333316707,20.832816811016038
AverageDevAbs_TR,6.75,12,20.832816811016038,26.356128306754314
AverageDevAbs_TR,6.75,11,26.356128306754314,33.619029459559925
AverageDevAbs_TR,6.75,10,33.619029459559925,43.262655880635066
AverageDevAbs_TR,6.75,9,43.262655880635066,56.20227007458838
AverageDevAbs_TR,6.75,8,56.20227007458838,73.76024464615006
AverageDevAbs_TR,6.75,7,73.76024464615006,97.87973119797383
AverageDevAbs_TR,6.75,6,97.87973119797383,131.45229915877
AverageDevAbs_TR,6.75,5,131.45229915877,178.85623563612194
AverageDevAbs_TR,6.75,4,178.85623563612194,246.8231980882469
AverageDevAbs_TR,6.75,3,246.8231980882469,346.0434192170171
AverageDevAbs_TR,6.75,2,346.0434192170171,493.5927898226306
AverageDevAbs_TR,6.75,1,493.5927898226306,Inf
AverageDevAbs_TR,7,19,0,5.489091929418878
AverageDevAbs_TR,7,18,5.489091929418878,6.670356475219718
AverageDevAbs_TR,7,17,6.670356475219718,8.150872697454377
AverageDevAbs_TR,7,16,8.150872697454377,10.018774039543489
AverageDevAbs_TR,7,15,10.018774039543489,12.393059313279657
AverageDevAbs_TR,7,14,12.393059313279657,15.433068076796594
AverageDevAbs_TR,7,13,15.433068076796594,19.35598658700877
AverageDevAbs_TR,7,12,19.35598658700877,24.46126637296599
AverageDevAbs_TR,7,11,24.46126637296599,31.16585862450063
AverageDevAbs_TR,7,10,31.16585862450063,40.055911087228694
AverageDevAbs_TR,7,9,40.055911087228694,51.96673736745802
AverageDevAbs_TR,7,8,51.96673736745802,68.10293588151693
AverageDevAbs_TR,7,7,68.10293588151693,90.23105215205135
AverageDevAbs_TR,7,6,90.23105215205135,120.97408691464545
AverageDevAbs_TR,7,5,120.97408691464545,164.2942316070056
AverageDevAbs_TR,7,4,164.2942316070056,226.26750889724843
AverageDevAbs_TR,7,3,226.26750889724843,316.51650532131396
AverageDevAbs_TR,7,2,316.51650532131396,450.3628309139962
AverageDevAbs_TR,7,1,450.3628309139962,Inf
AverageDevAbs_TR,7.25,19,0,5.146176172953571
AverageDevAbs_TR,7.25,18,5.146176172953571,6.248975027877814
AverageDevAbs_TR,7.25,17,6.248975027877814,7.629932402117065
AverageDevAbs_TR,7.25,16,7.629932402117065,9.370601001123353
AverageDevAbs_TR,7.25,15,9.370601001123353,11.580974081386039
AverageDevAbs_TR,7.25,14,11.580974081386039,14.408137031710755
AverageDevAbs_TR,7.25,13,14.408137031710755,18.05230951622598
AverageDevAbs_TR,7.25,12,18.05230951622598,22.78916378248739
AverageDevAbs_TR,7.25,11,22.78916378248739,29.001966138339114
AverageDevAbs_TR,7.25,10,29.001966138339114,37.228635555616506
AverageDevAbs_TR,7.25,9,37.228635555616506,48.23443321765677
AverageDevAbs_TR,7.25,8,48.23443321765677,63.12087609748814
AverageDevAbs_TR,7.25,7,63.12087609748814,83.50012529625707
AverageDevAbs_TR,7.25,6,83.50012529625707,111.76073101062588
AverageDevAbs_TR,7.25,5,111.76073101062588,151.5022129418719
AverageDevAbs_TR,7.25,4,151.5022129418719,208.2301436127853
AverageDevAbs_TR,7.25,3,208.2301436127853,290.63997124287494
AverageDevAbs_TR,7.25,2,290.63997124287494,412.533369796005
AverageDevAbs_TR,7.25,1,412.533369796005,Inf
AverageDevAbs_TR,7.5,19,0,4.843323405249237
AverageDevAbs_TR,7.5,18,4.843323405249237,5.8768431083800285
AverageDevAbs_TR,7.5,17,5.8768431083800285,7.169912369542008
AverageDevAbs_TR,7.5,16,7.169912369542008,8.798285469654067
AverageDevAbs_TR,7.5,15,8.798285469654067,10.864024063894698
AverageDevAbs_TR,7.5,14,10.864024063894698,13.503426326180588
AverageDevAbs_TR,7.5,13,13.503426326180588,16.901784759887548
AverageDevAbs_TR,7.5,12,16.901784759887548,21.31386376805532
AverageDevAbs_TR,7.5,11,21.31386376805532,27.093333220039675
AverageDevAbs_TR,7.5,10,27.093333220039675,34.73577081351707
AverageDevAbs_TR,7.5,9,34.73577081351707,44.94499175815918
AverageDevAbs_TR,7.5,8,44.94499175815918,58.73218699165268
AverageDevAbs_TR,7.5,7,58.73218699165268,77.57438925924723
AverageDevAbs_TR,7.5,6,77.57438925924723,103.655203855532
AverageDevAbs_TR,7.5,5,103.655203855532,140.25758003909144
AverageDevAbs_TR,7.5,4,140.25758003909144,192.38997467382185
AverageDevAbs_TR,7.5,3,192.38997467382185,267.94135581195326
AverageDevAbs_TR,7.5,2,267.94135581195326,379.39412036626425
AverageDevAbs_TR,7.5,1,379.39412036626425,Inf
AverageDevAbs_TR,7.75,19,0,4.575520901759127
AverageDevAbs_TR,7.75,18,4.575520901759127,5.547771444242468
AverageDevAbs_TR,7.75,17,5.547771444242468,6.7631215188007126
AverageDevAbs_TR,7.75,16,6.7631215188007126,8.292204668792293
AverageDevAbs_TR,7.75,15,8.292204668792293,10.230080524618547
AverageDevAbs_TR,7.75,14,10.230080524618547,12.703528574581538
AverageDevAbs_TR,7.75,13,12.703528574581538,15.884676054270788
AverageDevAbs_TR,7.75,12,15.884676054270788,20.00985769155976
AverageDevAbs_TR,7.75,11,20.00985769155976,25.406671608077176
AverageDevAbs_TR,7.75,10,25.406671608077176,32.53342398932485
AverageDevAbs_TR,7.75,9,32.53342398932485,42.03988594931835
AverageDevAbs_TR,7.75,8,42.03988594931835,54.85787781304954
AverageDevAbs_TR,7.75,7,54.85787781304954,72.34581893011409
AverageDevAbs_TR,7.75,6,72.34581893011409,96.5076352832003
AverageDevAbs_TR,7.75,5,96.5076352832003,130.349114232282
AverageDevAbs_TR,7.75,4,130.349114232282,178.44416626355155
AverageDevAbs_TR,7.75,3,178.44416626355155,247.97801651937436
AverageDevAbs_TR,7.75,2,247.97801651937436,350.2842391184346
AverageDevAbs_TR,7.75,1,350.2842391184346,Inf
AverageDevAbs_TR,8,19,0,4.340894316236993
AverageDevAbs_TR,8,18,4.340894316236993,5.25939184944218
AverageDevAbs_TR,8,17,5.25939184944218,6.406547849832711
AverageDevAbs_TR,8,16,6.406547849832711,7.848500658107051
AverageDevAbs_TR,8,15,7.848500658107051,9.674164263731331
AverageDevAbs_TR,8,14,9.674164263731331,12.001965442324057
AverageDevAbs_TR,8,13,12.001965442324057,14.992481982357027
AverageDevAbs_TR,8,12,14.992481982357027,18.86588632275795
AverageDevAbs_TR,8,11,18.86588632275795,23.92692177713593
AverageDevAbs_TR,8,10,23.92692177713593,30.601237992179925
AverageDevAbs_TR,8,9,30.601237992179925,39.49128143489889
AverageDevAbs_TR,8,8,39.49128143489889,51.45941832415018
AverageDevAbs_TR,8,7,51.45941832415018,67.76035803518941
AverageDevAbs_TR,8,6,67.76035803518941,90.24107320611921
AverageDevAbs_TR,8,5,90.24107320611921,121.66551425475316
AverageDevAbs_TR,8,4,121.66551425475316,166.22892350672976
AverageDevAbs_TR,8,3,166.22892350672976,230.50418321934757
AverageDevAbs_TR,8,2,230.50418321934757,324.82703630751143
AverageDevAbs_TR,8,1,324.82703630751143,Inf
AverageDevAbs_TR,8.25,19,0,4.139236909594942
AverageDevAbs_TR,8.25,18,4.139236909594942,5.011362448906872
AverageDevAbs_TR,8.25,17,5.011362448906872,6.09965562203944
AverageDevAbs_TR,8.25,16,6.09965562203944,7.4663600717742185
AverageDevAbs_TR,8.25,15,7.4663600717742185,9.195064091743573
AverageDevAbs_TR,8.25,14,9.195064091743573,11.396954601158804
AverageDevAbs_TR,8.25,13,11.396954601158804,14.222597428189296
AverageDevAbs_TR,8.25,12,14.222597428189296,17.878153288165365
AverageDevAbs_TR,8.25,11,17.878153288165365,22.648551635184212
AverageDevAbs_TR,8.25,10,22.648551635184212,28.93113253777169
AverageDevAbs_TR,8.25,9,28.93113253777169,37.28732359476528
AverageDevAbs_TR,8.25,8,37.28732359476528,48.519306511137046
AverageDevAbs_TR,8.25,7,48.519306511137046,63.79195507144202
AverageDevAbs_TR,8.25,6,63.79195507144202,84.81635340465775
AverageDevAbs_TR,8.25,5,84.81635340465775,114.14720782853229
AverageDevAbs_TR,8.25,4,114.14720782853229,155.65239738195723
AverageDevAbs_TR,8.25,3,155.65239738195723,215.37596186222942
AverageDevAbs_TR,8.25,2,215.37596186222942,302.7929840813946
AverageDevAbs_TR,8.25,1,302.7929840813946,Inf
AverageDevAbs_TR,8.5,19,0,3.967825948464359
AverageDevAbs_TR,8.5,18,3.967825948464359,4.8002989230646325
AverageDevAbs_TR,8.5,17,4.8002989230646325,5.838211066103609
AverageDevAbs_TR,8.5,16,5.838211066103609,7.140450154741234
AverageDevAbs_TR,8.5,15,7.140450154741234,8.786013311674065
AverageDevAbs_TR,8.5,14,8.786013311674065,10.87984256301014
AverageDevAbs_TR,8.5,13,10.87984256301014,13.563863762702354
AverageDevAbs_TR,8.5,12,13.563863762702354,17.0321411523464
AverageDevAbs_TR,8.5,11,17.0321411523464,21.552492873984647
AverageDevAbs_TR,8.5,10,21.552492873984647,27.497804078425148
AverageDevAbs_TR,8.5,9,27.497804078425148,35.394062247206215
AverageDevAbs_TR,8.5,8,35.394062247206215,45.99144542435469
AverageDevAbs_TR,8.5,7,45.99144542435469,60.377205464261245
AverageDevAbs_TR,8.5,6,60.377205464261245,80.14503101302772
AverageDevAbs_TR,8.5,5,80.14503101302772,107.66891559089314
AverageDevAbs_TR,8.5,4,107.66891559089314,146.53414839462158
AverageDevAbs_TR,8.5,3,146.53414839462158,202.32856668697337
AverageDevAbs_TR,8.5,2,202.32856668697337,283.785497714186
AverageDevAbs_TR,8.5,1,283.785497714186,Inf
AverageDevAbs_TR,8.75,19,0,3.824409235626291
AverageDevAbs_TR,8.75,18,3.824409235626291,4.623395989868685
AverageDevAbs_TR,8.75,17,4.623395989868685,5.6186976181997705
AverageDevAbs_TR,8.75,16,5.6186976181997705,6.8663326833727965
AverageDevAbs_TR,8.75,15,6.8663326833727965,8.441369338038912
AverageDevAbs_TR,8.75,14,8.441369338038912,10.443399783937942
AverageDevAbs_TR,8.75,13,10.443399783937942,13.00694157144996
AverageDevAbs_TR,8.75,12,13.00694157144996,16.315678117513304
AverageDevAbs_TR,8.75,11,16.315678117513304,20.6227316550204
AverageDevAbs_TR,8.75,10,20.6227316550204,26.27996924291778
AverageDevAbs_TR,8.75,9,26.27996924291778,33.78289988309557
AverageDevAbs_TR,8.75,8,33.78289988309557,43.836954732932774
AverageDevAbs_TR,8.75,7,43.836954732932774,57.462568173455125
AverageDevAbs_TR,8.75,6,57.462568173455125,76.152345063258025
AverageDevAbs_TR,8.75,5,76.152345063258025,102.12465487087124
AverageDevAbs_TR,8.75,4,102.12465487087124,138.7214395166035
AverageDevAbs_TR,8.75,3,138.7214395166035,191.13778796821396
AverageDevAbs_TR,8.75,2,191.13778796821396,267.4687508825152
AverageDevAbs_TR,8.75,1,267.4687508825152,Inf
AverageDevAbs_TR,9,19,0,3.7095711743816566
AverageDevAbs_TR,9,18,3.7095711743816566,4.481283543837858
AverageDevAbs_TR,9,17,4.481283543837858,5.441781418774772
AverageDevAbs_TR,9,16,5.441781418774772,6.6446917946199715
AverageDevAbs_TR,9,15,6.6446917946199715,8.161801848509658
AverageDevAbs_TR,9,14,8.161801848509658,10.08822666381216
AverageDevAbs_TR,9,13,10.08822666381216,12.552272170886006
AverageDevAbs_TR,9,12,12.552272170886006,15.728901762642266
AverageDevAbs_TR,9,11,15.728901762642266,19.858870934349955
AverageDevAbs_TR,9,10,19.858870934349955,25.276329219104596
AverageDevAbs_TR,9,9,25.276329219104596,32.45105180299393
AverageDevAbs_TR,9,8,32.45105180299393,42.050631213428304
AverageDevAbs_TR,9,7,42.050631213428304,55.03892187281485
AverageDevAbs_TR,9,6,55.03892187281485,72.82282372011834
AverageDevAbs_TR,9,5,72.82282372011834,97.48861237947955
AverageDevAbs_TR,9,4,97.48861237947955,132.17148281969537
AverageDevAbs_TR,9,3,132.17148281969537,181.73262366228255
AverageDevAbs_TR,9,2,181.73262366228255,253.72417100966845
AverageDevAbs_TR,9,1,253.72417100966845,Inf
AverageDevAbs_TR,9.25,19,0,3.6232814094674755
AverageDevAbs_TR,9.25,18,3.6232814094674755,4.373847815571159
AverageDevAbs_TR,9.25,17,4.373847815571159,5.307224594016022
AverageDevAbs_TR,9.25,16,5.307224594016022,6.475107020479097
AverageDevAbs_TR,9.25,15,6.475107020479097,7.946623396007078
AverageDevAbs_TR,9.25,14,7.946623396007078,9.813246686265309
AverageDevAbs_TR,9.25,13,9.813246686265309,12.198212429473092
AverageDevAbs_TR,9.25,12,12.198212429473092,15.269342406385348
AverageDevAbs_TR,9.25,11,15.269342406385348,19.257231031371788
AverageDevAbs_TR,9.25,10,19.257231031371788,24.481423897520813
AverageDevAbs_TR,9.25,9,24.481423897520813,31.39042047521025
AverageDevAbs_TR,9.25,8,31.39042047521025,40.6204384437696
AverageDevAbs_TR,9.25,7,40.6204384437696,53.08828934822343
AverageDevAbs_TR,9.25,6,53.08828934822343,70.12942835025379
AverageDevAbs_TR,9.25,5,70.12942835025379,93.71974926550314
AverageDevAbs_TR,9.25,4,93.71974926550314,126.82129745651412
AverageDevAbs_TR,9.25,3,126.82129745651412,174.01509742579546
AverageDevAbs_TR,9.25,2,174.01509742579546,242.39693811181218
AverageDevAbs_TR,9.25,1,242.39693811181218,Inf
AverageDevAbs_TR,9.5,19,0,3.5576050097889764
AverageDevAbs_TR,9.5,18,3.5576050097889764,4.29144062240104
AverageDevAbs_TR,9.5,17,4.29144062240104,5.203230297772714
AverageDevAbs_TR,9.5,16,5.203230297772714,6.343068783677868
AverageDevAbs_TR,9.5,15,6.343068783677868,7.777873747435242
AverageDevAbs_TR,9.5,14,7.777873747435242,9.596078003097006
AverageDevAbs_TR,9.5,13,9.596078003097006,11.916669955030343
AverageDevAbs_TR,9.5,12,11.916669955030343,14.901469268675676
AverageDevAbs_TR,9.5,11,14.901469268675676,18.772503014930884
AverageDevAbs_TR,9.5,10,18.772503014930884,23.836964962260723
AverageDevAbs_TR,9.5,9,23.836964962260723,30.525307330978976
AverageDevAbs_TR,9.5,8,30.525307330978976,39.447060279441715
AverageDevAbs_TR,9.5,7,39.447060279441715,51.4789190823099
AverageDevAbs_TR,9.5,6,51.4789190823099,67.89526908075462
AverageDevAbs_TR,9.5,5,67.89526908075462,90.57744969091249
AverageDevAbs_TR,9.5,4,90.57744969091249,122.3389015732574
AverageDevAbs_TR,9.5,3,122.3389015732574,167.5198342003262
AverageDevAbs_TR,9.5,2,167.5198342003262,232.82324906780406
AverageDevAbs_TR,9.5,1,232.82324906780406,Inf
AverageDevAbs_TR,9.75,19,0,3.4972014436701944
AverageDevAbs_TR,9.75,18,3.4972014436701944,4.215515422622043
AverageDevAbs_TR,9.75,17,4.215515422622043,5.107257577717922
AverageDevAbs_TR,9.75,16,5.107257577717922,6.221028010724027
AverageDevAbs_TR,9.75,15,6.221028010724027,7.6216799028296895
AverageDevAbs_TR,9.75,14,7.6216799028296895,9.394806814726905
AverageDevAbs_TR,9.75,13,9.394806814726905,11.655431131246646
AverageDevAbs_TR,9.75,12,11.655431131246646,14.559768917289222
AverageDevAbs_TR,9.75,11,14.559768917289222,18.32185142327149
AverageDevAbs_TR,9.75,10,18.32185142327149,23.237349874886952
AverageDevAbs_TR,9.75,9,23.237349874886952,29.719890977856537
AverageDevAbs_TR,9.75,8,29.719890977856537,38.35414262845812
AverageDevAbs_TR,9.75,7,38.35414262845812,49.97946148079154
AverageDevAbs_TR,9.75,6,49.97946148079154,65.81345363326805
AverageDevAbs_TR,9.75,5,65.81345363326805,87.6496607929962
AverageDevAbs_TR,9.75,4,87.6496607929962,118.16374796996362
AverageDevAbs_TR,9.75,3,118.16374796996362,161.47304434464607
AverageDevAbs_TR,9.75,2,161.47304434464607,223.91777106288797
AverageDevAbs_TR,9.75,1,223.91777106288797,Inf
AverageDevAbs_TR,10,19,0,3.428801144801808
AverageDevAbs_TR,10,18,3.428801144801808,4.130074182156132
AverageDevAbs_TR,10,17,4.130074182156132,4.999919996646514
AverageDevAbs_TR,10,16,4.999919996646514,6.0853644876526545
AverageDevAbs_TR,10,15,6.0853644876526545,7.449094822314873
AverageDevAbs_TR,10,14,7.449094822314873,9.173738948969609
AverageDevAbs_TR,10,13,9.173738948969609,11.370194019130544
AverageDevAbs_TR,10,12,11.370194019130544,14.188872116610426
AverageDevAbs_TR,10,11,14.188872116610426,17.835558258398496
AverageDevAbs_TR,10,10,17.835558258398496,22.594092686182645
AverageDevAbs_TR,10,9,22.594092686182645,28.860903021756457
AverageDevAbs_TR,10,8,28.860903021756457,37.19535898049837
AverageDevAbs_TR,10,7,37.19535898049837,48.398999646716774
AverageDevAbs_TR,10,6,48.398999646716774,63.63220012079225
AverageDevAbs_TR,10,5,63.63220012079225,84.60044360774239
AverageDevAbs_TR,10,4,84.60044360774239,113.84192177761834
AverageDevAbs_TR,10,3,113.84192177761834,155.25271557581917
AverageDevAbs_TR,10,2,155.25271557581917,214.81496352635043
AverageDevAbs_TR,10,1,214.81496352635043,Inf
AverageDevAbs_TR,10.25,19,0,3.345832877165818
AverageDevAbs_TR,10.25,18,3.345832877165818,4.0272276761515355
AverageDevAbs_TR,10.25,17,4.0272276761515355,4.871699513434491
AverageDevAbs_TR,10.25,16,4.871699513434491,5.924535387132478
AverageDevAbs_TR,10.25,15,5.924535387132478,7.246041838182707
AverageDevAbs_TR,10.25,14,7.246041838182707,8.915606454573766
AverageDevAbs_TR,10.25,13,8.915606454573766,11.0396435963569
AverageDevAbs_TR,10.25,12,11.0396435963569,13.762293065055532
AverageDevAbs_TR,10.25,11,13.762293065055532,17.28047816820001
AverageDevAbs_TR,10.25,10,17.28047816820001,21.86539823348584
AverageDevAbs_TR,10.25,9,21.86539823348584,27.895210507868853
AverageDevAbs_TR,10.25,8,27.895210507868853,35.90256966876324
AverageDevAbs_TR,10.25,7,35.90256966876324,46.64931712140768
AverageDevAbs_TR,10.25,6,46.64931712140768,61.23612226126198
AverageDevAbs_TR,10.25,5,61.23612226126198,81.27718145212133
AverageDevAbs_TR,10.25,4,81.27718145212133,109.1691028076454
AverageDevAbs_TR,10.25,3,109.1691028076454,148.58157304897279
AverageDevAbs_TR,10.25,2,148.58157304897279,205.13291299202757
AverageDevAbs_TR,10.25,1,205.13291299202757,Inf
AverageDevAbs_TR,10.5,19,0,3.2477292633359447
AverageDevAbs_TR,10.5,18,3.2477292633359447,3.906330753662866
AverageDevAbs_TR,10.5,17,3.906330753662866,4.721863406122328
AverageDevAbs_TR,10.5,16,4.721863406122328,5.737710252889259
AverageDevAbs_TR,10.5,15,5.737710252889259,7.01158275528919
AverageDevAbs_TR,10.5,14,7.01158275528919,8.619354650171493
AverageDevAbs_TR,10.5,13,8.619354650171493,10.662602937334288
AverageDevAbs_TR,10.5,12,10.662602937334288,13.278732683471956
AverageDevAbs_TR,10.5,11,13.278732683471956,16.655200508491838
AverageDevAbs_TR,10.5,10,16.655200508491838,21.049772906306288
AverageDevAbs_TR,10.5,9,21.049772906306288,26.821295464368163
AverageDevAbs_TR,10.5,8,26.821295464368163,34.47434013261602
AverageDevAbs_TR,10.5,7,34.47434013261602,44.7292503415875
AverageDevAbs_TR,10.5,6,44.7292503415875,58.62464379374555
AverageDevAbs_TR,10.5,5,58.62464379374555,77.68040867446729
AverageDevAbs_TR,10.5,4,77.68040867446729,104.1477908807106
AverageDevAbs_TR,10.5,3,104.1477908807106,141.46547193129678
AverageDevAbs_TR,10.5,2,141.46547193129678,194.8830714531498
AverageDevAbs_TR,10.5,1,194.8830714531498,Inf
AverageDevAbs_TR,10.75,19,0,3.1384556686727754
AverageDevAbs_TR,10.75,18,3.1384556686727754,3.772188026828776
AverageDevAbs_TR,10.75,17,3.772188026828776,4.556263555916022
AverageDevAbs_TR,10.75,16,4.556263555916022,5.532055867933153
AverageDevAbs_TR,10.75,15,5.532055867933153,6.754546748769716
AverageDevAbs_TR,10.75,14,6.754546748769716,8.295928489737868
AverageDevAbs_TR,10.75,13,8.295928489737868,10.252729043722969
AverageDevAbs_TR,10.75,12,10.252729043722969,12.755351086111995
AverageDevAbs_TR,10.75,11,12.755351086111995,15.981447409425527
AverageDevAbs_TR,10.75,10,15.981447409425527,20.174930961854194
AverageDevAbs_TR,10.75,9,20.174930961854194,25.674815082843484
AverageDevAbs_TR,10.75,8,25.674815082843484,32.95695885760035
AverageDevAbs_TR,10.75,7,32.95695885760035,42.699467573073534
AverageDevAbs_TR,10.75,6,42.699467573073534,55.87809947865459
AverageDevAbs_TR,10.75,5,55.87809947865459,73.91767653931656
AverageDevAbs_TR,10.75,4,73.91767653931656,98.92367066461223
AverageDevAbs_TR,10.75,3,98.92367066461223,134.1043018475339
AverageDevAbs_TR,10.75,2,134.1043018475339,184.34347941830146
AverageDevAbs_TR,10.75,1,184.34347941830146,Inf
AverageDevAbs_TR,11,19,0,3.022898702711144
AverageDevAbs_TR,11,18,3.022898702711144,3.630696604661696
AverageDevAbs_TR,11,17,3.630696604661696,4.382052465619953
AverageDevAbs_TR,11,16,4.382052465619953,5.316293673829794
AverageDevAbs_TR,11,15,5.316293673829794,6.485629269974687
AverageDevAbs_TR,11,14,6.485629269974687,7.958523156760126
AverageDevAbs_TR,11,13,7.958523156760126,9.826404420544092
AverageDevAbs_TR,11,12,9.826404420544092,12.212625059487408
AverageDevAbs_TR,11,11,12.212625059487408,15.284996644975653
AverageDevAbs_TR,11,10,15.284996644975653,19.273570533196732
AverageDevAbs_TR,11,9,19.273570533196732,24.497582072942105
AverageDevAbs_TR,11,8,24.497582072942105,31.404355618162782
AverageDevAbs_TR,11,7,31.404355618162782,40.63017101790401
AverageDevAbs_TR,11,6,40.63017101790401,53.08877832189365
AverageDevAbs_TR,11,5,53.08877832189365,70.11159489481872
AverageDevAbs_TR,11,4,70.11159489481872,93.66147251259599
AverageDevAbs_TR,11,3,93.66147251259599,126.72211993354514
AverageDevAbs_TR,11,2,126.72211993354514,173.82289472399884
AverageDevAbs_TR,11,1,173.82289472399884,Inf
AverageDevAbs_TR,11.25,19,0,2.9054119336823554
AverageDevAbs_TR,11.25,18,2.9054119336823554,3.487096791398074
AverageDevAbs_TR,11.25,17,3.487096791398074,4.205568705181392
AverageDevAbs_TR,11.25,16,4.205568705181392,5.098130352583924
AverageDevAbs_TR,11.25,15,5.098130352583924,6.21425240253863
AverageDevAbs_TR,11.25,14,6.21425240253863,7.618725013201001
AverageDevAbs_TR,11.25,13,7.618725013201001,9.39796421542587
AverageDevAbs_TR,11.25,12,9.39796421542587,11.66840590322887
AverageDevAbs_TR,11.25,11,11.66840590322887,14.58823148556646
AverageDevAbs_TR,11.25,10,14.58823148556646,18.373962616243194
AverageDevAbs_TR,11.25,9,18.373962616243194,23.325581295936388
AverageDevAbs_TR,11.25,8,23.325581295936388,29.86271183088521
AverageDevAbs_TR,11.25,7,29.86271183088521,38.5811503587841
AverageDevAbs_TR,11.25,6,38.5811503587841,50.33481492613536
AverageDevAbs_TR,11.25,5,50.33481492613536,66.36529310897522
AverageDevAbs_TR,11.25,4,66.36529310897522,88.49875784204504
AverageDevAbs_TR,11.25,3,88.49875784204504,119.50453170475106
AverageDevAbs_TR,11.25,2,119.50453170475106,163.5747905995455
AverageDevAbs_TR,11.25,1,163.5747905995455,Inf
AverageDevAbs_TR,11.5,19,0,2.7898814759836448
AverageDevAbs_TR,11.5,18,2.7898814759836448,3.3460532249297805
AverageDevAbs_TR,11.5,17,3.3460532249297805,4.0324379336455864
AverageDevAbs_TR,11.5,16,4.0324379336455864,4.884384463119536
AverageDevAbs_TR,11.5,15,4.884384463119536,5.948724772820302
AverageDevAbs_TR,11.5,14,5.948724772820302,7.286715090695588
AverageDevAbs_TR,11.5,13,7.286715090695588,8.9799572932537
AverageDevAbs_TR,11.5,12,8.9799572932537,11.13825731381509
AverageDevAbs_TR,11.5,11,11.13825731381509,13.910582076295784
AverageDevAbs_TR,11.5,10,13.910582076295784,17.50053339657467
AverageDevAbs_TR,11.5,9,17.50053339657467,22.18974625979495
AverageDevAbs_TR,11.5,8,22.18974625979495,28.371507813368307
AverageDevAbs_TR,11.5,7,28.371507813368307,36.60321263426928
AverageDevAbs_TR,11.5,6,36.60321263426928,47.682167724516596
AverageDevAbs_TR,11.5,5,47.682167724516596,62.76519623343444
AverageDevAbs_TR,11.5,4,62.76519623343444,83.54987524963951
AverageDevAbs_TR,11.5,3,83.54987524963951,112.60442500462307
AverageDevAbs_TR,11.5,2,112.60442500462307,153.80581964138963
AverageDevAbs_TR,11.5,1,153.80581964138963,Inf
AverageDevAbs_TR,11.75,19,0,2.677942016162289
AverageDevAbs_TR,11.75,18,2.677942016162289,3.2095189991763182
AverageDevAbs_TR,11.75,17,3.2095189991763182,3.865003706239219
AverageDevAbs_TR,11.75,16,3.865003706239219,4.6778807168430205
AverageDevAbs_TR,11.75,15,4.6778807168430205,5.692467285141795
AverageDevAbs_TR,11.75,14,5.692467285141795,6.96665677274852
AverageDevAbs_TR,11.75,13,6.96665677274852,8.577476600293156
AverageDevAbs_TR,11.75,12,8.577476600293156,10.628442520179977
AverageDevAbs_TR,11.75,11,10.628442520179977,13.259793467402815
AverageDevAbs_TR,11.75,10,13.259793467402815,16.662915012038123
AverageDevAbs_TR,11.75,9,16.662915012038123,21.102126306804692
AverageDevAbs_TR,11.75,8,21.102126306804692,26.94590684125818
AverageDevAbs_TR,11.75,7,26.94590684125818,34.71555542444479
AverageDevAbs_TR,11.75,6,34.71555542444479,45.15528793906056
AverageDevAbs_TR,11.75,5,45.15528793906056,59.34262694572576
AverageDevAbs_TR,11.75,4,59.34262694572576,78.85516037185738
AverageDevAbs_TR,11.75,3,78.85516037185738,106.07397797757054
AverageDevAbs_TR,11.75,2,106.07397797757054,144.58367331962182
AverageDevAbs_TR,11.75,1,144.58367331962182,Inf
AverageDevAbs_TR,12,19,0,2.570048118063446
AverageDevAbs_TR,12,18,2.570048118063446,3.0780283507524375
AverageDevAbs_TR,12,17,3.0780283507524375,3.703895299552499
AverageDevAbs_TR,12,16,3.703895299552499,4.479361843754726
AverageDevAbs_TR,12,15,4.479361843754726,5.446358163714706
AverageDevAbs_TR,12,14,5.446358163714706,6.65958988606466
AverageDevAbs_TR,12,13,6.65958988606466,8.191754155088429
AverageDevAbs_TR,12,12,8.191754155088429,10.140420947002026
AverageDevAbs_TR,12,11,10.140420947002026,12.637591837604589
AverageDevAbs_TR,12,10,12.637591837604589,15.863142061191873
AverageDevAbs_TR,12,9,15.863142061191873,20.06510417575865
AverageDevAbs_TR,12,8,20.06510417575865,25.588668592480218
AverageDevAbs_TR,12,7,25.588668592480218,32.92131557950167
AverageDevAbs_TR,12,6,32.92131557950167,42.75762728019983
AverageDevAbs_TR,12,5,42.75762728019983,56.101162632796644
AverageDevAbs_TR,12,4,56.101162632796644,74.41787915970157
AverageDevAbs_TR,12,3,74.41787915970157,99.91522893048194
AverageDevAbs_TR,12,2,99.91522893048194,135.90732778025355
AverageDevAbs_TR,12,1,135.90732778025355,Inf
OTm_management,6,18,6,6
OTm_management,6,15,5,5
OTm_management,6,12,4,4
OTm_management,6,10,3,3
OTm_management,6,9,2,2
OTm_management,6,6,1,1
OTm_management,6,3,0,0
OTm_management,6.25,17,6,6
OTm_management,6.25,14,5,5
OTm_management,6.25,12,4,4
OTm_management,6.25,10,3,3
OTm_management,6.25,9,2,2
OTm_management,6.25,6,1,1
OTm_management,6.25,3,0,0
OTm_management,6.5,17,6,6
OTm_management,6.5,14,5,5
OTm_management,6.5,12,4,4
OTm_management,6.5,10,3,3
OTm_management,6.5,9,2,2
OTm_management,6.5,6,1,1
OTm_management,6.5,3,0,0
OTm_management,6.75,17,6,6
OTm_management,6.75,14,5,5
OTm_management,6.75,12,4,4
OTm_management,6.75,10,3,3
OTm_management,6.75,8,2,2
OTm_management,6.75,6,1,1
OTm_management,6.75,3,0,0
OTm_management,7,17,6,6
OTm_management,7,14,5,5
OTm_management,7,12,4,4
OTm_management,7,10,3,3
OTm_management,7,8,2,2
OTm_management,7,6,1,1
OTm_management,7,3,0,0
OTm_management,7.25,17,6,6
OTm_management,7.25,14,5,5
OTm_management,7.25,11,4,4
OTm_management,7.25,10,3,3
OTm_management,7.25,8,2,2
OTm_management,7.25,6,1,1
OTm_management,7.25,3,0,0
OTm_management,7.5,17,6,6
OTm_management,7.5,14,5,5
OTm_management,7.5,11,4,4
OTm_management,7.5,10,3,3
OTm_management,7.5,8,2,2
OTm_management,7.5,6,1,1
OTm_management,7.5,3,0,0
OTm_management,7.75,17,6,6
OTm_management,7.75,14,5,5
OTm_management,7.75,11,4,4
OTm_management,7.75,10,3,3
OTm_management,7.75,8,2,2
OTm_management,7.75,5,1,1
OTm_management,7.75,2,0,0
OTm_management,8,16,6,6
OTm_management,8,13,5,5
OTm_management,8,11,4,4
OTm_management,8,10,3,3
OTm_management,8,8,2,2
OTm_management,8,5,1,1
OTm_management,8,2,0,0
OTm_management,8.25,16,6,6
OTm_management,8.25,13,5,5
OTm_management,8.25,11,4,4
OTm_management,8.25,10,3,3
OTm_management,8.25,8,2,2
OTm_management,8.25,5,1,1
OTm_management,8.25,2,0,0
OTm_management,8.5,16,6,6
OTm_management,8.5,13,5,5
OTm_management,8.5,11,4,4
OTm_management,8.5,10,3,3
OTm_management,8.5,7,2,2
OTm_management,8.5,5,1,1
OTm_management,8.5,2,0,0
OTm_management,8.75,16,6,6
OTm_management,8.75,13,5,5
OTm_management,8.75,10,4,4
OTm_management,8.75,9,3,3
OTm_management,8.75,7,2,2
OTm_management,8.75,5,1,1
OTm_management,8.75,2,0,0
OTm_management,9,16,6,6
OTm_management,9,13,5,5
OTm_management,9,10,4,4
OTm_management,9,9,3,3
OTm_management,9,7,2,2
OTm_management,9,5,1,1
OTm_management,9,2,0,0
OTm_management,9.25,15,6,6
OTm_management,9.25,12,5,5
OTm_management,9.25,10,4,4
OTm_management,9.25,9,3,3
OTm_management,9.25,7,2,2
OTm_management,9.25,5,1,1
OTm_management,9.25,2,0,0
OTm_management,9.5,15,6,6
OTm_management,9.5,12,5,5
OTm_management,9.5,10,4,4
OTm_management,9.5,9,3,3
OTm_management,9.5,7,2,2
OTm_management,9.5,5,1,1
OTm_management,9.5,2,0,0
OTm_management,9.75,15,6,6
OTm_management,9.75,12,5,5
OTm_management,9.75,10,4,4
OTm_management,9.75,9,3,3
OTm_management,9.75,7,2,2
OTm_management,9.75,5,1,1
OTm_management,9.75,2,0,0
OTm_management,10,15,6,6
OTm_management,10,12,5,5
OTm_management,10,10,4,4
OTm_management,10,9,3,3
OTm_management,10,7,2,2
OTm_management,10,5,1,1
OTm_management,10,2,0,0
OTm_management,10.25,15,6,6
OTm_management,10.25,12,5,5
OTm_management,10.25,10,4,4
OTm_management,10.25,9,3,3
OTm_management,10.25,7,2,2
OTm_management,10.25,5,1,1
OTm_management,10.25,2,0,0
OTm_management,10.5,15,6,6
OTm_management,10.5,12,5,5
OTm_management,10.5,10,4,4
OTm_management,10.5,8,3,3
OTm_management,10.5,7,2,2
OTm_management,10.5,5,1,1
OTm_management,10.5,2,0,0
OTm_management,10.75,15,6,6
OTm_management,10.75,12,5,5
OTm_management,10.75,10,4,4
OTm_management,10.75,8,3,3
OTm_management,10.75,7,2,2
OTm_management,10.75,5,1,1
OTm_management,10.75,2,0,0
OTm_management,11,14,6,6
OTm_management,11,11,5,5
OTm_management,11,10,4,4
OTm_management,11,8,3,3
OTm_management,11,6,2,2
OTm_management,11,4,1,1
OTm_management,11,2,0,0
OTm_management,11.25,14,6,6
OTm_management,11.25,11,5,5
OTm_management,11.25,10,4,4
OTm_management,11.25,8,3,3
OTm_management,11.25,6,2,2
OTm_management,11.25,4,1,1
OTm_management,11.25,2,0,0
OTm_management,11.5,14,6,6
OTm_management,11.5,11,5,5
OTm_management,11.5,10,4,4
OTm_management,11.5,8,3,3
OTm_management,11.5,6,2,2
OTm_management,11.5,4,1,1
OTm_management,11.5,2,0,0
OTm_management,11.75,14,6,6
OTm_management,11.75,11,5,5
OTm_management,11.75,10,4,4
OTm_management,11.75,8,3,3
OTm_management,11.75,6,2,2
OTm_management,11.75,4,1,1
OTm_management,11.75,2,0,0
OTm_management,12,14,6,6
OTm_management,12,11,5,5
OTm_management,12,10,4,4
OTm_management,12,8,3,3
OTm_management,12,6,2,2
OTm_management,12,4,1,1
OTm_management,12,2,0,0
OTm_orientation,6,18,10,10
OTm_orientation,6,16,9,9
OTm_orientation,6,14,8,8
OTm_orientation,6,13,7,7
OTm_orientation,6,11,6,6
OTm_orientation,6,10,5,5
OTm_orientation,6,9,4,4
OTm_orientation,6,7,3,3
OTm_orientation,6,6,2,2
OTm_orientation,6,4,1,1
OTm_orientation,6,2,0,0
OTm_orientation,6.25,18,10,10
OTm_orientation,6.25,16,9,9
OTm_orientation,6.25,14,8,8
OTm_orientation,6.25,13,7,7
OTm_orientation,6.25,11,6,6
OTm_orientation,6.25,10,5,5
OTm_orientation,6.25,8,4,4
OTm_orientation,6.25,7,3,3
OTm_orientation,6.25,5,2,2
OTm_orientation,6.25,4,1,1
OTm_orientation,6.25,2,0,0
OTm_orientation,6.5,18,10,10
OTm_orientation,6.5,16,9,9
OTm_orientation,6.5,14,8,8
OTm_orientation,6.5,12,7,7
OTm_orientation,6.5,11,6,6
OTm_orientation,6.5,10,5,5
OTm_orientation,6.5,8,4,4
OTm_orientation,6.5,7,3,3
OTm_orientation,6.5,5,2,2
OTm_orientation,6.5,3,1,1
OTm_orientation,6.5,1,0,0
OTm_orientation,6.75,18,10,10
OTm_orientation,6.75,15,9,9
OTm_orientation,6.75,13,8,8
OTm_orientation,6.75,12,7,7
OTm_orientation,6.75,10,6,6
OTm_orientation,6.75,9,5,5
OTm_orientation,6.75,8,4,4
OTm_orientation,6.75,6,3,3
OTm_orientation,6.75,5,2,2
OTm_orientation,6.75,3,1,1
OTm_orientation,6.75,1,0,0
OTm_orientation,7,18,10,10
OTm_orientation,7,15,9,9
OTm_orientation,7,13,8,8
OTm_orientation,7,12,7,7
OTm_orientation,7,10,6,6
OTm_orientation,7,9,5,5
OTm_orientation,7,8,4,4
OTm_orientation,7,6,3,3
OTm_orientation,7,4,2,2
OTm_orientation,7,3,1,1
OTm_orientation,7,1,0,0
OTm_orientation,7.25,18,10,10
OTm_orientation,7.25,15,9,9
OTm_orientation,7.25,13,8,8
OTm_orientation,7.25,11,7,7
OTm_orientation,7.25,10,6,6
OTm_orientation,7.25,9,5,5
OTm_orientation,7.25,7,4,4
OTm_orientation,7.25,6,3,3
OTm_orientation,7.25,4,2,2
OTm_orientation,7.25,2,0,1
OTm_orientation,7.5,17,10,10
OTm_orientation,7.5,14,9,9
OTm_orientation,7.5,13,8,8
OTm_orientation,7.5,11,7,7
OTm_orientation,7.5,10,6,6
OTm_orientation,7.5,8,5,5
OTm_orientation,7.5,7,4,4
OTm_orientation,7.5,5,3,3
OTm_orientation,7.5,4,2,2
OTm_orientation,7.5,2,0,1
OTm_orientation,7.75,17,10,10
OTm_orientation,7.75,14,9,9
OTm_orientation,7.75,12,8,8
OTm_orientation,7.75,11,7,7
OTm_orientation,7.75,10,6,6
OTm_orientation,7.75,8,5,5
OTm_orientation,7.75,7,4,4
OTm_orientation,7.75,5,3,3
OTm_orientation,7.75,3,2,2
OTm_orientation,7.75,2,0,1
OTm_orientation,8,17,10,10
OTm_orientation,8,14,9,9
OTm_orientation,8,12,8,8
OTm_orientation,8,10,7,7
OTm_orientation,8,9,6,6
OTm_orientation,8,8,5,5
OTm_orientation,8,6,4,4
OTm_orientation,8,5,3,3
OTm_orientation,8,3,2,2
OTm_orientation,8,1,0,1
OTm_orientation,8.25,17,10,10
OTm_orientation,8.25,14,9,9
OTm_orientation,8.25,12,8,8
OTm_orientation,8.25,10,7,7
OTm_orientation,8.25,9,6,6
OTm_orientation,8.25,7,5,5
OTm_orientation,8.25,6,4,4
OTm_orientation,8.25,4,3,3
OTm_orientation,8.25,3,2,2
OTm_orientation,8.25,1,0,1
OTm_orientation,8.5,16,10,10
OTm_orientation,8.5,13,9,9
OTm_orientation,8.5,11,8,8
OTm_orientation,8.5,10,7,7
OTm_orientation,8.5,9,6,6
OTm_orientation,8.5,7,5,5
OTm_orientation,8.5,6,4,4
OTm_orientation,8.5,4,3,3
OTm_orientation,8.5,3,2,2
OTm_orientation,8.5,1,0,1
OTm_orientation,8.75,16,10,10
OTm_orientation,8.75,13,9,9
OTm_orientation,8.75,11,8,8
OTm_orientation,8.75,10,7,7
OTm_orientation,8.75,8,6,6
OTm_orientation,8.75,7,5,5
OTm_orientation,8.75,5,4,4
OTm_orientation,8.75,4,3,3
OTm_orientation,8.75,2,2,2
OTm_orientation,8.75,1,0,1
OTm_orientation,9,16,10,10
OTm_orientation,9,13,9,9
OTm_orientation,9,11,8,8
OTm_orientation,9,10,7,7
OTm_orientation,9,8,6,6
OTm_orientation,9,6,5,5
OTm_orientation,9,5,4,4
OTm_orientation,9,4,3,3
OTm_orientation,9,2,0,2
OTm_orientation,9.25,16,10,10
OTm_orientation,9.25,13,9,9
OTm_orientation,9.25,10,8,8
OTm_orientation,9.25,9,7,7
OTm_orientation,9.25,8,6,6
OTm_orientation,9.25,6,5,5
OTm_orientation,9.25,5,4,4
OTm_orientation,9.25,3,3,3
OTm_orientation,9.25,2,0,2
OTm_orientation,9.5,15,10,10
OTm_orientation,9.5,12,9,9
OTm_orientation,9.5,10,8,8
OTm_orientation,9.5,9,7,7
OTm_orientation,9.5,7,6,6
OTm_orientation,9.5,6,5,5
OTm_orientation,9.5,4,4,4
OTm_orientation,9.5,3,3,3
OTm_orientation,9.5,1,0,2
OTm_orientation,9.75,15,10,10
OTm_orientation,9.75,12,9,9
OTm_orientation,9.75,10,8,8
OTm_orientation,9.75,9,7,7
OTm_orientation,9.75,7,6,6
OTm_orientation,9.75,6,5,5
OTm_orientation,9.75,4,4,4
OTm_orientation,9.75,3,3,3
OTm_orientation,9.75,1,0,2
OTm_orientation,10,15,10,10
OTm_orientation,10,12,9,9
OTm_orientation,10,10,8,8
OTm_orientation,10,9,7,7
OTm_orientation,10,7,6,6
OTm_orientation,10,5,5,5
OTm_orientation,10,4,4,4
OTm_orientation,10,2,3,3
OTm_orientation,10,1,0,2
OTm_orientation,10.25,14,10,10
OTm_orientation,10.25,11,9,9
OTm_orientation,10.25,10,8,8
OTm_orientation,10.25,8,7,7
OTm_orientation,10.25,7,6,6
OTm_orientation,10.25,5,5,5
OTm_orientation,10.25,4,4,4
OTm_orientation,10.25,2,3,3
OTm_orientation,10.25,1,0,2
OTm_orientation,10.5,14,10,10
OTm_orientation,10.5,11,9,9
OTm_orientation,10.5,10,8,8
OTm_orientation,10.5,8,7,7
OTm_orientation,10.5,6,6,6
OTm_orientation,10.5,5,5,5
OTm_orientation,10.5,3,4,4
OTm_orientation,10.5,2,0,3
OTm_orientation,10.75,14,10,10
OTm_orientation,10.75,11,9,9
OTm_orientation,10.75,10,8,8
OTm_orientation,10.75,8,7,7
OTm_orientation,10.75,6,6,6
OTm_orientation,10.75,5,5,5
OTm_orientation,10.75,3,4,4
OTm_orientation,10.75,2,0,3
OTm_orientation,11,14,10,10
OTm_orientation,11,11,9,9
OTm_orientation,11,9,8,8
OTm_orientation,11,7,7,7
OTm_orientation,11,6,6,6
OTm_orientation,11,4,5,5
OTm_orientation,11,3,4,4
OTm_orientation,11,1,0,3
OTm_orientation,11.25,13,10,10
OTm_orientation,11.25,10,9,9
OTm_orientation,11.25,9,8,8
OTm_orientation,11.25,7,7,7
OTm_orientation,11.25,6,6,6
OTm_orientation,11.25,4,5,5
OTm_orientation,11.25,3,4,4
OTm_orientation,11.25,1,0,3
OTm_orientation,11.5,13,10,10
OTm_orientation,11.5,10,9,9
OTm_orientation,11.5,9,8,8
OTm_orientation,11.5,7,7,7
OTm_orientation,11.5,5,6,6
OTm_orientation,11.5,4,5,5
OTm_orientation,11.5,2,4,4
OTm_orientation,11.5,1,0,3
OTm_orientation,11.75,13,10,10
OTm_orientation,11.75,10,9,9
OTm_orientation,11.75,9,8,8
OTm_orientation,11.75,7,7,7
OTm_orientation,11.75,5,6,6
OTm_orientation,11.75,4,5,5
OTm_orientation,11.75,2,4,4
OTm_orientation,11.75,1,0,3
OTm_orientation,12,13,10,10
OTm_orientation,12,10,9,9
OTm_orientation,12,8,8,8
OTm_orientation,12,6,7,7
OTm_orientation,12,5,6,6
OTm_orientation,12,3,5,5
OTm_orientation,12,2,0,4
OTm_total,6,18,15,16
OTm_total,6,17,14,14
OTm_total,6,16,13,13
OTm_total,6,14,12,12
OTm_total,6,13,11,11
OTm_total,6,12,10,10
OTm_total,6,11,9,9
OTm_total,6,10,8,8
OTm_total,6,9,7,7
OTm_total,6,8,6,6
OTm_total,6,7,5,5
OTm_total,6,6,4,4
OTm_total,6,4,3,3
OTm_total,6,3,2,2
OTm_total,6,2,0,1
OTm_total,6.25,18,15,16
OTm_total,6.25,17,14,14
OTm_total,6.25,15,13,13
OTm_total,6.25,14,12,12
OTm_total,6.25,13,11,11
OTm_total,6.25,12,10,10
OTm_total,6.25,11,9,9
OTm_total,6.25,10,8,8
OTm_total,6.25,9,7,7
OTm_total,6.25,8,6,6
OTm_total,6.25,7,5,5
OTm_total,6.25,5,4,4
OTm_total,6.25,4,3,3
OTm_total,6.25,3,2,2
OTm_total,6.25,1,0,1
OTm_total,6.5,18,15,16
OTm_total,6.5,16,14,14
OTm_total,6.5,15,13,13
OTm_total,6.5,14,12,12
OTm_total,6.5,13,11,11
OTm_total,6.5,12,10,10
OTm_total,6.5,11,9,9
OTm_total,6.5,10,8,8
OTm_total,6.5,8,7,7
OTm_total,6.5,7,6,6
OTm_total,6.5,6,5,5
OTm_total,6.5,5,4,4
OTm_total,6.5,4,3,3
OTm_total,6.5,3,2,2
OTm_total,6.5,1,0,1
OTm_total,6.75,18,15,16
OTm_total,6.75,16,14,14
OTm_total,6.75,15,13,13
OTm_total,6.75,14,12,12
OTm_total,6.75,12,11,11
OTm_total,6.75,11,10,10
OTm_total,6.75,10,9,9
OTm_total,6.75,9,8,8
OTm_total,6.75,8,7,7
OTm_total,6.75,7,6,6
OTm_total,6.75,6,5,5
OTm_total,6.75,5,4,4
OTm_total,6.75,4,3,3
OTm_total,6.75,2,2,2
OTm_total,6.75,1,0,1
OTm_total,7,19,16,16
OTm_total,7,17,15,15
OTm_total,7,16,14,14
OTm_total,7,15,13,13
OTm_total,7,13,12,12
OTm_total,7,12,11,11
OTm_total,7,11,10,10
OTm_total,7,10,9,9
OTm_total,7,9,8,8
OTm_total,7,8,7,7
OTm_total,7,7,6,6
OTm_total,7,6,5,5
OTm_total,7,5,4,4
OTm_total,7,3,3,3
OTm_total,7,2,2,2
OTm_total,7,1,0,1
OTm_total,7.25,19,16,16
OTm_total,7.25,17,15,15
OTm_total,7.25,16,14,14
OTm_total,7.25,14,13,13
OTm_total,7.25,13,12,12
OTm_total,7.25,12,11,11
OTm_total,7.25,11,10,10
OTm_total,7.25,10,9,9
OTm_total,7.25,9,8,8
OTm_total,7.25,8,7,7
OTm_total,7.25,7,6,6
OTm_total,7.25,5,5,5
OTm_total,7.25,4,4,4
OTm_total,7.25,3,3,3
OTm_total,7.25,2,0,2
OTm_total,7.5,19,16,16
OTm_total,7.5,17,15,15
OTm_total,7.5,15,14,14
OTm_total,7.5,14,13,13
OTm_total,7.5,13,12,12
OTm_total,7.5,12,11,11
OTm_total,7.5,10,10,10
OTm_total,7.5,9,9,9
OTm_total,7.5,8,8,8
OTm_total,7.5,7,7,7
OTm_total,7.5,6,6,6
OTm_total,7.5,5,5,5
OTm_total,7.5,4,4,4
OTm_total,7.5,3,3,3
OTm_total,7.5,2,0,2
OTm_total,7.75,19,16,16
OTm_total,7.75,17,15,15
OTm_total,7.75,15,14,14
OTm_total,7.75,14,13,13
OTm_total,7.75,12,12,12
OTm_total,7.75,11,11,11
OTm_total,7.75,10,10,10
OTm_total,7.75,9,9,9
OTm_total,7.75,8,8,8
OTm_total,7.75,7,7,7
OTm_total,7.75,6,6,6
OTm_total,7.75,5,5,5
OTm_total,7.75,4,4,4
OTm_total,7.75,3,3,3
OTm_total,7.75,1,0,2
OTm_total,8,18,16,16
OTm_total,8,16,15,15
OTm_total,8,15,14,14
OTm_total,8,13,13,13
OTm_total,8,12,12,12
OTm_total,8,11,11,11
OTm_total,8,10,10,10
OTm_total,8,9,9,9
OTm_total,8,8,8,8
OTm_total,8,7,7,7
OTm_total,8,6,6,6
OTm_total,8,5,5,5
OTm_total,8,3,4,4
OTm_total,8,2,3,3
OTm_total,8,1,0,2
OTm_total,8.25,18,16,16
OTm_total,8.25,16,15,15
OTm_total,8.25,15,14,14
OTm_total,8.25,13,13,13
OTm_total,8.25,12,12,12
OTm_total,8.25,11,11,11
OTm_total,8.25,10,10,10
OTm_total,8.25,9,9,9
OTm_total,8.25,8,8,8
OTm_total,8.25,6,7,7
OTm_total,8.25,5,6,6
OTm_total,8.25,4,5,5
OTm_total,8.25,3,4,4
OTm_total,8.25,2,3,3
OTm_total,8.25,1,0,2
OTm_total,8.5,18,16,16
OTm_total,8.5,16,15,15
OTm_total,8.5,14,14,14
OTm_total,8.5,13,13,13
OTm_total,8.5,12,12,12
OTm_total,8.5,10,11,11
OTm_total,8.5,9,10,10
OTm_total,8.5,8,9,9
OTm_total,8.5,7,8,8
OTm_total,8.5,6,7,7
OTm_total,8.5,5,6,6
OTm_total,8.5,4,5,5
OTm_total,8.5,3,4,4
OTm_total,8.5,2,0,3
OTm_total,8.75,18,16,16
OTm_total,8.75,16,15,15
OTm_total,8.75,14,14,14
OTm_total,8.75,13,13,13
OTm_total,8.75,11,12,12
OTm_total,8.75,10,11,11
OTm_total,8.75,9,10,10
OTm_total,8.75,8,9,9
OTm_total,8.75,7,8,8
OTm_total,8.75,6,7,7
OTm_total,8.75,5,6,6
OTm_total,8.75,4,5,5
OTm_total,8.75,3,4,4
OTm_total,8.75,1,0,3
OTm_total,9,18,16,16
OTm_total,9,15,15,15
OTm_total,9,14,14,14
OTm_total,9,12,13,13
OTm_total,9,11,12,12
OTm_total,9,10,11,11
OTm_total,9,9,10,10
OTm_total,9,8,9,9
OTm_total,9,7,8,8
OTm_total,9,6,7,7
OTm_total,9,5,6,6
OTm_total,9,4,5,5
OTm_total,9,2,4,4
OTm_total,9,1,0,3
OTm_total,9.25,18,16,16
OTm_total,9.25,15,15,15
OTm_total,9.25,13,14,14
OTm_total,9.25,12,13,13
OTm_total,9.25,11,12,12
OTm_total,9.25,10,11,11
OTm_total,9.25,9,10,10
OTm_total,9.25,8,9,9
OTm_total,9.25,6,8,8
OTm_total,9.25,5,7,7
OTm_total,9.25,4,6,6
OTm_total,9.25,3,5,5
OTm_total,9.25,2,4,4
OTm_total,9.25,1,0,3
OTm_total,9.5,18,16,16
OTm_total,9.5,15,15,15
OTm_total,9.5,13,14,14
OTm_total,9.5,12,13,13
OTm_total,9.5,11,12,12
OTm_total,9.5,10,11,11
OTm_total,9.5,8,10,10
OTm_total,9.5,7,9,9
OTm_total,9.5,6,8,8
OTm_total,9.5,5,7,7
OTm_total,9.5,4,6,6
OTm_total,9.5,3,5,5
OTm_total,9.5,2,4,4
OTm_total,9.5,1,0,3
OTm_total,9.75,18,16,16
OTm_total,9.75,15,15,15
OTm_total,9.75,13,14,14
OTm_total,9.75,12,13,13
OTm_total,9.75,10,12,12
OTm_total,9.75,9,11,11
OTm_total,9.75,8,10,10
OTm_total,9.75,7,9,9
OTm_total,9.75,6,8,8
OTm_total,9.75,5,7,7
OTm_total,9.75,4,6,6
OTm_total,9.75,3,5,5
OTm_total,9.75,2,0,4
OTm_total,10,17,16,16
OTm_total,10,14,15,15
OTm_total,10,13,14,14
OTm_total,10,11,13,13
OTm_total,10,10,12,12
OTm_total,10,9,11,11
OTm_total,10,8,10,10
OTm_total,10,7,9,9
OTm_total,10,6,8,8
OTm_total,10,5,7,7
OTm_total,10,4,6,6
OTm_total,10,2,5,5
OTm_total,10,1,0,4
OTm_total,10.25,17,16,16
OTm_total,10.25,14,15,15
OTm_total,10.25,12,14,14
OTm_total,10.25,11,13,13
OTm_total,10.25,10,12,12
OTm_total,10.25,9,11,11
OTm_total,10.25,8,10,10
OTm_total,10.25,7,9,9
OTm_total,10.25,5,8,8
OTm_total,10.25,4,7,7
OTm_total,10.25,3,6,6
OTm_total,10.25,2,5,5
OTm_total,10.25,1,0,4
OTm_total,10.5,17,16,16
OTm_total,10.5,14,15,15
OTm_total,10.5,12,14,14
OTm_total,10.5,11,13,13
OTm_total,10.5,10,12,12
OTm_total,10.5,9,11,11
OTm_total,10.5,7,10,10
OTm_total,10.5,6,9,9
OTm_total,10.5,5,8,8
OTm_total,10.5,4,7,7
OTm_total,10.5,3,6,6
OTm_total,10.5,2,5,5
OTm_total,10.5,1,0,4
OTm_total,10.75,17,16,16
OTm_total,10.75,14,15,15
OTm_total,10.75,12,14,14
OTm_total,10.75,11,13,13
OTm_total,10.75,10,12,12
OTm_total,10.75,8,11,11
OTm_total,10.75,7,10,10
OTm_total,10.75,6,9,9
OTm_total,10.75,5,8,8
OTm_total,10.75,4,7,7
OTm_total,10.75,3,6,6
OTm_total,10.75,2,5,5
OTm_total,10.75,1,0,4
OTm_total,11,16,16,16
OTm_total,11,13,15,15
OTm_total,11,12,14,14
OTm_total,11,10,13,13
OTm_total,11,9,12,12
OTm_total,11,8,11,11
OTm_total,11,7,10,10
OTm_total,11,6,9,9
OTm_total,11,5,8,8
OTm_total,11,4,7,7
OTm_total,11,3,6,6
OTm_total,11,2,0,5
OTm_total,11.25,16,16,16
OTm_total,11.25,13,15,15
OTm_total,11.25,11,14,14
OTm_total,11.25,10,13,13
OTm_total,11.25,9,12,12
OTm_total,11.25,8,11,11
OTm_total,11.25,7,10,10
OTm_total,11.25,6,9,9
OTm_total,11.25,4,8,8
OTm_total,11.25,3,7,7
OTm_total,11.25,2,6,6
OTm_total,11.25,1,0,5
OTm_total,11.5,16,16,16
OTm_total,11.5,13,15,15
OTm_total,11.5,11,14,14
OTm_total,11.5,10,13,13
OTm_total,11.5,9,12,12
OTm_total,11.5,8,11,11
OTm_total,11.5,6,10,10
OTm_total,11.5,5,9,9
OTm_total,11.5,4,8,8
OTm_total,11.5,3,7,7
OTm_total,11.5,2,6,6
OTm_total,11.5,1,0,5
OTm_total,11.75,16,16,16
OTm_total,11.75,13,15,15
OTm_total,11.75,11,14,14
OTm_total,11.75,10,13,13
OTm_total,11.75,9,12,12
OTm_total,11.75,7,11,11
OTm_total,11.75,6,10,10
OTm_total,11.75,5,9,9
OTm_total,11.75,4,8,8
OTm_total,11.75,3,7,7
OTm_total,11.75,2,6,6
OTm_total,11.75,1,0,5
OTm_total,12,15,16,16
OTm_total,12,12,15,15
OTm_total,12,11,14,14
OTm_total,12,10,13,13
OTm_total,12,8,12,12
OTm_total,12,7,11,11
OTm_total,12,6,10,10
OTm_total,12,5,9,9
OTm_total,12,4,8,8
OTm_total,12,3,7,7
OTm_total,12,2,6,6
OTm_total,12,1,0,5
PercDevAbs_TR_10,6,19,0,0.1251446475724931
PercDevAbs_TR_10,6,18,0.1251446475724931,0.37697743782517656
PercDevAbs_TR_10,6,17,0.37697743782517656,0.9170286179327465
PercDevAbs_TR_10,6,16,0.9170286179327465,1.9245989601565632
PercDevAbs_TR_10,6,15,1.9245989601565632,3.630008804859944
PercDevAbs_TR_10,6,14,3.630008804859944,6.31681437814346
PercDevAbs_TR_10,6,13,6.31681437814346,10.324143087778166
PercDevAbs_TR_10,6,12,10.324143087778166,16.049578473128403
PercDevAbs_TR_10,6,11,16.049578473128403,23.951092445730577
PercDevAbs_TR_10,6,10,23.951092445730577,34.548053433796376
PercDevAbs_TR_10,6,9,34.548053433796376,48.42367709842707
PercDevAbs_TR_10,6,8,48.42367709842707,66.22531303208996
PercDevAbs_TR_10,6,7,66.22531303208996,88.66983881964583
PercDevAbs_TR_10,6,6,88.66983881964583,116.5404203114102
PercDevAbs_TR_10,6,5,116.5404203114102,150.68808082135672
PercDevAbs_TR_10,6,4,150.68808082135672,192.02415463063613
PercDevAbs_TR_10,6,3,192.02415463063613,241.57358678904382
PercDevAbs_TR_10,6,2,241.57358678904382,300.3970355804064
PercDevAbs_TR_10,6,1,300.3970355804064,Inf
PercDevAbs_TR_10,6.25,19,0,0.11034918298257314
PercDevAbs_TR_10,6.25,18,0.11034918298257314,0.3400537391416595
PercDevAbs_TR_10,6.25,17,0.3400537391416595,0.8401473262690131
PercDevAbs_TR_10,6.25,16,0.8401473262690131,1.7828623894545297
PercDevAbs_TR_10,6.25,15,1.7828623894545297,3.390379358073205
PercDevAbs_TR_10,6.25,14,3.390379358073205,5.937075084798575
PercDevAbs_TR_10,6.25,13,5.937075084798575,9.75183533342333
PercDevAbs_TR_10,6.25,12,9.75183533342333,15.220896266700212
PercDevAbs_TR_10,6.25,11,15.220896266700212,22.789763683439112
PercDevAbs_TR_10,6.25,10,22.789763683439112,32.964244922642024
PercDevAbs_TR_10,6.25,9,32.964244922642024,46.312847735742864
PercDevAbs_TR_10,6.25,8,46.312847735742864,63.467099525091115
PercDevAbs_TR_10,6.25,7,63.467099525091115,85.12678861785508
PercDevAbs_TR_10,6.25,6,85.12678861785508,112.05687202281226
PercDevAbs_TR_10,6.25,5,112.05687202281226,145.08902310382166
PercDevAbs_TR_10,6.25,4,145.08902310382166,185.11432419303748
PercDevAbs_TR_10,6.25,3,185.11432419303748,233.13496183418624
PercDevAbs_TR_10,6.25,2,233.13496183418624,290.1887403411288
PercDevAbs_TR_10,6.25,1,290.1887403411288,Inf
PercDevAbs_TR_10,6.5,19,0,0.09715642324893752
PercDevAbs_TR_10,6.5,18,0.09715642324893752,0.30646068622948175
PercDevAbs_TR_10,6.5,17,0.30646068622948175,0.7692654451299378
PercDevAbs_TR_10,6.5,16,0.7692654451299378,1.6509663856527335
PercDevAbs_TR_10,6.5,15,1.6509663856527335,3.1658579807320337
PercDevAbs_TR_10,6.5,14,3.1658579807320337,5.579409386883884
PercDevAbs_TR_10,6.5,13,5.579409386883884,9.210555392374506
PercDevAbs_TR_10,6.5,12,9.210555392374506,14.43449577690517
PercDevAbs_TR_10,6.5,11,14.43449577690517,21.68460168859682
PercDevAbs_TR_10,6.5,10,21.68460168859682,31.453469667892215
PercDevAbs_TR_10,6.5,9,31.453469667892215,44.2952705159675
PercDevAbs_TR_10,6.5,8,44.2952705159675,60.82609939897976
PercDevAbs_TR_10,6.5,7,60.82609939897976,81.72906943473095
PercDevAbs_TR_10,6.5,6,81.72906943473095,107.75136125738746
PercDevAbs_TR_10,6.5,5,107.75136125738746,139.70574951632105
PercDevAbs_TR_10,6.5,4,139.70574951632105,178.4635271468045
PercDevAbs_TR_10,6.5,3,178.4635271468045,225.00464695860796
PercDevAbs_TR_10,6.5,2,225.00464695860796,280.344568695054
PercDevAbs_TR_10,6.5,1,280.344568695054,Inf
PercDevAbs_TR_10,6.75,19,0,0.08541034878341432
PercDevAbs_TR_10,6.75,18,0.08541034878341432,0.27592502244814765
PercDevAbs_TR_10,6.75,17,0.27592502244814765,0.7039499598850243
PercDevAbs_TR_10,6.75,16,0.7039499598850243,1.5282684372972968
PercDevAbs_TR_10,6.75,15,1.5282684372972968,2.9555354631126787
PercDevAbs_TR_10,6.75,14,2.9555354631126787,5.242576559029004
PercDevAbs_TR_10,6.75,13,5.242576559029004,8.698658254026364
PercDevAbs_TR_10,6.75,12,8.698658254026364,13.688246581361291
PercDevAbs_TR_10,6.75,11,13.688246581361291,20.63290073280602
PercDevAbs_TR_10,6.75,10,20.63290073280602,30.012347642746043
PercDevAbs_TR_10,6.75,9,30.012347642746043,42.36678261687592
PercDevAbs_TR_10,6.75,8,42.36678261687592,58.29724869806462
PercDevAbs_TR_10,6.75,7,58.29724869806462,78.47058748258608
PercDevAbs_TR_10,6.75,6,78.47058748258608,103.61662502898085
PercDevAbs_TR_10,6.75,5,103.61662502898085,134.5296775246378
PercDevAbs_TR_10,6.75,4,134.5296775246378,172.0616999979756
PercDevAbs_TR_10,6.75,3,172.0616999979756,217.17092346470844
PercDevAbs_TR_10,6.75,2,217.17092346470844,270.85096049215366
PercDevAbs_TR_10,6.75,1,270.85096049215366,Inf
PercDevAbs_TR_10,7,19,0,0.07496830017415038
PercDevAbs_TR_10,7,18,0.07496830017415038,0.24819374084476847
PercDevAbs_TR_10,7,17,0.24819374084476847,0.6437968113893623
PercDevAbs_TR_10,7,16,0.6437968113893623,1.414165703567718
PercDevAbs_TR_10,7,15,1.414165703567718,2.758555191519052
PercDevAbs_TR_10,7,14,2.758555191519052,4.925403819351606
PercDevAbs_TR_10,7,13,4.925403819351606,8.214584847113462
PercDevAbs_TR_10,7,12,8.214584847113462,12.980125080862987
PercDevAbs_TR_10,7,11,12.980125080862987,19.632085934238383
PercDevAbs_TR_10,7,10,19.632085934238383,28.63765708931684
PercDevAbs_TR_10,7,9,28.63765708931684,40.52341057684846
PercDevAbs_TR_10,7,8,40.52341057684846,55.87570786683213
PercDevAbs_TR_10,7,7,55.87570786683213,75.34551265503202
PercDevAbs_TR_10,7,6,75.34551265503202,99.6457078561217
PercDevAbs_TR_10,7,5,99.6457078561217,129.5525807729204
PercDevAbs_TR_10,7,4,129.5525807729204,165.89918926229535
PercDevAbs_TR_10,7,3,165.89918926229535,209.62254202051543
PercDevAbs_TR_10,7,2,209.62254202051543,261.6948901621645
PercDevAbs_TR_10,7,1,261.6948901621645,Inf
PercDevAbs_TR_10,7.25,19,0,0.06569996231249556
PercDevAbs_TR_10,7.25,18,0.06569996231249556,0.22303266509025538
PercDevAbs_TR_10,7.25,17,0.22303266509025538,0.5884289871252933
PercDevAbs_TR_10,7.25,16,0.5884289871252933,1.308092538674532
PercDevAbs_TR_10,7.25,15,1.308092538674532,2.574110039480535
PercDevAbs_TR_10,7.25,14,2.574110039480535,4.626782538599391
PercDevAbs_TR_10,7.25,13,4.626782538599391,7.756857543680415
PercDevAbs_TR_10,7.25,12,7.756857543680415,12.30820930947933
PercDevAbs_TR_10,7.25,11,12.30820930947933,18.67970742863193
PercDevAbs_TR_10,7.25,10,18.67970742863193,27.32632815831046
PercDevAbs_TR_10,7.25,9,27.32632815831046,38.76136357375965
PercDevAbs_TR_10,7.25,8,38.76136357375965,53.55685491138519
PercDevAbs_TR_10,7.25,7,53.55685491138519,72.34827189749495
PercDevAbs_TR_10,7.25,6,72.34827189749495,95.83195576193619
PercDevAbs_TR_10,7.25,5,95.83195576193619,124.76658423797817
PercDevAbs_TR_10,7.25,4,124.76658423797817,159.96674841401216
PercDevAbs_TR_10,7.25,3,159.96674841401216,202.3487221717935
PercDevAbs_TR_10,7.25,2,202.3487221717935,252.86386969708235
PercDevAbs_TR_10,7.25,1,252.86386969708235,Inf
PercDevAbs_TR_10,7.5,19,0,0.057486430709337615
PercDevAbs_TR_10,7.5,18,0.057486430709337615,0.20022514544046377
PercDevAbs_TR_10,7.5,17,0.20022514544046377,0.5374947585265597
PercDevAbs_TR_10,7.5,16,0.5374947585265597,1.209518184636235
PercDevAbs_TR_10,7.5,15,1.209518184636235,2.4014394298195576
PercDevAbs_TR_10,7.5,14,2.4014394298195576,4.345664588748484
PercDevAbs_TR_10,7.5,13,4.345664588748484,7.324075719593315
PercDevAbs_TR_10,7.5,12,7.324075719593315,11.670673645663424
PercDevAbs_TR_10,7.5,11,11.670673645663424,17.773434188419724
PercDevAbs_TR_10,7.5,10,17.773434188419724,26.075435818159598
PercDevAbs_TR_10,7.5,9,26.075435818159598,37.077025436569926
PercDevAbs_TR_10,7.5,8,37.077025436569926,51.33627656259465
PercDevAbs_TR_10,7.5,7,51.33627656259465,69.47353961391704
PercDevAbs_TR_10,7.5,6,69.47353961391704,92.16900606585233
PercDevAbs_TR_10,7.5,5,92.16900606585233,120.16415360365997
PercDevAbs_TR_10,7.5,4,120.16415360365997,154.25552710353304
PercDevAbs_TR_10,7.5,3,154.25552710353304,195.33914173370863
PercDevAbs_TR_10,7.5,2,195.33914173370863,244.34593862461514
PercDevAbs_TR_10,7.5,1,244.34593862461514,Inf
PercDevAbs_TR_10,7.75,19,0,0.05021933386449881
PercDevAbs_TR_10,7.75,18,0.05021933386449881,0.17957081602552943
PercDevAbs_TR_10,7.75,17,0.17957081602552943,0.490665969525946
PercDevAbs_TR_10,7.75,16,0.490665969525946,1.1179444841487296
PercDevAbs_TR_10,7.75,15,1.1179444841487296,2.239826359081876
PercDevAbs_TR_10,7.75,14,2.239826359081876,4.081058564394266
PercDevAbs_TR_10,7.75,13,4.081058564394266,6.914911061818531
PercDevAbs_TR_10,7.75,12,6.914911061818531,11.065783103805067
PercDevAbs_TR_10,7.75,11,11.065783103805067,16.911047212722657
PercDevAbs_TR_10,7.75,10,16.911047212722657,24.882191880236988
PercDevAbs_TR_10,7.75,9,24.882191880236988,35.46694547211422
PercDevAbs_TR_10,7.75,8,35.46694547211422,49.20975790772846
PercDevAbs_TR_10,7.75,7,49.20975790772846,66.7162261507823
PercDevAbs_TR_10,7.75,6,66.7162261507823,88.6507748197227
PercDevAbs_TR_10,7.75,5,88.6507748197227,115.7380818089976
PercDevAbs_TR_10,7.75,4,115.7380818089976,148.75705704588202
PercDevAbs_TR_10,7.75,3,148.75705704588202,188.58392232442114
PercDevAbs_TR_10,7.75,2,188.58392232442114,236.12964957702656
PercDevAbs_TR_10,7.75,1,236.12964957702656,Inf
PercDevAbs_TR_10,8,19,0,0.0438001361874758
PercDevAbs_TR_10,8,18,0.0438001361874758,0.1608847374361777
PercDevAbs_TR_10,8,17,0.1608847374361777,0.44763701919535737
PercDevAbs_TR_10,8,16,0.44763701919535737,1.0329046771022408
PercDevAbs_TR_10,8,15,1.0329046771022408,2.088595918403077
PercDevAbs_TR_10,8,14,2.088595918403077,3.8320278415182147
PercDevAbs_TR_10,8,13,3.8320278415182147,6.528104847196774
PercDevAbs_TR_10,8,12,6.528104847196774,10.491889347222681
PercDevAbs_TR_10,8,11,10.491889347222681,16.090433582654004
PercDevAbs_TR_10,8,10,16.090433582654004,23.743936158775988
PercDevAbs_TR_10,8,9,23.743936158775988,33.9278255048668
PercDevAbs_TR_10,8,8,33.9278255048668,47.17326375600338
PercDevAbs_TR_10,8,7,47.17326375600338,64.07145156035733
PercDevAbs_TR_10,8,6,64.07145156035733,85.27142062228634
PercDevAbs_TR_10,8,5,85.27142062228634,111.48144010354132
PercDevAbs_TR_10,8,4,111.48144010354132,143.46318699999946
PercDevAbs_TR_10,8,3,143.46318699999946,182.07354437998166
PercDevAbs_TR_10,8,2,182.07354437998166,228.20395884806214
PercDevAbs_TR_10,8,1,228.20395884806214,Inf
PercDevAbs_TR_10,8.25,19,0,0.03813939790730874
PercDevAbs_TR_10,8.25,18,0.03813939790730874,0.14399639935203884
PercDevAbs_TR_10,8.25,17,0.14399639935203884,0.4081235613486525
PercDevAbs_TR_10,8.25,16,0.4081235613486525,0.953961738455958
PercDevAbs_TR_10,8.25,15,0.953961738455958,1.947113172863292
PercDevAbs_TR_10,8.25,14,1.947113172863292,3.597687842757624
PercDevAbs_TR_10,8.25,13,3.597687842757624,6.1624643585965515
PercDevAbs_TR_10,8.25,12,6.1624643585965515,9.947425918928614
PercDevAbs_TR_10,8.25,11,9.947425918928614,15.309580046323884
PercDevAbs_TR_10,8.25,10,15.309580046323884,22.658127801946428
PercDevAbs_TR_10,8.25,9,22.658127801946428,32.456508173364284
PercDevAbs_TR_10,8.25,8,32.456508173364284,45.22292292178357
PercDevAbs_TR_10,8.25,7,45.22292292178357,61.53452466729588
PercDevAbs_TR_10,8.25,6,61.53452466729588,82.0253170144347
PercDevAbs_TR_10,8.25,5,82.0253170144347,107.3875420378695
PercDevAbs_TR_10,8.25,4,107.3875420378695,138.36603631688254
PercDevAbs_TR_10,8.25,3,138.36603631688254,175.7987878785989
PercDevAbs_TR_10,8.25,2,175.7987878785989,220.55815154829014
PercDevAbs_TR_10,8.25,1,220.55815154829014,Inf
PercDevAbs_TR_10,8.5,19,0,0.03315602517798308
PercDevAbs_TR_10,8.5,18,0.03315602517798308,0.12874864016423457
PercDevAbs_TR_10,8.5,17,0.12874864016423457,0.371861002463648
PercDevAbs_TR_10,8.5,16,0.371861002463648,0.8807063641223815
PercDevAbs_TR_10,8.5,15,0.8807063641223815,1.814780536381004
PercDevAbs_TR_10,8.5,14,1.814780536381004,3.377202689966733
PercDevAbs_TR_10,8.5,13,3.377202689966733,5.816858688942929
PercDevAbs_TR_10,8.5,12,5.816858688942929,9.430903053726901
PercDevAbs_TR_10,8.5,11,9.430903053726901,14.566566675966868
PercDevAbs_TR_10,8.5,10,14.566566675966868,21.622337608928966
PercDevAbs_TR_10,8.5,9,21.622337608928966,31.049967697417525
PercDevAbs_TR_10,8.5,8,31.049967697417525,43.35501720475198
PercDevAbs_TR_10,8.5,7,43.35501720475198,59.10092999412491
PercDevAbs_TR_10,8.5,6,59.10092999412491,78.90703704914716
PercDevAbs_TR_10,8.5,5,78.90703704914716,103.4499253410451
PercDevAbs_TR_10,8.5,4,103.4499253410451,133.45797374918516
PercDevAbs_TR_10,8.5,3,133.45797374918516,169.7507076625304
PercDevAbs_TR_10,8.5,2,169.7507076625304,213.18181297433554
PercDevAbs_TR_10,8.5,1,213.18181297433554,Inf
PercDevAbs_TR_10,8.75,19,0,0.02877658989275809
PercDevAbs_TR_10,8.75,18,0.02877658989275809,0.1149966867006545
PercDevAbs_TR_10,8.75,17,0.1149966867006545,0.3386032082179807
PercDevAbs_TR_10,8.75,16,0.3386032082179807,0.8127553180406784
PercDevAbs_TR_10,8.75,15,0.8127553180406784,1.6910357589034444
PercDevAbs_TR_10,8.75,14,1.6910357589034444,3.169782861617042
PercDevAbs_TR_10,8.75,13,3.169782861617042,5.4902161360057535
PercDevAbs_TR_10,8.75,12,5.4902161360057535,8.940904921915608
PercDevAbs_TR_10,8.75,11,8.940904921915608,13.859564123964606
PercDevAbs_TR_10,8.75,10,13.859564123964606,20.634245521323525
PercDevAbs_TR_10,8.75,9,20.634245521323525,29.705307895542475
PercDevAbs_TR_10,8.75,8,29.705307895542475,41.56598029960351
PercDevAbs_TR_10,8.75,7,41.56598029960351,56.7663280134722
PercDevAbs_TR_10,8.75,6,56.7663280134722,75.91135542887054
PercDevAbs_TR_10,8.75,5,75.91135542887054,99.66235658660452
PercDevAbs_TR_10,8.75,4,99.66235658660452,128.7316253979078
PercDevAbs_TR_10,8.75,3,128.7316253979078,163.92064553859763
PercDevAbs_TR_10,8.75,2,163.92064553859763,206.06484586323066
PercDevAbs_TR_10,8.75,1,206.06484586323066,Inf
PercDevAbs_TR_10,9,19,0,0.02493471461311323
PercDevAbs_TR_10,9,18,0.02493471461311323,0.10260730404296509
PercDevAbs_TR_10,9,17,0.10260730404296509,0.30812138550710977
PercDevAbs_TR_10,9,16,0.30812138550710977,0.7497500409503358
PercDevAbs_TR_10,9,15,0.7497500409503358,1.5753502788581888
PercDevAbs_TR_10,9,14,1.5753502788581888,2.974683327775815
PercDevAbs_TR_10,9,13,2.974683327775815,5.1815221819582025
PercDevAbs_TR_10,9,12,5.1815221819582025,8.47608754036711
PercDevAbs_TR_10,9,11,8.47608754036711,13.186831578933035
PercDevAbs_TR_10,9,10,13.186831578933035,19.691638765874373
PercDevAbs_TR_10,9,9,19.691638765874373,28.419760685598206
PercDevAbs_TR_10,9,8,28.419760685598206,39.85239685692319
PercDevAbs_TR_10,9,7,39.85239685692319,54.526555004062
PercDevAbs_TR_10,9,6,54.526555004062,73.03324942535768
PercDevAbs_TR_10,9,5,73.03324942535768,96.01883348009216
PercDevAbs_TR_10,9,4,96.01883348009216,124.17987870746315
PercDevAbs_TR_10,9,3,124.17987870746315,158.30023635965773
PercDevAbs_TR_10,9,2,158.30023635965773,199.19747897789188
PercDevAbs_TR_10,9,1,199.19747897789188,Inf
PercDevAbs_TR_10,9.25,19,0,0.021570455500606964
PercDevAbs_TR_10,9.25,18,0.021570455500606964,0.09145786946486302
PercDevAbs_TR_10,9.25,17,0.09145786946486302,0.28020274406873363
PercDevAbs_TR_10,9.25,16,0.28020274406873363,0.6913548180367661
PercDevAbs_TR_10,9.25,15,0.6913548180367661,1.467226847259576
PercDevAbs_TR_10,9.25,14,1.467226847259576,2.791200628572482
PercDevAbs_TR_10,9.25,13,2.791200628572482,4.889816090012044
PercDevAbs_TR_10,9.25,12,4.889816090012044,8.035175037209202
PercDevAbs_TR_10,9.25,11,8.035175037209202,12.546712955653991
PercDevAbs_TR_10,9.25,10,12.546712955653991,18.792408356442298
PercDevAbs_TR_10,9.25,9,18.792408356442298,27.19068343814542
PercDevAbs_TR_10,9.25,8,27.19068343814542,38.21100140344085
PercDevAbs_TR_10,9.25,7,38.21100140344085,52.377624454247965
PercDevAbs_TR_10,9.25,6,52.377624454247965,70.2679039085659
PercDevAbs_TR_10,9.25,5,70.2679039085659,92.51359490659905
PercDevAbs_TR_10,9.25,4,92.51359490659905,119.7958992005341
PercDevAbs_TR_10,9.25,3,119.7958992005341,152.8814334249901
PercDevAbs_TR_10,9.25,2,152.8814334249901,192.57030348136496
PercDevAbs_TR_10,9.25,1,192.57030348136496,Inf
PercDevAbs_TR_10,9.5,19,0,0.018629706756481013
PercDevAbs_TR_10,9.5,18,0.018629706756481013,0.08143542187050914
PercDevAbs_TR_10,9.5,17,0.08143542187050914,0.25464902163757797
PercDevAbs_TR_10,9.5,16,0.25464902163757797,0.6372546212145977
PercDevAbs_TR_10,9.5,15,0.6372546212145977,1.3661965677653314
PercDevAbs_TR_10,9.5,14,1.3661965677653314,2.6186690656044123
PercDevAbs_TR_10,9.5,13,2.6186690656044123,4.614186312013531
PercDevAbs_TR_10,9.5,12,4.614186312013531,7.6169544933180555
PercDevAbs_TR_10,9.5,11,7.6169544933180555,11.937631585134536
PercDevAbs_TR_10,9.5,10,11.937631585134536,17.93454429063724
PercDevAbs_TR_10,9.5,9,17.93454429063724,26.015555629109755
PercDevAbs_TR_10,9.5,8,26.015555629109755,36.63867774127978
PercDevAbs_TR_10,9.5,7,36.63867774127978,50.315730891460376
PercDevAbs_TR_10,9.5,6,50.315730891460376,67.61072173547966
PercDevAbs_TR_10,9.5,5,67.61072173547966,89.1411405076613
PercDevAbs_TR_10,9.5,4,89.1411405076613,115.5731624230591
PercDevAbs_TR_10,9.5,3,115.5731624230591,147.65655659520195
PercDevAbs_TR_10,9.5,2,147.65655659520195,186.17434169072425
PercDevAbs_TR_10,9.5,1,186.17434169072425,Inf
PercDevAbs_TR_10,9.75,19,0,0.016063676030803366
PercDevAbs_TR_10,9.75,18,0.016063676030803366,0.07243583207290802
PercDevAbs_TR_10,9.75,17,0.07243583207290802,0.23127517967983788
PercDevAbs_TR_10,9.75,16,0.23127517967983788,0.5871531541006063
PercDevAbs_TR_10,9.75,15,0.5871531541006063,1.271816138749661
PercDevAbs_TR_10,9.75,14,1.271816138749661,2.4564570475954666
PercDevAbs_TR_10,9.75,13,2.4564570475954666,4.353765942143176
PercDevAbs_TR_10,9.75,12,4.353765942143176,7.220270649379504
PercDevAbs_TR_10,9.75,11,7.220270649379504,11.358084506917605
PercDevAbs_TR_10,9.75,10,11.358084506917605,17.116129994104057
PercDevAbs_TR_10,9.75,9,17.116129994104057,24.89197428781656
PercDevAbs_TR_10,9.75,8,24.89197428781656,35.13245658853554
PercDevAbs_TR_10,9.75,7,35.13245658853554,48.33725129548185
PercDevAbs_TR_10,9.75,6,48.33725129548185,65.05733096275762
PercDevAbs_TR_10,9.75,5,65.05733096275762,85.89624622322226
PercDevAbs_TR_10,9.75,4,85.89624622322226,111.50548090355983
PercDevAbs_TR_10,9.75,3,111.50548090355983,142.6183343877113
PercDevAbs_TR_10,9.75,2,142.6183343877113,180.0011087074568
PercDevAbs_TR_10,9.75,1,180.0011087074568,Inf
PercDevAbs_TR_10,10,19,0,0.013828520478703824
PercDevAbs_TR_10,10,18,0.013828520478703824,0.06436340868870177
PercDevAbs_TR_10,10,17,0.06436340868870177,0.20990902357690105
PercDevAbs_TR_10,10,16,0.20990902357690105,0.5407725229938793
PercDevAbs_TR_10,10,15,0.5407725229938793,1.1836675806942973
PercDevAbs_TR_10,10,14,1.1836675806942973,2.303966822876486
PercDevAbs_TR_10,10,13,2.303966822876486,4.107732320392442
PercDevAbs_TR_10,10,12,4.107732320392442,6.844025136699306
PercDevAbs_TR_10,10,11,6.844025136699306,10.80664094599913
PercDevAbs_TR_10,10,10,10.80664094599913,16.3353394956135
PercDevAbs_TR_10,10,9,16.3353394956135,23.81764912536113
PercDevAbs_TR_10,10,8,23.81764912536113,33.68950768802263
PercDevAbs_TR_10,10,7,33.68950768802263,46.43873295395581
PercDevAbs_TR_10,10,6,46.43873295395581,62.60356692198599
PercDevAbs_TR_10,10,5,62.60356692198599,82.77393873263983
PercDevAbs_TR_10,10,4,82.77393873263983,107.58696874709952
PercDevAbs_TR_10,10,3,107.58696874709952,137.75985610611772
PercDevAbs_TR_10,10,2,137.75985610611772,174.04254903349374
PercDevAbs_TR_10,10,1,174.04254903349374,Inf
PercDevAbs_TR_10,10.25,19,0,0.011884965401855197
PercDevAbs_TR_10,10.25,18,0.011884965401855197,0.05713043263942444
PercDevAbs_TR_10,10.25,17,0.05713043263942444,0.19039067085573766
PercDevAbs_TR_10,10.25,16,0.19039067085573766,0.49785264988797184
PercDevAbs_TR_10,10.25,15,0.49785264988797184,1.101357579988715
PercDevAbs_TR_10,10.25,14,1.101357579988715,2.160633692577869
PercDevAbs_TR_10,10.25,13,2.160633692577869,3.8753059843561326
PercDevAbs_TR_10,10.25,12,3.8753059843561326,6.487174944685286
PercDevAbs_TR_10,10.25,11,6.487174944685286,10.281939957237938
PercDevAbs_TR_10,10.25,10,10.281939957237938,15.590433769088627
PercDevAbs_TR_10,10.25,9,15.590433769088627,22.79039692869944
PercDevAbs_TR_10,10.25,8,22.79039692869944,32.3071314152735
PercDevAbs_TR_10,10.25,7,32.3071314152735,44.616881225707274
PercDevAbs_TR_10,10.25,6,44.616881225707274,60.24545483152218
PercDevAbs_TR_10,10.25,5,60.24545483152218,79.76947133150367
PercDevAbs_TR_10,10.25,4,79.76947133150367,103.81200888971918
PercDevAbs_TR_10,10.25,3,103.81200888971918,133.07452824181883
PercDevAbs_TR_10,10.25,2,133.07452824181883,168.29097952409342
PercDevAbs_TR_10,10.25,1,168.29097952409342,Inf
PercDevAbs_TR_10,10.5,19,0,0.01019791341996688
PercDevAbs_TR_10,10.5,18,0.01019791341996688,0.05065662498183903
PercDevAbs_TR_10,10.5,17,0.05065662498183903,0.17257185498225927
PercDevAbs_TR_10,10.5,16,0.17257185498225927,0.45815038135892905
PercDevAbs_TR_10,10.5,15,0.45815038135892905,1.0245163561946993
PercDevAbs_TR_10,10.5,14,1.0245163561946993,2.02592456121752
PercDevAbs_TR_10,10.5,13,2.02592456121752,3.6557487882375215
PercDevAbs_TR_10,10.5,12,3.6557487882375215,6.148729942002793
PercDevAbs_TR_10,10.5,11,6.148729942002793,9.78268711915375
PercDevAbs_TR_10,10.5,10,9.78268711915375,14.879756295049479
PercDevAbs_TR_10,10.5,9,14.879756295049479,21.80813559648544
PercDevAbs_TR_10,10.5,8,21.80813559648544,30.982750794222383
PercDevAbs_TR_10,10.5,7,30.982750794222383,42.86854892656204
PercDevAbs_TR_10,10.5,6,42.86854892656204,57.979195813885404
PercDevAbs_TR_10,10.5,5,57.979195813885404,76.87830569912477
PercDevAbs_TR_10,10.5,4,76.87830569912477,100.17522957848828
PercDevAbs_TR_10,10.5,3,100.17522957848828,128.55604445267554
PercDevAbs_TR_10,10.5,2,128.55604445267554,162.73905146455564
PercDevAbs_TR_10,10.5,1,162.73905146455564,Inf
PercDevAbs_TR_10,10.75,19,0,0.008736078415344439
PercDevAbs_TR_10,10.75,18,0.008736078415344439,0.044868648973202765
PercDevAbs_TR_10,10.75,17,0.044868648973202765,0.15631528718010396
PercDevAbs_TR_10,10.75,16,0.15631528718010396,0.4214386962191817
PercDevAbs_TR_10,10.75,15,0.4214386962191817,0.9527966857956558
PercDevAbs_TR_10,10.75,14,0.9527966857956558,1.8993367138188848
PercDevAbs_TR_10,10.75,13,1.8993367138188848,3.4483623209003174
PercDevAbs_TR_10,10.75,12,3.4483623209003174,5.82775075633326
PercDevAbs_TR_10,10.75,11,5.82775075633326,9.3076516115454
PercDevAbs_TR_10,10.75,10,9.3076516115454,14.20172896907878
PercDevAbs_TR_10,10.75,9,14.20172896907878,20.868878388849076
PercDevAbs_TR_10,10.75,8,20.868878388849076,29.713903456361997
PercDevAbs_TR_10,10.75,7,29.713903456361997,41.19072520251098
PercDevAbs_TR_10,10.75,6,41.19072520251098,55.80115170313363
PercDevAbs_TR_10,10.75,5,55.80115170313363,74.09609145432853
PercDevAbs_TR_10,10.75,4,74.09609145432853,96.67147726344618
PercDevAbs_TR_10,10.75,3,96.67147726344618,124.19835012252005
PercDevAbs_TR_10,10.75,2,124.19835012252005,157.3797048555228
PercDevAbs_TR_10,10.75,1,157.3797048555228,Inf
PercDevAbs_TR_10,11,19,0,0.007471637569251758
PercDevAbs_TR_10,11,18,0.007471637569251758,0.039699622341728476
PercDevAbs_TR_10,11,17,0.039699622341728476,0.14149401579306156
PercDevAbs_TR_10,11,16,0.14149401579306156,0.3875058891148633
PercDevAbs_TR_10,11,15,0.3875058891148633,0.8858728646825889
PercDevAbs_TR_10,11,14,0.8858728646825889,1.780396467627089
PercDevAbs_TR_10,11,13,1.780396467627089,3.2524860909786177
PercDevAbs_TR_10,11,12,3.2524860909786177,5.5233462483147235
PercDevAbs_TR_10,11,11,5.5233462483147235,8.855662621374652
PercDevAbs_TR_10,11,10,8.855662621374652,13.554846945852706
PercDevAbs_TR_10,11,9,13.554846945852706,19.970726553187347
PercDevAbs_TR_10,11,8,19.970726553187347,28.498231202934427
PercDevAbs_TR_10,11,7,28.498231202934427,39.580520966023315
PercDevAbs_TR_10,11,6,39.580520966023315,53.70782504822563
PercDevAbs_TR_10,11,5,53.70782504822563,71.41863914532769
PercDevAbs_TR_10,11,4,71.41863914532769,93.2957806927818
PercDevAbs_TR_10,11,3,93.2957806927818,119.99559534007479
PercDevAbs_TR_10,11,2,119.99559534007479,152.20610769127464
PercDevAbs_TR_10,11,1,152.20610769127464,Inf
PercDevAbs_TR_10,11.25,19,0,0.0063798920753680485
PercDevAbs_TR_10,11.25,18,0.0063798920753680485,0.03508860351867121
PercDevAbs_TR_10,11.25,17,0.03508860351867121,0.12799069519804382
PercDevAbs_TR_10,11.25,16,0.12799069519804382,0.3561545759399668
PercDevAbs_TR_10,11.25,15,0.3561545759399668,0.8234394055944316
PercDevAbs_TR_10,11.25,14,0.8234394055944316,1.6686575142885718
PercDevAbs_TR_10,11.25,13,1.6686575142885718,3.067495460061237
PercDevAbs_TR_10,11.25,12,3.067495460061237,5.234670972489118
PercDevAbs_TR_10,11.25,11,5.234670972489118,8.425606255707722
PercDevAbs_TR_10,11.25,10,8.425606255707722,12.937674912721867
PercDevAbs_TR_10,11.25,9,12.937674912721867,19.111864848157538
PercDevAbs_TR_10,11.25,8,19.111864848157538,27.33347464687602
PercDevAbs_TR_10,11.25,7,27.33347464687602,38.03516249757095
PercDevAbs_TR_10,11.25,6,38.03516249757095,51.69585148625568
PercDevAbs_TR_10,11.25,5,51.69585148625568,68.84191117359187
PercDevAbs_TR_10,11.25,4,68.84191117359187,90.04334012957503
PercDevAbs_TR_10,11.25,3,90.04334012957503,115.94212210844957
PercDevAbs_TR_10,11.25,2,115.94212210844957,147.211640816932
PercDevAbs_TR_10,11.25,1,147.211640816932,Inf
PercDevAbs_TR_10,11.5,19,0,0.005438950135878127
PercDevAbs_TR_10,11.5,18,0.005438950135878127,0.030980092096216973
PercDevAbs_TR_10,11.5,17,0.030980092096216973,0.11569684641048525
PercDevAbs_TR_10,11.5,16,0.11569684641048525,0.32720065403509824
PercDevAbs_TR_10,11.5,15,0.32720065403509824,0.7652096513701401
PercDevAbs_TR_10,11.5,14,0.7652096513701401,1.5636991605273722
PercDevAbs_TR_10,11.5,13,1.5636991605273722,2.8927995142814913
PercDevAbs_TR_10,11.5,12,2.8927995142814913,4.960922722032136
PercDevAbs_TR_10,11.5,11,4.960922722032136,8.016422850965462
PercDevAbs_TR_10,11.5,10,8.016422850965462,12.34884431505519
PercDevAbs_TR_10,11.5,9,12.34884431505519,18.290558908298927
PercDevAbs_TR_10,11.5,8,18.290558908298927,26.217471023300476
PercDevAbs_TR_10,11.5,7,26.217471023300476,36.551990104241696
PercDevAbs_TR_10,11.5,6,36.551990104241696,49.761999759594545
PercDevAbs_TR_10,11.5,5,49.761999759594545,66.36202380082267
PercDevAbs_TR_10,11.5,4,66.36202380082267,86.90953211307269
PercDevAbs_TR_10,11.5,3,86.90953211307269,112.03247277487677
PercDevAbs_TR_10,11.5,2,112.03247277487677,142.38991110133543
PercDevAbs_TR_10,11.5,1,142.38991110133543,Inf
PercDevAbs_TR_10,11.75,19,0,0.004629448050313857
PercDevAbs_TR_10,11.75,18,0.004629448050313857,0.02732360525374959
PercDevAbs_TR_10,11.75,17,0.02732360525374959,0.10451226132892168
PercDevAbs_TR_10,11.75,16,0.10451226132892168,0.3004724961535481
PercDevAbs_TR_10,11.75,15,0.3004724961535481,0.710914713630537
PercDevAbs_TR_10,11.75,14,0.710914713630537,1.4651249499317291
PercDevAbs_TR_10,11.75,13,1.4651249499317291,2.7278392810393486
PercDevAbs_TR_10,11.75,12,2.7278392810393486,4.701340215912144
PercDevAbs_TR_10,11.75,11,4.701340215912144,7.6271039596346775
PercDevAbs_TR_10,11.75,10,7.6271039596346775,11.787049414825582
PercDevAbs_TR_10,11.75,9,11.787049414825582,17.5051500790957
PercDevAbs_TR_10,11.75,8,17.5051500790957,25.14814742670351
PercDevAbs_TR_10,11.75,7,25.14814742670351,35.12844929385481
PercDevAbs_TR_10,11.75,6,35.12844929385481,47.903160258905274
PercDevAbs_TR_10,11.75,5,47.903160258905274,63.9752323778401
PercDevAbs_TR_10,11.75,4,63.9752323778401,83.88989056380467
PercDevAbs_TR_10,11.75,3,83.88989056380467,108.26136605854748
PercDevAbs_TR_10,11.75,2,108.26136605854748,137.7347212808229
PercDevAbs_TR_10,11.75,1,137.7347212808229,Inf
PercDevAbs_TR_10,12,19,0,0.003934285136392725
PercDevAbs_TR_10,12,18,0.003934285136392725,0.024073246344068416
PercDevAbs_TR_10,12,17,0.024073246344068416,0.09434434987086612
PercDevAbs_TR_10,12,16,0.09434434987086612,0.27581001014433015
PercDevAbs_TR_10,12,15,0.27581001014433015,0.6603021902969932
PercDevAbs_TR_10,12,14,0.6603021902969932,1.3725610040766023
PercDevAbs_TR_10,12,13,1.3725610040766023,2.5720856897035302
PercDevAbs_TR_10,12,12,2.5720856897035302,4.455200716610829
PercDevAbs_TR_10,12,11,4.455200716610829,7.25668971613813
PercDevAbs_TR_10,12,10,7.25668971613813,11.251044562448824
PercDevAbs_TR_10,12,9,11.251044562448824,16.754052832783014
PercDevAbs_TR_10,12,8,16.754052832783014,24.123518702872865
PercDevAbs_TR_10,12,7,24.123518702872865,33.762089583807494
PercDevAbs_TR_10,12,6,33.762089583807494,46.116345313237225
PercDevAbs_TR_10,12,5,46.116345313237225,61.67793381890755
PercDevAbs_TR_10,12,4,61.67793381890755,80.98011229844043
PercDevAbs_TR_10,12,3,80.98011229844043,104.62370663504484
PercDevAbs_TR_10,12,2,104.62370663504484,133.24008482814975
PercDevAbs_TR_10,12,1,133.24008482814975,Inf
PercDevAbs_TR_11,6,19,0,0.1288139735847946
PercDevAbs_TR_11,6,18,0.1288139735847946,0.4000390622684906
PercDevAbs_TR_11,6,17,0.4000390622684906,0.9848109515865031
PercDevAbs_TR_11,6,16,0.9848109515865031,2.0700974587456713
PercDevAbs_TR_11,6,15,2.0700974587456713,3.888056710448999
PercDevAbs_TR_11,6,14,3.888056710448999,6.715829697243896
PercDevAbs_TR_11,6,13,6.715829697243896,10.87578160767828
PercDevAbs_TR_11,6,12,10.87578160767828,16.73646945633858
PercDevAbs_TR_11,6,11,16.73646945633858,24.71278306851112
PercDevAbs_TR_11,6,10,24.71278306851112,35.265255949690264
PercDevAbs_TR_11,6,9,35.265255949690264,48.900986423875636
PercDevAbs_TR_11,6,8,48.900986423875636,66.17249675699628
PercDevAbs_TR_11,6,7,66.17249675699628,87.68159045147861
PercDevAbs_TR_11,6,6,87.68159045147861,114.07499491922248
PercDevAbs_TR_11,6,5,114.07499491922248,146.04466112686345
PercDevAbs_TR_11,6,4,146.04466112686345,184.31995336419982
PercDevAbs_TR_11,6,3,184.31995336419982,229.7152758328167
PercDevAbs_TR_11,6,2,229.7152758328167,283.05787106446456
PercDevAbs_TR_11,6,1,283.05787106446456,Inf
PercDevAbs_TR_11,6.25,19,0,0.11690204013144426
PercDevAbs_TR_11,6.25,18,0.11690204013144426,0.3691970004091829
PercDevAbs_TR_11,6.25,17,0.3691970004091829,0.9192587538370727
PercDevAbs_TR_11,6.25,16,0.9192587538370727,1.9477978340688429
PercDevAbs_TR_11,6.25,15,1.9477978340688429,3.679808353482481
PercDevAbs_TR_11,6.25,14,3.679808353482481,6.384390499817085
PercDevAbs_TR_11,6.25,13,6.384390499817085,10.37498233570615
PercDevAbs_TR_11,6.25,12,10.37498233570615,16.01030110347588
PercDevAbs_TR_11,6.25,11,16.01030110347588,23.694485292607364
PercDevAbs_TR_11,6.25,10,23.694485292607364,33.87643902625359
PercDevAbs_TR_11,6.25,9,33.87643902625359,47.05072018070068
PercDevAbs_TR_11,6.25,8,47.05072018070068,63.756440314126806
PercDevAbs_TR_11,6.25,7,63.756440314126806,84.58100082728534
PercDevAbs_TR_11,6.25,6,84.58100082728534,110.15587624596733
PercDevAbs_TR_11,6.25,5,110.15587624596733,141.1569069096913
PercDevAbs_TR_11,6.25,4,141.1569069096913,178.29670552018268
PercDevAbs_TR_11,6.25,3,178.29670552018268,222.3709094054903
PercDevAbs_TR_11,6.25,2,222.3709094054903,274.1880723251278
PercDevAbs_TR_11,6.25,1,274.1880723251278,Inf
PercDevAbs_TR_11,6.5,19,0,0.10601195494025392
PercDevAbs_TR_11,6.5,18,0.10601195494025392,0.3405734094543695
PercDevAbs_TR_11,6.5,17,0.3405734094543695,0.8578212220558353
PercDevAbs_TR_11,6.5,16,0.8578212220558353,1.832394450039097
PercDevAbs_TR_11,6.5,15,1.832394450039097,3.482329380191487
PercDevAbs_TR_11,6.5,14,3.482329380191487,6.068908104253553
PercDevAbs_TR_11,6.5,13,6.068908104253553,9.896881333911947
PercDevAbs_TR_11,6.5,12,9.896881333911947,15.315384259257272
PercDevAbs_TR_11,6.5,11,15.315384259257272,22.718079685904804
PercDevAbs_TR_11,6.5,10,22.718079685904804,32.542534599410054
PercDevAbs_TR_11,6.5,9,32.542534599410054,45.27107655213409
PercDevAbs_TR_11,6.5,8,45.27107655213409,61.42973299254399
PercDevAbs_TR_11,6.5,7,61.42973299254399,81.59185019101974
PercDevAbs_TR_11,6.5,6,81.59185019101974,106.37401256801975
PercDevAbs_TR_11,6.5,5,106.37401256801975,136.43632860112461
PercDevAbs_TR_11,6.5,4,136.43632860112461,172.47504802192987
PercDevAbs_TR_11,6.5,3,172.47504802192987,215.26748036026035
PercDevAbs_TR_11,6.5,2,215.26748036026035,265.6039180208168
PercDevAbs_TR_11,6.5,1,265.6039180208168,Inf
PercDevAbs_TR_11,6.75,19,0,0.09606380792853991
PercDevAbs_TR_11,6.75,18,0.09606380792853991,0.31402118554825414
PercDevAbs_TR_11,6.75,17,0.31402118554825414,0.800256567572109
PercDevAbs_TR_11,6.75,16,0.800256567572109,1.7235178509049573
PercDevAbs_TR_11,6.75,15,1.7235178509049573,3.2950838729143443
PercDevAbs_TR_11,6.75,14,3.2950838729143443,5.7686352845529125
PercDevAbs_TR_11,6.75,13,5.7686352845529125,9.44046883040231
PercDevAbs_TR_11,6.75,12,9.44046883040231,14.650388592414219
PercDevAbs_TR_11,6.75,11,14.650388592414219,21.78185018027777
PercDevAbs_TR_11,6.75,10,21.78185018027777,31.261368187172074
PercDevAbs_TR_11,6.75,9,31.261368187172074,43.5593420814467
PercDevAbs_TR_11,6.75,8,43.5593420814467,59.18903358077644
PercDevAbs_TR_11,6.75,7,59.18903358077644,78.71007211440056
PercDevAbs_TR_11,6.75,6,78.71007211440056,102.72450578360679
PercDevAbs_TR_11,6.75,5,102.72450578360679,131.87708065742308
PercDevAbs_TR_11,6.75,4,131.87708065742308,166.84806266548048
PercDevAbs_TR_11,6.75,3,166.84806266548048,208.3968617883508
PercDevAbs_TR_11,6.75,2,208.3968617883508,257.29592619222296
PercDevAbs_TR_11,6.75,1,257.29592619222296,Inf
PercDevAbs_TR_11,7,19,0,0.08698336205441115
PercDevAbs_TR_11,7,18,0.08698336205441115,0.2894023435082482
PercDevAbs_TR_11,7,17,0.2894023435082482,0.7463366448744024
PercDevAbs_TR_11,7,16,0.7463366448744024,1.6208179626401322
PercDevAbs_TR_11,7,15,1.6208179626401322,3.117562370307958
PercDevAbs_TR_11,7,14,3.117562370307958,5.482859794695509
PercDevAbs_TR_11,7,13,5.482859794695509,9.004780113362635
PercDevAbs_TR_11,7,12,9.004780113362635,14.014040570008632
PercDevAbs_TR_11,7,11,14.014040570008632,20.884150997824285
PercDevAbs_TR_11,7,10,20.884150997824285,30.03085093020838
PercDevAbs_TR_11,7,9,30.03085093020838,41.91290618753795
PercDevAbs_TR_11,7,8,41.91290618753795,57.03112298792736
PercDevAbs_TR_11,7,7,57.03112298792736,75.93174359321415
PercDevAbs_TR_11,7,6,75.93174359321415,99.20262463430095
PercDevAbs_TR_11,7,5,99.20262463430095,127.47350996120298
PercDevAbs_TR_11,7,4,127.47350996120298,161.40905145480875
PercDevAbs_TR_11,7,3,161.40905145480875,201.7511770209287
PercDevAbs_TR_11,7,2,201.7511770209287,249.25489742450418
PercDevAbs_TR_11,7,1,249.25489742450418,Inf
PercDevAbs_TR_11,7.25,19,0,0.07870166143568216
PercDevAbs_TR_11,7.25,18,0.07870166143568216,0.26658742589357487
PercDevAbs_TR_11,7.25,17,0.26658742589357487,0.6958461125985642
PercDevAbs_TR_11,7.25,16,0.6958461125985642,1.5239629652653532
PercDevAbs_TR_11,7.25,15,1.5239629652653532,2.9492804211369767
PercDevAbs_TR_11,7.25,14,2.9492804211369767,5.210902588906752
PercDevAbs_TR_11,7.25,13,5.210902588906752,8.58889342203919
PercDevAbs_TR_11,7.25,12,8.58889342203919,13.405121047072143
PercDevAbs_TR_11,7.25,11,13.405121047072143,20.023403995290792
PercDevAbs_TR_11,7.25,10,20.023403995290792,28.848976779948245
PercDevAbs_TR_11,7.25,9,28.848976779948245,40.32925832291015
PercDevAbs_TR_11,7.25,8,40.32925832291015,54.95290153955024
PercDevAbs_TR_11,7.25,7,54.95290153955024,73.25308269557593
PercDevAbs_TR_11,7.25,6,73.25308269557593,95.80380297115539
PercDevAbs_TR_11,7.25,5,95.80380297115539,123.22015502651209
PercDevAbs_TR_11,7.25,4,123.22015502651209,156.1515371266584
PercDevAbs_TR_11,7.25,3,156.1515371266584,195.32280192039718
PercDevAbs_TR_11,7.25,2,195.32280192039718,241.47191942085297
PercDevAbs_TR_11,7.25,1,241.47191942085297,Inf
PercDevAbs_TR_11,7.5,19,0,0.07115465111756257
PercDevAbs_TR_11,7.5,18,0.07115465111756257,0.24545491218123208
PercDevAbs_TR_11,7.5,17,0.24545491218123208,0.6485815744014573
PercDevAbs_TR_11,7.5,16,0.6485815744014573,1.4326381232768228
PercDevAbs_TR_11,7.5,15,1.4326381232768228,2.7897770850766666
PercDevAbs_TR_11,7.5,14,2.7897770850766666,4.952116005847112
PercDevAbs_TR_11,7.5,13,4.952116005847112,8.19192786901047
PercDevAbs_TR_11,7.5,12,8.19192786901047,12.822463033015634
PercDevAbs_TR_11,7.5,11,12.822463033015634,19.198096441796494
PercDevAbs_TR_11,7.5,10,19.198096441796494,27.71382052577919
PercDevAbs_TR_11,7.5,9,27.71382052577919,38.80598656933562
PercDevAbs_TR_11,7.5,8,38.80598656933562,52.95138855144887
PercDevAbs_TR_11,7.5,7,52.95138855144887,70.67044962430685
PercDevAbs_TR_11,7.5,6,70.67044962430685,92.52364292671263
PercDevAbs_TR_11,7.5,5,92.52364292671263,119.11175202201875
PercDevAbs_TR_11,7.5,4,119.11175202201875,151.06927289588302
PercDevAbs_TR_11,7.5,3,151.06927289588302,189.10437936232427
PercDevAbs_TR_11,7.5,2,189.10437936232427,233.93838738534106
PercDevAbs_TR_11,7.5,1,233.93838738534106,Inf
PercDevAbs_TR_11,7.75,19,0,0.0642827223586992
PercDevAbs_TR_11,7.75,18,0.0642827223586992,0.22589040739820912
PercDevAbs_TR_11,7.75,17,0.22589040739820912,0.6043502591241019
PercDevAbs_TR_11,7.75,16,0.6043502591241019,1.3465438294159575
PercDevAbs_TR_11,7.75,15,1.3465438294159575,2.6386122624410566
PercDevAbs_TR_11,7.75,14,2.6386122624410566,4.705880385041684
PercDevAbs_TR_11,7.75,13,4.705880385041684,7.813039450836418
PercDevAbs_TR_11,7.75,12,7.813039450836418,12.264947339615688
PercDevAbs_TR_11,7.75,11,12.264947339615688,18.406776711962227
PercDevAbs_TR_11,7.75,10,18.406776711962227,26.623534135214783
PercDevAbs_TR_11,7.75,9,26.623534135214783,37.34077545049151
PercDevAbs_TR_11,7.75,8,37.34077545049151,51.02372269314097
PercDevAbs_TR_11,7.75,7,51.02372269314097,68.18035099268624
PercDevAbs_TR_11,7.75,6,68.18035099268624,89.3579247770488
PercDevAbs_TR_11,7.75,5,89.3579247770488,115.14325223548795
PercDevAbs_TR_11,7.75,4,115.14325223548795,146.15626990763928
PercDevAbs_TR_11,7.75,3,146.15626990763928,183.0888594706397
PercDevAbs_TR_11,7.75,2,183.0888594706397,226.6460602666223
PercDevAbs_TR_11,7.75,1,226.6460602666223,Inf
PercDevAbs_TR_11,8,19,0,0.058030477317108246
PercDevAbs_TR_11,8,18,0.058030477317108246,0.20778632517848786
PercDevAbs_TR_11,8,17,0.20778632517848786,0.5629696002014909
PercDevAbs_TR_11,8,16,0.5629696002014909,1.2653950561652385
PercDevAbs_TR_11,8,15,1.2653950561652385,2.495365990670285
PercDevAbs_TR_11,8,14,2.495365990670285,4.471603178823535
PercDevAbs_TR_11,8,13,4.471603178823535,7.451419944127231
PercDevAbs_TR_11,8,12,7.451419944127231,11.731501228818125
PercDevAbs_TR_11,8,11,11.731501228818125,17.648052652775533
PercDevAbs_TR_11,8,10,17.648052652775533,25.576344807707905
PercDevAbs_TR_11,8,9,25.576344807707905,35.93140364198218
PercDevAbs_TR_11,8,8,35.93140364198218,49.16715932557672
PercDevAbs_TR_11,8,7,49.16715932557672,65.77943676436576
PercDevAbs_TR_11,8,6,65.77943676436576,86.30260346226885
PercDevAbs_TR_11,8,5,86.30260346226885,111.30981815800386
PercDevAbs_TR_11,8,4,111.30981815800386,141.4067928741669
PercDevAbs_TR_11,8,3,141.4067928741669,177.2694948019621
PercDevAbs_TR_11,8,2,177.2694948019621,219.58705549215819
PercDevAbs_TR_11,8,1,219.58705549215819,Inf
PercDevAbs_TR_11,8.25,19,0,0.05234654483884425
PercDevAbs_TR_11,8.25,18,0.05234654483884425,0.19104168645308559
PercDevAbs_TR_11,8.25,17,0.19104168645308559,0.5242670190796034
PercDevAbs_TR_11,8.25,16,0.5242670190796034,1.1889210993891903
PercDevAbs_TR_11,8.25,15,1.1889210993891903,2.3596380813745075
PercDevAbs_TR_11,8.25,14,2.3596380813745075,4.248718358507066
PercDevAbs_TR_11,8.25,13,4.248718358507066,7.106295884224313
PercDevAbs_TR_11,8.25,12,7.106295884224313,11.221096679914528
PercDevAbs_TR_11,8.25,11,11.221096679914528,16.920588752743274
PercDevAbs_TR_11,8.25,10,16.920588752743274,24.570550541648245
PercDevAbs_TR_11,8.25,9,24.570550541648245,34.57573729919061
PercDevAbs_TR_11,8.25,8,34.57573729919061,47.37906080490731
PercDevAbs_TR_11,8.25,7,47.37906080490731,63.46448658435371
PercDevAbs_TR_11,8.25,6,63.46448658435371,83.35378981720226
PercDevAbs_TR_11,8.25,5,83.35378981720226,107.60679829294716
PercDevAbs_TR_11,8.25,4,107.60679829294716,136.81532693334913
PercDevAbs_TR_11,8.25,3,136.81532693334913,171.6397974941256
PercDevAbs_TR_11,8.25,2,171.6397974941256,212.7537944080239
PercDevAbs_TR_11,8.25,1,212.7537944080239,Inf
PercDevAbs_TR_11,8.5,19,0,0.04718338299274744
PercDevAbs_TR_11,8.5,18,0.04718338299274744,0.17556188421565513
PercDevAbs_TR_11,8.5,17,0.17556188421565513,0.4880796417517693
PercDevAbs_TR_11,8.5,16,0.4880796417517693,1.1168652004600061
PercDevAbs_TR_11,8.5,15,1.1168652004600061,2.2310475455002208
PercDevAbs_TR_11,8.5,14,2.2310475455002208,4.0366854640185705
PercDevAbs_TR_11,8.5,13,4.0366854640185705,6.776926965279811
PercDevAbs_TR_11,8.5,12,6.776926965279811,10.73274775098293
PercDevAbs_TR_11,8.5,11,10.73274775098293,16.223101940787885
PercDevAbs_TR_11,8.5,10,16.223101940787885,23.604513692274104
PercDevAbs_TR_11,8.5,9,23.604513692274104,33.271720521305795
PercDevAbs_TR_11,8.5,8,33.271720521305795,45.65688280556706
PercDevAbs_TR_11,8.5,7,45.65688280556706,61.23239069923231
PercDevAbs_TR_11,8.5,6,61.23239069923231,80.50772459234396
PercDevAbs_TR_11,8.5,5,80.50772459234396,104.02969252701187
PercDevAbs_TR_11,8.5,4,104.02969252701187,132.3765323475423
PercDevAbs_TR_11,8.5,3,132.3765323475423,166.19348096777105
PercDevAbs_TR_11,8.5,2,166.19348096777105,206.13892834503795
PercDevAbs_TR_11,8.5,1,206.13892834503795,Inf
PercDevAbs_TR_11,8.75,19,0,0.04249696951063062
PercDevAbs_TR_11,8.75,18,0.04249696951063062,0.16125815957079523
PercDevAbs_TR_11,8.75,17,0.16125815957079523,0.4542534664215314
PercDevAbs_TR_11,8.75,16,0.4542534664215314,1.0489833157119273
PercDevAbs_TR_11,8.75,15,1.0489833157119273,2.1092308909450357
PercDevAbs_TR_11,8.75,14,2.1092308909450357,3.8349873850635214
PercDevAbs_TR_11,8.75,13,3.8349873850635214,6.4626033024614316
PercDevAbs_TR_11,8.75,12,6.4626033024614316,10.26550737501666
PercDevAbs_TR_11,8.75,11,10.26550737501666,15.554358038053351
PercDevAbs_TR_11,8.75,10,15.554358038053351,22.676657283452332
PercDevAbs_TR_11,8.75,9,22.676657283452332,32.01737182357793
PercDevAbs_TR_11,8.75,8,32.01737182357793,43.99817136340492
PercDevAbs_TR_11,8.75,7,43.99817136340492,59.080148105395
PercDevAbs_TR_11,8.75,6,59.080148105395,77.76077837899993
PercDevAbs_TR_11,8.75,5,77.76077837899993,100.57415465544403
PercDevAbs_TR_11,8.75,4,100.57415465544403,128.08525061626494
PercDevAbs_TR_11,8.75,3,128.08525061626494,160.9244707960245
PercDevAbs_TR_11,8.75,2,160.9244707960245,199.73535560744278
PercDevAbs_TR_11,8.75,1,199.73535560744278,Inf
PercDevAbs_TR_11,9,19,0,0.038246579924052115
PercDevAbs_TR_11,9,18,0.038246579924052115,0.14804728721125615
PercDevAbs_TR_11,9,17,0.14804728721125615,0.4226429441337298
PercDevAbs_TR_11,9,16,0.4226429441337298,0.985043597846734
PercDevAbs_TR_11,9,15,0.985043597846734,1.9938415363968232
PercDevAbs_TR_11,9,14,1.9938415363968232,3.6431297737576727
PercDevAbs_TR_11,9,13,3.6431297737576727,6.162644953330071
PercDevAbs_TR_11,9,12,6.162644953330071,9.81846715272126
PercDevAbs_TR_11,9,11,9.81846715272126,14.913172046726746
PercDevAbs_TR_11,9,10,14.913172046726746,21.785466088320383
PercDevAbs_TR_11,9,9,21.785466088320383,30.810786386093486
PercDevAbs_TR_11,9,8,30.810786386093486,42.400566758673236
PercDevAbs_TR_11,9,7,42.400566758673236,57.00487263175853
PercDevAbs_TR_11,9,6,57.00487263175853,75.10946056589323
PercDevAbs_TR_11,9,5,75.10946056589323,97.236005004659
PercDevAbs_TR_11,9,4,97.236005004659,123.93652168311613
PercDevAbs_TR_11,9,3,123.93652168311613,155.82692755442633
PercDevAbs_TR_11,9,2,155.82692755442633,193.5362511701668
PercDevAbs_TR_11,9,1,193.5362511701668,Inf
PercDevAbs_TR_11,9.25,19,0,0.03439460519399899
PercDevAbs_TR_11,9.25,18,0.03439460519399899,0.1358513464072878
PercDevAbs_TR_11,9.25,17,0.1358513464072878,0.39311070542777576
PercDevAbs_TR_11,9.25,16,0.39311070542777576,0.9248260765768479
PercDevAbs_TR_11,9.25,15,0.9248260765768479,1.8845494354407095
PercDevAbs_TR_11,9.25,14,1.8845494354407095,3.4606405882800346
PercDevAbs_TR_11,9.25,13,3.4606405882800346,5.876401339405099
PercDevAbs_TR_11,9.25,12,5.876401339405099,9.390756588337164
PercDevAbs_TR_11,9.25,11,9.390756588337164,14.298407110128121
PercDevAbs_TR_11,9.25,10,14.298407110128121,20.929485193011914
PercDevAbs_TR_11,9.25,9,20.929485193011914,29.65013406552027
PercDevAbs_TR_11,9.25,8,29.65013406552027,40.8618007808864
PercDevAbs_TR_11,9.25,7,40.8618007808864,55.00378921905194
PercDevAbs_TR_11,9.25,6,55.00378921905194,72.55041434612666
PercDevAbs_TR_11,9.25,5,72.55041434612666,94.01122382772861
PercDevAbs_TR_11,9.25,4,94.01122382772861,119.92557532438313
PercDevAbs_TR_11,9.25,3,119.92557532438313,150.89523574450732
PercDevAbs_TR_11,9.25,2,150.89523574450732,187.53505261394514
PercDevAbs_TR_11,9.25,1,187.53505261394514,Inf
PercDevAbs_TR_11,9.5,19,0,0.030906410035635663
PercDevAbs_TR_11,9.5,18,0.030906410035635663,0.12459759331748739
PercDevAbs_TR_11,9.5,17,0.12459759331748739,0.3655274801381924
PercDevAbs_TR_11,9.5,16,0.3655274801381924,0.868122630905084
PercDevAbs_TR_11,9.5,15,0.868122630905084,1.78104105261913
PercDevAbs_TR_11,9.5,14,1.78104105261913,3.2870699458083372
PercDevAbs_TR_11,9.5,13,3.2870699458083372,5.603250746642368
PercDevAbs_TR_11,9.5,12,5.603250746642368,8.981541881417737
PercDevAbs_TR_11,9.5,11,8.981541881417737,13.708972087974344
PercDevAbs_TR_11,9.5,10,13.708972087974344,20.107315671276574
PercDevAbs_TR_11,9.5,9,20.107315671276574,28.533652283702835
PercDevAbs_TR_11,9.5,8,28.533652283702835,39.37968572000079
PercDevAbs_TR_11,9.5,7,39.37968572000079,53.07421765042885
PercDevAbs_TR_11,9.5,6,53.07421765042885,70.08039354757923
PercDevAbs_TR_11,9.5,5,70.08039354757923,90.8959192935465
PercDevAbs_TR_11,9.5,4,90.8959192935465,116.04778803230225
PercDevAbs_TR_11,9.5,3,116.04778803230225,146.12394694586646
PercDevAbs_TR_11,9.5,2,146.12394694586646,181.7253865453635
PercDevAbs_TR_11,9.5,1,181.7253865453635,Inf
PercDevAbs_TR_11,9.75,19,0,0.027750269281174102
PercDevAbs_TR_11,9.75,18,0.027750269281174102,0.11421856041504452
PercDevAbs_TR_11,9.75,17,0.11421856041504452,0.3397725058048958
PercDevAbs_TR_11,9.75,16,0.3397725058048958,0.814737805252538
PercDevAbs_TR_11,9.75,15,0.814737805252538,1.6830205757194516
PercDevAbs_TR_11,9.75,14,1.6830205757194516,3.1219915479832676
PercDevAbs_TR_11,9.75,13,3.1219915479832676,5.3426015492269485
PercDevAbs_TR_11,9.75,12,5.3426015492269485,8.590026241138002
PercDevAbs_TR_11,9.75,11,8.590026241138002,13.143819898789944
PercDevAbs_TR_11,9.75,10,13.143819898789944,19.31760947593864
PercDevAbs_TR_11,9.75,9,19.31760947593864,27.45963551005053
PercDevAbs_TR_11,9.75,8,27.45963551005053,37.95209594039653
PercDevAbs_TR_11,9.75,7,37.95209594039653,51.21354311222268
PercDevAbs_TR_11,9.75,6,51.21354311222268,67.69621840794683
PercDevAbs_TR_11,9.75,5,67.69621840794683,87.88626397348435
PercDevAbs_TR_11,9.75,4,87.88626397348435,112.29859492386655
PercDevAbs_TR_11,9.75,3,112.29859492386655,141.50766098127917
PercDevAbs_TR_11,9.75,2,141.50766098127917,176.1009119358237
PercDevAbs_TR_11,9.75,1,176.1009119358237,Inf
PercDevAbs_TR_11,10,19,0,0.024897018743379153
PercDevAbs_TR_11,10,18,0.024897018743379153,0.10465137242604268
PercDevAbs_TR_11,10,17,0.10465137242604268,0.31573237651807096
PercDevAbs_TR_11,10,16,0.31573237651807096,0.7644871253909844
PercDevAbs_TR_11,10,15,0.7644871253909844,1.5902077478127252
PercDevAbs_TR_11,10,14,1.5902077478127252,2.9650002414063823
PercDevAbs_TR_11,10,13,2.9650002414063823,5.093889923103312
PercDevAbs_TR_11,10,12,5.093889923103312,8.215448439381817
PercDevAbs_TR_11,10,11,8.215448439381817,12.601947911189084
PercDevAbs_TR_11,10,10,12.601947911189084,18.55907302957488
PercDevAbs_TR_11,10,9,18.55907302957488,26.42644382610385
PercDevAbs_TR_11,10,8,26.42644382610385,36.576983657550954
PercDevAbs_TR_11,10,7,36.576983657550954,49.41924193698424
PercDevAbs_TR_11,10,6,49.41924193698424,65.39481460483458
PercDevAbs_TR_11,10,5,65.39481460483458,84.97855109632906
PercDevAbs_TR_11,10,4,84.97855109632906,108.67356782097954
PercDevAbs_TR_11,10,3,108.67356782097954,137.0411311595763
PercDevAbs_TR_11,10,2,137.0411311595763,170.65545863276049
PercDevAbs_TR_11,10,1,170.65545863276049,Inf
PercDevAbs_TR_11,10.25,19,0,0.022319780424872832
PercDevAbs_TR_11,10.25,18,0.022319780424872832,0.09583720488916814
PercDevAbs_TR_11,10.25,17,0.09583720488916814,0.29330010297558906
PercDevAbs_TR_11,10.25,16,0.29330010297558906,0.7171956631212038
PercDevAbs_TR_11,10.25,15,0.7171956631212038,1.5023359148562163
PercDevAbs_TR_11,10.25,14,1.5023359148562163,2.8157096407697697
PercDevAbs_TR_11,10.25,13,2.8157096407697697,4.856577290801377
PercDevAbs_TR_11,10.25,12,4.856577290801377,7.857080516903309
PercDevAbs_TR_11,10.25,11,7.857080516903309,12.082396584780142
PercDevAbs_TR_11,10.25,10,12.082396584780142,17.83046774796804
PercDevAbs_TR_11,10.25,9,17.83046774796804,25.432506594561776
PercDevAbs_TR_11,10.25,8,25.432506594561776,35.25238737156086
PercDevAbs_TR_11,10.25,7,35.25238737156086,47.688896818296286
PercDevAbs_TR_11,10.25,6,47.688896818296286,63.17323770724124
PercDevAbs_TR_11,10.25,5,63.17323770724124,82.16923117131483
PercDevAbs_TR_11,10.25,4,82.16923117131483,105.16846749650033
PercDevAbs_TR_11,10.25,3,105.16846749650033,132.71933617098404
PercDevAbs_TR_11,10.25,2,132.71933617098404,165.38312353199188
PercDevAbs_TR_11,10.25,1,165.38312353199188,Inf
PercDevAbs_TR_11,10.5,19,0,0.019993781215688764
PercDevAbs_TR_11,10.5,18,0.019993781215688764,0.0877209665753379
PercDevAbs_TR_11,10.5,17,0.0877209665753379,0.27237458239700646
PercDevAbs_TR_11,10.5,16,0.27237458239700646,0.6726972133270406
PercDevAbs_TR_11,10.5,15,0.6726972133270406,1.4191508388061118
PercDevAbs_TR_11,10.5,14,1.4191508388061118,2.6737505282812166
PercDevAbs_TR_11,10.5,13,2.6737505282812166,4.630148290877798
PercDevAbs_TR_11,10.5,12,4.630148290877798,7.5142253522655205
PercDevAbs_TR_11,10.5,11,7.5142253522655205,11.584246726364352
PercDevAbs_TR_11,10.5,10,11.584246726364352,17.130607142325207
PercDevAbs_TR_11,10.5,9,17.130607142325207,24.47631965000216
PercDevAbs_TR_11,10.5,8,24.47631965000216,33.976429485342386
PercDevAbs_TR_11,10.5,7,33.976429485342386,46.02019530489663
PercDevAbs_TR_11,10.5,6,46.02019530489663,61.028673116350255
PercDevAbs_TR_11,10.5,5,61.028673116350255,79.45491408152486
PercDevAbs_TR_11,10.5,4,79.45491408152486,101.77924877342599
PercDevAbs_TR_11,10.5,3,101.77924877342599,128.5374892089328
PercDevAbs_TR_11,10.5,2,128.5374892089328,160.27828491261704
PercDevAbs_TR_11,10.5,1,160.27828491261704,Inf
PercDevAbs_TR_11,10.75,19,0,0.01789625288303248
PercDevAbs_TR_11,10.75,18,0.01789625288303248,0.08025120840657218
PercDevAbs_TR_11,10.75,17,0.08025120840657218,0.2528605409999317
PercDevAbs_TR_11,10.75,16,0.2528605409999317,0.6308342717709795
PercDevAbs_TR_11,10.75,15,0.6308342717709795,1.3404106710621349
PercDevAbs_TR_11,10.75,14,1.3404106710621349,2.538770722509023
PercDevAbs_TR_11,10.75,13,2.538770722509023,4.414110362467152
PercDevAbs_TR_11,10.75,12,4.414110362467152,7.186215683938201
PercDevAbs_TR_11,10.75,11,7.186215683938201,11.10661755380859
PercDevAbs_TR_11,10.75,10,11.10661755380859,16.458353392338704
PercDevAbs_TR_11,10.75,9,16.458353392338704,23.556439692377154
PercDevAbs_TR_11,10.75,8,23.556439692377154,32.74730765442678
PercDevAbs_TR_11,10.75,7,32.74730765442678,44.41091704727232
PercDevAbs_TR_11,10.75,6,44.41091704727232,58.95841793485866
PercDevAbs_TR_11,10.75,5,58.95841793485866,76.83234406803061
PercDevAbs_TR_11,10.75,4,76.83234406803061,98.50202686476085
PercDevAbs_TR_11,10.75,3,98.50202686476085,124.49099362672678
PercDevAbs_TR_11,10.75,2,124.49099362672678,155.33554508011173
PercDevAbs_TR_11,10.75,1,155.33554508011173,Inf
PercDevAbs_TR_11,11,19,0,0.01600634521979919
PercDevAbs_TR_11,11,18,0.01600634521979919,0.0733800770774188
PercDevAbs_TR_11,11,17,0.0733800770774188,0.23466858841875354
PercDevAbs_TR_11,11,16,0.23466858841875354,0.591458224736606
PercDevAbs_TR_11,11,15,0.591458224736606,1.265886252261284
PercDevAbs_TR_11,11,14,1.265886252261284,2.410435370299835
PercDevAbs_TR_11,11,13,2.410435370299835,4.2079937854952965
PercDevAbs_TR_11,11,12,4.2079937854952965,6.872413496082292
PercDevAbs_TR_11,11,11,6.872413496082292,10.648664832423167
PercDevAbs_TR_11,11,10,10.648664832423167,15.812613412382223
PercDevAbs_TR_11,11,9,15.812613412382223,22.67147720267446
PercDevAbs_TR_11,11,8,22.67147720267446,31.563283178537834
PercDevAbs_TR_11,11,7,31.563283178537834,42.858915963598896
PercDevAbs_TR_11,11,6,42.858915963598896,56.959854844089634
PercDevAbs_TR_11,11,5,56.959854844089634,74.298362859545
PercDevAbs_TR_11,11,4,74.298362859545,95.33302687106008
PercDevAbs_TR_11,11,3,95.33302687106008,120.57537544352967
PercDevAbs_TR_11,11,2,120.57537544352967,150.5496420250099
PercDevAbs_TR_11,11,1,150.5496420250099,Inf
PercDevAbs_TR_11,11.25,19,0,0.014304976714607875
PercDevAbs_TR_11,11.25,18,0.014304976714607875,0.06706307755226774
PercDevAbs_TR_11,11.25,17,0.06706307755226774,0.2177148709836259
PercDevAbs_TR_11,11.25,16,0.2177148709836259,0.5544288731159737
PercDevAbs_TR_11,11.25,15,0.5544288731159737,1.19536048665052
PercDevAbs_TR_11,11.25,14,1.19536048665052,2.2884261477967422
PercDevAbs_TR_11,11.25,13,2.2884261477967422,4.0113506794566
PercDevAbs_TR_11,11.25,12,4.0113506794566,6.572208778989178
PercDevAbs_TR_11,11.25,11,6.572208778989178,10.209579351814924
PercDevAbs_TR_11,11.25,10,10.209579351814924,15.192336988467794
PercDevAbs_TR_11,11.25,9,15.192336988467794,21.820094170642243
PercDevAbs_TR_11,11.25,8,21.820094170642243,30.42267823578473
PercDevAbs_TR_11,11.25,7,30.42267823578473,41.362116879083786
PercDevAbs_TR_11,11.25,6,41.362116879083786,55.03044802821285
PercDevAbs_TR_11,11.25,5,55.03044802821285,71.84990474033839
PercDevAbs_TR_11,11.25,4,71.84990474033839,92.2685778281996
PercDevAbs_TR_11,11.25,3,92.2685778281996,116.78627618247091
PercDevAbs_TR_11,11.25,2,116.78627618247091,145.9154408350514
PercDevAbs_TR_11,11.25,1,145.9154408350514,Inf
PercDevAbs_TR_11,11.5,19,0,0.012774661531777105
PercDevAbs_TR_11,11.5,18,0.012774661531777105,0.061258738633033896
PercDevAbs_TR_11,11.5,17,0.061258738633033896,0.201920493371012
PercDevAbs_TR_11,11.5,16,0.201920493371012,0.5196135417738916
PercDevAbs_TR_11,11.5,15,0.5196135417738916,1.1286271099941705
PercDevAbs_TR_11,11.5,14,1.1286271099941705,2.1724397195303666
PercDevAbs_TR_11,11.5,13,2.1724397195303666,3.823753270756956
PercDevAbs_TR_11,11.5,12,3.823753270756956,6.285017829193149
PercDevAbs_TR_11,11.5,11,6.285017829193149,9.788585614019931
PercDevAbs_TR_11,11.5,10,9.788585614019931,14.596516363894104
PercDevAbs_TR_11,11.5,9,14.596516363894104,21.00100526530901
PercDevAbs_TR_11,11.5,8,21.00100526530901,29.32387952682913
PercDevAbs_TR_11,11.5,7,29.32387952682913,39.91852275823446
PercDevAbs_TR_11,11.5,6,39.91852275823446,53.167755358336905
PercDevAbs_TR_11,11.5,5,53.167755358336905,69.484015322863
PercDevAbs_TR_11,11.5,4,69.484015322863,89.30513999982057
PercDevAbs_TR_11,11.5,3,89.30513999982057,113.11949094198607
PercDevAbs_TR_11,11.5,2,113.11949094198607,141.42798514814223
PercDevAbs_TR_11,11.5,1,141.42798514814223,Inf
PercDevAbs_TR_11,11.75,19,0,0.011399378837921042
PercDevAbs_TR_11,11.75,18,0.011399378837921042,0.055928384856807525
PercDevAbs_TR_11,11.75,17,0.055928384856807525,0.18721114656728688
PercDevAbs_TR_11,11.75,16,0.18721114656728688,0.48688651658979687
PercDevAbs_TR_11,11.75,15,0.48688651658979687,1.0654898996782571
PercDevAbs_TR_11,11.75,14,1.0654898996782571,2.0621867055407392
PercDevAbs_TR_11,11.75,13,2.0621867055407392,3.6447926297502455
PercDevAbs_TR_11,11.75,12,3.6447926297502455,6.01028180743553
PercDevAbs_TR_11,11.75,11,6.01028180743553,9.38494031083716
PercDevAbs_TR_11,11.75,10,9.38494031083716,14.024184791272809
PercDevAbs_TR_11,11.75,9,14.024184791272809,20.212976683382458
PercDevAbs_TR_11,11.75,8,20.212976683382458,28.26533771718249
PercDevAbs_TR_11,11.75,7,28.26533771718249,38.52621512411818
PercDevAbs_TR_11,11.75,6,38.52621512411818,51.369430266856526
PercDevAbs_TR_11,11.75,5,51.369430266856526,67.19785545994472
PercDevAbs_TR_11,11.75,4,67.19785545994472,86.43931152358857
PercDevAbs_TR_11,11.75,3,86.43931152358857,109.57097859854437
PercDevAbs_TR_11,11.75,2,109.57097859854437,137.08251186709856
PercDevAbs_TR_11,11.75,1,137.08251186709856,Inf
PercDevAbs_TR_11,12,19,0,0.010164471548319964
PercDevAbs_TR_11,12,18,0.010164471548319964,0.051035987993789306
PercDevAbs_TR_11,12,17,0.051035987993789306,0.17351690224494695
PercDevAbs_TR_11,12,16,0.17351690224494695,0.4561287624447386
PercDevAbs_TR_11,12,15,0.4561287624447386,1.005762284847021
PercDevAbs_TR_11,12,14,1.005762284847021,1.9573911350968989
PercDevAbs_TR_11,12,13,1.9573911350968989,3.474077897562305
PercDevAbs_TR_11,12,12,3.474077897562305,5.747465641450841
PercDevAbs_TR_11,12,11,5.747465641450841,8.997930774028685
PercDevAbs_TR_11,12,10,8.997930774028685,13.474414365477735
PercDevAbs_TR_11,12,9,13.474414365477735,19.454823159394465
PercDevAbs_TR_11,12,8,19.454823159394465,27.24556337339608
PercDevAbs_TR_11,12,7,27.24556337339608,37.18334861888559
PercDevAbs_TR_11,12,6,37.18334861888559,49.63321457534602
PercDevAbs_TR_11,12,5,49.63321457534602,64.98869192311159
PercDevAbs_TR_11,12,4,64.98869192311159,83.66781645890262
PercDevAbs_TR_11,12,3,83.66781645890262,106.13684667104819
PercDevAbs_TR_11,12,2,106.13684667104819,132.87443221396222
PercDevAbs_TR_11,12,1,132.87443221396222,Inf
PercDevAbs_TR_12,6,19,0,0.11483182540800746
PercDevAbs_TR_12,6,18,0.11483182540800746,0.42536411417260833
PercDevAbs_TR_12,6,17,0.42536411417260833,1.1500042168732971
PercDevAbs_TR_12,6,16,1.1500042168732971,2.5258140685659676
PercDevAbs_TR_12,6,15,2.5258140685659676,4.815044509244565
PercDevAbs_TR_12,6,14,4.815044509244565,8.30032024752674
PercDevAbs_TR_12,6,13,8.30032024752674,13.282622878569494
PercDevAbs_TR_12,6,12,13.282622878569494,20.08061597616248
PercDevAbs_TR_12,6,11,20.08061597616248,29.029238992725652
PercDevAbs_TR_12,6,10,29.029238992725652,40.47752001089722
PercDevAbs_TR_12,6,9,40.47752001089722,54.78851090332924
PercDevAbs_TR_12,6,8,54.78851090332924,72.33713832605004
PercDevAbs_TR_12,6,7,72.33713832605004,93.51317518761367
PercDevAbs_TR_12,6,6,93.51317518761367,118.71620911616469
PercDevAbs_TR_12,6,5,118.71620911616469,148.3552523531646
PercDevAbs_TR_12,6,4,148.3552523531646,182.84178721044378
PercDevAbs_TR_12,6,3,182.84178721044378,222.63058191945728
PercDevAbs_TR_12,6,2,222.63058191945728,268.1563211597298
PercDevAbs_TR_12,6,1,268.1563211597298,Inf
PercDevAbs_TR_12,6.25,19,0,0.09232445192894516
PercDevAbs_TR_12,6.25,18,0.09232445192894516,0.3603247254152383
PercDevAbs_TR_12,6.25,17,0.3603247254152383,1.009206007722069
PercDevAbs_TR_12,6.25,16,1.009206007722069,2.2708315607380904
PercDevAbs_TR_12,6.25,15,2.2708315607380904,4.403310249614295
PercDevAbs_TR_12,6.25,14,4.403310249614295,7.685468576876923
PercDevAbs_TR_12,6.25,13,7.685468576876923,12.414640931183737
PercDevAbs_TR_12,6.25,12,12.414640931183737,18.90594246434746
PercDevAbs_TR_12,6.25,11,18.90594246434746,27.49085432666989
PercDevAbs_TR_12,6.25,10,27.49085432666989,38.51507416815761
PercDevAbs_TR_12,6.25,9,38.51507416815761,52.33838922115037
PercDevAbs_TR_12,6.25,8,52.33838922115037,69.33255719526036
PercDevAbs_TR_12,6.25,7,69.33255719526036,89.88415557824811
PercDevAbs_TR_12,6.25,6,89.88415557824811,114.38967000488412
PercDevAbs_TR_12,6.25,5,114.38967000488412,143.2550931219224
PercDevAbs_TR_12,6.25,4,143.2550931219224,176.88908948599612
PercDevAbs_TR_12,6.25,3,176.88908948599612,215.74285959123395
PercDevAbs_TR_12,6.25,2,215.74285959123395,260.2482278342174
PercDevAbs_TR_12,6.25,1,260.2482278342174,Inf
PercDevAbs_TR_12,6.5,19,0,0.07389439533887848
PercDevAbs_TR_12,6.5,18,0.07389439533887848,0.3042747279578595
PercDevAbs_TR_12,6.5,17,0.3042747279578595,0.8838527758862499
PercDevAbs_TR_12,6.5,16,0.8838527758862499,2.03903077599257
PercDevAbs_TR_12,6.5,15,2.03903077599257,4.0237471188513485
PercDevAbs_TR_12,6.5,14,4.0237471188513485,7.113061122853266
PercDevAbs_TR_12,6.5,13,7.113061122853266,11.600697738945701
PercDevAbs_TR_12,6.5,12,11.600697738945701,17.79825900319323
PercDevAbs_TR_12,6.5,11,17.79825900319323,26.03380099957348
PercDevAbs_TR_12,6.5,10,26.03380099957348,36.64972104213226
PercDevAbs_TR_12,6.5,9,36.64972104213226,50.00257160035078
PercDevAbs_TR_12,6.5,8,50.00257160035078,66.46096987021727
PercDevAbs_TR_12,6.5,7,66.46096987021727,86.40832863274335
PercDevAbs_TR_12,6.5,6,86.40832863274335,110.23806036693432
PercDevAbs_TR_12,6.5,5,110.23806036693432,138.3531651481774
PercDevAbs_TR_12,6.5,4,138.3531651481774,171.15951191540657
PercDevAbs_TR_12,6.5,3,171.15951191540657,209.10477705484553
PercDevAbs_TR_12,6.5,2,209.10477705484553,252.61794864776363
PercDevAbs_TR_12,6.5,1,252.61794864776363,Inf
PercDevAbs_TR_12,6.75,19,0,0.058886403445213405
PercDevAbs_TR_12,6.75,18,0.058886403445213405,0.2561504577439348
PercDevAbs_TR_12,6.75,17,0.2561504577439348,0.7725042798629218
PercDevAbs_TR_12,6.75,16,0.7725042798629218,1.8285890515105137
PercDevAbs_TR_12,6.75,15,1.8285890515105137,3.6741213314892147
PercDevAbs_TR_12,6.75,14,3.6741213314892147,6.580418707260241
PercDevAbs_TR_12,6.75,13,6.580418707260241,10.837634122087817
PercDevAbs_TR_12,6.75,12,10.837634122087817,16.753892350523234
PercDevAbs_TR_12,6.75,11,16.753892350523234,24.65385806541065
PercDevAbs_TR_12,6.75,10,24.65385806541065,34.87665860551252
PercDevAbs_TR_12,6.75,9,34.87665860551252,47.775641626107
PercDevAbs_TR_12,6.75,8,47.775641626107,63.716312238533185
PercDevAbs_TR_12,6.75,7,63.716312238533185,83.07894907280298
PercDevAbs_TR_12,6.75,6,83.07894907280298,106.25392014460652
PercDevAbs_TR_12,6.75,5,106.25392014460652,133.6412598637118
PercDevAbs_TR_12,6.75,4,133.6412598637118,165.64406369034018
PercDevAbs_TR_12,6.75,3,165.64406369034018,202.7065268568545
PercDevAbs_TR_12,6.75,2,202.7065268568545,245.25482500815647
PercDevAbs_TR_12,6.75,1,245.25482500815647,Inf
PercDevAbs_TR_12,7,19,0,0.046731422181571204
PercDevAbs_TR_12,7,18,0.046731422181571204,0.21498469854531357
PercDevAbs_TR_12,7,17,0.21498469854531357,0.673825055178543
PercDevAbs_TR_12,7,16,0.673825055178543,1.6378022046800107
PercDevAbs_TR_12,7,15,1.6378022046800107,3.3523344936719996
PercDevAbs_TR_12,7,14,3.3523344936719996,6.0850162048882694
PercDevAbs_TR_12,7,13,6.0850162048882694,10.122465013002692
PercDevAbs_TR_12,7,12,10.122465013002692,15.769364932975279
PercDevAbs_TR_12,7,11,15.769364932975279,23.34702355543161
PercDevAbs_TR_12,7,10,23.34702355543161,33.191329173562956
PercDevAbs_TR_12,7,9,33.191329173562956,45.65245497694095
PercDevAbs_TR_12,7,8,45.65245497694095,61.09282275806888
PercDevAbs_TR_12,7,7,61.09282275806888,79.8896077496633
PercDevAbs_TR_12,7,6,79.8896077496633,102.4301624157282
PercDevAbs_TR_12,7,5,102.4301624157282,129.11158266099991
PercDevAbs_TR_12,7,4,129.11158266099991,160.3342129812886
PercDevAbs_TR_12,7,3,160.3342129812886,196.53881015897605
PercDevAbs_TR_12,7,2,196.53881015897605,238.14876159156128
PercDevAbs_TR_12,7,1,238.14876159156128,Inf
PercDevAbs_TR_12,7.25,19,0,0.03693933131787962
PercDevAbs_TR_12,7.25,18,0.03693933131787962,0.17990200379300741
PercDevAbs_TR_12,7.25,17,0.17990200379300741,0.5865793711926691
PercDevAbs_TR_12,7.25,16,0.5865793711926691,1.465078560708999
PercDevAbs_TR_12,7.25,15,1.465078560708999,3.0564168066138095
PercDevAbs_TR_12,7.25,14,3.0564168066138095,5.624474887513127
PercDevAbs_TR_12,7.25,13,5.624474887513127,9.452370729542706
PercDevAbs_TR_12,7.25,12,9.452370729542706,14.841384700474064
PercDevAbs_TR_12,7.25,11,14.841384700474064,22.109502448889398
PercDevAbs_TR_12,7.25,10,22.109502448889398,31.58940491603697
PercDevAbs_TR_12,7.25,9,31.58940491603697,43.628121792985354
PercDevAbs_TR_12,7.25,8,43.628121792985354,58.585020885153995
PercDevAbs_TR_12,7.25,7,58.585020885153995,76.83420522075623
PercDevAbs_TR_12,7.25,6,76.83420522075623,98.76004108927593
PercDevAbs_TR_12,7.25,5,98.76004108927593,124.75671355733994
PercDevAbs_TR_12,7.25,4,124.75671355733994,155.22183929758955
PercDevAbs_TR_12,7.25,3,155.22183929758955,190.5927793878469
PercDevAbs_TR_12,7.25,2,190.5927793878469,231.29015774660886
PercDevAbs_TR_12,7.25,1,231.29015774660886,Inf
PercDevAbs_TR_12,7.5,19,0,0.029091482693104517
PercDevAbs_TR_12,7.5,18,0.029091482693104517,0.1501139398455297
PercDevAbs_TR_12,7.5,17,0.1501139398455297,0.509626524526717
PercDevAbs_TR_12,7.5,16,0.509626524526717,1.3089335206978372
PercDevAbs_TR_12,7.5,15,1.3089335206978372,2.7845209734418397
PercDevAbs_TR_12,7.5,14,2.7845209734418397,5.196555606345614
PercDevAbs_TR_12,7.5,13,5.196555606345614,8.824689141635268
PercDevAbs_TR_12,7.5,12,8.824689141635268,13.966835780819713
PercDevAbs_TR_12,7.5,11,13.966835780819713,20.937695128499215
PercDevAbs_TR_12,7.5,10,20.937695128499215,30.066773237306293
PercDevAbs_TR_12,7.5,9,30.066773237306293,41.69798791136424
PercDevAbs_TR_12,7.5,8,41.69798791136424,56.187682896626896
PercDevAbs_TR_12,7.5,7,56.187682896626896,73.90692068279266
PercDevAbs_TR_12,7.5,6,73.90692068279266,95.23711126035451
PercDevAbs_TR_12,7.5,5,95.23711126035451,120.56955706263237
PercDevAbs_TR_12,7.5,4,120.56955706263237,150.2991707354378
PercDevAbs_TR_12,7.5,3,150.2991707354378,184.85996048823998
PercDevAbs_TR_12,7.5,2,184.85996048823998,224.66981214047942
PercDevAbs_TR_12,7.5,1,224.66981214047942,Inf
PercDevAbs_TR_12,7.75,19,0,0.02283316314691658
PercDevAbs_TR_12,7.75,18,0.02283316314691658,0.12491401365551902
PercDevAbs_TR_12,7.75,17,0.12491401365551902,0.4419159737563168
PercDevAbs_TR_12,7.75,16,0.4419159737563168,1.167983893623295
PercDevAbs_TR_12,7.75,15,1.167983893623295,2.534915782621866
PercDevAbs_TR_12,7.75,14,2.534915782621866,4.799151682016678
PercDevAbs_TR_12,7.75,13,4.799151682016678,8.236907760458699
PercDevAbs_TR_12,7.75,12,8.236907760458699,13.142769512418557
PercDevAbs_TR_12,7.75,11,13.142769512418557,19.828186968421775
PercDevAbs_TR_12,7.75,10,19.828186968421775,28.619524403569145
PercDevAbs_TR_12,7.75,9,28.619524403569145,39.85761988779147
PercDevAbs_TR_12,7.75,8,39.85761988779147,53.89582352884608
PercDevAbs_TR_12,7.75,7,53.89582352884608,71.10218931404502
PercDevAbs_TR_12,7.75,6,71.10218931404502,91.85520120004884
PercDevAbs_TR_12,7.75,5,91.85520120004884,116.54330761511324
PercDevAbs_TR_12,7.75,4,116.54330761511324,145.5587415092038
PercDevAbs_TR_12,7.75,3,145.5587415092038,179.33220103870966
PercDevAbs_TR_12,7.75,2,179.33220103870966,218.27885978947666
PercDevAbs_TR_12,7.75,1,218.27885978947666,Inf
PercDevAbs_TR_12,8,19,0,0.017866215573703617
PercDevAbs_TR_12,8,18,0.017866215573703617,0.10367243322803699
PercDevAbs_TR_12,8,17,0.10367243322803699,0.38248255712771495
PercDevAbs_TR_12,8,16,0.38248255712771495,1.040942372610123
PercDevAbs_TR_12,8,15,1.040942372610123,2.305979856122506
PercDevAbs_TR_12,8,14,2.305979856122506,4.430282053674001
PercDevAbs_TR_12,8,13,4.430282053674001,7.686656300082804
PercDevAbs_TR_12,8,12,7.686656300082804,12.366396311734778
PercDevAbs_TR_12,8,11,12.366396311734778,18.77773929676315
PercDevAbs_TR_12,8,10,18.77773929676315,27.24394129157092
PercDevAbs_TR_12,8,9,27.24394129157092,38.10279312482263
PercDevAbs_TR_12,8,8,38.10279312482263,51.704681978678764
PercDevAbs_TR_12,8,7,51.704681978678764,68.41468553740282
PercDevAbs_TR_12,8,6,68.41468553740282,88.60839216244524
PercDevAbs_TR_12,8,5,88.60839216244524,112.67142510317113
PercDevAbs_TR_12,8,4,112.67142510317113,140.99336224539198
PercDevAbs_TR_12,8,3,140.99336224539198,174.00163425262787
PercDevAbs_TR_12,8,2,174.00163425262787,212.10872858094632
PercDevAbs_TR_12,8,1,212.10872858094632,Inf
PercDevAbs_TR_12,8.25,19,0,0.013941957914515904
PercDevAbs_TR_12,8.25,18,0.013941957914515904,0.08583066290420445
PercDevAbs_TR_12,8.25,17,0.08583066290420445,0.3304415727403369
PercDevAbs_TR_12,8.25,16,0.3304415727403369,0.9266116953048276
PercDevAbs_TR_12,8.25,15,0.9266116953048276,2.096194743168227
PercDevAbs_TR_12,8.25,14,2.096194743168227,4.088083421474851
PercDevAbs_TR_12,8.25,13,4.088083421474851,7.17169794973821
PercDevAbs_TR_12,8.25,12,7.17169794973821,11.635076107089379
PercDevAbs_TR_12,8.25,11,11.635076107089379,17.78327898925827
PercDevAbs_TR_12,8.25,10,17.78327898925827,25.93648811758569
PercDevAbs_TR_12,8.25,9,25.93648811758569,36.429479693425534
PercDevAbs_TR_12,8.25,8,36.429479693425534,49.609708758839986
PercDevAbs_TR_12,8.25,7,49.609708758839986,65.83930883498984
PercDevAbs_TR_12,8.25,6,65.83930883498984,85.49100306837951
PercDevAbs_TR_12,8.25,5,85.49100306837951,108.94761831213705
PercDevAbs_TR_12,8.25,4,108.94761831213705,136.59610207021774
PercDevAbs_TR_12,8.25,3,136.59610207021774,168.86065956634675
PercDevAbs_TR_12,8.25,2,168.86065956634675,206.15111820442002
PercDevAbs_TR_12,8.25,1,206.15111820442002,Inf
PercDevAbs_TR_12,8.5,19,0,0.010854545877326757
PercDevAbs_TR_12,8.5,18,0.010854545877326757,0.07089591422198277
PercDevAbs_TR_12,8.5,17,0.07089591422198277,0.2849839104821832
PercDevAbs_TR_12,8.5,16,0.2849839104821832,0.82387880202644
PercDevAbs_TR_12,8.5,15,0.82387880202644,1.9041377768643957
PercDevAbs_TR_12,8.5,14,1.9041377768643957,3.7708018860448527
PercDevAbs_TR_12,8.5,13,3.7708018860448527,6.6899199433476095
PercDevAbs_TR_12,8.5,12,6.6899199433476095,10.946308018625125
PercDevAbs_TR_12,8.5,11,10.946308018625125,16.841887490839834
PercDevAbs_TR_12,8.5,10,16.841887490839834,24.693799098357605
PercDevAbs_TR_12,8.5,9,24.693799098357605,34.833837008128114
PercDevAbs_TR_12,8.5,8,34.833837008128114,47.606554846432445
PercDevAbs_TR_12,8.5,7,47.606554846432445,63.37117391932896
PercDevAbs_TR_12,8.5,6,63.37117391932896,82.4975823429975
PercDevAbs_TR_12,8.5,5,82.4975823429975,105.36583917046812
PercDevAbs_TR_12,8.5,4,105.36583917046812,132.36028610769517
PercDevAbs_TR_12,8.5,3,132.36028610769517,163.90194434041467
PercDevAbs_TR_12,8.5,2,163.90194434041467,200.39800711499774
PercDevAbs_TR_12,8.5,1,200.39800711499774,Inf
PercDevAbs_TR_12,8.75,19,0,0.008434877024240423
PercDevAbs_TR_12,8.75,18,0.008434877024240423,0.05843572458925216
PercDevAbs_TR_12,8.75,17,0.05843572458925216,0.24537151427642143
PercDevAbs_TR_12,8.75,16,0.24537151427642143,0.7317095970723508
PercDevAbs_TR_12,8.75,15,0.7317095970723508,1.7284757390791143
PercDevAbs_TR_12,8.75,14,1.7284757390791143,3.476785688884879
PercDevAbs_TR_12,8.75,13,3.476785688884879,6.239325729851675
PercDevAbs_TR_12,8.75,12,6.239325729851675,10.297722450991023
PercDevAbs_TR_12,8.75,11,10.297722450991023,15.950793480628242
PercDevAbs_TR_12,8.75,10,15.950793480628242,23.512672517256814
PercDevAbs_TR_12,8.75,9,23.512672517256814,33.31220431883347
PercDevAbs_TR_12,8.75,8,33.31220431883347,45.691071833637594
PercDevAbs_TR_12,8.75,7,45.691071833637594,61.00561599669768
PercDevAbs_TR_12,8.75,6,61.00561599669768,79.62291997557179
PercDevAbs_TR_12,8.75,5,79.62291997557179,101.92030352841374
PercDevAbs_TR_12,8.75,4,101.92030352841374,128.2795271434739
PercDevAbs_TR_12,8.75,3,128.2795271434739,159.1184688378276
PercDevAbs_TR_12,8.75,2,159.1184688378276,194.84171351537395
PercDevAbs_TR_12,8.75,1,194.84171351537395,Inf
PercDevAbs_TR_12,9,19,0,0.0065450988988667615
PercDevAbs_TR_12,9,18,0.0065450988988667615,0.048072808639138036
PercDevAbs_TR_12,9,17,0.048072808639138036,0.21093359287282687
PercDevAbs_TR_12,9,16,0.21093359287282687,0.6491452238627242
PercDevAbs_TR_12,9,15,0.6491452238627242,1.5679607433401697
PercDevAbs_TR_12,9,14,1.5679607433401697,3.204480707250948
PercDevAbs_TR_12,9,13,3.204480707250948,5.818030101036086
PercDevAbs_TR_12,9,12,5.818030101036086,9.687075802585259
PercDevAbs_TR_12,9,11,9.687075802585259,15.107367033349025
PercDevAbs_TR_12,9,10,15.107367033349025,22.390064134256487
PercDevAbs_TR_12,9,9,22.390064134256487,31.861095092562085
PercDevAbs_TR_12,9,8,31.861095092562085,43.859302930561
PercDevAbs_TR_12,9,7,43.859302930561,58.73817996447882
PercDevAbs_TR_12,9,6,58.73817996447882,76.8620344066448
PercDevAbs_TR_12,9,5,76.8620344066448,98.60547514973997
PercDevAbs_TR_12,9,4,98.60547514973997,124.34770605382343
PercDevAbs_TR_12,9,3,124.34770605382343,154.503502334689
PercDevAbs_TR_12,9,2,154.503502334689,189.47486630515633
PercDevAbs_TR_12,9,1,189.47486630515633,Inf
PercDevAbs_TR_12,9.25,19,0,0.005073669148384568
PercDevAbs_TR_12,9.25,18,0.005073669148384568,0.03947994602258052
PercDevAbs_TR_12,9.25,17,0.03947994602258052,0.1810628346951765
PercDevAbs_TR_12,9.25,16,0.1810628346951765,0.5752985326766993
PercDevAbs_TR_12,9.25,15,0.5752985326766993,1.4214264035716238
PercDevAbs_TR_12,9.25,14,1.4214264035716238,2.952426215594179
PercDevAbs_TR_12,9.25,13,2.952426215594179,5.424254406653425
PercDevAbs_TR_12,9.25,12,5.424254406653425,9.112244839747738
PercDevAbs_TR_12,9.25,11,9.112244839747738,14.309112681057421
PercDevAbs_TR_12,9.25,10,14.309112681057421,21.323078280710433
PercDevAbs_TR_12,9.25,9,21.323078280710433,30.477185297781567
PercDevAbs_TR_12,9.25,8,30.477185297781567,42.107467399680424
PercDevAbs_TR_12,9.25,7,42.107467399680424,56.5645997520334
PercDevAbs_TR_12,9.25,6,56.5645997520334,74.21014532002309
PercDevAbs_TR_12,9.25,5,74.21014532002309,95.4160302806804
PercDevAbs_TR_12,9.25,4,95.4160302806804,120.55892625379528
PercDevAbs_TR_12,9.25,3,120.55892625379528,150.05054530886585
PercDevAbs_TR_12,9.25,2,150.05054530886585,184.290332632843
PercDevAbs_TR_12,9.25,1,184.290332632843,Inf
PercDevAbs_TR_12,9.5,19,0,0.0039309715485303385
PercDevAbs_TR_12,9.5,18,0.0039309715485303385,0.0323749435543093
PercDevAbs_TR_12,9.5,17,0.0323749435543093,0.15521150770834163
PercDevAbs_TR_12,9.5,16,0.15521150770834163,0.5093504914020272
PercDevAbs_TR_12,9.5,15,0.5093504914020272,1.2877839430329021
PercDevAbs_TR_12,9.5,14,1.2877839430329021,2.719250536038345
PercDevAbs_TR_12,9.5,13,2.719250536038345,5.056321566464756
PercDevAbs_TR_12,9.5,12,5.056321566464756,8.57122071012057
PercDevAbs_TR_12,9.5,11,8.57122071012057,13.553661852425247
PercDevAbs_TR_12,9.5,10,13.553661852425247,20.308957921816663
PercDevAbs_TR_12,9.5,9,20.308957921816663,29.15730004984981
PercDevAbs_TR_12,9.5,8,29.15730004984981,40.43194249651752
PercDevAbs_TR_12,9.5,7,40.43194249651752,54.48077400993125
PercDevAbs_TR_12,9.5,6,54.48077400993125,71.66264126506182
PercDevAbs_TR_12,9.5,5,71.66264126506182,92.34681511127482
PercDevAbs_TR_12,9.5,4,92.34681511127482,116.90745861872603
PercDevAbs_TR_12,9.5,3,116.90745861872603,145.75325913577586
PercDevAbs_TR_12,9.5,2,145.75325913577586,179.28112937570285
PercDevAbs_TR_12,9.5,1,179.28112937570285,Inf
PercDevAbs_TR_12,9.75,19,0,0.0030454760051380485
PercDevAbs_TR_12,9.75,18,0.0030454760051380485,0.026515707221950624
PercDevAbs_TR_12,9.75,17,0.026515707221950624,0.1328872995671208
PercDevAbs_TR_12,9.75,16,0.1328872995671208,0.45054615556573363
PercDevAbs_TR_12,9.75,15,0.45054615556573363,1.1660176428844233
PercDevAbs_TR_12,9.75,14,1.1660176428844233,2.503665920260076
PercDevAbs_TR_12,9.75,13,2.503665920260076,4.712650523101979
PercDevAbs_TR_12,9.75,12,4.712650523101979,8.062103122554102
PercDevAbs_TR_12,9.75,11,8.062103122554102,12.83876692331608
PercDevAbs_TR_12,9.75,10,12.83876692331608,19.34507870680433
PercDevAbs_TR_12,9.75,9,19.34507870680433,27.898407776225064
PercDevAbs_TR_12,9.75,8,27.898407776225064,38.829257852331395
PercDevAbs_TR_12,9.75,7,38.829257852331395,52.48276079951094
PercDevAbs_TR_12,9.75,6,52.48276079951094,69.21507472873958
PercDevAbs_TR_12,9.75,5,69.21507472873958,89.39284129098756
PercDevAbs_TR_12,9.75,4,89.39284129098756,113.3877374887432
PercDevAbs_TR_12,9.75,3,113.3877374887432,141.6054626108829
PercDevAbs_TR_12,9.75,2,141.6054626108829,174.44042019176885
PercDevAbs_TR_12,9.75,1,174.44042019176885,Inf
PercDevAbs_TR_12,10,19,0,0.0023604279873269155
PercDevAbs_TR_12,10,18,0.0023604279873269155,0.021695519783548514
PercDevAbs_TR_12,10,17,0.021695519783548514,0.11364895101404483
PercDevAbs_TR_12,10,16,0.11364895101404483,0.3981901255367408
PercDevAbs_TR_12,10,15,0.3981901255367408,1.055179367308341
PercDevAbs_TR_12,10,14,1.055179367308341,2.3044622134896264
PercDevAbs_TR_12,10,13,2.3044622134896264,4.391749657939627
PercDevAbs_TR_12,10,12,4.391749657939627,7.583094531543676
PercDevAbs_TR_12,10,11,7.583094531543676,12.162297583000466
PercDevAbs_TR_12,10,10,12.162297583000466,18.42894935061243
PercDevAbs_TR_12,10,9,18.42894935061243,26.69762689499033
PercDevAbs_TR_12,10,8,26.69762689499033,37.29611120336641
PercDevAbs_TR_12,10,7,37.29611120336641,50.56680562387785
PercDevAbs_TR_12,10,6,50.56680562387785,66.86320623676801
PercDevAbs_TR_12,10,5,66.86320623676801,86.54935040441441
PercDevAbs_TR_12,10,4,86.54935040441441,109.99445037140063
PercDevAbs_TR_12,10,3,109.99445037140063,137.60125232263567
PercDevAbs_TR_12,10,2,137.60125232263567,169.76167259067753
PercDevAbs_TR_12,10,1,169.76167259067753,Inf
PercDevAbs_TR_12,10.25,19,0,0.0018310579354606303
PercDevAbs_TR_12,10.25,18,0.0018310579354606303,0.01773875347239631
PercDevAbs_TR_12,10.25,17,0.01773875347239631,0.09710232694934132
PercDevAbs_TR_12,10.25,16,0.09710232694934132,0.3516428087734253
PercDevAbs_TR_12,10.25,15,0.3516428087734253,0.9543841867592566
PercDevAbs_TR_12,10.25,14,0.9543841867592566,2.120501615719961
PercDevAbs_TR_12,10.25,13,2.120501615719961,4.0922108807093345
PercDevAbs_TR_12,10.25,12,4.0922108807093345,7.132494004283416
PercDevAbs_TR_12,10.25,11,7.132494004283416,11.52223516069771
PercDevAbs_TR_12,10.25,10,11.52223516069771,17.558207346053422
PercDevAbs_TR_12,10.25,9,17.558207346053422,25.552224099808967
PercDevAbs_TR_12,10.25,8,25.552224099808967,35.829370713020936
PercDevAbs_TR_12,10.25,7,35.829370713020936,48.729349544725864
PercDevAbs_TR_12,10.25,6,48.729349544725864,64.6030203287622
PercDevAbs_TR_12,10.25,5,64.6030203287622,83.81184018698869
PercDevAbs_TR_12,10.25,4,83.81184018698869,106.7225771067972
PercDevAbs_TR_12,10.25,3,106.7225771067972,133.73505782712465
PercDevAbs_TR_12,10.25,2,133.73505782712465,165.23873252744738
PercDevAbs_TR_12,10.25,1,165.23873252744738,Inf
PercDevAbs_TR_12,10.5,19,0,0.0014222447414388912
PercDevAbs_TR_12,10.5,18,0.0014222447414388912,0.014496964391961045
PercDevAbs_TR_12,10.5,17,0.014496964391961045,0.08289678039376086
PercDevAbs_TR_12,10.5,16,0.08289678039376086,0.3103172723512925
PercDevAbs_TR_12,10.5,15,0.3103172723512925,0.8628069284940535
PercDevAbs_TR_12,10.5,14,0.8628069284940535,1.950714495702899
PercDevAbs_TR_12,10.5,13,1.950714495702899,3.8127045263031034
PercDevAbs_TR_12,10.5,12,3.8127045263031034,6.708691101997683
PercDevAbs_TR_12,10.5,11,6.708691101997683,10.916665427985823
PercDevAbs_TR_12,10.5,10,10.916665427985823,16.730610653154507
PercDevAbs_TR_12,10.5,9,16.730610653154507,24.459604934625713
PercDevAbs_TR_12,10.5,8,24.459604934625713,34.426064467402476
PercDevAbs_TR_12,10.5,7,34.426064467402476,46.96701767523432
PercDevAbs_TR_12,10.5,6,46.96701767523432,62.430713169568804
PercDevAbs_TR_12,10.5,5,62.430713169568804,81.17605142360485
PercDevAbs_TR_12,10.5,4,81.17605142360485,103.56737627282811
PercDevAbs_TR_12,10.5,3,103.56737627282811,130.0016278321306
PercDevAbs_TR_12,10.5,2,130.0016278321306,160.86581069272734
PercDevAbs_TR_12,10.5,1,160.86581069272734,Inf
PercDevAbs_TR_12,10.75,19,0,0.0011065739025823247
PercDevAbs_TR_12,10.75,18,0.0011065739025823247,0.011845321609341961
PercDevAbs_TR_12,10.75,17,0.011845321609341961,0.07072164969816946
PercDevAbs_TR_12,10.75,16,0.07072164969816946,0.27367635459721606
PercDevAbs_TR_12,10.75,15,0.27367635459721606,0.7796792528167107
PercDevAbs_TR_12,10.75,14,0.7796792528167107,1.7940959663751646
PercDevAbs_TR_12,10.75,13,1.7940959663751646,3.551975153580364
PercDevAbs_TR_12,10.75,12,3.551975153580364,6.310160642591252
PercDevAbs_TR_12,10.75,11,6.310160642591252,10.343772020999346
PercDevAbs_TR_12,10.75,10,10.343772020999346,15.944029416787442
PercDevAbs_TR_12,10.75,9,15.944029416787442,23.41730337897044
PercDevAbs_TR_12,10.75,8,23.41730337897044,33.08336743555902
PercDevAbs_TR_12,10.75,7,33.08336743555902,45.27660295586658
PercDevAbs_TR_12,10.75,6,45.27660295586658,60.342672513611646
PercDevAbs_TR_12,10.75,5,60.342672513611646,78.63794340566629
PercDevAbs_TR_12,10.75,4,78.63794340566629,100.52435537005096
PercDevAbs_TR_12,10.75,3,100.52435537005096,126.39599426930138
PercDevAbs_TR_12,10.75,2,126.39599426930138,156.6374395592515
PercDevAbs_TR_12,10.75,1,156.6374395592515,Inf
PercDevAbs_TR_12,11,19,0,8.627403216544221e-4
PercDevAbs_TR_12,11,18,8.627403216544221e-4,0.00967936293098636
PercDevAbs_TR_12,11,17,0.00967936293098636,0.060302850888398526
PercDevAbs_TR_12,11,16,0.060302850888398526,0.24122988995019273
PercDevAbs_TR_12,11,15,0.24122988995019273,0.7042870241497163
PercDevAbs_TR_12,11,14,0.7042870241497163,1.6497029354644197
PercDevAbs_TR_12,11,13,1.6497029354644197,3.308837934950819
PercDevAbs_TR_12,11,12,3.308837934950819,5.935458043547482
PercDevAbs_TR_12,11,11,5.935458043547482,9.801830231562922
PercDevAbs_TR_12,11,10,9.801830231562922,15.196437556677592
PercDevAbs_TR_12,11,9,15.196437556677592,22.422970432117417
PercDevAbs_TR_12,11,8,22.422970432117417,31.79858608039649
PercDevAbs_TR_12,11,7,31.79858608039649,43.655045654759235
PercDevAbs_TR_12,11,6,43.655045654759235,58.335450781786435
PercDevAbs_TR_12,11,5,58.335450781786435,76.19365909025987
PercDevAbs_TR_12,11,4,76.19365909025987,97.58922638437843
PercDevAbs_TR_12,11,3,97.58922638437843,122.91341638193671
PercDevAbs_TR_12,11,2,122.91341638193671,152.54840392002612
PercDevAbs_TR_12,11,1,152.54840392002612,Inf
PercDevAbs_TR_12,11.25,19,0,6.742475457685942e-4
PercDevAbs_TR_12,11.25,18,6.742475457685942e-4,0.007912065065595424
PercDevAbs_TR_12,11.25,17,0.007912065065595424,0.051399526813645256
PercDevAbs_TR_12,11.25,16,0.051399526813645256,0.2125318710841028
PercDevAbs_TR_12,11.25,15,0.2125318710841028,0.6359676671002932
PercDevAbs_TR_12,11.25,14,0.6359676671002932,1.5166512739306697
PercDevAbs_TR_12,11.25,13,1.5166512739306697,3.082175417470265
PercDevAbs_TR_12,11.25,12,3.082175417470265,5.5832154695256175
PercDevAbs_TR_12,11.25,11,5.5832154695256175,9.289202273265023
PercDevAbs_TR_12,11.25,10,9.289202273265023,14.485906796945166
PercDevAbs_TR_12,11.25,9,14.485906796945166,21.47436645441115
PercDevAbs_TR_12,11.25,8,21.47436645441115,30.569148458003262
PercDevAbs_TR_12,11.25,7,30.569148458003262,42.09942056432729
PercDevAbs_TR_12,11.25,6,42.09942056432729,56.405748583833855
PercDevAbs_TR_12,11.25,5,56.405748583833855,73.83950406228573
PercDevAbs_TR_12,11.25,4,73.83950406228573,94.75787918612704
PercDevAbs_TR_12,11.25,3,94.75787918612704,119.54934743204788
PercDevAbs_TR_12,11.25,2,119.54934743204788,148.59369965001247
PercDevAbs_TR_12,11.25,1,148.59369965001247,Inf
PercDevAbs_TR_12,11.5,19,0,5.283604420685471e-4
PercDevAbs_TR_12,11.5,18,5.283604420685471e-4,0.006471232780603457
PercDevAbs_TR_12,11.5,17,0.006471232780603457,0.04380080738602182
PercDevAbs_TR_12,11.5,16,0.04380080738602182,0.1871775854799641
PercDevAbs_TR_12,11.5,15,0.1871775854799641,0.5741075097081502
PercDevAbs_TR_12,11.5,14,0.5741075097081502,1.394113046440445
PercDevAbs_TR_12,11.5,13,1.394113046440445,2.870934503213892
PercDevAbs_TR_12,11.5,12,2.870934503213892,5.252138489310113
PercDevAbs_TR_12,11.5,11,5.252138489310113,8.804333530951716
PercDevAbs_TR_12,11.5,10,8.804333530951716,13.810602388202739
PercDevAbs_TR_12,11.5,9,13.810602388202739,20.56935619771649
PercDevAbs_TR_12,11.5,8,20.56935619771649,29.392598344245783
PercDevAbs_TR_12,11.5,7,29.392598344245783,40.606929961251566
PercDevAbs_TR_12,11.5,6,40.606929961251566,54.55040619642318
PercDevAbs_TR_12,11.5,5,54.55040619642318,71.57193616091814
PercDevAbs_TR_12,11.5,4,71.57193616091814,92.02636887941202
PercDevAbs_TR_12,11.5,3,92.02636887941202,116.29941928736986
PercDevAbs_TR_12,11.5,2,116.29941928736986,144.7685149858927
PercDevAbs_TR_12,11.5,1,144.7685149858927,Inf
PercDevAbs_TR_12,11.75,19,0,4.152704093899153e-4
PercDevAbs_TR_12,11.75,18,4.152704093899153e-4,0.005297200092110909
PercDevAbs_TR_12,11.75,17,0.005297200092110909,0.03732272506130721
PercDevAbs_TR_12,11.75,16,0.03732272506130721,0.16480076374665645
PercDevAbs_TR_12,11.75,15,0.16480076374665645,0.5181391107577057
PercDevAbs_TR_12,11.75,14,0.5181391107577057,1.2813137018458394
PercDevAbs_TR_12,11.75,13,1.2813137018458394,2.6741233393787325
PercDevAbs_TR_12,11.75,12,2.6741233393787325,4.94100256704466
PercDevAbs_TR_12,11.75,11,4.94100256704466,8.345748543795372
PercDevAbs_TR_12,11.75,10,8.345748543795372,13.168778434042686
PercDevAbs_TR_12,11.75,9,13.168778434042686,19.705903277629957
PercDevAbs_TR_12,11.75,8,19.705903277629957,28.266588601131396
PercDevAbs_TR_12,11.75,7,28.266588601131396,39.17489555830837
PercDevAbs_TR_12,11.75,6,39.17489555830837,52.766393732224984
PercDevAbs_TR_12,11.75,5,52.766393732224984,69.38755343592318
PercDevAbs_TR_12,11.75,4,69.38755343592318,89.3909010524213
PercDevAbs_TR_12,11.75,3,89.3909010524213,113.15942440413863
PercDevAbs_TR_12,11.75,2,113.15942440413863,141.06820861217395
PercDevAbs_TR_12,11.75,1,141.06820861217395,Inf
PercDevAbs_TR_12,12,19,0,3.274353493584238e-4
PercDevAbs_TR_12,12,18,3.274353493584238e-4,0.004340823039431376
PercDevAbs_TR_12,12,17,0.004340823039431376,0.03180529516570346
PercDevAbs_TR_12,12,16,0.03180529516570346,0.14507071447847225
PercDevAbs_TR_12,12,15,0.14507071447847225,0.46753848246043805
PercDevAbs_TR_12,12,14,0.46753848246043805,1.1775290846822406
PercDevAbs_TR_12,12,13,1.1775290846822406,2.490807982924088
PercDevAbs_TR_12,12,12,2.490807982924088,4.648649368796073
PercDevAbs_TR_12,12,11,4.648649368796073,7.912047000536903
PercDevAbs_TR_12,12,10,7.912047000536903,12.558773654968476
PercDevAbs_TR_12,12,9,12.558773654968476,18.88206581288803
PercDevAbs_TR_12,12,8,18.88206581288803,27.188876824494905
PercDevAbs_TR_12,12,7,27.188876824494905,37.80075431999536
PercDevAbs_TR_12,12,6,37.80075431999536,51.050807311179696
PercDevAbs_TR_12,12,5,51.050807311179696,67.2830908915316
PercDevAbs_TR_12,12,4,67.2830908915316,86.8478293410002
PercDevAbs_TR_12,12,3,86.8478293410002,110.12531448966828
PercDevAbs_TR_12,12,2,110.12531448966828,137.48830973437077
PercDevAbs_TR_12,12,1,137.48830973437077,Inf
PercDevAbs_TR_2,6,19,0,0.001322744246292152
PercDevAbs_TR_2,6,18,0.001322744246292152,0.02660179953218211
PercDevAbs_TR_2,6,17,0.02660179953218211,0.21620680920123198
PercDevAbs_TR_2,6,16,0.21620680920123198,0.9369215252594493
PercDevAbs_TR_2,6,15,0.9369215252594493,2.679951325670029
PercDevAbs_TR_2,6,14,2.679951325670029,5.84430497893579
PercDevAbs_TR_2,6,13,5.84430497893579,10.703436029654739
PercDevAbs_TR_2,6,12,10.703436029654739,17.544270937846065
PercDevAbs_TR_2,6,11,17.544270937846065,26.83943091304088
PercDevAbs_TR_2,6,10,26.83943091304088,39.437551620569636
PercDevAbs_TR_2,6,9,39.437551620569636,56.85209050768371
PercDevAbs_TR_2,6,8,56.85209050768371,81.79807235746355
PercDevAbs_TR_2,6,7,81.79807235746355,119.30975649846849
PercDevAbs_TR_2,6,6,119.30975649846849,179.18207831847099
PercDevAbs_TR_2,6,5,179.18207831847099,281.74869032979575
PercDevAbs_TR_2,6,4,281.74869032979575,472.52079582111173
PercDevAbs_TR_2,6,3,472.52079582111173,863.5866396270919
PercDevAbs_TR_2,6,2,863.5866396270919,1758.877051497709
PercDevAbs_TR_2,6,1,1758.877051497709,Inf
PercDevAbs_TR_2,6.25,19,0,0.0015041687895747764
PercDevAbs_TR_2,6.25,18,0.0015041687895747764,0.02911952936640466
PercDevAbs_TR_2,6.25,17,0.02911952936640466,0.22907999123504355
PercDevAbs_TR_2,6.25,16,0.22907999123504355,0.9690483741069861
PercDevAbs_TR_2,6.25,15,0.9690483741069861,2.723571673176891
PercDevAbs_TR_2,6.25,14,2.723571673176891,5.863731699641095
PercDevAbs_TR_2,6.25,13,5.863731699641095,10.637072667535357
PercDevAbs_TR_2,6.25,12,10.637072667535357,17.307596008132943
PercDevAbs_TR_2,6.25,11,17.307596008132943,26.320156270190857
PercDevAbs_TR_2,6.25,10,26.320156270190857,38.47939550948614
PercDevAbs_TR_2,6.25,9,38.47939550948614,55.22149765341685
PercDevAbs_TR_2,6.25,8,55.22149765341685,79.11974699790781
PercDevAbs_TR_2,6.25,7,79.11974699790781,114.93670710984608
PercDevAbs_TR_2,6.25,6,114.93670710984608,171.91857488871955
PercDevAbs_TR_2,6.25,5,171.91857488871955,269.21447675054003
PercDevAbs_TR_2,6.25,4,269.21447675054003,449.5756420054382
PercDevAbs_TR_2,6.25,3,449.5756420054382,818.0129131258476
PercDevAbs_TR_2,6.25,2,818.0129131258476,1658.4700312149703
PercDevAbs_TR_2,6.25,1,1658.4700312149703,Inf
PercDevAbs_TR_2,6.5,19,0,0.0017091205600228486
PercDevAbs_TR_2,6.5,18,0.0017091205600228486,0.031839446212696056
PercDevAbs_TR_2,6.5,17,0.031839446212696056,0.24248709117180958
PercDevAbs_TR_2,6.5,16,0.24248709117180958,1.0015694625977514
PercDevAbs_TR_2,6.5,15,1.0015694625977514,2.766559148248462
PercDevAbs_TR_2,6.5,14,2.766559148248462,5.881426510527874
PercDevAbs_TR_2,6.5,13,5.881426510527874,10.569338484871306
PercDevAbs_TR_2,6.5,12,10.569338484871306,17.072967945282294
PercDevAbs_TR_2,6.5,11,17.072967945282294,25.81115831770072
PercDevAbs_TR_2,6.5,10,25.81115831770072,37.547044601269505
PercDevAbs_TR_2,6.5,9,37.547044601269505,53.643750932042686
PercDevAbs_TR_2,6.5,8,53.643750932042686,76.5406274720199
PercDevAbs_TR_2,6.5,7,76.5406274720199,110.74392129902014
PercDevAbs_TR_2,6.5,6,110.74392129902014,164.98322532818725
PercDevAbs_TR_2,6.5,5,164.98322532818725,257.29507073629213
PercDevAbs_TR_2,6.5,4,257.29507073629213,427.84467362080693
PercDevAbs_TR_2,6.5,3,427.84467362080693,775.0284013083165
PercDevAbs_TR_2,6.5,2,775.0284013083165,1564.1592674695025
PercDevAbs_TR_2,6.5,1,1564.1592674695025,Inf
PercDevAbs_TR_2,6.75,19,0,0.001940327261366941
PercDevAbs_TR_2,6.75,18,0.001940327261366941,0.03477291168565068
PercDevAbs_TR_2,6.75,17,0.03477291168565068,0.25643055790701313
PercDevAbs_TR_2,6.75,16,0.25643055790701313,1.0344479766980839
PercDevAbs_TR_2,6.75,15,1.0344479766980839,2.808859350257978
PercDevAbs_TR_2,6.75,14,2.808859350257978,5.897371373417047
PercDevAbs_TR_2,6.75,13,5.897371373417047,10.500258063628083
PercDevAbs_TR_2,6.75,12,10.500258063628083,16.840371795022648
PercDevAbs_TR_2,6.75,11,16.840371795022648,25.31219340486841
PercDevAbs_TR_2,6.75,10,25.31219340486841,36.639691550063596
PercDevAbs_TR_2,6.75,9,36.639691550063596,52.116903796205435
PercDevAbs_TR_2,6.75,8,52.116903796205435,74.05660391145234
PercDevAbs_TR_2,6.75,7,74.05660391145234,106.72319595630175
PercDevAbs_TR_2,6.75,6,106.72319595630175,158.35984976643874
PercDevAbs_TR_2,6.75,5,158.35984976643874,245.95790788733893
PercDevAbs_TR_2,6.75,4,245.95790788733893,407.25920717360964
PercDevAbs_TR_2,6.75,3,407.25920717360964,734.4773814504908
PercDevAbs_TR_2,6.75,2,734.4773814504908,1475.5566061273103
PercDevAbs_TR_2,6.75,1,1475.5566061273103,Inf
PercDevAbs_TR_2,7,19,0,0.0022007717550283005
PercDevAbs_TR_2,7,18,0.0022007717550283005,0.037931394920701376
PercDevAbs_TR_2,7,17,0.037931394920701376,0.27091141794633494
PercDevAbs_TR_2,7,16,0.27091141794633494,1.0676458015630421
PercDevAbs_TR_2,7,15,1.0676458015630421,2.850419730801648
PercDevAbs_TR_2,7,14,2.850419730801648,5.911552175188868
PercDevAbs_TR_2,7,13,5.911552175188868,10.429859450923821
PercDevAbs_TR_2,7,12,10.429859450923821,16.609796286253133
PercDevAbs_TR_2,7,11,16.609796286253133,24.823028271192996
PercDevAbs_TR_2,7,10,24.823028271192996,35.756561077135466
PercDevAbs_TR_2,7,9,35.756561077135466,50.63909246261139
PercDevAbs_TR_2,7,8,50.63909246261139,71.66375546876678
PercDevAbs_TR_2,7,7,71.66375546876678,102.86673373665565
PercDevAbs_TR_2,7,6,102.86673373665565,152.0331234608756
PercDevAbs_TR_2,7,5,152.0331234608756,235.17225301595997
PercDevAbs_TR_2,7,4,235.17225301595997,387.7546425196888
PercDevAbs_TR_2,7,3,387.7546425196888,696.2138944200958
PercDevAbs_TR_2,7,2,696.2138944200958,1392.29946484678
PercDevAbs_TR_2,7,1,1392.29946484678,Inf
PercDevAbs_TR_2,7.25,19,0,0.00249370759247322
PercDevAbs_TR_2,7.25,18,0.00249370759247322,0.041326441210857726
PercDevAbs_TR_2,7.25,17,0.041326441210857726,0.28592932881130284
PercDevAbs_TR_2,7.25,16,0.28592932881130284,1.1011239085238123
PercDevAbs_TR_2,7.25,15,1.1011239085238123,2.891190139390641
PercDevAbs_TR_2,7.25,14,2.891190139390641,5.923959111293709
PercDevAbs_TR_2,7.25,13,5.923959111293709,10.35817424582292
PercDevAbs_TR_2,7.25,12,10.35817424582292,16.38123343743351
PercDevAbs_TR_2,7.25,11,16.38123343743351,24.34343866313496
PercDevAbs_TR_2,7.25,10,24.34343866313496,34.89690649863979
PercDevAbs_TR_2,7.25,9,34.89690649863979,49.20852821194984
PercDevAbs_TR_2,7.25,8,49.20852821194984,69.35833425350256
PercDevAbs_TR_2,7.25,7,69.35833425350256,99.16711032844515
PercDevAbs_TR_2,7.25,6,99.16711032844515,145.9885097511194
PercDevAbs_TR_2,7.25,5,145.9885097511194,224.90905857203893
PercDevAbs_TR_2,7.25,4,224.90905857203893,369.27014752630515
PercDevAbs_TR_2,7.25,3,369.27014752630515,660.1009865521098
PercDevAbs_TR_2,7.25,2,660.1009865521098,1314.0488258548637
PercDevAbs_TR_2,7.25,1,1314.0488258548637,Inf
PercDevAbs_TR_2,7.5,19,0,0.0028226722071024437
PercDevAbs_TR_2,7.5,18,0.0028226722071024437,0.044969613987750984
PercDevAbs_TR_2,7.5,17,0.044969613987750984,0.3014825066220525
PercDevAbs_TR_2,7.5,16,0.3014825066220525,1.1348423580800748
PercDevAbs_TR_2,7.5,15,1.1348423580800748,2.931122616377208
PercDevAbs_TR_2,7.5,14,2.931122616377208,5.934586012907472
PercDevAbs_TR_2,7.5,13,5.934586012907472,10.285236519877786
PercDevAbs_TR_2,7.5,12,10.285236519877786,16.15467717484691
PercDevAbs_TR_2,7.5,11,16.15467717484691,23.87320754596896
PercDevAbs_TR_2,7.5,10,23.87320754596896,34.06000702555461
PercDevAbs_TR_2,7.5,9,34.06000702555461,47.82349256873689
PercDevAbs_TR_2,7.5,8,47.82349256873689,67.13675582292504
PercDevAbs_TR_2,7.5,7,67.13675582292504,95.61725478669126
PercDevAbs_TR_2,7.5,6,95.61725478669126,140.21221810037628
PercDevAbs_TR_2,7.5,5,140.21221810037628,215.14087175346413
PercDevAbs_TR_2,7.5,4,215.14087175346413,351.74844144755957
PercDevAbs_TR_2,7.5,3,351.74844144755957,626.0101668186318
PercDevAbs_TR_2,7.5,2,626.0101668186318,1240.4877466728187
PercDevAbs_TR_2,7.5,1,1240.4877466728187,Inf
PercDevAbs_TR_2,7.75,19,0,0.0031914963288065686
PercDevAbs_TR_2,7.75,18,0.0031914963288065686,0.04887240333501771
PercDevAbs_TR_2,7.75,17,0.04887240333501771,0.3175675211584515
PercDevAbs_TR_2,7.75,16,0.3175675211584515,1.1687599525957268
PercDevAbs_TR_2,7.75,15,1.1687599525957268,2.9701705571204333
PercDevAbs_TR_2,7.75,14,2.9701705571204333,5.943428827377178
PercDevAbs_TR_2,7.75,13,5.943428827377178,10.211080787080792
PercDevAbs_TR_2,7.75,12,10.211080787080792,15.930121038103108
PercDevAbs_TR_2,7.75,11,15.930121038103108,23.412122628018416
PercDevAbs_TR_2,7.75,10,23.412122628018416,33.24516487350834
PercDevAbs_TR_2,7.75,9,33.24516487350834,46.48233321930865
PercDevAbs_TR_2,7.75,8,46.48233321930865,64.99559207446387
PercDevAbs_TR_2,7.75,7,64.99559207446387,92.21043528211665
PercDevAbs_TR_2,7.75,6,92.21043528211665,134.6911732351297
PercDevAbs_TR_2,7.75,5,134.6911732351297,205.84176409655547
PercDevAbs_TR_2,7.75,4,205.84176409655547,335.13562541209353
PercDevAbs_TR_2,7.75,3,335.13562541209353,593.8209697510831
PercDevAbs_TR_2,7.75,2,593.8209697510831,1171.3201322273687
PercDevAbs_TR_2,7.75,1,1171.3201322273687,Inf
PercDevAbs_TR_2,8,19,0,0.0036043108340336927
PercDevAbs_TR_2,8,18,0.0036043108340336927,0.053046128791377455
PercDevAbs_TR_2,8,17,0.053046128791377455,0.3341791273979992
PercDevAbs_TR_2,8,16,0.3341791273979992,1.2028340795915924
PercDevAbs_TR_2,8,15,1.2028340795915924,3.008288412946508
PercDevAbs_TR_2,8,14,3.008288412946508,5.950485214479137
PercDevAbs_TR_2,8,13,5.950485214479137,10.135741866347217
PercDevAbs_TR_2,8,12,10.135741866347217,15.70755872507985
PercDevAbs_TR_2,8,11,15.70755872507985,22.959977856559448
PercDevAbs_TR_2,8,10,22.959977856559448,32.45170772294082
PercDevAbs_TR_2,8,9,32.45170772294082,45.18346702464423
PercDevAbs_TR_2,8,8,45.18346702464423,62.93157355769015
PercDevAbs_TR_2,8,7,62.93157355769015,88.94025757027984
PercDevAbs_TR_2,8,6,88.94025757027984,129.41300205603898
PercDevAbs_TR_2,8,5,129.41300205603898,196.98728728431175
PercDevAbs_TR_2,8,4,196.98728728431175,319.3810548063109
PercDevAbs_TR_2,8,3,319.3810548063109,563.4205931997049
PercDevAbs_TR_2,8,2,563.4205931997049,1106.2696614513757
PercDevAbs_TR_2,8,1,1106.2696614513757,Inf
PercDevAbs_TR_2,8.25,19,0,0.004065553821948889
PercDevAbs_TR_2,8.25,18,0.004065553821948889,0.05750186830539626
PercDevAbs_TR_2,8.25,17,0.05750186830539626,0.3513102466106592
PercDevAbs_TR_2,8.25,16,0.3513102466106592,1.237020919463871
PercDevAbs_TR_2,8.25,15,1.237020919463871,3.045431953662934
PercDevAbs_TR_2,8.25,14,3.045431953662934,5.955754735632132
PercDevAbs_TR_2,8.25,13,5.955754735632132,10.05925504463424
PercDevAbs_TR_2,8.25,12,10.05925504463424,15.486984193456337
PercDevAbs_TR_2,8.25,11,15.486984193456337,22.51657314325937
PercDevAbs_TR_2,8.25,10,22.51657314325937,31.67898730012622
PercDevAbs_TR_2,8.25,9,31.67898730012622,43.92537591559807
PercDevAbs_TR_2,8.25,8,43.92537591559807,60.94157966636418
PercDevAbs_TR_2,8.25,7,60.94157966636418,85.80064338007196
PercDevAbs_TR_2,8.25,6,85.80064338007196,124.36598719910695
PercDevAbs_TR_2,8.25,5,124.36598719910695,188.55437212429024
PercDevAbs_TR_2,8.25,4,188.55437212429024,304.43711018171723
PercDevAbs_TR_2,8.25,3,304.43711018171723,534.7033421051243
PercDevAbs_TR_2,8.25,2,534.7033421051243,1045.0783085475823
PercDevAbs_TR_2,8.25,1,1045.0783085475823,Inf
PercDevAbs_TR_2,8.5,19,0,0.004579979527237434
PercDevAbs_TR_2,8.5,18,0.004579979527237434,0.06225042423549697
PercDevAbs_TR_2,8.5,17,0.06225042423549697,0.36895210660165406
PercDevAbs_TR_2,8.5,16,0.36895210660165406,1.271275972805745
PercDevAbs_TR_2,8.5,15,1.271275972805745,3.08155893917913
PercDevAbs_TR_2,8.5,14,3.08155893917913,5.959239378110909
PercDevAbs_TR_2,8.5,13,5.959239378110909,9.981656249423171
PercDevAbs_TR_2,8.5,12,9.981656249423171,15.268391129502128
PercDevAbs_TR_2,8.5,11,15.268391129502128,22.08171243177366
PercDevAbs_TR_2,8.5,10,22.08171243177366,30.926374784918906
PercDevAbs_TR_2,8.5,9,30.926374784918906,42.7065974166989
PercDevAbs_TR_2,8.5,8,42.7065974166989,59.02262023256217
PercDevAbs_TR_2,8.5,7,59.02262023256217,82.7857953192239
PercDevAbs_TR_2,8.5,6,82.7857953192239,119.53899938566312
PercDevAbs_TR_2,8.5,5,119.53899938566312,180.521193412989
PercDevAbs_TR_2,8.5,4,180.521193412989,290.2589111397135
PercDevAbs_TR_2,8.5,3,290.2589111397135,507.5699716312447
PercDevAbs_TR_2,8.5,2,507.5699716312447,987.5046743081076
PercDevAbs_TR_2,8.5,1,987.5046743081076,Inf
PercDevAbs_TR_2,8.75,19,0,0.005152663326366764
PercDevAbs_TR_2,8.75,18,0.005152663326366764,0.0673022683128551
PercDevAbs_TR_2,8.75,17,0.0673022683128551,0.387094297527788
PercDevAbs_TR_2,8.75,16,0.387094297527788,1.3055543785154577
PercDevAbs_TR_2,8.75,15,1.3055543785154577,3.1166295309146377
PercDevAbs_TR_2,8.75,14,3.1166295309146377,5.9609440356361905
PercDevAbs_TR_2,8.75,13,5.9609440356361905,9.902982785770027
PercDevAbs_TR_2,8.75,12,9.902982785770027,15.05177408913508
PercDevAbs_TR_2,8.75,11,15.05177408913508,21.655205197962324
PercDevAbs_TR_2,8.75,10,21.655205197962324,30.193262322793977
PercDevAbs_TR_2,8.75,9,30.193262322793977,41.52572531787158
PercDevAbs_TR_2,8.75,8,41.52572531787158,57.17183353263367
PercDevAbs_TR_2,8.75,7,57.17183353263367,79.89018830924857
PercDevAbs_TR_2,8.75,6,79.89018830924857,114.92147359393054
PercDevAbs_TR_2,8.75,5,114.92147359393054,172.86711032126595
PercDevAbs_TR_2,8.75,4,172.86711032126595,276.8041688884518
PercDevAbs_TR_2,8.75,3,276.8041688884518,481.9273078798584
PercDevAbs_TR_2,8.75,2,481.9273078798584,933.3229368331188
PercDevAbs_TR_2,8.75,1,933.3229368331188,Inf
PercDevAbs_TR_2,9,19,0,0.005788995664653019
PercDevAbs_TR_2,9,18,0.005788995664653019,0.0726674092814252
PercDevAbs_TR_2,9,17,0.0726674092814252,0.40572453487443577
PercDevAbs_TR_2,9,16,0.40572453487443577,1.3398105460551124
PercDevAbs_TR_2,9,15,1.3398105460551124,3.1506056124572366
PercDevAbs_TR_2,9,14,3.1506056124572366,5.960875682576171
PercDevAbs_TR_2,9,13,5.960875682576171,9.823272849666948
PercDevAbs_TR_2,9,12,9.823272849666948,14.837128876808102
PercDevAbs_TR_2,9,11,14.837128876808102,21.236868137021006
PercDevAbs_TR_2,9,10,21.236868137021006,29.479066345774047
PercDevAbs_TR_2,9,9,29.479066345774047,40.38141478530612
PercDevAbs_TR_2,9,8,40.38141478530612,55.38649299732655
PercDevAbs_TR_2,9,7,55.38649299732655,77.10857684417903
PercDevAbs_TR_2,9,6,77.10857684417903,110.50341353186951
PercDevAbs_TR_2,9,5,110.50341353186951,165.5726584114849
PercDevAbs_TR_2,9,4,165.5726584114849,264.03313765170554
PercDevAbs_TR_2,9,3,264.03313765170554,457.68807264809743
PercDevAbs_TR_2,9,2,457.68807264809743,882.3222677167
PercDevAbs_TR_2,9,1,882.3222677167,Inf
PercDevAbs_TR_2,9.25,19,0,0.006494681389986286
PercDevAbs_TR_2,9.25,18,0.006494681389986286,0.07835534552629574
PercDevAbs_TR_2,9.25,17,0.07835534552629574,0.42482878032205595
PercDevAbs_TR_2,9.25,16,0.42482878032205595,1.3739985761476756
PercDevAbs_TR_2,9.25,15,1.3739985761476756,3.1834512631217566
PercDevAbs_TR_2,9.25,14,3.1834512631217566,5.95904372308245
PercDevAbs_TR_2,9.25,13,5.95904372308245,9.742565664830662
PercDevAbs_TR_2,9.25,12,9.742565664830662,14.62445224865442
PercDevAbs_TR_2,9.25,11,14.62445224865442,20.826523931392238
PercDevAbs_TR_2,9.25,10,20.826523931392238,28.783224467947853
PercDevAbs_TR_2,9.25,9,28.783224467947853,39.272375709183436
PercDevAbs_TR_2,9.25,8,39.272375709183436,53.663993947299474
PercDevAbs_TR_2,9.25,7,53.663993947299474,74.43596921625293
PercDevAbs_TR_2,9.25,6,74.43596921625293,106.27534126193831
PercDevAbs_TR_2,9.25,5,106.27534126193831,158.6194479967929
PercDevAbs_TR_2,9.25,4,158.6194479967929,251.90839796280554
PercDevAbs_TR_2,9.25,3,251.90839796280554,434.7703836838606
PercDevAbs_TR_2,9.25,2,434.7703836838606,834.3055595211761
PercDevAbs_TR_2,9.25,1,834.3055595211761,Inf
PercDevAbs_TR_2,9.5,19,0,0.007275752099290344
PercDevAbs_TR_2,9.5,18,0.007275752099290344,0.08437514250691497
PercDevAbs_TR_2,9.5,17,0.08437514250691497,0.44439178830145865
PercDevAbs_TR_2,9.5,16,0.44439178830145865,1.408073493816459
PercDevAbs_TR_2,9.5,15,1.408073493816459,3.215134303060063
PercDevAbs_TR_2,9.5,14,3.215134303060063,5.955461361226564
PercDevAbs_TR_2,9.5,13,5.955461361226564,9.660902153523995
PercDevAbs_TR_2,9.5,12,9.660902153523995,14.413741140690412
PercDevAbs_TR_2,9.5,11,14.413741140690412,20.42399790934127
PercDevAbs_TR_2,9.5,10,20.42399790934127,28.10518782961619
PercDevAbs_TR_2,9.5,9,28.10518782961619,38.19735791639272
PercDevAbs_TR_2,9.5,8,38.19735791639272,52.001826859506366
PercDevAbs_TR_2,9.5,7,52.001826859506366,71.86758005512377
PercDevAbs_TR_2,9.5,6,71.86758005512377,102.22821184916538
PercDevAbs_TR_2,9.5,5,102.22821184916538,151.9900046830512
PercDevAbs_TR_2,9.5,4,151.9900046830512,240.39453996550264
PercDevAbs_TR_2,9.5,3,240.39453996550264,413.0970701403752
PercDevAbs_TR_2,9.5,2,413.0970701403752,789.0877806523476
PercDevAbs_TR_2,9.5,1,789.0877806523476,Inf
PercDevAbs_TR_2,9.75,19,0,0.00813856701233196
PercDevAbs_TR_2,9.75,18,0.00813856701233196,0.09073541389359932
PercDevAbs_TR_2,9.75,17,0.09073541389359932,0.4643972402506063
PercDevAbs_TR_2,9.75,16,0.4643972402506063,1.4419915072941931
PercDevAbs_TR_2,9.75,15,1.4419915072941931,3.245626381044441
PercDevAbs_TR_2,9.75,14,3.245626381044441,5.95014548675214
PercDevAbs_TR_2,9.75,13,5.95014548675214,9.578324796022773
PercDevAbs_TR_2,9.75,12,9.578324796022773,14.204992650984707
PercDevAbs_TR_2,9.75,11,14.204992650984707,20.029118162790297
PercDevAbs_TR_2,9.75,10,20.029118162790297,27.44442116040244
PercDevAbs_TR_2,9.75,9,27.44442116040244,37.15515065942845
PercDevAbs_TR_2,9.75,8,37.15515065942845,50.39757513510992
PercDevAbs_TR_2,9.75,7,50.39757513510992,69.39882388976983
PercDevAbs_TR_2,9.75,6,69.39882388976983,98.35339714613507
PercDevAbs_TR_2,9.75,5,98.35339714613507,145.66773015960683
PercDevAbs_TR_2,9.75,4,145.66773015960683,229.4580675687642
PercDevAbs_TR_2,9.75,3,229.4580675687642,392.59542672728423
PercDevAbs_TR_2,9.75,2,392.59542672728423,746.4952948002956
PercDevAbs_TR_2,9.75,1,746.4952948002956,Inf
PercDevAbs_TR_2,10,19,0,0.009089791177800703
PercDevAbs_TR_2,10,18,0.009089791177800703,0.0974441529694385
PercDevAbs_TR_2,10,17,0.0974441529694385,0.484827382066499
PercDevAbs_TR_2,10,16,0.484827382066499,1.4757093059176807
PercDevAbs_TR_2,10,15,1.4757093059176807,3.2749018729999655
PercDevAbs_TR_2,10,14,3.2749018729999655,5.943115662856002
PercDevAbs_TR_2,10,13,5.943115662856002,9.494877539532462
PercDevAbs_TR_2,10,12,9.494877539532462,13.998205783776601
PercDevAbs_TR_2,10,11,13.998205783776601,19.64172007578999
PercDevAbs_TR_2,10,10,19.64172007578999,26.800411150174327
PercDevAbs_TR_2,10,9,26.800411150174327,36.144596128252445
PercDevAbs_TR_2,10,8,36.144596128252445,48.8489354674017
PercDevAbs_TR_2,10,7,48.8489354674017,67.02534472459054
PercDevAbs_TR_2,10,6,67.02534472459054,94.64272776406199
PercDevAbs_TR_2,10,5,94.64272776406199,139.63696040933533
PercDevAbs_TR_2,10,4,139.63696040933533,219.06747528559953
PercDevAbs_TR_2,10,3,219.06747528559953,373.1972995479181
PercDevAbs_TR_2,10,2,373.1972995479181,706.3658869786976
PercDevAbs_TR_2,10,1,706.3658869786976,Inf
PercDevAbs_TR_2,10.25,19,0,0.010136369224916016
PercDevAbs_TR_2,10.25,18,0.010136369224916016,0.10450858412050384
PercDevAbs_TR_2,10.25,17,0.10450858412050384,0.505662797689719
PercDevAbs_TR_2,10.25,16,0.505662797689719,1.5091837042402936
PercDevAbs_TR_2,10.25,15,1.5091837042402936,3.302937328833358
PercDevAbs_TR_2,10.25,14,3.302937328833358,5.934393676706868
PercDevAbs_TR_2,10.25,13,5.934393676706868,9.41060593641166
PercDevAbs_TR_2,10.25,12,9.41060593641166,13.793382625332852
PercDevAbs_TR_2,10.25,11,13.793382625332852,19.261648896789737
PercDevAbs_TR_2,10.25,10,19.261648896789737,26.172670684151534
PercDevAbs_TR_2,10.25,9,26.172670684151534,35.16459549663037
PercDevAbs_TR_2,10.25,8,35.16459549663037,47.35372560777502
PercDevAbs_TR_2,10.25,7,47.35372560777502,64.74302482628084
PercDevAbs_TR_2,10.25,6,64.74302482628084,91.08850054894833
PercDevAbs_TR_2,10.25,5,91.08850054894833,133.88296499439144
PercDevAbs_TR_2,10.25,4,133.88296499439144,209.1932191958354
PercDevAbs_TR_2,10.25,3,209.1932191958354,354.8389672784102
PercDevAbs_TR_2,10.25,2,354.8389672784102,668.5483544903095
PercDevAbs_TR_2,10.25,1,668.5483544903095,Inf
PercDevAbs_TR_2,10.5,19,0,0.01128550136554841
PercDevAbs_TR_2,10.5,18,0.01128550136554841,0.11193507685381665
PercDevAbs_TR_2,10.5,17,0.11193507685381665,0.5268824208904748
PercDevAbs_TR_2,10.5,16,0.5268824208904748,1.5423717543157704
PercDevAbs_TR_2,10.5,15,1.5423717543157704,3.3297115189165982
PercDevAbs_TR_2,10.5,14,3.3297115189165982,5.9240035489522285
PercDevAbs_TR_2,10.5,13,5.9240035489522285,9.32555720054627
PercDevAbs_TR_2,10.5,12,9.32555720054627,13.590528408053942
PercDevAbs_TR_2,10.5,11,13.590528408053942,18.888759572122687
PercDevAbs_TR_2,10.5,10,18.888759572122687,25.56073792860866
PercDevAbs_TR_2,10.5,9,25.56073792860866,34.2141062868591
PercDevAbs_TR_2,10.5,8,34.2141062868591,45.90987818042366
PercDevAbs_TR_2,10.5,7,45.90987818042366,62.54797140047519
PercDevAbs_TR_2,10.5,6,62.54797140047519,87.68345065198102
PercDevAbs_TR_2,10.5,5,87.68345065198102,128.39188785007232
PercDevAbs_TR_2,10.5,4,128.39188785007232,199.80758620260298
PercDevAbs_TR_2,10.5,3,199.80758620260298,337.46083217472517
PercDevAbs_TR_2,10.5,2,337.46083217472517,632.901707213168
PercDevAbs_TR_2,10.5,1,632.901707213168,Inf
PercDevAbs_TR_2,10.75,19,0,0.012544622716828062
PercDevAbs_TR_2,10.75,18,0.012544622716828062,0.11972911039222561
PercDevAbs_TR_2,10.75,17,0.11972911039222561,0.5484636835076241
PercDevAbs_TR_2,10.75,16,0.5484636835076241,1.5752310125719637
PercDevAbs_TR_2,10.75,15,1.5752310125719637,3.3552054798823168
PercDevAbs_TR_2,10.75,14,3.3552054798823168,5.911971130789911
PercDevAbs_TR_2,10.75,13,5.911971130789911,9.239779130347605
PercDevAbs_TR_2,10.75,12,9.239779130347605,13.38964937475569
PercDevAbs_TR_2,10.75,11,13.38964937475569,18.522912909790744
PercDevAbs_TR_2,10.75,10,18.522912909790744,24.964169760611526
PercDevAbs_TR_2,10.75,9,24.964169760611526,33.292131368094545
PercDevAbs_TR_2,10.75,8,33.292131368094545,44.51542232519735
PercDevAbs_TR_2,10.75,7,44.51542232519735,60.43648552511037
PercDevAbs_TR_2,10.75,6,60.43648552511037,84.42069726231448
PercDevAbs_TR_2,10.75,5,84.42069726231448,123.15064764166506
PercDevAbs_TR_2,10.75,4,123.15064764166506,190.88449803262273
PercDevAbs_TR_2,10.75,3,190.88449803262273,321.00699841307596
PercDevAbs_TR_2,10.75,2,321.00699841307596,599.2941560572356
PercDevAbs_TR_2,10.75,1,599.2941560572356,Inf
PercDevAbs_TR_2,11,19,0,0.013921385632813263
PercDevAbs_TR_2,11,18,0.013921385632813263,0.12789527887001756
PercDevAbs_TR_2,11,17,0.12789527887001756,0.5703827724295755
PercDevAbs_TR_2,11,16,0.5703827724295755,1.6077199870622891
PercDevAbs_TR_2,11,15,1.6077199870622891,3.379402844131296
PercDevAbs_TR_2,11,14,3.379402844131296,5.898324138385633
PercDevAbs_TR_2,11,13,5.898324138385633,9.153319680994652
PercDevAbs_TR_2,11,12,9.153319680994652,13.19075158231424
PercDevAbs_TR_2,11,11,13.19075158231424,18.163973085626544
PercDevAbs_TR_2,11,10,18.163973085626544,24.382537112774802
PercDevAbs_TR_2,11,9,24.382537112774802,32.39771070976661
PercDevAbs_TR_2,11,8,32.39771070976661,43.168469381468775
PercDevAbs_TR_2,11,7,43.168469381468775,58.40503720208881
PercDevAbs_TR_2,11,6,58.40503720208881,81.29369903899524
PercDevAbs_TR_2,11,5,81.29369903899524,118.14685448502387
PercDevAbs_TR_2,11,4,118.14685448502387,182.39934515441263
PercDevAbs_TR_2,11,3,182.39934515441263,305.424910924624
PercDevAbs_TR_2,11,2,305.424910924624,567.6022393378184
PercDevAbs_TR_2,11,1,567.6022393378184,Inf
PercDevAbs_TR_2,11.25,19,0,0.0154236328877381
PercDevAbs_TR_2,11.25,18,0.0154236328877381,0.13643725242919033
PercDevAbs_TR_2,11.25,17,0.13643725242919033,0.5926147239927213
PercDevAbs_TR_2,11.25,16,0.5926147239927213,1.639798236059261
PercDevAbs_TR_2,11.25,15,1.639798236059261,3.4022897016337876
PercDevAbs_TR_2,11.25,14,3.4022897016337876,5.883091763875313
PercDevAbs_TR_2,11.25,13,5.883091763875313,9.066226368370783
PercDevAbs_TR_2,11.25,12,9.066226368370783,12.993840047207229
PercDevAbs_TR_2,11.25,11,12.993840047207229,17.811806323619155
PercDevAbs_TR_2,11.25,10,17.811806323619155,23.815422763408215
PercDevAbs_TR_2,11.25,9,23.815422763408215,31.529917501296417
PercDevAbs_TR_2,11.25,8,31.529917501296417,41.86720589716967
PercDevAbs_TR_2,11.25,7,41.86720589716967,56.450252474313295
PercDevAbs_TR_2,11.25,6,56.450252474313295,78.2962296276543
PercDevAbs_TR_2,11.25,5,78.2962296276543,113.36876127701092
PercDevAbs_TR_2,11.25,4,113.36876127701092,174.3288838451499
PercDevAbs_TR_2,11.25,3,174.3288838451499,290.6651191812607
PercDevAbs_TR_2,11.25,2,290.6651191812607,537.710223595132
PercDevAbs_TR_2,11.25,1,537.710223595132,Inf
PercDevAbs_TR_2,11.5,19,0,0.017059356235203077
PercDevAbs_TR_2,11.5,18,0.017059356235203077,0.14535767339217098
PercDevAbs_TR_2,11.5,17,0.14535767339217098,0.6151333245334253
PercDevAbs_TR_2,11.5,16,0.6151333245334253,1.6714261046599435
PercDevAbs_TR_2,11.5,15,1.6714261046599435,3.423854012911365
PercDevAbs_TR_2,11.5,14,3.423854012911365,5.8663038917083306
PercDevAbs_TR_2,11.5,13,5.8663038917083306,8.978545492562166
PercDevAbs_TR_2,11.5,12,8.978545492562166,12.79891810748656
PercDevAbs_TR_2,11.5,11,12.79891810748656,17.466280414723286
PercDevAbs_TR_2,11.5,10,17.466280414723286,23.262420891236268
PercDevAbs_TR_2,11.5,9,23.262420891236268,30.68785741035505
PercDevAbs_TR_2,11.5,8,30.68785741035505,40.609891863119834
PercDevAbs_TR_2,11.5,7,40.609891863119834,54.56890907313261
PercDevAbs_TR_2,11.5,6,54.56890907313261,75.4223672461473
PercDevAbs_TR_2,11.5,5,75.4223672461473,108.80523904621026
PercDevAbs_TR_2,11.5,4,108.80523904621026,166.65117669976985
PercDevAbs_TR_2,11.5,3,166.65117669976985,276.6811262603748
PercDevAbs_TR_2,11.5,2,276.6811262603748,509.509690508423
PercDevAbs_TR_2,11.5,1,509.509690508423,Inf
PercDevAbs_TR_2,11.75,19,0,0.018836646107265494
PercDevAbs_TR_2,11.75,18,0.018836646107265494,0.15465803913756465
PercDevAbs_TR_2,11.75,17,0.15465803913756465,0.6379110047648774
PercDevAbs_TR_2,11.75,16,0.6379110047648774,1.7025645026135732
PercDevAbs_TR_2,11.75,15,1.7025645026135732,3.444085189336429
PercDevAbs_TR_2,11.75,14,3.444085189336429,5.847990668613558
PercDevAbs_TR_2,11.75,13,5.847990668613558,8.890321936786457
PercDevAbs_TR_2,11.75,12,8.890321936786457,12.605987611685004
PercDevAbs_TR_2,11.75,11,12.605987611685004,17.127265351852607
PercDevAbs_TR_2,11.75,10,17.127265351852607,22.723138092359317
PercDevAbs_TR_2,11.75,9,22.723138092359317,29.87066973982223
PercDevAbs_TR_2,11.75,8,29.87066973982223,39.39486143206248
PercDevAbs_TR_2,11.75,7,39.39486143206248,52.75793539629214
PercDevAbs_TR_2,11.75,6,52.75793539629214,72.6664889269017
PercDevAbs_TR_2,11.75,5,72.6664889269017,104.4457592474635
PercDevAbs_TR_2,11.75,4,104.4457592474635,159.34554448101323
PercDevAbs_TR_2,11.75,3,159.34554448101323,263.4292588298878
PercDevAbs_TR_2,11.75,2,263.4292588298878,482.89916866202634
PercDevAbs_TR_2,11.75,1,482.89916866202634,Inf
PercDevAbs_TR_2,12,19,0,0.020763654825318726
PercDevAbs_TR_2,12,18,0.020763654825318726,0.1643386971978045
PercDevAbs_TR_2,12,17,0.1643386971978045,0.6609190706689251
PercDevAbs_TR_2,12,16,0.6609190706689251,1.7331753114318704
PercDevAbs_TR_2,12,15,1.7331753114318704,3.462974567783819
PercDevAbs_TR_2,12,14,3.462974567783819,5.828183102807575
PercDevAbs_TR_2,12,13,5.828183102807575,8.80159994099359
PercDevAbs_TR_2,12,12,8.80159994099359,12.415049807872819
PercDevAbs_TR_2,12,11,12.415049807872819,16.794634134955256
PercDevAbs_TR_2,12,10,16.794634134955256,22.19719371453897
PercDevAbs_TR_2,12,9,22.19719371453897,29.07752659912891
PercDevAbs_TR_2,12,8,29.07752659912891,38.220519662736656
PercDevAbs_TR_2,12,7,38.220519662736656,51.01440239212756
PercDevAbs_TR_2,12,6,51.01440239212756,70.02325255679824
PercDevAbs_TR_2,12,5,70.02325255679824,100.2803549905598
PercDevAbs_TR_2,12,4,100.2803549905598,152.39248042192884
PercDevAbs_TR_2,12,3,152.39248042192884,250.86846627687532
PercDevAbs_TR_2,12,2,250.86846627687532,457.78362044971504
PercDevAbs_TR_2,12,1,457.78362044971504,Inf
PercDevAbs_TR_3,6,19,0,0.0015588204354779072
PercDevAbs_TR_3,6,18,0.0015588204354779072,0.02702893416976257
PercDevAbs_TR_3,6,17,0.02702893416976257,0.20758030884667478
PercDevAbs_TR_3,6,16,0.20758030884667478,0.9009705380499597
PercDevAbs_TR_3,6,15,0.9009705380499597,2.6663491126441135
PercDevAbs_TR_3,6,14,2.6663491126441135,6.116404961985939
PercDevAbs_TR_3,6,13,6.116404961985939,11.850974188402436
PercDevAbs_TR_3,6,12,11.850974188402436,20.526542447753712
PercDevAbs_TR_3,6,11,20.526542447753712,32.99800441592941
PercDevAbs_TR_3,6,10,32.99800441592941,50.51230349004645
PercDevAbs_TR_3,6,9,50.51230349004645,74.99430526307601
PercDevAbs_TR_3,6,8,74.99430526307601,109.5080467590438
PercDevAbs_TR_3,6,7,109.5080467590438,159.078982974391
PercDevAbs_TR_3,6,6,159.078982974391,232.186513430314
PercDevAbs_TR_3,6,5,232.186513430314,343.6630789016468
PercDevAbs_TR_3,6,4,343.6630789016468,520.468785948555
PercDevAbs_TR_3,6,3,520.468785948555,814.3369192406985
PercDevAbs_TR_3,6,2,814.3369192406985,1328.6635045463136
PercDevAbs_TR_3,6,1,1328.6635045463136,Inf
PercDevAbs_TR_3,6.25,19,0,0.002628840953062963
PercDevAbs_TR_3,6.25,18,0.002628840953062963,0.039171208298252866
PercDevAbs_TR_3,6.25,17,0.039171208298252866,0.2652335465237886
PercDevAbs_TR_3,6.25,16,0.2652335465237886,1.0489238230630114
PercDevAbs_TR_3,6.25,15,1.0489238230630114,2.9011753200251023
PercDevAbs_TR_3,6.25,14,2.9011753200251023,6.334779133294202
PercDevAbs_TR_3,6.25,13,6.334779133294202,11.832050671024644
PercDevAbs_TR_3,6.25,12,11.832050671024644,19.923991663945472
PercDevAbs_TR_3,6.25,11,19.923991663945472,31.31611439404324
PercDevAbs_TR_3,6.25,10,31.31611439404324,47.05026337312256
PercDevAbs_TR_3,6.25,9,47.05026337312256,68.7407482467639
PercDevAbs_TR_3,6.25,8,68.7407482467639,98.95393475527348
PercDevAbs_TR_3,6.25,7,98.95393475527348,141.88383218924747
PercDevAbs_TR_3,6.25,6,141.88383218924747,204.57268911059475
PercDevAbs_TR_3,6.25,5,204.57268911059475,299.27236824782824
PercDevAbs_TR_3,6.25,4,299.27236824782824,448.12388243321004
PercDevAbs_TR_3,6.25,3,448.12388243321004,693.365241689125
PercDevAbs_TR_3,6.25,2,693.365241689125,1118.893217172365
PercDevAbs_TR_3,6.25,1,1118.893217172365,Inf
PercDevAbs_TR_3,6.5,19,0,0.0042859211311392234
PercDevAbs_TR_3,6.5,18,0.0042859211311392234,0.0549698274341081
PercDevAbs_TR_3,6.5,17,0.0549698274341081,0.33067619253789865
PercDevAbs_TR_3,6.5,16,0.33067619253789865,1.2000694108621706
PercDevAbs_TR_3,6.5,15,1.2000694108621706,3.1198297207550847
PercDevAbs_TR_3,6.5,14,3.1198297207550847,6.512457277993071
PercDevAbs_TR_3,6.5,13,6.512457277993071,11.763347816894832
PercDevAbs_TR_3,6.5,12,11.763347816894832,19.303185099160974
PercDevAbs_TR_3,6.5,11,19.303185099160974,29.717899197253764
PercDevAbs_TR_3,6.5,10,29.717899197253764,43.88380343714701
PercDevAbs_TR_3,6.5,9,43.88380343714701,63.163562587508935
PercDevAbs_TR_3,6.5,8,63.163562587508935,89.72055662073444
PercDevAbs_TR_3,6.5,7,89.72055662073444,127.0777901729366
PercDevAbs_TR_3,6.5,6,127.0777901729366,181.1232278219205
PercDevAbs_TR_3,6.5,5,181.1232278219205,262.0473102129276
PercDevAbs_TR_3,6.5,4,262.0473102129276,388.16361168091197
PercDevAbs_TR_3,6.5,3,388.16361168091197,594.2123375651541
PercDevAbs_TR_3,6.5,2,594.2123375651541,948.785400880825
PercDevAbs_TR_3,6.5,1,948.785400880825,Inf
PercDevAbs_TR_3,6.75,19,0,0.006603930127214589
PercDevAbs_TR_3,6.75,18,0.006603930127214589,0.07365993323383896
PercDevAbs_TR_3,6.75,17,0.07365993323383896,0.39866958221237075
PercDevAbs_TR_3,6.75,16,0.39866958221237075,1.341216377397052
PercDevAbs_TR_3,6.75,15,1.341216377397052,3.3024967525179125
PercDevAbs_TR_3,6.75,14,3.3024967525179125,6.627801337458491
PercDevAbs_TR_3,6.75,13,6.627801337458491,11.625726599975046
PercDevAbs_TR_3,6.75,12,11.625726599975046,18.649003547217962
PercDevAbs_TR_3,6.75,11,18.649003547217962,28.189833811184418
PercDevAbs_TR_3,6.75,10,28.189833811184418,40.99335028306806
PercDevAbs_TR_3,6.75,9,40.99335028306806,58.22186558301467
PercDevAbs_TR_3,6.75,8,58.22186558301467,81.71813540840705
PercDevAbs_TR_3,6.75,7,81.71813540840705,114.47314565571531
PercDevAbs_TR_3,6.75,6,114.47314565571531,161.46415955708858
PercDevAbs_TR_3,6.75,5,161.46415955708858,231.26422245148208
PercDevAbs_TR_3,6.75,4,231.26422245148208,339.2015430641452
PercDevAbs_TR_3,6.75,3,339.2015430641452,514.2025646903353
PercDevAbs_TR_3,6.75,2,514.2025646903353,813.0646706045202
PercDevAbs_TR_3,6.75,1,813.0646706045202,Inf
PercDevAbs_TR_3,7,19,0,0.009440532862109463
PercDevAbs_TR_3,7,18,0.009440532862109463,0.09324597602484175
PercDevAbs_TR_3,7,17,0.09324597602484175,0.46162113452165743
PercDevAbs_TR_3,7,16,0.46162113452165743,1.4575941116421784
PercDevAbs_TR_3,7,15,1.4575941116421784,3.4304812633605817
PercDevAbs_TR_3,7,14,3.4304812633605817,6.663127675973456
PercDevAbs_TR_3,7,13,6.663127675973456,11.405605323194145
PercDevAbs_TR_3,7,12,11.405605323194145,17.951665171465486
PercDevAbs_TR_3,7,11,17.951665171465486,26.72146561198172
PercDevAbs_TR_3,7,10,26.72146561198172,38.35796223150465
PercDevAbs_TR_3,7,9,38.35796223150465,53.86664086846031
PercDevAbs_TR_3,7,8,53.86664086846031,74.83949872420425
PercDevAbs_TR_3,7,7,74.83949872420425,103.8529412558255
PercDevAbs_TR_3,7,6,103.8529412558255,145.17813643127602
PercDevAbs_TR_3,7,5,145.17813643127602,206.14118374080925
PercDevAbs_TR_3,7,4,206.14118374080925,299.7824039278287
PercDevAbs_TR_3,7,3,299.7824039278287,450.5992839791878
PercDevAbs_TR_3,7,2,450.5992839791878,706.4597915185362
PercDevAbs_TR_3,7,1,706.4597915185362,Inf
PercDevAbs_TR_3,7.25,19,0,0.01238979866007771
PercDevAbs_TR_3,7.25,18,0.01238979866007771,0.11091436314844808
PercDevAbs_TR_3,7.25,17,0.11091436314844808,0.5116608130102891
PercDevAbs_TR_3,7.25,16,0.5116608130102891,1.5369632494665089
PercDevAbs_TR_3,7.25,15,1.5369632494665089,3.491351388383066
PercDevAbs_TR_3,7.25,14,3.491351388383066,6.60969704914406
PercDevAbs_TR_3,7.25,13,6.60969704914406,11.098997593497046
PercDevAbs_TR_3,7.25,12,11.098997593497046,17.2093475009819
PercDevAbs_TR_3,7.25,11,17.2093475009819,25.306368720265013
PercDevAbs_TR_3,7.25,10,25.306368720265013,35.95451047729347
PercDevAbs_TR_3,7.25,9,35.95451047729347,50.038176878192914
PercDevAbs_TR_3,7.25,8,50.038176878192914,68.955986536855
PercDevAbs_TR_3,7.25,7,68.955986536855,94.96586662807084
PercDevAbs_TR_3,7.25,6,94.96586662807084,131.79939034181484
PercDevAbs_TR_3,7.25,5,131.79939034181484,185.83522724343845
PercDevAbs_TR_3,7.25,4,185.83522724343845,268.38585823615193
PercDevAbs_TR_3,7.25,3,268.38585823615193,400.6240782689808
PercDevAbs_TR_3,7.25,2,400.6240782689808,623.7567686202756
PercDevAbs_TR_3,7.25,1,623.7567686202756,Inf
PercDevAbs_TR_3,7.5,19,0,0.014878519962496074
PercDevAbs_TR_3,7.5,18,0.014878519962496074,0.12385014350923058
PercDevAbs_TR_3,7.5,17,0.12385014350923058,0.5426597967490503
PercDevAbs_TR_3,7.5,16,0.5426597967490503,1.57205901399496
PercDevAbs_TR_3,7.5,15,1.57205901399496,3.480555250739201
PercDevAbs_TR_3,7.5,14,3.480555250739201,6.467934816864593
PercDevAbs_TR_3,7.5,13,6.467934816864593,10.710531531119216
PercDevAbs_TR_3,7.5,12,10.710531531119216,16.426752682238707
PercDevAbs_TR_3,7.5,11,16.426752682238707,23.94146169283922
PercDevAbs_TR_3,7.5,10,23.94146169283922,33.75947848007178
PercDevAbs_TR_3,7.5,9,33.75947848007178,46.67281903341735
PercDevAbs_TR_3,7.5,8,46.67281903341735,63.932793834979755
PercDevAbs_TR_3,7.5,7,63.932793834979755,87.55576080142565
PercDevAbs_TR_3,7.5,6,87.55576080142565,120.86627007826827
PercDevAbs_TR_3,7.5,5,120.86627007826827,169.53264181078077
PercDevAbs_TR_3,7.5,4,169.53264181078077,243.58003225115095
PercDevAbs_TR_3,7.5,3,243.58003225115095,361.719616732516
PercDevAbs_TR_3,7.5,2,361.719616732516,560.2583755451736
PercDevAbs_TR_3,7.5,1,560.2583755451736,Inf
PercDevAbs_TR_3,7.75,19,0,0.016409722310994954
PercDevAbs_TR_3,7.75,18,0.016409722310994954,0.13026881470522209
PercDevAbs_TR_3,7.75,17,0.13026881470522209,0.5520894850782754
PercDevAbs_TR_3,7.75,16,0.5520894850782754,1.562423712273479
PercDevAbs_TR_3,7.75,15,1.562423712273479,3.40249569579015
PercDevAbs_TR_3,7.75,14,3.40249569579015,6.247619623804914
PercDevAbs_TR_3,7.75,13,6.247619623804914,10.252997619782846
PercDevAbs_TR_3,7.75,12,10.252997619782846,15.614412163910504
PercDevAbs_TR_3,7.75,11,15.614412163910504,22.62652908016407
PercDevAbs_TR_3,7.75,10,22.62652908016407,31.749204633072004
PercDevAbs_TR_3,7.75,9,31.749204633072004,43.70449344944842
PercDevAbs_TR_3,7.75,8,43.70449344944842,59.63241154001244
PercDevAbs_TR_3,7.75,7,59.63241154001244,81.36769573378828
PercDevAbs_TR_3,7.75,6,81.36769573378828,111.93075361346851
PercDevAbs_TR_3,7.75,5,111.93075361346851,156.46260452816392
PercDevAbs_TR_3,7.75,4,156.46260452816392,224.03935132542745
PercDevAbs_TR_3,7.75,3,224.03935132542745,331.5696726426422
PercDevAbs_TR_3,7.75,2,331.5696726426422,511.7979611544588
PercDevAbs_TR_3,7.75,1,511.7979611544588,Inf
PercDevAbs_TR_3,8,19,0,0.016724218621555837
PercDevAbs_TR_3,8,18,0.016724218621555837,0.12967278219616732
PercDevAbs_TR_3,8,17,0.12967278219616732,0.5405826964650715
PercDevAbs_TR_3,8,16,0.5405826964650715,1.5122933463786858
PercDevAbs_TR_3,8,15,1.5122933463786858,3.2665545552055075
PercDevAbs_TR_3,8,14,3.2665545552055075,5.962644370021385
PercDevAbs_TR_3,8,13,5.962644370021385,9.741876956599908
PercDevAbs_TR_3,8,12,9.741876956599908,14.784263991941689
PercDevAbs_TR_3,8,11,14.784263991941689,21.362370610028385
PercDevAbs_TR_3,8,10,21.362370610028385,29.902467281630095
PercDevAbs_TR_3,8,9,29.902467281630095,41.07413058384756
PercDevAbs_TR_3,8,8,41.07413058384756,55.93415645773854
PercDevAbs_TR_3,8,7,55.93415645773854,76.18228124768035
PercDevAbs_TR_3,8,6,76.18228124768035,104.61449181274693
PercDevAbs_TR_3,8,5,104.61449181274693,145.98577026167987
PercDevAbs_TR_3,8,4,145.98577026167987,208.68308016235244
PercDevAbs_TR_3,8,3,208.68308016235244,308.31682475921343
PercDevAbs_TR_3,8,2,308.31682475921343,475.0871441352532
PercDevAbs_TR_3,8,1,475.0871441352532,Inf
PercDevAbs_TR_3,8.25,19,0,0.01588902742366289
PercDevAbs_TR_3,8.25,18,0.01588902742366289,0.12292474920481446
PercDevAbs_TR_3,8.25,17,0.12292474920481446,0.511660476547601
PercDevAbs_TR_3,8.25,16,0.511660476547601,1.4298348569111716
PercDevAbs_TR_3,8.25,15,1.4298348569111716,3.086083883893704
PercDevAbs_TR_3,8.25,14,3.086083883893704,5.630100563839676
PercDevAbs_TR_3,8.25,13,5.630100563839676,9.194725629906737
PercDevAbs_TR_3,8.25,12,9.194725629906737,13.949336129442804
PercDevAbs_TR_3,8.25,11,13.949336129442804,20.150541068076514
PercDevAbs_TR_3,8.25,10,20.150541068076514,28.199736810909286
PercDevAbs_TR_3,8.25,9,28.199736810909286,38.727450620276116
PercDevAbs_TR_3,8.25,8,38.727450620276116,52.728813973999124
PercDevAbs_TR_3,8.25,7,52.728813973999124,71.80428812504312
PercDevAbs_TR_3,8.25,6,71.80428812504312,98.58636380785535
PercDevAbs_TR_3,8.25,5,98.58636380785535,137.55161499009435
PercDevAbs_TR_3,8.25,4,137.55161499009435,196.5952663573247
PercDevAbs_TR_3,8.25,3,196.5952663573247,290.41118461473366
PercDevAbs_TR_3,8.25,2,290.41118461473366,447.4236963274355
PercDevAbs_TR_3,8.25,1,447.4236963274355,Inf
PercDevAbs_TR_3,8.5,19,0,0.014310129254245478
PercDevAbs_TR_3,8.5,18,0.014310129254245478,0.1122765533505123
PercDevAbs_TR_3,8.5,17,0.1122765533505123,0.4719487251601032
PercDevAbs_TR_3,8.5,16,0.4719487251601032,1.3279632090273399
PercDevAbs_TR_3,8.5,15,1.3279632090273399,2.8801753486609813
PercDevAbs_TR_3,8.5,14,2.8801753486609813,5.272987816221066
PercDevAbs_TR_3,8.5,13,5.272987816221066,8.634368810037156
PercDevAbs_TR_3,8.5,12,8.634368810037156,13.126522678242157
PercDevAbs_TR_3,8.5,11,13.126522678242157,18.994306888268394
PercDevAbs_TR_3,8.5,10,18.994306888268394,26.620250856858373
PercDevAbs_TR_3,8.5,9,26.620250856858373,36.60510838693979
PercDevAbs_TR_3,8.5,8,36.60510838693979,49.89721773879894
PercDevAbs_TR_3,8.5,7,49.89721773879894,68.02235537389404
PercDevAbs_TR_3,8.5,6,68.02235537389404,93.49133616479747
PercDevAbs_TR_3,8.5,5,93.49133616479747,130.57599624301352
PercDevAbs_TR_3,8.5,4,130.57599624301352,186.81455618319063
PercDevAbs_TR_3,8.5,3,186.81455618319063,276.24419751619786
PercDevAbs_TR_3,8.5,2,276.24419751619786,426.0350906450643
PercDevAbs_TR_3,8.5,1,426.0350906450643,Inf
PercDevAbs_TR_3,8.75,19,0,0.012554977310569522
PercDevAbs_TR_3,8.75,18,0.012554977310569522,0.10069576843198087
PercDevAbs_TR_3,8.75,17,0.10069576843198087,0.4298348094936122
PercDevAbs_TR_3,8.75,16,0.4298348094936122,1.2225883280574532
PercDevAbs_TR_3,8.75,15,1.2225883280574532,2.6719416329212677
PercDevAbs_TR_3,8.75,14,2.6719416329212677,4.918867569381328
PercDevAbs_TR_3,8.75,13,4.918867569381328,8.088066221144436
PercDevAbs_TR_3,8.75,12,8.088066221144436,12.336198032520162
PercDevAbs_TR_3,8.75,11,12.336198032520162,17.8984382950872
PercDevAbs_TR_3,8.75,10,17.8984382950872,25.141462875534884
PercDevAbs_TR_3,8.75,9,25.141462875534884,34.64091850346506
PercDevAbs_TR_3,8.75,8,34.64091850346506,47.30579917793851
PercDevAbs_TR_3,8.75,7,47.30579917793851,64.59943240211882
PercDevAbs_TR_3,8.75,6,64.59943240211882,88.93161144118721
PercDevAbs_TR_3,8.75,5,88.93161144118721,124.40554689374159
PercDevAbs_TR_3,8.75,4,124.40554689374159,178.2680157892161
PercDevAbs_TR_3,8.75,3,178.2680157892161,264.0250860552401
PercDevAbs_TR_3,8.75,2,264.0250860552401,407.84313251470377
PercDevAbs_TR_3,8.75,1,407.84313251470377,Inf
PercDevAbs_TR_3,9,19,0,0.011012609353084377
PercDevAbs_TR_3,9,18,0.011012609353084377,0.09029099117267089
PercDevAbs_TR_3,9,17,0.09029099117267089,0.3914209730859983
PercDevAbs_TR_3,9,16,0.3914209730859983,1.125464801617095
PercDevAbs_TR_3,9,15,1.125464801617095,2.4786172498774808
PercDevAbs_TR_3,9,14,2.4786172498774808,4.588383576647563
PercDevAbs_TR_3,9,13,4.588383576647563,7.576221573000386
PercDevAbs_TR_3,9,12,7.576221573000386,11.593422501664435
PercDevAbs_TR_3,9,11,11.593422501664435,16.86585957835298
PercDevAbs_TR_3,9,10,16.86585957835298,23.745007185592918
PercDevAbs_TR_3,9,9,23.745007185592918,32.78244107151224
PercDevAbs_TR_3,9,8,32.78244107151224,44.84941601459169
PercDevAbs_TR_3,9,7,44.84941601459169,61.349315641366715
PercDevAbs_TR_3,9,6,61.349315641366715,84.59488313028244
PercDevAbs_TR_3,9,5,84.59488313028244,118.52718722475316
PercDevAbs_TR_3,9,4,118.52718722475316,170.11249853662082
PercDevAbs_TR_3,9,3,170.11249853662082,252.3452003710293
PercDevAbs_TR_3,9,2,252.3452003710293,390.4235484363685
PercDevAbs_TR_3,9,1,390.4235484363685,Inf
PercDevAbs_TR_3,9.25,19,0,0.009804835639776906
PercDevAbs_TR_3,9.25,18,0.009804835639776906,0.08180394664847483
PercDevAbs_TR_3,9.25,17,0.08180394664847483,0.35901104083119634
PercDevAbs_TR_3,9.25,16,0.35901104083119634,1.041220241383988
PercDevAbs_TR_3,9.25,15,1.041220241383988,2.3071277439643265
PercDevAbs_TR_3,9.25,14,2.3071277439643265,4.289845713686138
PercDevAbs_TR_3,9.25,13,4.289845713686138,7.106848538962599
PercDevAbs_TR_3,9.25,12,7.106848538962599,10.903517682756096
PercDevAbs_TR_3,9.25,11,10.903517682756096,15.895975332143909
PercDevAbs_TR_3,9.25,10,15.895975332143909,22.419994016289593
PercDevAbs_TR_3,9.25,9,22.419994016289593,31.002348786825358
PercDevAbs_TR_3,9.25,8,31.002348786825358,42.475320692115346
PercDevAbs_TR_3,9.25,7,42.475320692115346,58.18012474446242
PercDevAbs_TR_3,9.25,6,58.18012474446242,80.32830731392232
PercDevAbs_TR_3,9.25,5,80.32830731392232,112.69083810356757
PercDevAbs_TR_3,9.25,4,112.69083810356757,161.93774559183936
PercDevAbs_TR_3,9.25,3,161.93774559183936,240.51922313540075
PercDevAbs_TR_3,9.25,2,240.51922313540075,372.5958093588139
PercDevAbs_TR_3,9.25,1,372.5958093588139,Inf
PercDevAbs_TR_3,9.5,19,0,0.00887675146694437
PercDevAbs_TR_3,9.5,18,0.00887675146694437,0.07498270464103168
PercDevAbs_TR_3,9.5,17,0.07498270464103168,0.3319581786728184
PercDevAbs_TR_3,9.5,16,0.3319581786728184,0.968682478541963
PercDevAbs_TR_3,9.5,15,0.968682478541963,2.1557370911525533
PercDevAbs_TR_3,9.5,14,2.1557370911525533,4.020968758073942
PercDevAbs_TR_3,9.5,13,4.020968758073942,6.6771502540629974
PercDevAbs_TR_3,9.5,12,6.6771502540629974,10.263222026590956
PercDevAbs_TR_3,9.5,11,10.263222026590956,14.985111839952332
PercDevAbs_TR_3,9.5,10,14.985111839952332,21.162397496652005
PercDevAbs_TR_3,9.5,9,21.162397496652005,29.296337786744026
PercDevAbs_TR_3,9.5,8,29.296337786744026,40.17903252691145
PercDevAbs_TR_3,9.5,7,40.17903252691145,55.087353351347545
PercDevAbs_TR_3,9.5,6,55.087353351347545,76.12759444141639
PercDevAbs_TR_3,9.5,5,76.12759444141639,106.89283720114325
PercDevAbs_TR_3,9.5,4,106.89283720114325,153.74144609476426
PercDevAbs_TR_3,9.5,3,153.74144609476426,228.54752637521432
PercDevAbs_TR_3,9.5,2,228.54752637521432,354.36550788131655
PercDevAbs_TR_3,9.5,1,354.36550788131655,Inf
PercDevAbs_TR_3,9.75,19,0,0.008190188497112215
PercDevAbs_TR_3,9.75,18,0.008190188497112215,0.06964434345937623
PercDevAbs_TR_3,9.75,17,0.06964434345937623,0.30977406501993204
PercDevAbs_TR_3,9.75,16,0.30977406501993204,0.9069338068026781
PercDevAbs_TR_3,9.75,15,0.9069338068026781,2.0230388004147586
PercDevAbs_TR_3,9.75,14,2.0230388004147586,3.7798394078963566
PercDevAbs_TR_3,9.75,13,3.7798394078963566,6.2847076773495
PercDevAbs_TR_3,9.75,12,6.2847076773495,9.669619074819982
PercDevAbs_TR_3,9.75,11,9.669619074819982,14.12986551441794
PercDevAbs_TR_3,9.75,10,14.12986551441794,19.968337812825734
PercDevAbs_TR_3,9.75,9,19.968337812825734,27.660065051660276
PercDevAbs_TR_3,9.75,8,27.660065051660276,37.95576546420918
PercDevAbs_TR_3,9.75,7,37.95576546420918,52.06581030901813
PercDevAbs_TR_3,9.75,6,52.06581030901813,71.98722533178281
PercDevAbs_TR_3,9.75,5,71.98722533178281,101.1274963119796
PercDevAbs_TR_3,9.75,4,101.1274963119796,145.51807106470073
PercDevAbs_TR_3,9.75,3,145.51807106470073,216.42542317003284
PercDevAbs_TR_3,9.75,2,216.42542317003284,335.730239036201
PercDevAbs_TR_3,9.75,1,335.730239036201,Inf
PercDevAbs_TR_3,10,19,0,0.007668655146285017
PercDevAbs_TR_3,10,18,0.007668655146285017,0.06535345949763588
PercDevAbs_TR_3,10,17,0.06535345949763588,0.29114156705554944
PercDevAbs_TR_3,10,16,0.29114156705554944,0.8533172793159569
PercDevAbs_TR_3,10,15,0.8533172793159569,1.9049171257784359
PercDevAbs_TR_3,10,14,1.9049171257784359,3.561140553679824
PercDevAbs_TR_3,10,13,3.561140553679824,5.92357576411187
PercDevAbs_TR_3,10,12,5.92357576411187,9.116992404600294
PercDevAbs_TR_3,10,11,9.116992404600294,13.325921791815535
PercDevAbs_TR_3,10,10,13.325921791815535,18.836508619635275
PercDevAbs_TR_3,10,9,18.836508619635275,26.09750105578433
PercDevAbs_TR_3,10,8,26.09750105578433,35.81810491619785
PercDevAbs_TR_3,10,7,35.81810491619785,49.14182646067067
PercDevAbs_TR_3,10,6,49.14182646067067,67.95550331425801
PercDevAbs_TR_3,10,5,67.95550331425801,95.47886103236769
PercDevAbs_TR_3,10,4,95.47886103236769,137.4114759132721
PercDevAbs_TR_3,10,3,137.4114759132721,204.40080232660802
PercDevAbs_TR_3,10,2,204.40080232660802,317.12721133632215
PercDevAbs_TR_3,10,1,317.12721133632215,Inf
PercDevAbs_TR_3,10.25,19,0,0.0071919501248891415
PercDevAbs_TR_3,10.25,18,0.0071919501248891415,0.06139620112798337
PercDevAbs_TR_3,10.25,17,0.06139620112798337,0.27384445707013333
PercDevAbs_TR_3,10.25,16,0.27384445707013333,0.8033057404519007
PercDevAbs_TR_3,10.25,15,0.8033057404519007,1.7943570281684944
PercDevAbs_TR_3,10.25,14,1.7943570281684944,3.355922039745675
PercDevAbs_TR_3,10.25,13,3.355922039745675,5.584050134987036
PercDevAbs_TR_3,10.25,12,5.584050134987036,8.596637391453857
PercDevAbs_TR_3,10.25,11,8.596637391453857,12.56797752693874
PercDevAbs_TR_3,10.25,10,12.56797752693874,17.76829846040262
PercDevAbs_TR_3,10.25,9,17.76829846040262,24.621373762484296
PercDevAbs_TR_3,10.25,8,24.621373762484296,33.79695454005683
PercDevAbs_TR_3,10.25,7,33.79695454005683,46.374978866385334
PercDevAbs_TR_3,10.25,6,46.374978866385334,64.13749268625753
PercDevAbs_TR_3,10.25,5,64.13749268625753,90.12558855329597
PercDevAbs_TR_3,10.25,4,90.12558855329597,129.7229748207624
PercDevAbs_TR_3,10.25,3,129.7229748207624,192.9876918182677
PercDevAbs_TR_3,10.25,2,192.9876918182677,299.45668801856135
PercDevAbs_TR_3,10.25,1,299.45668801856135,Inf
PercDevAbs_TR_3,10.5,19,0,0.006653419353313498
PercDevAbs_TR_3,10.5,18,0.006653419353313498,0.05713103230734518
PercDevAbs_TR_3,10.5,17,0.05713103230734518,0.2558733898817484
PercDevAbs_TR_3,10.5,16,0.2558733898817484,0.7527692038187405
PercDevAbs_TR_3,10.5,15,0.7527692038187405,1.68493085228201
PercDevAbs_TR_3,10.5,14,1.68493085228201,3.155956008191625
PercDevAbs_TR_3,10.5,13,3.155956008191625,5.257183982784108
PercDevAbs_TR_3,10.5,12,5.257183982784108,8.100502761757776
PercDevAbs_TR_3,10.5,11,8.100502761757776,11.85109344265423
PercDevAbs_TR_3,10.5,10,11.85109344265423,16.764921155859014
PercDevAbs_TR_3,10.5,9,16.764921155859014,23.243350416408887
PercDevAbs_TR_3,10.5,8,23.243350416408887,31.920765320776354
PercDevAbs_TR_3,10.5,7,31.920765320776354,43.820229564675046
PercDevAbs_TR_3,10.5,6,43.820229564675046,60.63025605043427
PercDevAbs_TR_3,10.5,5,60.63025605043427,85.23291649730655
PercDevAbs_TR_3,10.5,4,85.23291649730655,122.73152494072528
PercDevAbs_TR_3,10.5,3,122.73152494072528,182.6624126325936
PercDevAbs_TR_3,10.5,2,182.6624126325936,283.5536114103952
PercDevAbs_TR_3,10.5,1,283.5536114103952,Inf
PercDevAbs_TR_3,10.75,19,0,0.0060342359755558165
PercDevAbs_TR_3,10.75,18,0.0060342359755558165,0.052429408218876344
PercDevAbs_TR_3,10.75,17,0.052429408218876344,0.236786465292165
PercDevAbs_TR_3,10.75,16,0.236786465292165,0.7007252564842905
PercDevAbs_TR_3,10.75,15,0.7007252564842905,1.5749885688437777
PercDevAbs_TR_3,10.75,14,1.5749885688437777,2.9589383972126537
PercDevAbs_TR_3,10.75,13,2.9589383972126537,4.9401595214212906
PercDevAbs_TR_3,10.75,12,4.9401595214212906,7.625509833819045
PercDevAbs_TR_3,10.75,11,7.625509833819045,11.172302920557488
PercDevAbs_TR_3,10.75,10,11.172302920557488,15.824053558565382
PercDevAbs_TR_3,10.75,9,15.824053558565382,21.962521948640095
PercDevAbs_TR_3,10.75,8,21.962521948640095,30.191200243384248
PercDevAbs_TR_3,10.75,7,30.191200243384248,41.483626836239196
PercDevAbs_TR_3,10.75,6,41.483626836239196,57.447186060822894
PercDevAbs_TR_3,10.75,5,57.447186060822894,80.82661834630844
PercDevAbs_TR_3,10.75,4,80.82661834630844,116.48422642096554
PercDevAbs_TR_3,10.75,3,116.48422642096554,173.51008363896813
PercDevAbs_TR_3,10.75,2,173.51008363896813,269.573786840907
PercDevAbs_TR_3,10.75,1,269.573786840907,Inf
PercDevAbs_TR_3,11,19,0,0.005385645453589686
PercDevAbs_TR_3,11,18,0.005385645453589686,0.047577286577095326
PercDevAbs_TR_3,11,17,0.047577286577095326,0.21741857326904201
PercDevAbs_TR_3,11,16,0.21741857326904201,0.6487690440366434
PercDevAbs_TR_3,11,15,0.6487690440366434,1.4668064598742832
PercDevAbs_TR_3,11,14,1.4668064598742832,2.767445743508019
PercDevAbs_TR_3,11,13,2.767445743508019,4.635219154428167
PercDevAbs_TR_3,11,12,4.635219154428167,7.1726948329234625
PercDevAbs_TR_3,11,11,7.1726948329234625,10.530283421962988
PercDevAbs_TR_3,11,10,10.530283421962988,14.940466805956746
PercDevAbs_TR_3,11,9,14.940466805956746,20.767597810115127
PercDevAbs_TR_3,11,8,20.767597810115127,28.58777513222863
PercDevAbs_TR_3,11,7,28.58777513222863,39.330739250158025
PercDevAbs_TR_3,11,6,39.330739250158025,54.532378368438714
PercDevAbs_TR_3,11,5,54.532378368438714,76.8168822771436
PercDevAbs_TR_3,11,4,76.8168822771436,110.83590042391376
PercDevAbs_TR_3,11,3,110.83590042391376,165.2912067852675
PercDevAbs_TR_3,11,2,165.2912067852675,257.1091514594399
PercDevAbs_TR_3,11,1,257.1091514594399,Inf
PercDevAbs_TR_3,11.25,19,0,0.004772540375553493
PercDevAbs_TR_3,11.25,18,0.004772540375553493,0.042957146085134346
PercDevAbs_TR_3,11.25,17,0.042957146085134346,0.19893546325608844
PercDevAbs_TR_3,11.25,16,0.19893546325608844,0.5992110785502586
PercDevAbs_TR_3,11.25,15,0.5992110785502586,1.3638015362068008
PercDevAbs_TR_3,11.25,14,1.3638015362068008,2.5855203969448812
PercDevAbs_TR_3,11.25,13,2.5855203969448812,4.346168574728634
PercDevAbs_TR_3,11.25,12,4.346168574728634,6.744408816115378
PercDevAbs_TR_3,11.25,11,6.744408816115378,9.924298920269184
PercDevAbs_TR_3,11.25,10,9.924298920269184,14.10812747065646
PercDevAbs_TR_3,11.25,9,14.10812747065646,19.644150570604754
PercDevAbs_TR_3,11.25,8,19.644150570604754,27.083147078015834
PercDevAbs_TR_3,11.25,7,27.083147078015834,37.31441529425949
PercDevAbs_TR_3,11.25,6,37.31441529425949,51.807912967699664
PercDevAbs_TR_3,11.25,5,51.807912967699664,73.07683332868501
PercDevAbs_TR_3,11.25,4,73.07683332868501,105.57919685515864
PercDevAbs_TR_3,11.25,3,105.57919685515864,157.6605012497783
PercDevAbs_TR_3,11.25,2,157.6605012497783,245.5665197520388
PercDevAbs_TR_3,11.25,1,245.5665197520388,Inf
PercDevAbs_TR_3,11.5,19,0,0.004224648210851104
PercDevAbs_TR_3,11.5,18,0.004224648210851104,0.03875438629949114
PercDevAbs_TR_3,11.5,17,0.03875438629949114,0.18192027772323124
PercDevAbs_TR_3,11.5,16,0.18192027772323124,0.5532222938964961
PercDevAbs_TR_3,11.5,15,0.5532222938964961,1.2676976371851512
PercDevAbs_TR_3,11.5,14,1.2676976371851512,2.4151458299556348
PercDevAbs_TR_3,11.5,13,2.4151458299556348,4.074730695021856
PercDevAbs_TR_3,11.5,12,4.074730695021856,6.341379114925566
PercDevAbs_TR_3,11.5,11,6.341379114925566,9.353094616428464
PercDevAbs_TR_3,11.5,10,9.353094616428464,13.322461106055135
PercDevAbs_TR_3,11.5,9,13.322461106055135,18.58241077871053
PercDevAbs_TR_3,11.5,8,18.58241077871053,25.659612494702102
PercDevAbs_TR_3,11.5,7,25.659612494702102,35.404841615566724
PercDevAbs_TR_3,11.5,6,35.404841615566724,49.225229431004706
PercDevAbs_TR_3,11.5,5,49.225229431004706,69.52815422576468
PercDevAbs_TR_3,11.5,4,69.52815422576468,100.58696636782658
PercDevAbs_TR_3,11.5,3,100.58696636782658,150.40722406012657
PercDevAbs_TR_3,11.5,2,150.40722406012657,234.5850294076951
PercDevAbs_TR_3,11.5,1,234.5850294076951,Inf
PercDevAbs_TR_3,11.75,19,0,0.0037483161188234027
PercDevAbs_TR_3,11.75,18,0.0037483161188234027,0.03501789365213654
PercDevAbs_TR_3,11.75,17,0.03501789365213654,0.1665414293285482
PercDevAbs_TR_3,11.75,16,0.1665414293285482,0.5111475162177203
PercDevAbs_TR_3,11.75,15,0.5111475162177203,1.1789767415076415
PercDevAbs_TR_3,11.75,14,1.1789767415076415,2.2567846159719744
PercDevAbs_TR_3,11.75,13,2.2567846159719744,3.821084775930863
PercDevAbs_TR_3,11.75,12,3.821084775930863,5.963132977610011
PercDevAbs_TR_3,11.75,11,5.963132977610011,8.815052144068567
PercDevAbs_TR_3,11.75,10,8.815052144068567,12.580034877764696
PercDevAbs_TR_3,11.75,9,12.580034877764696,17.57619382946867
PercDevAbs_TR_3,11.75,8,17.57619382946867,24.306867628113007
PercDevAbs_TR_3,11.75,7,24.306867628113007,33.585514606668006
PercDevAbs_TR_3,11.75,6,33.585514606668006,46.758324304391834
PercDevAbs_TR_3,11.75,5,46.758324304391834,66.12988077408002
PercDevAbs_TR_3,11.75,4,66.12988077408002,95.79384479557257
PercDevAbs_TR_3,11.75,3,95.79384479557257,143.42444654549817
PercDevAbs_TR_3,11.75,2,143.42444654549817,223.98340059454793
PercDevAbs_TR_3,11.75,1,223.98340059454793,Inf
PercDevAbs_TR_3,12,19,0,0.003337485908837513
PercDevAbs_TR_3,12,18,0.003337485908837513,0.031718960363084005
PercDevAbs_TR_3,12,17,0.031718960363084005,0.1527205886032234
PercDevAbs_TR_3,12,16,0.1527205886032234,0.472824899107214
PercDevAbs_TR_3,12,15,0.472824899107214,1.0973442080722835
PercDevAbs_TR_3,12,14,1.0973442080722835,2.1099372292432292
PercDevAbs_TR_3,12,13,2.1099372292432292,3.5844293461736836
PercDevAbs_TR_3,12,12,3.5844293461736836,5.608441509448806
PercDevAbs_TR_3,12,11,5.608441509448806,8.308352337507719
PercDevAbs_TR_3,12,10,8.308352337507719,11.878222070732749
PercDevAbs_TR_3,12,9,11.878222070732749,16.62176446712912
PercDevAbs_TR_3,12,8,16.62176446712912,23.019634905812467
PercDevAbs_TR_3,12,7,23.019634905812467,31.84896341381304
PercDevAbs_TR_3,12,6,31.84896341381304,44.396516801906984
PercDevAbs_TR_3,12,5,44.396516801906984,62.866466927676235
PercDevAbs_TR_3,12,4,62.866466927676235,91.17660590249267
PercDevAbs_TR_3,12,3,91.17660590249267,136.67622370009283
PercDevAbs_TR_3,12,2,136.67622370009283,213.7034883688862
PercDevAbs_TR_3,12,1,213.7034883688862,Inf
PercDevAbs_TR_4,6,19,0,0.04693074329311244
PercDevAbs_TR_4,6,18,0.04693074329311244,0.25796272608400406
PercDevAbs_TR_4,6,17,0.25796272608400406,0.8783536347796402
PercDevAbs_TR_4,6,16,0.8783536347796402,2.2050111924742666
PercDevAbs_TR_4,6,15,2.2050111924742666,4.535135580049273
PercDevAbs_TR_4,6,14,4.535135580049273,8.16215150362936
PercDevAbs_TR_4,6,13,8.16215150362936,13.408435412018882
PercDevAbs_TR_4,6,12,13.408435412018882,20.67831781171718
PercDevAbs_TR_4,6,11,20.67831781171718,30.52717661546762
PercDevAbs_TR_4,6,10,30.52717661546762,43.75692894902476
PercDevAbs_TR_4,6,9,43.75692894902476,61.56312553471332
PercDevAbs_TR_4,6,8,61.56312553471332,85.76862078921258
PercDevAbs_TR_4,6,7,85.76862078921258,119.22688170163428
PercDevAbs_TR_4,6,6,119.22688170163428,166.51234926376924
PercDevAbs_TR_4,6,5,166.51234926376924,235.18854867001278
PercDevAbs_TR_4,6,4,235.18854867001278,338.16547022755617
PercDevAbs_TR_4,6,3,338.16547022755617,498.57165456939583
PercDevAbs_TR_4,6,2,498.57165456939583,759.1324396266659
PercDevAbs_TR_4,6,1,759.1324396266659,Inf
PercDevAbs_TR_4,6.25,19,0,0.04125795914714585
PercDevAbs_TR_4,6.25,18,0.04125795914714585,0.2320149403306745
PercDevAbs_TR_4,6.25,17,0.2320149403306745,0.8021223927365551
PercDevAbs_TR_4,6.25,16,0.8021223927365551,2.0349965592957573
PercDevAbs_TR_4,6.25,15,2.0349965592957573,4.217219121693487
PercDevAbs_TR_4,6.25,14,4.217219121693487,7.6329113106167785
PercDevAbs_TR_4,6.25,13,7.6329113106167785,12.594147159293694
PercDevAbs_TR_4,6.25,12,12.594147159293694,19.491561976832003
PercDevAbs_TR_4,6.25,11,19.491561976832003,28.86086222780107
PercDevAbs_TR_4,6.25,10,28.86086222780107,41.47503310244173
PercDevAbs_TR_4,6.25,9,41.47503310244173,58.48647932390398
PercDevAbs_TR_4,6.25,8,58.48647932390398,81.65302929840371
PercDevAbs_TR_4,6.25,7,81.65302929840371,113.72818239698461
PercDevAbs_TR_4,6.25,6,113.72818239698461,159.12976126171986
PercDevAbs_TR_4,6.25,5,159.12976126171986,225.1690046042806
PercDevAbs_TR_4,6.25,4,225.1690046042806,324.33754767910614
PercDevAbs_TR_4,6.25,3,324.33754767910614,479.03680294978074
PercDevAbs_TR_4,6.25,2,479.03680294978074,730.6940450143616
PercDevAbs_TR_4,6.25,1,730.6940450143616,Inf
PercDevAbs_TR_4,6.5,19,0,0.03636110353697671
PercDevAbs_TR_4,6.5,18,0.03636110353697671,0.2090419667512411
PercDevAbs_TR_4,6.5,17,0.2090419667512411,0.7334209409153516
PercDevAbs_TR_4,6.5,16,0.7334209409153516,1.879776782767805
PercDevAbs_TR_4,6.5,15,1.879776782767805,3.9241063308984945
PercDevAbs_TR_4,6.5,14,3.9241063308984945,7.141167884698877
PercDevAbs_TR_4,6.5,13,7.141167884698877,11.832720379779378
PercDevAbs_TR_4,6.5,12,11.832720379779378,18.375810476416618
PercDevAbs_TR_4,6.5,11,18.375810476416618,27.286739471467577
PercDevAbs_TR_4,6.5,10,27.286739471467577,39.31001643648608
PercDevAbs_TR_4,6.5,9,39.31001643648608,55.55558572547518
PercDevAbs_TR_4,6.5,8,55.55558572547518,77.71720964340585
PercDevAbs_TR_4,6.5,7,77.71720964340585,108.44971588769431
PercDevAbs_TR_4,6.5,6,108.44971588769431,152.01597652151213
PercDevAbs_TR_4,6.5,5,152.01597652151213,215.476959597651
PercDevAbs_TR_4,6.5,4,215.476959597651,310.90803933577524
PercDevAbs_TR_4,6.5,3,310.90803933577524,459.9848318348854
PercDevAbs_TR_4,6.5,2,459.9848318348854,702.8341766468245
PercDevAbs_TR_4,6.5,1,702.8341766468245,Inf
PercDevAbs_TR_4,6.75,19,0,0.03224904653217802
PercDevAbs_TR_4,6.75,18,0.03224904653217802,0.1891737591546472
PercDevAbs_TR_4,6.75,17,0.1891737591546472,0.6726861927871686
PercDevAbs_TR_4,6.75,16,0.6726861927871686,1.740220159559785
PercDevAbs_TR_4,6.75,15,1.740220159559785,3.6570311322386555
PercDevAbs_TR_4,6.75,14,3.6570311322386555,6.68820117559892
PercDevAbs_TR_4,6.75,13,6.68820117559892,11.124870142361758
PercDevAbs_TR_4,6.75,12,11.124870142361758,17.330257757545425
PercDevAbs_TR_4,6.75,11,17.330257757545425,25.801081518444576
PercDevAbs_TR_4,6.75,10,25.801081518444576,37.25320636057947
PercDevAbs_TR_4,6.75,9,37.25320636057947,52.75387089679944
PercDevAbs_TR_4,6.75,8,52.75387089679944,73.93227942466866
PercDevAbs_TR_4,6.75,7,73.93227942466866,103.34353378773416
PercDevAbs_TR_4,6.75,6,103.34353378773416,145.0932996945486
PercDevAbs_TR_4,6.75,5,145.0932996945486,205.98751385163763
PercDevAbs_TR_4,6.75,4,205.98751385163763,297.67527886011544
PercDevAbs_TR_4,6.75,3,297.67527886011544,441.0850669623579
PercDevAbs_TR_4,6.75,2,441.0850669623579,674.9969898588104
PercDevAbs_TR_4,6.75,1,674.9969898588104,Inf
PercDevAbs_TR_4,7,19,0,0.028945477676519872
PercDevAbs_TR_4,7,18,0.028945477676519872,0.17261279387704534
PercDevAbs_TR_4,7,17,0.17261279387704534,0.6205665685488857
PercDevAbs_TR_4,7,16,0.6205665685488857,1.617627285669799
PercDevAbs_TR_4,7,15,1.617627285669799,3.4179199596452716
PercDevAbs_TR_4,7,14,3.4179199596452716,6.276216414626659
PercDevAbs_TR_4,7,13,6.276216414626659,10.472362151600354
PercDevAbs_TR_4,7,12,10.472362151600354,16.355072141287497
PercDevAbs_TR_4,7,11,16.355072141287497,24.400735586719215
PercDevAbs_TR_4,7,10,24.400735586719215,35.29561271712329
PercDevAbs_TR_4,7,9,35.29561271712329,50.06280762175733
PercDevAbs_TR_4,7,8,50.06280762175733,70.26462588418772
PercDevAbs_TR_4,7,7,70.26462588418772,98.35238910400844
PercDevAbs_TR_4,7,6,98.35238910400844,138.26727753066547
PercDevAbs_TR_4,7,5,138.26727753066547,196.54673380346924
PercDevAbs_TR_4,7,4,196.54673380346924,284.3879870801878
PercDevAbs_TR_4,7,3,284.3879870801878,421.9217212818769
PercDevAbs_TR_4,7,2,421.9217212818769,646.4781216273194
PercDevAbs_TR_4,7,1,646.4781216273194,Inf
PercDevAbs_TR_4,7.25,19,0,0.026474291580405464
PercDevAbs_TR_4,7.25,18,0.026474291580405464,0.15956235733537313
PercDevAbs_TR_4,7.25,17,0.15956235733537313,0.5777231968368909
PercDevAbs_TR_4,7.25,16,0.5777231968368909,1.5133451679492944
PercDevAbs_TR_4,7.25,15,1.5133451679492944,3.208801189161757
PercDevAbs_TR_4,7.25,14,3.208801189161757,5.907589080378894
PercDevAbs_TR_4,7.25,13,5.907589080378894,9.877199125160756
PercDevAbs_TR_4,7.25,12,9.877199125160756,15.450705789383619
PercDevAbs_TR_4,7.25,11,15.450705789383619,23.082835601948926
PercDevAbs_TR_4,7.25,10,23.082835601948926,33.428457196707704
PercDevAbs_TR_4,7.25,9,33.428457196707704,47.46387690578411
PercDevAbs_TR_4,7.25,8,47.46387690578411,66.6802304570449
PercDevAbs_TR_4,7.25,7,66.6802304570449,93.41786810537808
PercDevAbs_TR_4,7.25,6,93.41786810537808,131.4409458154783
PercDevAbs_TR_4,7.25,5,131.4409458154783,186.99582345257645
PercDevAbs_TR_4,7.25,4,186.99582345257645,270.7858772918447
PercDevAbs_TR_4,7.25,3,270.7858772918447,402.0625341563204
PercDevAbs_TR_4,7.25,2,402.0625341563204,616.5428810549533
PercDevAbs_TR_4,7.25,1,616.5428810549533,Inf
PercDevAbs_TR_4,7.5,19,0,0.024836470063102783
PercDevAbs_TR_4,7.5,18,0.024836470063102783,0.1501025612317706
PercDevAbs_TR_4,7.5,17,0.1501025612317706,0.5444670795450227
PercDevAbs_TR_4,7.5,16,0.5444670795450227,1.4280373742547412
PercDevAbs_TR_4,7.5,15,1.4280373742547412,3.0306608732298628
PercDevAbs_TR_4,7.5,14,3.0306608732298628,5.5833771553224665
PercDevAbs_TR_4,7.5,13,5.5833771553224665,9.33999887621945
PercDevAbs_TR_4,7.5,12,9.33999887621945,14.616510641346103
PercDevAbs_TR_4,7.5,11,14.616510641346103,21.84423566393295
PercDevAbs_TR_4,7.5,10,21.84423566393295,31.644293607708505
PercDevAbs_TR_4,7.5,9,31.644293607708505,44.94267705561586
PercDevAbs_TR_4,7.5,8,44.94267705561586,63.15374764522453
PercDevAbs_TR_4,7.5,7,63.15374764522453,88.49752841914362
PercDevAbs_TR_4,7.5,6,88.49752841914362,124.54498474659353
PercDevAbs_TR_4,7.5,5,124.54498474659353,177.22251474925096
PercDevAbs_TR_4,7.5,4,177.22251474925096,256.68637896195156
PercDevAbs_TR_4,7.5,3,256.68637896195156,381.2060479792988
PercDevAbs_TR_4,7.5,2,381.2060479792988,584.6810396960591
PercDevAbs_TR_4,7.5,1,584.6810396960591,Inf
PercDevAbs_TR_4,7.75,19,0,0.02397287716749767
PercDevAbs_TR_4,7.75,18,0.02397287716749767,0.1440026021206432
PercDevAbs_TR_4,7.75,17,0.1440026021206432,0.5202232570049815
PercDevAbs_TR_4,7.75,16,0.5202232570049815,1.3606188748706058
PercDevAbs_TR_4,7.75,15,1.3606188748706058,2.8817833269443787
PercDevAbs_TR_4,7.75,14,2.8817833269443787,5.301171918808077
PercDevAbs_TR_4,7.75,13,5.301171918808077,8.857657640717303
PercDevAbs_TR_4,7.75,12,8.857657640717303,13.848749324997883
PercDevAbs_TR_4,7.75,11,13.848749324997883,20.680700651791902
PercDevAbs_TR_4,7.75,10,20.680700651791902,29.938624696002954
PercDevAbs_TR_4,7.75,9,29.938624696002954,42.49483251612767
PercDevAbs_TR_4,7.75,8,42.49483251612767,59.68154331067731
PercDevAbs_TR_4,7.75,7,59.68154331067731,83.58949025125327
PercDevAbs_TR_4,7.75,6,83.58949025125327,117.58095988618575
PercDevAbs_TR_4,7.75,5,117.58095988618575,167.23471772738188
PercDevAbs_TR_4,7.75,4,167.23471772738188,242.10886664644923
PercDevAbs_TR_4,7.75,3,242.10886664644923,359.3924882237885
PercDevAbs_TR_4,7.75,2,359.3924882237885,550.971518781899
PercDevAbs_TR_4,7.75,1,550.971518781899,Inf
PercDevAbs_TR_4,8,19,0,0.02377436182789364
PercDevAbs_TR_4,8,18,0.02377436182789364,0.1407546516666766
PercDevAbs_TR_4,8,17,0.1407546516666766,0.5036013079294835
PercDevAbs_TR_4,8,16,0.5036013079294835,1.3083652628310276
PercDevAbs_TR_4,8,15,1.3083652628310276,2.7578905827185354
PercDevAbs_TR_4,8,14,2.7578905827185354,5.055251256445098
PercDevAbs_TR_4,8,13,5.055251256445098,8.423494761984735
PercDevAbs_TR_4,8,12,8.423494761984735,13.140702968934216
PercDevAbs_TR_4,8,11,13.140702968934216,19.586942123043286
PercDevAbs_TR_4,8,10,19.586942123043286,28.309821871237364
PercDevAbs_TR_4,8,9,28.309821871237364,40.125739788876174
PercDevAbs_TR_4,8,8,40.125739788876174,56.281189164503544
PercDevAbs_TR_4,8,7,56.281189164503544,78.73157132260916
PercDevAbs_TR_4,8,6,78.73157132260916,110.61994221212203
PercDevAbs_TR_4,8,5,110.61994221212203,157.15839589180143
PercDevAbs_TR_4,8,4,157.15839589180143,227.271441538913
PercDevAbs_TR_4,8,3,227.271441538913,336.9989043061211
PercDevAbs_TR_4,8,2,336.9989043061211,516.0750136325606
PercDevAbs_TR_4,8,1,516.0750136325606,Inf
PercDevAbs_TR_4,8.25,19,0,0.024115589442625852
PercDevAbs_TR_4,8.25,18,0.024115589442625852,0.1397407037004116
PercDevAbs_TR_4,8.25,17,0.1397407037004116,0.4928659502467062
PercDevAbs_TR_4,8.25,16,0.4928659502467062,1.2678418280385286
PercDevAbs_TR_4,8.25,15,1.2678418280385286,2.6535832772728076
PercDevAbs_TR_4,8.25,14,2.6535832772728076,4.838439330007399
PercDevAbs_TR_4,8.25,13,4.838439330007399,8.029267617890198
PercDevAbs_TR_4,8.25,12,8.029267617890198,12.484377506424963
PercDevAbs_TR_4,8.25,11,12.484377506424963,18.557296404969964
PercDevAbs_TR_4,8.25,10,18.557296404969964,26.757698779479988
PercDevAbs_TR_4,8.25,9,26.757698779479988,37.845427159313765
PercDevAbs_TR_4,8.25,8,37.845427159313765,52.98016320777803
PercDevAbs_TR_4,8.25,7,52.98016320777803,73.98001816964356
PercDevAbs_TR_4,8.25,6,73.98001816964356,103.76516143825464
PercDevAbs_TR_4,8.25,5,103.76516143825464,147.17402446923612
PercDevAbs_TR_4,8.25,4,147.17402446923612,212.48385050980593
PercDevAbs_TR_4,8.25,3,212.48385050980593,314.55754476526994
PercDevAbs_TR_4,8.25,2,314.55754476526994,480.9201296299907
PercDevAbs_TR_4,8.25,1,480.9201296299907,Inf
PercDevAbs_TR_4,8.5,19,0,0.02491361657801048
PercDevAbs_TR_4,8.5,18,0.02491361657801048,0.1405026542406157
PercDevAbs_TR_4,8.5,17,0.1405026542406157,0.48667175561235443
PercDevAbs_TR_4,8.5,16,0.48667175561235443,1.23632332635183
PercDevAbs_TR_4,8.5,15,1.23632332635183,2.564512861001503
PercDevAbs_TR_4,8.5,14,2.564512861001503,4.644884566228221
PercDevAbs_TR_4,8.5,13,4.644884566228221,7.668162279982658
PercDevAbs_TR_4,8.5,12,7.668162279982658,11.873025588580505
PercDevAbs_TR_4,8.5,11,11.873025588580505,17.58672890906622
PercDevAbs_TR_4,8.5,10,17.58672890906622,25.281436821336982
PercDevAbs_TR_4,8.5,9,25.281436821336982,35.66107501492637
PercDevAbs_TR_4,8.5,8,35.66107501492637,49.79943902799046
PercDevAbs_TR_4,8.5,7,49.79943902799046,69.37868327319914
PercDevAbs_TR_4,8.5,6,69.37868327319914,97.09799904458143
PercDevAbs_TR_4,8.5,5,97.09799904458143,137.4248972414647
PercDevAbs_TR_4,8.5,4,137.4248972414647,197.9932866225807
PercDevAbs_TR_4,8.5,3,197.9932866225807,292.49485425337275
PercDevAbs_TR_4,8.5,2,292.49485425337275,446.25327606182583
PercDevAbs_TR_4,8.5,1,446.25327606182583,Inf
PercDevAbs_TR_4,8.75,19,0,0.0261734697250109
PercDevAbs_TR_4,8.75,18,0.0261734697250109,0.1429226909962484
PercDevAbs_TR_4,8.75,17,0.1429226909962484,0.484512161514479
PercDevAbs_TR_4,8.75,16,0.484512161514479,1.2126154526449082
PercDevAbs_TR_4,8.75,15,1.2126154526449082,2.488594379353694
PercDevAbs_TR_4,8.75,14,2.488594379353694,4.471572767524297
PercDevAbs_TR_4,8.75,13,4.471572767524297,7.336393287843741
PercDevAbs_TR_4,8.75,12,7.336393287843741,11.302477476801995
PercDevAbs_TR_4,8.75,11,11.302477476801995,16.671360373537013
PercDevAbs_TR_4,8.75,10,16.671360373537013,23.878519902141075
PercDevAbs_TR_4,8.75,9,23.878519902141075,33.57319770010663
PercDevAbs_TR_4,8.75,8,33.57319770010663,46.74516746940482
PercDevAbs_TR_4,8.75,7,46.74516746940482,64.94350679663714
PercDevAbs_TR_4,8.75,6,64.94350679663714,90.65097269716068
PercDevAbs_TR_4,8.75,5,90.65097269716068,127.97154437530837
PercDevAbs_TR_4,8.75,4,127.97154437530837,183.9081988513898
PercDevAbs_TR_4,8.75,3,183.9081988513898,271.0032833243833
PercDevAbs_TR_4,8.75,2,271.0032833243833,412.41891341361145
PercDevAbs_TR_4,8.75,1,412.41891341361145,Inf
PercDevAbs_TR_4,9,19,0,0.027958683711981357
PercDevAbs_TR_4,9,18,0.027958683711981357,0.14707879321392026
PercDevAbs_TR_4,9,17,0.14707879321392026,0.48632783871942625
PercDevAbs_TR_4,9,16,0.48632783871942625,1.196308906242653
PercDevAbs_TR_4,9,15,1.196308906242653,2.4248805212464015
PercDevAbs_TR_4,9,14,2.4248805212464015,4.3169024600327415
PercDevAbs_TR_4,9,13,4.3169024600327415,7.0316817171442185
PercDevAbs_TR_4,9,12,7.0316817171442185,10.769862202281361
PercDevAbs_TR_4,9,11,10.769862202281361,15.807947826148872
PercDevAbs_TR_4,9,10,15.807947826148872,22.54573738627681
PercDevAbs_TR_4,9,9,22.54573738627681,31.579296796227244
PercDevAbs_TR_4,9,8,31.579296796227244,43.81668150761743
PercDevAbs_TR_4,9,7,43.81668150761743,60.677506358847225
PercDevAbs_TR_4,9,6,60.677506358847225,84.43390895060472
PercDevAbs_TR_4,9,5,84.43390895060472,118.83600340060246
PercDevAbs_TR_4,9,4,118.83600340060246,170.2724557176421
PercDevAbs_TR_4,9,3,170.2724557176421,250.1663226525077
PercDevAbs_TR_4,9,2,250.1663226525077,379.57429974343415
PercDevAbs_TR_4,9,1,379.57429974343415,Inf
PercDevAbs_TR_4,9.25,19,0,0.030375364515550972
PercDevAbs_TR_4,9.25,18,0.030375364515550972,0.15315523890156377
PercDevAbs_TR_4,9.25,17,0.15315523890156377,0.4922591213556015
PercDevAbs_TR_4,9.25,16,0.4922591213556015,1.187307799492044
PercDevAbs_TR_4,9.25,15,1.187307799492044,2.3728523712770295
PercDevAbs_TR_4,9.25,14,2.3728523712770295,4.179790896229185
PercDevAbs_TR_4,9.25,13,4.179790896229185,6.7523030006835825
PercDevAbs_TR_4,9.25,12,6.7523030006835825,10.272808486999883
PercDevAbs_TR_4,9.25,11,10.272808486999883,14.993557146826529
PercDevAbs_TR_4,9.25,10,14.993557146826529,21.27979601900656
PercDevAbs_TR_4,9.25,9,21.27979601900656,29.67610247150606
PercDevAbs_TR_4,9.25,8,29.67610247150606,41.01140471222983
PercDevAbs_TR_4,9.25,7,41.01140471222983,56.57995515623607
PercDevAbs_TR_4,9.25,6,56.57995515623607,78.44994064191016
PercDevAbs_TR_4,9.25,5,78.44994064191016,110.02882782429639
PercDevAbs_TR_4,9.25,4,110.02882782429639,157.11050147356866
PercDevAbs_TR_4,9.25,3,157.11050147356866,230.0344766589793
PercDevAbs_TR_4,9.25,2,230.0344766589793,347.8196976381116
PercDevAbs_TR_4,9.25,1,347.8196976381116,Inf
PercDevAbs_TR_4,9.5,19,0,0.03358142408407003
PercDevAbs_TR_4,9.5,18,0.03358142408407003,0.16144511662578595
PercDevAbs_TR_4,9.5,17,0.16144511662578595,0.5026218036550552
PercDevAbs_TR_4,9.5,16,0.5026218036550552,1.1857625543257124
PercDevAbs_TR_4,9.5,15,1.1857625543257124,2.33230409853945
PercDevAbs_TR_4,9.5,14,2.33230409853945,4.059518675850942
PercDevAbs_TR_4,9.5,13,4.059518675850942,6.496914252676666
PercDevAbs_TR_4,9.5,12,6.496914252676666,9.809294144267255
PercDevAbs_TR_4,9.5,11,9.809294144267255,14.225494734262535
PercDevAbs_TR_4,9.5,10,14.225494734262535,20.077422841342205
PercDevAbs_TR_4,9.5,9,20.077422841342205,27.859979438340364
PercDevAbs_TR_4,9.5,8,27.859979438340364,38.32575892930936
PercDevAbs_TR_4,9.5,7,38.32575892930936,52.64809875843645
PercDevAbs_TR_4,9.5,6,52.64809875843645,72.69852252409834
PercDevAbs_TR_4,9.5,5,72.69852252409834,101.55420765813685
PercDevAbs_TR_4,9.5,4,101.55420765813685,144.43595489017622
PercDevAbs_TR_4,9.5,3,144.43595489017622,210.63978025579382
PercDevAbs_TR_4,9.5,2,210.63978025579382,317.2233194184362
PercDevAbs_TR_4,9.5,1,317.2233194184362,Inf
PercDevAbs_TR_4,9.75,19,0,0.03779706668534194
PercDevAbs_TR_4,9.75,18,0.03779706668534194,0.17234685005760425
PercDevAbs_TR_4,9.75,17,0.17234685005760425,0.5178650439312322
PercDevAbs_TR_4,9.75,16,0.5178650439312322,1.191972687168466
PercDevAbs_TR_4,9.75,15,1.191972687168466,2.3031882659493395
PercDevAbs_TR_4,9.75,14,2.3031882659493395,3.955530805765425
PercDevAbs_TR_4,9.75,13,3.955530805765425,6.26434047450062
PercDevAbs_TR_4,9.75,12,6.26434047450062,9.377464835580653
PercDevAbs_TR_4,9.75,11,9.377464835580653,13.501228691188244
PercDevAbs_TR_4,9.75,10,13.501228691188244,18.935489733443127
PercDevAbs_TR_4,9.75,9,18.935489733443127,26.127401881041724
PercDevAbs_TR_4,9.75,8,26.127401881041724,35.75620838755324
PercDevAbs_TR_4,9.75,7,35.75620838755324,48.879103248731546
PercDevAbs_TR_4,9.75,6,48.879103248731546,67.17881181082686
PercDevAbs_TR_4,9.75,5,67.17881181082686,93.41564426492623
PercDevAbs_TR_4,9.75,4,93.41564426492623,132.26103430364736
PercDevAbs_TR_4,9.75,3,132.26103430364736,192.01153866589232
PercDevAbs_TR_4,9.75,2,192.01153866589232,287.8480833645452
PercDevAbs_TR_4,9.75,1,287.8480833645452,Inf
PercDevAbs_TR_4,10,19,0,0.043226344185746876
PercDevAbs_TR_4,10,18,0.043226344185746876,0.18608498139921434
PercDevAbs_TR_4,10,17,0.18608498139921434,0.5379652972839662
PercDevAbs_TR_4,10,16,0.5379652972839662,1.2053962108922724
PercDevAbs_TR_4,10,15,1.2053962108922724,2.284273263971791
PercDevAbs_TR_4,10,14,2.284273263971791,3.8658668559458134
PercDevAbs_TR_4,10,13,3.8658668559458134,6.051994975213958
PercDevAbs_TR_4,10,12,6.051994975213958,8.974365519050723
PercDevAbs_TR_4,10,11,8.974365519050723,12.817881966204176
PercDevAbs_TR_4,10,10,12.817881966204176,17.85189968068792
PercDevAbs_TR_4,10,9,17.85189968068792,24.47813307881469
PercDevAbs_TR_4,10,8,24.47813307881469,33.3060501717885
PercDevAbs_TR_4,10,7,33.3060501717885,45.28244497973327
PercDevAbs_TR_4,10,6,45.28244497973327,61.91075604094235
PercDevAbs_TR_4,10,5,61.91075604094235,85.65073326972153
PercDevAbs_TR_4,10,4,85.65073326972153,120.6533837286413
PercDevAbs_TR_4,10,3,120.6533837286413,174.2697458678171
PercDevAbs_TR_4,10,2,174.2697458678171,259.90801818089267
PercDevAbs_TR_4,10,1,259.90801818089267,Inf
PercDevAbs_TR_4,10.25,19,0,0.04999849946409042
PercDevAbs_TR_4,10.25,18,0.04999849946409042,0.2025734105322471
PercDevAbs_TR_4,10.25,17,0.2025734105322471,0.5622330449631259
PercDevAbs_TR_4,10.25,16,0.5622330449631259,1.2244502350983608
PercDevAbs_TR_4,10.25,15,1.2244502350983608,2.272985705777218
PercDevAbs_TR_4,10.25,14,2.272985705777218,3.78707460279563
PercDevAbs_TR_4,10.25,13,3.78707460279563,5.855867964463795
PercDevAbs_TR_4,10.25,12,5.855867964463795,8.595976587614151
PercDevAbs_TR_4,10.25,11,8.595976587614151,12.172249562977402
PercDevAbs_TR_4,10.25,10,12.172249562977402,16.82546501265904
PercDevAbs_TR_4,10.25,9,16.82546501265904,22.914764893228995
PercDevAbs_TR_4,10.25,8,22.914764893228995,30.98428887854817
PercDevAbs_TR_4,10.25,7,30.98428887854817,41.87758457974056
PercDevAbs_TR_4,10.25,6,41.87758457974056,56.930669451407944
PercDevAbs_TR_4,10.25,5,56.930669451407944,78.32310198927253
PercDevAbs_TR_4,10.25,4,78.32310198927253,109.721641187502
PercDevAbs_TR_4,10.25,3,109.721641187502,157.5992570275107
PercDevAbs_TR_4,10.25,2,157.5992570275107,233.7214272142999
PercDevAbs_TR_4,10.25,1,233.7214272142999,Inf
PercDevAbs_TR_4,10.5,19,0,0.058158780043879726
PercDevAbs_TR_4,10.5,18,0.058158780043879726,0.221474918714463
PercDevAbs_TR_4,10.5,17,0.221474918714463,0.5895602987454674
PercDevAbs_TR_4,10.5,16,0.5895602987454674,1.2470358180169756
PercDevAbs_TR_4,10.5,15,1.2470358180169756,2.2662297049297013
PercDevAbs_TR_4,10.5,14,2.2662297049297013,3.7152566824698727
PercDevAbs_TR_4,10.5,13,3.7152566824698727,5.671644935667126
PercDevAbs_TR_4,10.5,12,5.671644935667126,8.238149199599597
PercDevAbs_TR_4,10.5,11,8.238149199599597,11.561172241230274
PercDevAbs_TR_4,10.5,10,11.561172241230274,15.855169906341061
PercDevAbs_TR_4,10.5,9,15.855169906341061,21.440065745286038
PercDevAbs_TR_4,10.5,8,21.440065745286038,28.799871592332273
PercDevAbs_TR_4,10.5,7,28.799871592332273,38.6832510868623
PercDevAbs_TR_4,10.5,6,38.6832510868623,52.27266154661026
PercDevAbs_TR_4,10.5,5,52.27266154661026,71.49123721854565
PercDevAbs_TR_4,10.5,4,71.49123721854565,99.56363939596923
PercDevAbs_TR_4,10.5,3,99.56363939596923,142.1632057248815
PercDevAbs_TR_4,10.5,2,142.1632057248815,209.56353778516217
PercDevAbs_TR_4,10.5,1,209.56353778516217,Inf
PercDevAbs_TR_4,10.75,19,0,0.06763207568376327
PercDevAbs_TR_4,10.75,18,0.06763207568376327,0.2421919412079121
PercDevAbs_TR_4,10.75,17,0.2421919412079121,0.6185049216776414
PercDevAbs_TR_4,10.75,16,0.6185049216776414,1.2707542326340158
PercDevAbs_TR_4,10.75,15,1.2707542326340158,2.2607346526586483
PercDevAbs_TR_4,10.75,14,2.2607346526586483,3.646513023298518
PercDevAbs_TR_4,10.75,13,3.646513023298518,5.495172884874352
PercDevAbs_TR_4,10.75,12,5.495172884874352,7.89698873745782
PercDevAbs_TR_4,10.75,11,7.89698873745782,10.981687408304182
PercDevAbs_TR_4,10.75,10,10.981687408304182,14.939879919652103
PercDevAbs_TR_4,10.75,9,14.939879919652103,20.055953277149253
PercDevAbs_TR_4,10.75,8,20.055953277149253,26.759494587092107
PercDevAbs_TR_4,10.75,7,26.759494587092107,35.71344033856683
PercDevAbs_TR_4,10.75,6,35.71344033856683,47.96183456218664
PercDevAbs_TR_4,10.75,5,47.96183456218664,65.19729555624512
PercDevAbs_TR_4,10.75,4,65.19729555624512,90.24820498858654
PercDevAbs_TR_4,10.75,3,90.24820498858654,128.07326889273352
PercDevAbs_TR_4,10.75,2,128.07326889273352,187.6171267612572
PercDevAbs_TR_4,10.75,1,187.6171267612572,Inf
PercDevAbs_TR_4,11,19,0,0.07825621593764186
PercDevAbs_TR_4,11,18,0.07825621593764186,0.26403296626308803
PercDevAbs_TR_4,11,17,0.26403296626308803,0.6476628209930226
PercDevAbs_TR_4,11,16,0.6476628209930226,1.2934972184000073
PercDevAbs_TR_4,11,15,1.2934972184000073,2.2538217431608643
PercDevAbs_TR_4,11,14,2.2538217431608643,3.577799171330205
PercDevAbs_TR_4,11,13,3.577799171330205,5.323289324219239
PercDevAbs_TR_4,11,12,5.323289324219239,7.569495679477596
PercDevAbs_TR_4,11,11,7.569495679477596,10.431276595716332
PercDevAbs_TR_4,11,10,10.431276595716332,14.077926511281554
PercDevAbs_TR_4,11,9,14.077926511281554,18.762051434811937
PercDevAbs_TR_4,11,8,18.762051434811937,24.86462345731127
PercDevAbs_TR_4,11,7,24.86462345731127,32.972160704818705
PercDevAbs_TR_4,11,6,32.972160704818705,44.00565092907725
PercDevAbs_TR_4,11,5,44.00565092907725,59.45338305903688
PercDevAbs_TR_4,11,4,59.45338305903688,81.79361117583508
PercDevAbs_TR_4,11,3,81.79361117583508,115.35572408655852
PercDevAbs_TR_4,11,2,115.35572408655852,167.91827782554827
PercDevAbs_TR_4,11,1,167.91827782554827,Inf
PercDevAbs_TR_4,11.25,19,0,0.0898635424896128
PercDevAbs_TR_4,11.25,18,0.0898635424896128,0.2864333679587448
PercDevAbs_TR_4,11.25,17,0.2864333679587448,0.6760431964307713
PercDevAbs_TR_4,11.25,16,0.6760431964307713,1.3139422790518833
PercDevAbs_TR_4,11.25,15,1.3139422790518833,2.2439608181315793
PercDevAbs_TR_4,11.25,14,2.2439608181315793,3.5074774081826976
PercDevAbs_TR_4,11.25,13,3.5074774081826976,5.154298593932502
PercDevAbs_TR_4,11.25,12,5.154298593932502,7.253898407330264
PercDevAbs_TR_4,11.25,11,7.253898407330264,9.907986388732114
PercDevAbs_TR_4,11.25,10,9.907986388732114,13.266947310961937
PercDevAbs_TR_4,11.25,9,13.266947310961937,17.55518073566894
PercDevAbs_TR_4,11.25,8,17.55518073566894,23.11056566026881
PercDevAbs_TR_4,11.25,7,23.11056566026881,30.45202942301099
PercDevAbs_TR_4,11.25,6,30.45202942301099,40.392024243344146
PercDevAbs_TR_4,11.25,5,40.392024243344146,54.239188707916995
PercDevAbs_TR_4,11.25,4,54.239188707916995,74.16498866542206
PercDevAbs_TR_4,11.25,3,74.16498866542206,103.9493154960659
PercDevAbs_TR_4,11.25,2,103.9493154960659,150.35642354905707
PercDevAbs_TR_4,11.25,1,150.35642354905707,Inf
PercDevAbs_TR_4,11.5,19,0,0.10237104911295711
PercDevAbs_TR_4,11.5,18,0.10237104911295711,0.30912202012956896
PercDevAbs_TR_4,11.5,17,0.30912202012956896,0.7032707731447928
PercDevAbs_TR_4,11.5,16,0.7032707731447928,1.331734289182061
PercDevAbs_TR_4,11.5,15,1.331734289182061,2.2308875445189704
PercDevAbs_TR_4,11.5,14,2.2308875445189704,3.4353491315202382
PercDevAbs_TR_4,11.5,13,3.4353491315202382,4.987926791486657
PercDevAbs_TR_4,11.5,12,4.987926791486657,6.94956952897164
PercDevAbs_TR_4,11.5,11,6.94956952897164,9.410383558070734
PercDevAbs_TR_4,11.5,10,9.410383558070734,12.504009760073966
PercDevAbs_TR_4,11.5,9,12.504009760073966,16.429857353904456
PercDevAbs_TR_4,11.5,8,16.429857353904456,21.487673323432496
PercDevAbs_TR_4,11.5,7,21.487673323432496,28.136707061482653
PercDevAbs_TR_4,11.5,6,28.136707061482653,37.093853643760454
PercDevAbs_TR_4,11.5,5,37.093853643760454,49.51008766247548
PercDevAbs_TR_4,11.5,4,49.51008766247548,67.28856306145622
PercDevAbs_TR_4,11.5,3,67.28856306145622,93.73028587050777
PercDevAbs_TR_4,11.5,2,93.73028587050777,134.71896898696173
PercDevAbs_TR_4,11.5,1,134.71896898696173,Inf
PercDevAbs_TR_4,11.75,19,0,0.11568086689008034
PercDevAbs_TR_4,11.75,18,0.11568086689008034,0.3318498011744169
PercDevAbs_TR_4,11.75,17,0.3318498011744169,0.7290529216399168
PercDevAbs_TR_4,11.75,16,0.7290529216399168,1.346657768887366
PercDevAbs_TR_4,11.75,15,1.346657768887366,2.2145162216823038
PercDevAbs_TR_4,11.75,14,2.2145162216823038,3.361410805521082
PercDevAbs_TR_4,11.75,13,3.361410805521082,4.824089636463621
PercDevAbs_TR_4,11.75,12,4.824089636463621,6.656047353889177
PercDevAbs_TR_4,11.75,11,6.656047353889177,8.937163553925178
PercDevAbs_TR_4,11.75,10,8.937163553925178,11.786267749879975
PercDevAbs_TR_4,11.75,9,11.786267749879975,15.380648834662864
PercDevAbs_TR_4,11.75,8,15.380648834662864,19.986342922380004
PercDevAbs_TR_4,11.75,7,19.986342922380004,26.009957058477973
PercDevAbs_TR_4,11.75,6,26.009957058477973,34.08433519023837
PercDevAbs_TR_4,11.75,5,34.08433519023837,45.22221652973216
PercDevAbs_TR_4,11.75,4,45.22221652973216,61.092324220232925
PercDevAbs_TR_4,11.75,3,61.092324220232925,84.57873577556477
PercDevAbs_TR_4,11.75,2,84.57873577556477,120.80153530794847
PercDevAbs_TR_4,11.75,1,120.80153530794847,Inf
PercDevAbs_TR_4,12,19,0,0.12967293471931335
PercDevAbs_TR_4,12,18,0.12967293471931335,0.3543700257488077
PercDevAbs_TR_4,12,17,0.3543700257488077,0.7531346894168929
PercDevAbs_TR_4,12,16,0.7531346894168929,1.3585610735213205
PercDevAbs_TR_4,12,15,1.3585610735213205,2.1948363733919636
PercDevAbs_TR_4,12,14,2.1948363733919636,3.285733528069993
PercDevAbs_TR_4,12,13,3.285733528069993,4.662772026045937
PercDevAbs_TR_4,12,12,4.662772026045937,6.372939040784583
PercDevAbs_TR_4,12,11,6.372939040784583,8.48710881708382
PercDevAbs_TR_4,12,10,8.48710881708382,11.111017549620307
PercDevAbs_TR_4,12,9,11.111017549620307,14.402386060838808
PercDevAbs_TR_4,12,8,14.402386060838808,18.597466123897686
PercDevAbs_TR_4,12,7,18.597466123897686,24.05645682436616
PercDevAbs_TR_4,12,6,24.05645682436616,31.338317005269513
PercDevAbs_TR_4,12,5,31.338317005269513,41.33466031891443
PercDevAbs_TR_4,12,4,41.33466031891443,55.50951121968768
PercDevAbs_TR_4,12,3,55.50951121968768,76.3841928134572
PercDevAbs_TR_4,12,2,76.3841928134572,108.41698943585743
PercDevAbs_TR_4,12,1,108.41698943585743,Inf
PercDevAbs_TR_5,6,19,0,2.151957224568758
PercDevAbs_TR_5,6,18,2.151957224568758,3.3934707773869395
PercDevAbs_TR_5,6,17,3.3934707773869395,5.1426634178948865
PercDevAbs_TR_5,6,16,5.1426634178948865,7.538571675198199
PercDevAbs_TR_5,6,15,7.538571675198199,10.744554536014117
PercDevAbs_TR_5,6,14,10.744554536014117,14.94821583468102
PercDevAbs_TR_5,6,13,14.94821583468102,20.364919702885466
PercDevAbs_TR_5,6,12,20.364919702885466,27.24128080484466
PercDevAbs_TR_5,6,11,27.24128080484466,35.858314588494984
PercDevAbs_TR_5,6,10,35.858314588494984,46.53394558977436
PercDevAbs_TR_5,6,9,46.53394558977436,59.6281195134719
PercDevAbs_TR_5,6,8,59.6281195134719,75.54624909557114
PercDevAbs_TR_5,6,7,75.54624909557114,94.74786907543022
PercDevAbs_TR_5,6,6,94.74786907543022,117.74867623577363
PercDevAbs_TR_5,6,5,117.74867623577363,145.1275340345518
PercDevAbs_TR_5,6,4,145.1275340345518,177.52785209459216
PercDevAbs_TR_5,6,3,177.52785209459216,215.70620981519892
PercDevAbs_TR_5,6,2,215.70620981519892,260.4817517383286
PercDevAbs_TR_5,6,1,260.4817517383286,Inf
PercDevAbs_TR_5,6.25,19,0,1.6535114869164795
PercDevAbs_TR_5,6.25,18,1.6535114869164795,2.703330427880591
PercDevAbs_TR_5,6.25,17,2.703330427880591,4.221982124413703
PercDevAbs_TR_5,6.25,16,4.221982124413703,6.348805619748482
PercDevAbs_TR_5,6.25,15,6.348805619748482,9.249092927495546
PercDevAbs_TR_5,6.25,14,9.249092927495546,13.114591133328487
PercDevAbs_TR_5,6.25,13,13.114591133328487,18.167085240165655
PercDevAbs_TR_5,6.25,12,18.167085240165655,24.662160530418674
PercDevAbs_TR_5,6.25,11,24.662160530418674,32.892668556806186
PercDevAbs_TR_5,6.25,10,32.892668556806186,43.19166304860224
PercDevAbs_TR_5,6.25,9,43.19166304860224,55.93784308568834
PercDevAbs_TR_5,6.25,8,55.93784308568834,71.559479519534
PercDevAbs_TR_5,6.25,7,71.559479519534,90.5435414645464
PercDevAbs_TR_5,6.25,6,90.5435414645464,113.43836819115076
PercDevAbs_TR_5,6.25,5,113.43836819115076,140.86134963240966
PercDevAbs_TR_5,6.25,4,140.86134963240966,173.50090083126872
PercDevAbs_TR_5,6.25,3,173.50090083126872,212.16655876963983
PercDevAbs_TR_5,6.25,2,212.16655876963983,257.7385456543917
PercDevAbs_TR_5,6.25,1,257.7385456543917,Inf
PercDevAbs_TR_5,6.5,19,0,1.2518307135536997
PercDevAbs_TR_5,6.5,18,1.2518307135536997,2.13030159056173
PercDevAbs_TR_5,6.5,17,2.13030159056173,3.43858041757583
PercDevAbs_TR_5,6.5,16,3.43858041757583,5.315622812985122
PercDevAbs_TR_5,6.5,15,5.315622812985122,7.928054956141519
PercDevAbs_TR_5,6.5,14,7.928054956141519,11.471259633719757
PercDevAbs_TR_5,6.5,13,11.471259633719757,16.17308184158449
PercDevAbs_TR_5,6.5,12,16.17308184158449,22.29789588147471
PercDevAbs_TR_5,6.5,11,22.29789588147471,30.150423967406063
PercDevAbs_TR_5,6.5,10,30.150423967406063,40.07913609048545
PercDevAbs_TR_5,6.5,9,40.07913609048545,52.482069244648855
PercDevAbs_TR_5,6.5,8,52.482069244648855,67.81128056858196
PercDevAbs_TR_5,6.5,7,67.81128056858196,86.58249879492644
PercDevAbs_TR_5,6.5,6,86.58249879492644,109.37848654737249
PercDevAbs_TR_5,6.5,5,109.37848654737249,136.85746454706035
PercDevAbs_TR_5,6.5,4,136.85746454706035,169.75575136188777
PercDevAbs_TR_5,6.5,3,169.75575136188777,208.93945626240992
PercDevAbs_TR_5,6.5,2,208.93945626240992,255.3542616328001
PercDevAbs_TR_5,6.5,1,255.3542616328001,Inf
PercDevAbs_TR_5,6.75,19,0,0.9354413846281503
PercDevAbs_TR_5,6.75,18,0.9354413846281503,1.6635370736943003
PercDevAbs_TR_5,6.75,17,1.6635370736943003,2.782803978783154
PercDevAbs_TR_5,6.75,16,2.782803978783154,4.4310100299048525
PercDevAbs_TR_5,6.75,15,4.4310100299048525,6.775341787360897
PercDevAbs_TR_5,6.75,14,6.775341787360897,10.014075458824482
PercDevAbs_TR_5,6.75,13,10.014075458824482,14.380459348582217
PercDevAbs_TR_5,6.75,12,14.380459348582217,20.14711521569419
PercDevAbs_TR_5,6.75,11,20.14711521569419,27.630242426098448
PercDevAbs_TR_5,6.75,10,27.630242426098448,37.19351288640435
PercDevAbs_TR_5,6.75,9,37.19351288640435,49.25430567630529
PercDevAbs_TR_5,6.75,8,49.25430567630529,64.28872645454615
PercDevAbs_TR_5,6.75,7,64.28872645454615,82.84182738577086
PercDevAbs_TR_5,6.75,6,82.84182738577086,105.53171087173646
PercDevAbs_TR_5,6.75,5,105.53171087173646,133.05875400185732
PercDevAbs_TR_5,6.75,4,133.05875400185732,166.20897831698994
PercDevAbs_TR_5,6.75,3,166.20897831698994,205.90741004274702
PercDevAbs_TR_5,6.75,2,205.90741004274702,253.16817122611428
PercDevAbs_TR_5,6.75,1,253.16817122611428,Inf
PercDevAbs_TR_5,7,19,0,0.6922556030597135
PercDevAbs_TR_5,7,18,0.6922556030597135,1.2911792001417464
PercDevAbs_TR_5,7,17,1.2911792001417464,2.243782741015903
PercDevAbs_TR_5,7,16,2.243782741015903,3.6857917416887416
PercDevAbs_TR_5,7,15,3.6857917416887416,5.784059508518224
PercDevAbs_TR_5,7,14,5.784059508518224,8.738817807785683
PercDevAbs_TR_5,7,13,8.738817807785683,12.78778493685759
PercDevAbs_TR_5,7,12,12.78778493685759,18.210924348626836
PercDevAbs_TR_5,7,11,18.210924348626836,25.335059366684327
PercDevAbs_TR_5,7,10,25.335059366684327,34.53828455065564
PercDevAbs_TR_5,7,9,34.53828455065564,46.25664498309162
PercDevAbs_TR_5,7,8,46.25664498309162,60.98974944342743
PercDevAbs_TR_5,7,7,60.98974944342743,79.31158687991491
PercDevAbs_TR_5,7,6,79.31158687991491,101.87540791491308
PercDevAbs_TR_5,7,5,101.87540791491308,129.42378710525483
PercDevAbs_TR_5,7,4,129.42378710525483,162.79277384129657
PercDevAbs_TR_5,7,3,162.79277384129657,202.966927529899
PercDevAbs_TR_5,7,2,202.966927529899,251.0298368772841
PercDevAbs_TR_5,7,1,251.0298368772841,Inf
PercDevAbs_TR_5,7.25,19,0,0.5092617630254932
PercDevAbs_TR_5,7.25,18,0.5092617630254932,0.9994648016873409
PercDevAbs_TR_5,7.25,17,0.9994648016873409,1.8077897291248646
PercDevAbs_TR_5,7.25,16,1.8077897291248646,3.0671353844239095
PercDevAbs_TR_5,7.25,15,3.0671353844239095,4.943143793616503
PercDevAbs_TR_5,7.25,14,4.943143793616503,7.637019595593575
PercDevAbs_TR_5,7.25,13,7.637019595593575,11.389905487156078
PercDevAbs_TR_5,7.25,12,11.389905487156078,16.4880146788684
PercDevAbs_TR_5,7.25,11,16.4880146788684,23.267673176975535
PercDevAbs_TR_5,7.25,10,23.267673176975535,32.120259216748806
PercDevAbs_TR_5,7.25,9,32.120259216748806,43.49934676445778
PercDevAbs_TR_5,7.25,8,43.49934676445778,57.926927968200935
PercDevAbs_TR_5,7.25,7,57.926927968200935,76.00484087616904
PercDevAbs_TR_5,7.25,6,76.00484087616904,98.42044941461384
PercDevAbs_TR_5,7.25,5,98.42044941461384,125.9575630525198
PercDevAbs_TR_5,7.25,4,125.9575630525198,159.50140405270025
PercDevAbs_TR_5,7.25,3,159.50140405270025,200.09528222839634
PercDevAbs_TR_5,7.25,2,200.09528222839634,248.89166306645944
PercDevAbs_TR_5,7.25,1,248.89166306645944,Inf
PercDevAbs_TR_5,7.5,19,0,0.3733102964527266
PercDevAbs_TR_5,7.5,18,0.3733102964527266,0.7733050263318602
PercDevAbs_TR_5,7.5,17,0.7733050263318602,1.4584049622779909
PercDevAbs_TR_5,7.5,16,1.4584049622779909,2.558107276536547
PercDevAbs_TR_5,7.5,15,2.558107276536547,4.236169138855077
PercDevAbs_TR_5,7.5,14,4.236169138855077,6.693986773366836
PercDevAbs_TR_5,7.5,13,6.693986773366836,10.175277260681263
PercDevAbs_TR_5,7.5,12,10.175277260681263,14.971601729162781
PercDevAbs_TR_5,7.5,11,14.971601729162781,21.427851407708772
PercDevAbs_TR_5,7.5,10,21.427851407708772,29.94772529291754
PercDevAbs_TR_5,7.5,9,29.94772529291754,41.001357075140696
PercDevAbs_TR_5,7.5,8,41.001357075140696,55.13216032779589
PercDevAbs_TR_5,7.5,7,55.13216032779589,72.9688835302248
PercDevAbs_TR_5,7.5,6,72.9688835302248,95.23210440009719
PercDevAbs_TR_5,7.5,5,95.23210440009719,122.74602471080513
PercDevAbs_TR_5,7.5,4,122.74602471080513,156.4442827421027
PercDevAbs_TR_5,7.5,3,156.4442827421027,197.42825650138667
PercDevAbs_TR_5,7.5,2,197.42825650138667,246.9187564916083
PercDevAbs_TR_5,7.5,1,246.9187564916083,Inf
PercDevAbs_TR_5,7.75,19,0,0.27326409097597526
PercDevAbs_TR_5,7.75,18,0.27326409097597526,0.5991703388482339
PercDevAbs_TR_5,7.75,17,0.5991703388482339,1.1799522024593363
PercDevAbs_TR_5,7.75,16,1.1799522024593363,2.1412651542593286
PercDevAbs_TR_5,7.75,15,2.1412651542593286,3.6444236520311675
PercDevAbs_TR_5,7.75,14,3.6444236520311675,5.8903304670154
PercDevAbs_TR_5,7.75,13,5.8903304670154,9.124497595967878
PercDevAbs_TR_5,7.75,12,9.124497595967878,13.642973698323452
PercDevAbs_TR_5,7.75,11,13.642973698323452,19.798285811662346
PercDevAbs_TR_5,7.75,10,19.798285811662346,28.005460733269018
PercDevAbs_TR_5,7.75,9,28.005460733269018,38.75014937585544
PercDevAbs_TR_5,7.75,8,38.75014937585544,52.5961021067384
PercDevAbs_TR_5,7.75,7,52.5961021067384,70.19786108929769
PercDevAbs_TR_5,7.75,6,70.19786108929769,92.30807649867813
PercDevAbs_TR_5,7.75,5,92.30807649867813,119.79018548944856
PercDevAbs_TR_5,7.75,4,119.79018548944856,153.62508887840494
PercDevAbs_TR_5,7.75,3,153.62508887840494,194.9710612156585
PercDevAbs_TR_5,7.75,2,194.9710612156585,245.11612864830562
PercDevAbs_TR_5,7.75,1,245.11612864830562,Inf
PercDevAbs_TR_5,8,19,0,0.20027572239896912
PercDevAbs_TR_5,8,18,0.20027572239896912,0.4659072874464032
PercDevAbs_TR_5,8,17,0.4659072874464032,0.9590833516394253
PercDevAbs_TR_5,8,16,0.9590833516394253,1.8012968384348804
PercDevAbs_TR_5,8,15,1.8012968384348804,3.1509577540419036
PercDevAbs_TR_5,8,14,3.1509577540419036,5.2078605997481215
PercDevAbs_TR_5,8,13,5.2078605997481215,8.21856852366257
PercDevAbs_TR_5,8,12,8.21856852366257,12.482752463813384
PercDevAbs_TR_5,8,11,12.482752463813384,18.359593515418336
PercDevAbs_TR_5,8,10,18.359593515418336,26.27434622764578
PercDevAbs_TR_5,8,9,26.27434622764578,36.72696606548097
PercDevAbs_TR_5,8,8,36.72696606548097,50.300213220657575
PercDevAbs_TR_5,8,7,50.300213220657575,67.67298197417416
PercDevAbs_TR_5,8,6,67.67298197417416,89.62843469361641
PercDevAbs_TR_5,8,5,89.62843469361641,117.06756058419347
PercDevAbs_TR_5,8,4,117.06756058419347,151.01672229292765
PercDevAbs_TR_5,8,3,151.01672229292765,192.68912527539783
PercDevAbs_TR_5,8,2,192.68912527539783,243.4379335294191
PercDevAbs_TR_5,8,1,243.4379335294191,Inf
PercDevAbs_TR_5,8.25,19,0,0.14774325560905271
PercDevAbs_TR_5,8.25,18,0.14774325560905271,0.3650626898923229
PercDevAbs_TR_5,8.25,17,0.3650626898923229,0.7856422454154914
PercDevAbs_TR_5,8.25,16,0.7856422454154914,1.5266117525792773
PercDevAbs_TR_5,8.25,15,1.5266117525792773,2.743096096972586
PercDevAbs_TR_5,8.25,14,2.743096096972586,4.63319800298613
PercDevAbs_TR_5,8.25,13,4.63319800298613,7.443754593037937
PercDevAbs_TR_5,8.25,12,7.443754593037937,11.477082675305326
PercDevAbs_TR_5,8.25,11,11.477082675305326,17.097832592260662
PercDevAbs_TR_5,8.25,10,17.097832592260662,24.74007648281484
PercDevAbs_TR_5,8.25,9,24.74007648281484,34.916427802528354
PercDevAbs_TR_5,8.25,8,34.916427802528354,48.22675364752067
PercDevAbs_TR_5,8.25,7,48.22675364752067,65.37211937500194
PercDevAbs_TR_5,8.25,6,65.37211937500194,87.16371371623808
PercDevAbs_TR_5,8.25,5,87.16371371623808,114.53725612796886
PercDevAbs_TR_5,8.25,4,114.53725612796886,148.56139404121086
PercDevAbs_TR_5,8.25,3,148.56139404121086,190.50062262116091
PercDevAbs_TR_5,8.25,2,190.50062262116091,241.76919053623988
PercDevAbs_TR_5,8.25,1,241.76919053623988,Inf
PercDevAbs_TR_5,8.5,19,0,0.11102949948305302
PercDevAbs_TR_5,8.5,18,0.11102949948305302,0.29081640636111783
PercDevAbs_TR_5,8.5,17,0.29081640636111783,0.6529382228791059
PercDevAbs_TR_5,8.5,16,0.6529382228791059,1.3100550652417515
PercDevAbs_TR_5,8.5,15,1.3100550652417515,2.413616419931012
PercDevAbs_TR_5,8.5,14,2.413616419931012,4.1593042236905955
PercDevAbs_TR_5,8.5,13,4.1593042236905955,6.793136211384753
PercDevAbs_TR_5,8.5,12,6.793136211384753,10.618577337117326
PercDevAbs_TR_5,8.5,11,10.618577337117326,16.003799288256623
PercDevAbs_TR_5,8.5,10,16.003799288256623,23.389237242552504
PercDevAbs_TR_5,8.5,9,23.389237242552504,33.29714715723771
PercDevAbs_TR_5,8.5,8,33.29714715723771,46.34085962752272
PercDevAbs_TR_5,8.5,7,46.34085962752272,63.239260624963826
PercDevAbs_TR_5,8.5,6,63.239260624963826,84.82642460070707
PercDevAbs_TR_5,8.5,5,84.82642460070707,112.06676970760762
PercDevAbs_TR_5,8.5,4,112.06676970760762,146.0642258731868
PercDevAbs_TR_5,8.5,3,146.0642258731868,188.12631413306414
PercDevAbs_TR_5,8.5,2,188.12631413306414,239.7189286884445
PercDevAbs_TR_5,8.5,1,239.7189286884445,Inf
PercDevAbs_TR_5,8.75,19,0,0.08654842800711018
PercDevAbs_TR_5,8.75,18,0.08654842800711018,0.23862422287567248
PercDevAbs_TR_5,8.75,17,0.23862422287567248,0.555849167584407
PercDevAbs_TR_5,8.75,16,0.555849167584407,1.1464181402260798
PercDevAbs_TR_5,8.75,15,1.1464181402260798,2.1576834756808645
PercDevAbs_TR_5,8.75,14,2.1576834756808645,3.781951398306906
PercDevAbs_TR_5,8.75,13,3.781951398306906,6.262852947617411
PercDevAbs_TR_5,8.75,12,6.262852947617411,9.902727637404157
PercDevAbs_TR_5,8.75,11,9.902727637404157,15.07018596244378
PercDevAbs_TR_5,8.75,10,15.07018596244378,22.208017067308845
PercDevAbs_TR_5,8.75,9,22.208017067308845,31.84306294065383
PercDevAbs_TR_5,8.75,8,31.84306294065383,44.59587457346032
PercDevAbs_TR_5,8.75,7,44.59587457346032,61.195561740883655
PercDevAbs_TR_5,8.75,6,61.195561740883655,82.48996449727163
PercDevAbs_TR_5,8.75,5,82.48996449727163,109.46134919229061
PercDevAbs_TR_5,8.75,4,109.46134919229061,143.23617464618212
PercDevAbs_TR_5,8.75,3,143.23617464618212,185.14976400882358
PercDevAbs_TR_5,8.75,2,185.14976400882358,236.70209904456465
PercDevAbs_TR_5,8.75,1,236.70209904456465,Inf
PercDevAbs_TR_5,9,19,0,0.07110908842641636
PercDevAbs_TR_5,9,18,0.07110908842641636,0.2039736918404557
PercDevAbs_TR_5,9,17,0.2039736918404557,0.4887047967035265
PercDevAbs_TR_5,9,16,0.4887047967035265,1.0292335906506698
PercDevAbs_TR_5,9,15,1.0292335906506698,1.9685262327900173
PercDevAbs_TR_5,9,14,1.9685262327900173,3.4945869977878807
PercDevAbs_TR_5,9,13,3.4945869977878807,5.8469749067651655
PercDevAbs_TR_5,9,12,5.8469749067651655,9.324324581784454
PercDevAbs_TR_5,9,11,9.324324581784454,14.292065992531636
PercDevAbs_TR_5,9,10,14.292065992531636,21.19051971247972
PercDevAbs_TR_5,9,9,21.19051971247972,30.54491800057811
PercDevAbs_TR_5,9,8,30.54491800057811,42.97527049635079
PercDevAbs_TR_5,9,7,42.97527049635079,59.21135363411116
PercDevAbs_TR_5,9,6,59.21135363411116,80.10318601180168
PercDevAbs_TR_5,9,5,80.10318601180168,106.63698121423099
PercDevAbs_TR_5,9,4,106.63698121423099,139.9452675870649
PercDevAbs_TR_5,9,3,139.9452675870649,181.37141180967078
PercDevAbs_TR_5,9,2,181.37141180967078,232.42655801226164
PercDevAbs_TR_5,9,1,232.42655801226164,Inf
PercDevAbs_TR_5,9.25,19,0,0.06193211924934599
PercDevAbs_TR_5,9.25,18,0.06193211924934599,0.18231848098028905
PercDevAbs_TR_5,9.25,17,0.18231848098028905,0.4449056998356454
PercDevAbs_TR_5,9.25,16,0.4449056998356454,0.9497670629057894
PercDevAbs_TR_5,9.25,15,0.9497670629057894,1.8354624608975243
PercDevAbs_TR_5,9.25,14,1.8354624608975243,3.2850995993521916
PercDevAbs_TR_5,9.25,13,3.2850995993521916,5.532867773200022
PercDevAbs_TR_5,9.25,12,5.532867773200022,8.871557796930533
PercDevAbs_TR_5,9.25,11,8.871557796930533,13.660290546369426
PercDevAbs_TR_5,9.25,10,13.660290546369426,20.332634737112183
PercDevAbs_TR_5,9.25,9,20.332634737112183,29.406603639151925
PercDevAbs_TR_5,9.25,8,29.406603639151925,41.49453623771312
PercDevAbs_TR_5,9.25,7,41.49453623771312,57.31799955630847
PercDevAbs_TR_5,9.25,6,57.31799955630847,77.7183304931655
PercDevAbs_TR_5,9.25,5,77.7183304931655,103.6725624491432
PercDevAbs_TR_5,9.25,4,103.6725624491432,136.30364748621898
PercDevAbs_TR_5,9.25,3,136.30364748621898,176.94413539563288
PercDevAbs_TR_5,9.25,2,176.94413539563288,227.0943263791848
PercDevAbs_TR_5,9.25,1,227.0943263791848,Inf
PercDevAbs_TR_5,9.5,19,0,0.05674406557976513
PercDevAbs_TR_5,9.5,18,0.05674406557976513,0.16938563844206717
PercDevAbs_TR_5,9.5,17,0.16938563844206717,0.41741706632882536
PercDevAbs_TR_5,9.5,16,0.41741706632882536,0.8975371404586354
PercDevAbs_TR_5,9.5,15,0.8975371404586354,1.7441017081573373
PercDevAbs_TR_5,9.5,14,1.7441017081573373,3.135128146848351
PercDevAbs_TR_5,9.5,13,3.135128146848351,5.298745821476526
PercDevAbs_TR_5,9.5,12,5.298745821476526,8.52060923977253
PercDevAbs_TR_5,9.5,11,8.52060923977253,13.151521658130967
PercDevAbs_TR_5,9.5,10,13.151521658130967,19.615449131922123
PercDevAbs_TR_5,9.5,9,19.615449131922123,28.419363311581357
PercDevAbs_TR_5,9.5,8,28.419363311581357,40.16299024335275
PercDevAbs_TR_5,9.5,7,40.16299024335275,55.553457249542404
PercDevAbs_TR_5,9.5,6,55.553457249542404,75.41571871890704
PercDevAbs_TR_5,9.5,5,75.41571871890704,100.70824340674972
PercDevAbs_TR_5,9.5,4,100.70824340674972,132.53314354738558
PercDevAbs_TR_5,9.5,3,132.53314354738558,172.19852180513953
PercDevAbs_TR_5,9.5,2,172.19852180513953,221.1778331740427
PercDevAbs_TR_5,9.5,1,221.1778331740427,Inf
PercDevAbs_TR_5,9.75,19,0,0.054157352928449254
PercDevAbs_TR_5,9.75,18,0.054157352928449254,0.1623234032099667
PercDevAbs_TR_5,9.75,17,0.1623234032099667,0.40116049984529506
PercDevAbs_TR_5,9.75,16,0.40116049984529506,0.8643992215958707
PercDevAbs_TR_5,9.75,15,0.8643992215958707,1.6824043051748965
PercDevAbs_TR_5,9.75,14,1.6824043051748965,3.028036955060116
PercDevAbs_TR_5,9.75,13,3.028036955060116,5.1229465123296425
PercDevAbs_TR_5,9.75,12,5.1229465123296425,8.244798030820279
PercDevAbs_TR_5,9.75,11,8.244798030820279,12.734706362565891
PercDevAbs_TR_5,9.75,10,12.734706362565891,19.00505276830424
PercDevAbs_TR_5,9.75,9,19.00505276830424,27.549077927175396
PercDevAbs_TR_5,9.75,8,27.549077927175396,38.9503888480087
PercDevAbs_TR_5,9.75,7,38.9503888480087,53.89722672795408
PercDevAbs_TR_5,9.75,6,53.89722672795408,73.19264107535611
PercDevAbs_TR_5,9.75,5,73.19264107535611,97.76978049292549
PercDevAbs_TR_5,9.75,4,97.76978049292549,128.70178275254324
PercDevAbs_TR_5,9.75,3,128.70178275254324,167.2624406672669
PercDevAbs_TR_5,9.75,2,167.2624406672669,214.88675383100366
PercDevAbs_TR_5,9.75,1,214.88675383100366,Inf
PercDevAbs_TR_5,10,19,0,0.053258437616675834
PercDevAbs_TR_5,10,18,0.053258437616675834,0.15911127160924846
PercDevAbs_TR_5,10,17,0.15911127160924846,0.392324413438241
PercDevAbs_TR_5,10,16,0.392324413438241,0.8439407154667036
PercDevAbs_TR_5,10,15,0.8439407154667036,1.6404835545192153
PercDevAbs_TR_5,10,14,1.6404835545192153,2.949618346806103
PercDevAbs_TR_5,10,13,2.949618346806103,4.986233382895389
PercDevAbs_TR_5,10,12,4.986233382895389,8.019427593193939
PercDevAbs_TR_5,10,11,8.019427593193939,12.379696947889137
PercDevAbs_TR_5,10,10,12.379696947889137,18.466489260287098
PercDevAbs_TR_5,10,9,18.466489260287098,26.757481511984505
PercDevAbs_TR_5,10,8,26.757481511984505,37.81776966190256
PercDevAbs_TR_5,10,7,37.81776966190256,52.31367262947051
PercDevAbs_TR_5,10,6,52.31367262947051,71.02256164868744
PercDevAbs_TR_5,10,5,71.02256164868744,94.84764664216348
PercDevAbs_TR_5,10,4,94.84764664216348,124.82752693799009
PercDevAbs_TR_5,10,3,124.82752693799009,162.19493704730218
PercDevAbs_TR_5,10,2,162.19493704730218,208.3384742349061
PercDevAbs_TR_5,10,1,208.3384742349061,Inf
PercDevAbs_TR_5,10.25,19,0,0.05341455066418757
PercDevAbs_TR_5,10.25,18,0.05341455066418757,0.15828468840162724
PercDevAbs_TR_5,10.25,17,0.15828468840162724,0.3880570933098944
PercDevAbs_TR_5,10.25,16,0.3880570933098944,0.8312509153657253
PercDevAbs_TR_5,10.25,15,0.8312509153657253,1.6106314745658472
PercDevAbs_TR_5,10.25,14,1.6106314745658472,2.8886355819133342
PercDevAbs_TR_5,10.25,13,2.8886355819133342,4.873210189766031
PercDevAbs_TR_5,10.25,12,4.873210189766031,7.824527602864167
PercDevAbs_TR_5,10.25,11,7.824527602864167,12.061889065676672
PercDevAbs_TR_5,10.25,10,12.061889065676672,17.970978867336903
PercDevAbs_TR_5,10.25,9,17.970978867336903,26.01278612910094
PercDevAbs_TR_5,10.25,8,26.01278612910094,36.732432044123236
PercDevAbs_TR_5,10.25,7,36.732432044123236,50.77245855388125
PercDevAbs_TR_5,10.25,6,50.77245855388125,68.88225669933065
PercDevAbs_TR_5,10.25,5,68.88225669933065,91.9322832795025
PercDevAbs_TR_5,10.25,4,91.9322832795025,120.92321170216428
PercDevAbs_TR_5,10.25,3,120.92321170216428,157.04261175355134
PercDevAbs_TR_5,10.25,2,157.04261175355134,201.62784640211606
PercDevAbs_TR_5,10.25,1,201.62784640211606,Inf
PercDevAbs_TR_5,10.5,19,0,0.054310477506277155
PercDevAbs_TR_5,10.5,18,0.054310477506277155,0.159072854496883
PercDevAbs_TR_5,10.5,17,0.159072854496883,0.38679354393426985
PercDevAbs_TR_5,10.5,16,0.38679354393426985,0.823536060759573
PercDevAbs_TR_5,10.5,15,0.823536060759573,1.588310921457632
PercDevAbs_TR_5,10.5,14,1.588310921457632,2.838240738182309
PercDevAbs_TR_5,10.5,13,2.838240738182309,4.77413527702263
PercDevAbs_TR_5,10.5,12,4.77413527702263,7.646911413620686
PercDevAbs_TR_5,10.5,11,7.646911413620686,11.764189618971734
PercDevAbs_TR_5,10.5,10,11.764189618971734,17.49722054060972
PercDevAbs_TR_5,10.5,9,17.49722054060972,25.28942327066499
PercDevAbs_TR_5,10.5,8,25.28942327066499,35.664818509272045
PercDevAbs_TR_5,10.5,7,35.664818509272045,49.2407650793419
PercDevAbs_TR_5,10.5,6,49.2407650793419,66.73694882188069
PercDevAbs_TR_5,10.5,5,66.73694882188069,88.9889836727172
PercDevAbs_TR_5,10.5,4,88.9889836727172,116.95712173781118
PercDevAbs_TR_5,10.5,3,116.95712173781118,151.78075494494465
PercDevAbs_TR_5,10.5,2,151.78075494494465,194.74249126697018
PercDevAbs_TR_5,10.5,1,194.74249126697018,Inf
PercDevAbs_TR_5,10.75,19,0,0.05584195829108196
PercDevAbs_TR_5,10.75,18,0.05584195829108196,0.1611800406786131
PercDevAbs_TR_5,10.75,17,0.1611800406786131,0.38787974259906366
PercDevAbs_TR_5,10.75,16,0.38787974259906366,0.8195580357033532
PercDevAbs_TR_5,10.75,15,0.8195580357033532,1.5714173252953176
PercDevAbs_TR_5,10.75,14,1.5714173252953176,2.795131121258442
PercDevAbs_TR_5,10.75,13,2.795131121258442,4.68413831483213
PercDevAbs_TR_5,10.75,12,4.68413831483213,7.4797492766414475
PercDevAbs_TR_5,10.75,11,7.4797492766414475,11.477415397085341
PercDevAbs_TR_5,10.75,10,11.477415397085341,17.03330628509753
PercDevAbs_TR_5,10.75,9,17.03330628509753,24.5724412205384
PercDevAbs_TR_5,10.75,8,24.5724412205384,34.5967024170547
PercDevAbs_TR_5,10.75,7,34.5967024170547,47.69698793268158
PercDevAbs_TR_5,10.75,6,47.69698793268158,64.56173011302229
PercDevAbs_TR_5,10.75,5,64.56173011302229,85.98984286592368
PercDevAbs_TR_5,10.75,4,85.98984286592368,112.89895847989112
PercDevAbs_TR_5,10.75,3,112.89895847989112,146.37764800995882
PercDevAbs_TR_5,10.75,2,146.37764800995882,187.6507003680369
PercDevAbs_TR_5,10.75,1,187.6507003680369,Inf
PercDevAbs_TR_5,11,19,0,0.05795318355126121
PercDevAbs_TR_5,11,18,0.05795318355126121,0.16442697622417551
PercDevAbs_TR_5,11,17,0.16442697622417551,0.3909072075239084
PercDevAbs_TR_5,11,16,0.3909072075239084,0.8185466428656534
PercDevAbs_TR_5,11,15,0.8185466428656534,1.5586705234502303
PercDevAbs_TR_5,11,14,1.5586705234502303,2.757369145773375
PercDevAbs_TR_5,11,13,2.757369145773375,4.6004993067029245
PercDevAbs_TR_5,11,12,4.6004993067029245,7.319463197325233
PercDevAbs_TR_5,11,11,7.319463197325233,11.197136750216597
PercDevAbs_TR_5,11,10,11.197136750216597,16.574081722260345
PercDevAbs_TR_5,11,9,16.574081722260345,23.85625337012197
PercDevAbs_TR_5,11,8,23.85625337012197,33.5225751370733
PercDevAbs_TR_5,11,7,33.5225751370733,46.13648462009223
PercDevAbs_TR_5,11,6,46.13648462009223,62.35395937242951
PercDevAbs_TR_5,11,5,62.35395937242951,82.93578239324586
PercDevAbs_TR_5,11,4,82.93578239324586,108.755282771624
PercDevAbs_TR_5,11,3,108.755282771624,140.8481942302401
PercDevAbs_TR_5,11,2,140.8481942302401,180.37916196499648
PercDevAbs_TR_5,11,1,180.37916196499648,Inf
PercDevAbs_TR_5,11.25,19,0,0.06058344155544014
PercDevAbs_TR_5,11.25,18,0.06058344155544014,0.1686357659917816
PercDevAbs_TR_5,11.25,17,0.1686357659917816,0.39549933192236636
PercDevAbs_TR_5,11.25,16,0.39549933192236636,0.8198430114752481
PercDevAbs_TR_5,11.25,15,0.8198430114752481,1.549065623529751
PercDevAbs_TR_5,11.25,14,1.549065623529751,2.7235890340427336
PercDevAbs_TR_5,11.25,13,2.7235890340427336,4.521561650612785
PercDevAbs_TR_5,11.25,12,4.521561650612785,7.164304091999609
PercDevAbs_TR_5,11.25,11,7.164304091999609,10.921889837872776
PercDevAbs_TR_5,11.25,10,10.921889837872776,16.118984871276002
PercDevAbs_TR_5,11.25,9,16.118984871276002,23.14212370785735
PercDevAbs_TR_5,11.25,8,23.14212370785735,32.44683675603076
PercDevAbs_TR_5,11.25,7,32.44683675603076,44.56857819568691
PercDevAbs_TR_5,11.25,6,44.56857819568691,60.13024877379776
PercDevAbs_TR_5,11.25,5,60.13024877379776,79.85376620605169
PercDevAbs_TR_5,11.25,4,79.85376620605169,104.56729922652278
PercDevAbs_TR_5,11.25,3,104.56729922652278,135.252723492565
PercDevAbs_TR_5,11.25,2,135.252723492565,173.01337169655892
PercDevAbs_TR_5,11.25,1,173.01337169655892,Inf
PercDevAbs_TR_5,11.5,19,0,0.06370024239110557
PercDevAbs_TR_5,11.5,18,0.06370024239110557,0.17369852874996725
PercDevAbs_TR_5,11.5,17,0.17369852874996725,0.40142755209357245
PercDevAbs_TR_5,11.5,16,0.40142755209357245,0.8230649312164983
PercDevAbs_TR_5,11.5,15,0.8230649312164983,1.5420684259175055
PercDevAbs_TR_5,11.5,14,1.5420684259175055,2.6931695690609683
PercDevAbs_TR_5,11.5,13,2.6931695690609683,4.446780272404985
PercDevAbs_TR_5,11.5,12,4.446780272404985,7.0141058735078
PercDevAbs_TR_5,11.5,11,7.0141058735078,10.652378557231529
PercDevAbs_TR_5,11.5,10,10.652378557231529,15.670324776019186
PercDevAbs_TR_5,11.5,9,15.670324776019186,22.435010086430104
PercDevAbs_TR_5,11.5,8,22.435010086430104,31.37851938082043
PercDevAbs_TR_5,11.5,7,31.37851938082043,43.00826691594517
PercDevAbs_TR_5,11.5,6,43.00826691594517,57.9140162277807
PercDevAbs_TR_5,11.5,5,57.9140162277807,76.77875556965586
PercDevAbs_TR_5,11.5,4,76.77875556965586,100.38542590098346
PercDevAbs_TR_5,11.5,3,100.38542590098346,129.66197266445604
PercDevAbs_TR_5,11.5,2,129.66197266445604,165.6503416298449
PercDevAbs_TR_5,11.5,1,165.6503416298449,Inf
PercDevAbs_TR_5,11.75,19,0,0.06722475585516963
PercDevAbs_TR_5,11.75,18,0.06722475585516963,0.17941896949860694
PercDevAbs_TR_5,11.75,17,0.17941896949860694,0.4083174135233639
PercDevAbs_TR_5,11.75,16,0.4083174135233639,0.8276126425891337
PercDevAbs_TR_5,11.75,15,0.8276126425891337,1.536844431096101
PercDevAbs_TR_5,11.75,14,1.536844431096101,2.665100616790051
PercDevAbs_TR_5,11.75,13,2.665100616790051,4.375134205099362
PercDevAbs_TR_5,11.75,12,4.375134205099362,6.868151229501003
PercDevAbs_TR_5,11.75,11,6.868151229501003,10.388704631965759
PercDevAbs_TR_5,11.75,10,10.388704631965759,15.229797520021986
PercDevAbs_TR_5,11.75,9,15.229797520021986,21.739305893163106
PercDevAbs_TR_5,11.75,8,21.739305893163106,30.326221255957307
PercDevAbs_TR_5,11.75,7,30.326221255957307,41.47035488261806
PercDevAbs_TR_5,11.75,6,41.47035488261806,55.72886590869847
PercDevAbs_TR_5,11.75,5,55.72886590869847,73.74645592467157
PercDevAbs_TR_5,11.75,4,73.74645592467157,96.26160280185968
PercDevAbs_TR_5,11.75,3,96.26160280185968,124.14924804308458
PercDevAbs_TR_5,11.75,2,124.14924804308458,158.39102689515187
PercDevAbs_TR_5,11.75,1,158.39102689515187,Inf
PercDevAbs_TR_5,12,19,0,0.07104610464175642
PercDevAbs_TR_5,12,18,0.07104610464175642,0.18555094023996854
PercDevAbs_TR_5,12,17,0.18555094023996854,0.41572715140920846
PercDevAbs_TR_5,12,16,0.41572715140920846,0.8328039930211458
PercDevAbs_TR_5,12,15,0.8328039930211458,1.5324646300536293
PercDevAbs_TR_5,12,14,1.5324646300536293,2.6382667398731794
PercDevAbs_TR_5,12,13,2.6382667398731794,4.305482977609249
PercDevAbs_TR_5,12,12,4.305482977609249,6.7255770768260685
PercDevAbs_TR_5,12,11,6.7255770768260685,10.130772216599093
PercDevAbs_TR_5,12,10,10.130772216599093,14.798805087070079
PercDevAbs_TR_5,12,9,14.798805087070079,21.058943207954915
PercDevAbs_TR_5,12,8,21.058943207954915,29.297807659263185
PercDevAbs_TR_5,12,7,29.297807659263185,39.96849421481639
PercDevAbs_TR_5,12,6,39.96849421481639,53.596630303711024
PercDevAbs_TR_5,12,5,53.596630303711024,70.78991529922904
PercDevAbs_TR_5,12,4,70.78991529922904,92.24388202586735
PercDevAbs_TR_5,12,3,92.24388202586735,118.78229672316306
PercDevAbs_TR_5,12,2,118.78229672316306,151.32859843401855
PercDevAbs_TR_5,12,1,151.32859843401855,Inf
PercDevAbs_TR_6,6,19,0,0.05934533830277689
PercDevAbs_TR_6,6,18,0.05934533830277689,0.32746651776142394
PercDevAbs_TR_6,6,17,0.32746651776142394,1.1180120575016905
PercDevAbs_TR_6,6,16,1.1180120575016905,2.799376310920144
PercDevAbs_TR_6,6,15,2.799376310920144,5.720599095025559
PercDevAbs_TR_6,6,14,5.720599095025559,10.204981808551663
PercDevAbs_TR_6,6,13,10.204981808551663,16.584955816364815
PercDevAbs_TR_6,6,12,16.584955816364815,25.25047701587377
PercDevAbs_TR_6,6,11,25.25047701587377,36.702901035864564
PercDevAbs_TR_6,6,10,36.702901035864564,51.61957282401505
PercDevAbs_TR_6,6,9,51.61957282401505,70.94349998157314
PercDevAbs_TR_6,6,8,70.94349998157314,96.00898551762575
PercDevAbs_TR_6,6,7,96.00898551762575,128.73984664792937
PercDevAbs_TR_6,6,6,128.73984664792937,171.9429911481963
PercDevAbs_TR_6,6,5,171.9429911481963,229.78948321609775
PercDevAbs_TR_6,6,4,229.78948321609775,308.58003199118156
PercDevAbs_TR_6,6,3,308.58003199118156,418.1850380463261
PercDevAbs_TR_6,6,2,418.1850380463261,574.1429741377101
PercDevAbs_TR_6,6,1,574.1429741377101,Inf
PercDevAbs_TR_6,6.25,19,0,0.05030074019766161
PercDevAbs_TR_6,6.25,18,0.05030074019766161,0.28207002931351494
PercDevAbs_TR_6,6.25,17,0.28207002931351494,0.9737287395272185
PercDevAbs_TR_6,6.25,16,0.9737287395272185,2.4568649345724776
PercDevAbs_TR_6,6.25,15,2.4568649345724776,5.047914776688506
PercDevAbs_TR_6,6.25,14,5.047914776688506,9.040645097481805
PercDevAbs_TR_6,6.25,13,9.040645097481805,14.736859740777328
PercDevAbs_TR_6,6.25,12,14.736859740777328,22.48993472032847
PercDevAbs_TR_6,6.25,11,22.48993472032847,32.75352831148189
PercDevAbs_TR_6,6.25,10,32.75352831148189,46.140064955554166
PercDevAbs_TR_6,6.25,9,46.140064955554166,63.501910920403645
PercDevAbs_TR_6,6.25,8,63.501910920403645,86.04514119678927
PercDevAbs_TR_6,6.25,7,86.04514119678927,115.50900808776544
PercDevAbs_TR_6,6.25,6,115.50900808776544,154.43188686543462
PercDevAbs_TR_6,6.25,5,154.43188686543462,206.58712010947082
PercDevAbs_TR_6,6.25,4,206.58712010947082,277.6768236526039
PercDevAbs_TR_6,6.25,3,277.6768236526039,376.63697830937963
PercDevAbs_TR_6,6.25,2,376.63697830937963,517.541118796292
PercDevAbs_TR_6,6.25,1,517.541118796292,Inf
PercDevAbs_TR_6,6.5,19,0,0.04263912962624028
PercDevAbs_TR_6,6.5,18,0.04263912962624028,0.24301847151640327
PercDevAbs_TR_6,6.5,17,0.24301847151640327,0.8483171154038586
PercDevAbs_TR_6,6.5,16,0.8483171154038586,2.157034134168588
PercDevAbs_TR_6,6.5,15,2.157034134168588,4.4561209745066055
PercDevAbs_TR_6,6.5,14,4.4561209745066055,8.012603879990426
PercDevAbs_TR_6,6.5,13,8.012603879990426,13.100600045338686
PercDevAbs_TR_6,6.5,12,13.100600045338686,20.040489248557417
PercDevAbs_TR_6,6.5,11,20.040489248557417,29.242971331631786
PercDevAbs_TR_6,6.5,10,29.242971331631786,41.2620453667633
PercDevAbs_TR_6,6.5,9,41.2620453667633,56.86852790972732
PercDevAbs_TR_6,6.5,8,56.86852790972732,77.15312439860404
PercDevAbs_TR_6,6.5,7,77.15312439860404,103.68900034380326
PercDevAbs_TR_6,6.5,6,103.68900034380326,138.77281403742504
PercDevAbs_TR_6,6.5,5,138.77281403742504,185.81978294045916
PercDevAbs_TR_6,6.5,4,185.81978294045916,249.9928261469242
PercDevAbs_TR_6,6.5,3,249.9928261469242,339.3859271754226
PercDevAbs_TR_6,6.5,2,339.3859271754226,466.7520326600653
PercDevAbs_TR_6,6.5,1,466.7520326600653,Inf
PercDevAbs_TR_6,6.75,19,0,0.036192595783837725
PercDevAbs_TR_6,6.75,18,0.036192595783837725,0.20967374561754595
PercDevAbs_TR_6,6.75,17,0.20967374561754595,0.7401792040952895
PercDevAbs_TR_6,6.75,16,0.7401792040952895,1.896784294968315
PercDevAbs_TR_6,6.75,15,1.896784294968315,3.940086429834693
PercDevAbs_TR_6,6.75,14,3.940086429834693,7.113188134314204
PercDevAbs_TR_6,6.75,13,7.113188134314204,11.665471300017366
PercDevAbs_TR_6,6.75,12,11.665471300017366,17.88789244141952
PercDevAbs_TR_6,6.75,11,17.88789244141952,26.152896115623953
PercDevAbs_TR_6,6.75,10,26.152896115623953,36.96248749355733
PercDevAbs_TR_6,6.75,9,36.96248749355733,51.01492840197358
PercDevAbs_TR_6,6.75,8,51.01492840197358,69.29827754445735
PercDevAbs_TR_6,6.75,7,69.29827754445735,93.2379064544871
PercDevAbs_TR_6,6.75,6,93.2379064544871,124.91532555933239
PercDevAbs_TR_6,6.75,5,124.91532555933239,167.4268989723598
PercDevAbs_TR_6,6.75,4,167.4268989723598,225.45532358809493
PercDevAbs_TR_6,6.75,3,225.45532358809493,306.3444493575
PercDevAbs_TR_6,6.75,2,306.3444493575,421.67029262633093
PercDevAbs_TR_6,6.75,1,421.67029262633093,Inf
PercDevAbs_TR_6,7,19,0,0.03081409512356885
PercDevAbs_TR_6,7,18,0.03081409512356885,0.18147256317016885
PercDevAbs_TR_6,7,17,0.18147256317016885,0.6479078351239412
PercDevAbs_TR_6,7,16,0.6479078351239412,1.6734130992417442
PercDevAbs_TR_6,7,15,1.6734130992417442,3.4954038842591677
PercDevAbs_TR_6,7,14,3.4954038842591677,6.335928481362613
PercDevAbs_TR_6,7,13,6.335928481362613,10.422627027617345
PercDevAbs_TR_6,7,12,10.422627027617345,16.020632843281618
PercDevAbs_TR_6,7,11,16.020632843281618,23.468851359304704
PercDevAbs_TR_6,7,10,23.468851359304704,33.22372758016486
PercDevAbs_TR_6,7,9,33.22372758016486,45.919958697955494
PercDevAbs_TR_6,7,8,45.919958697955494,62.45567358992964
PercDevAbs_TR_6,7,7,62.45567358992964,84.1267443095056
PercDevAbs_TR_6,7,6,84.1267443095056,112.82612890843993
PercDevAbs_TR_6,7,5,112.82612890843993,151.37069060674497
PercDevAbs_TR_6,7,4,151.37069060674497,204.0220692439711
PercDevAbs_TR_6,7,3,204.0220692439711,277.46624647707023
PercDevAbs_TR_6,7,2,277.46624647707023,382.24678684877074
PercDevAbs_TR_6,7,1,382.24678684877074,Inf
PercDevAbs_TR_6,7.25,19,0,0.026368768857243978
PercDevAbs_TR_6,7.25,18,0.026368768857243978,0.1578815760356545
PercDevAbs_TR_6,7.25,17,0.1578815760356545,0.5701358195750387
PercDevAbs_TR_6,7.25,16,0.5701358195750387,1.4842380572567626
PercDevAbs_TR_6,7.25,15,1.4842380572567626,3.1176162898276067
PercDevAbs_TR_6,7.25,14,3.1176162898276067,5.674170859163773
PercDevAbs_TR_6,7.25,13,5.674170859163773,9.362820902751988
PercDevAbs_TR_6,7.25,12,9.362820902751988,14.42648685350482
PercDevAbs_TR_6,7.25,11,14.42648685350482,21.17524290076568
PercDevAbs_TR_6,7.25,10,21.17524290076568,30.02638128351645
PercDevAbs_TR_6,7.25,9,30.02638128351645,41.559979967172865
PercDevAbs_TR_6,7.25,8,41.559979967172865,56.596892605534244
PercDevAbs_TR_6,7.25,7,56.596892605534244,76.32170649457765
PercDevAbs_TR_6,7.25,6,76.32170649457765,102.46533011484128
PercDevAbs_TR_6,7.25,5,102.46533011484128,137.60438175008125
PercDevAbs_TR_6,7.25,4,137.60438175008125,185.6385319921442
PercDevAbs_TR_6,7.25,3,185.6385319921442,252.68814103434556
PercDevAbs_TR_6,7.25,2,252.68814103434556,348.40895929750377
PercDevAbs_TR_6,7.25,1,348.40895929750377,Inf
PercDevAbs_TR_6,7.5,19,0,0.022727784032662474
PercDevAbs_TR_6,7.5,18,0.022727784032662474,0.13836317010713603
PercDevAbs_TR_6,7.5,17,0.13836317010713603,0.5054134929313565
PercDevAbs_TR_6,7.5,16,0.5054134929313565,1.3262752825587476
PercDevAbs_TR_6,7.5,15,1.3262752825587476,2.80153558804309
PercDevAbs_TR_6,7.5,14,2.80153558804309,5.1198262033368085
PercDevAbs_TR_6,7.5,13,5.1198262033368085,8.474329282721454
PercDevAbs_TR_6,7.5,12,8.474329282721454,13.089299406104793
PercDevAbs_TR_6,7.5,11,13.089299406104793,19.250585809783992
PercDevAbs_TR_6,7.5,10,19.250585809783992,27.34258368809738
PercDevAbs_TR_6,7.5,9,27.34258368809738,37.89947832993068
PercDevAbs_TR_6,7.5,8,37.89947832993068,51.677193915798696
PercDevAbs_TR_6,7.5,7,51.677193915798696,69.76681194230989
PercDevAbs_TR_6,7.5,6,69.76681194230989,93.76308092831006
PercDevAbs_TR_6,7.5,5,93.76308092831006,126.04075836984694
PercDevAbs_TR_6,7.5,4,126.04075836984694,170.19538198216574
PercDevAbs_TR_6,7.5,3,170.19538198216574,231.87207536822967
PercDevAbs_TR_6,7.5,2,231.87207536822967,319.980661909716
PercDevAbs_TR_6,7.5,1,319.980661909716,Inf
PercDevAbs_TR_6,7.75,19,0,0.01974946630613486
PercDevAbs_TR_6,7.75,18,0.01974946630613486,0.12225910780148208
PercDevAbs_TR_6,7.75,17,0.12225910780148208,0.45177424156854756
PercDevAbs_TR_6,7.75,16,0.45177424156854756,1.1950774851052646
PercDevAbs_TR_6,7.75,15,1.1950774851052646,2.5387522721776805
PercDevAbs_TR_6,7.75,14,2.5387522721776805,4.6587691889104486
PercDevAbs_TR_6,7.75,13,4.6587691889104486,7.735271103382274
PercDevAbs_TR_6,7.75,12,7.735271103382274,11.977042454927412
PercDevAbs_TR_6,7.75,11,11.977042454927412,17.649846472164896
PercDevAbs_TR_6,7.75,10,17.649846472164896,25.11079443028128
PercDevAbs_TR_6,7.75,9,25.11079443028128,34.85600486886751
PercDevAbs_TR_6,7.75,8,34.85600486886751,47.58754452591183
PercDevAbs_TR_6,7.75,7,47.58754452591183,64.31893899631507
PercDevAbs_TR_6,7.75,6,64.31893899631507,86.53201537487323
PercDevAbs_TR_6,7.75,5,86.53201537487323,116.43414572211279
PercDevAbs_TR_6,7.75,4,116.43414572211279,157.36871779308385
PercDevAbs_TR_6,7.75,3,157.36871779308385,214.58691060708225
PercDevAbs_TR_6,7.75,2,214.58691060708225,296.38033417472815
PercDevAbs_TR_6,7.75,1,296.38033417472815,Inf
PercDevAbs_TR_6,8,19,0,0.01733505316581844
PercDevAbs_TR_6,8,18,0.01733505316581844,0.10913227761276395
PercDevAbs_TR_6,8,17,0.10913227761276395,0.40798259531525427
PercDevAbs_TR_6,8,16,0.40798259531525427,1.0880030285836908
PercDevAbs_TR_6,8,15,1.0880030285836908,2.3245271525127182
PercDevAbs_TR_6,8,14,2.3245271525127182,4.283411544376772
PercDevAbs_TR_6,8,13,4.283411544376772,7.134389751336656
PercDevAbs_TR_6,8,12,7.134389751336656,11.073876388498379
PercDevAbs_TR_6,8,11,11.073876388498379,16.351548495368238
PercDevAbs_TR_6,8,10,16.351548495368238,23.30264668919773
PercDevAbs_TR_6,8,9,23.30264668919773,32.39276401551725
PercDevAbs_TR_6,8,8,32.39276401551725,44.28077960059133
PercDevAbs_TR_6,8,7,44.28077960059133,59.918040989511766
PercDevAbs_TR_6,8,6,59.918040989511766,80.69587649855158
PercDevAbs_TR_6,8,5,80.69587649855158,108.68756849902911
PercDevAbs_TR_6,8,4,108.68756849902911,147.03461052571186
PercDevAbs_TR_6,8,3,147.03461052571186,200.67290583191897
PercDevAbs_TR_6,8,2,200.67290583191897,277.3995866415329
PercDevAbs_TR_6,8,1,277.3995866415329,Inf
PercDevAbs_TR_6,8.25,19,0,0.015407906091027726
PercDevAbs_TR_6,8.25,18,0.015407906091027726,0.09865361474547531
PercDevAbs_TR_6,8.25,17,0.09865361474547531,0.3731503879404953
PercDevAbs_TR_6,8.25,16,0.3731503879404953,1.0032576672983309
PercDevAbs_TR_6,8.25,15,1.0032576672983309,2.1558368782734267
PercDevAbs_TR_6,8.25,14,2.1558368782734267,3.989220494995676
PercDevAbs_TR_6,8.25,13,3.989220494995676,6.665401489009664
PercDevAbs_TR_6,8.25,12,6.665401489009664,10.37155394178772
PercDevAbs_TR_6,8.25,11,10.37155394178772,15.345288345200277
PercDevAbs_TR_6,8.25,10,15.345288345200277,21.905401998106704
PercDevAbs_TR_6,8.25,9,21.905401998106704,30.49451640436726
PercDevAbs_TR_6,8.25,8,30.49451640436726,41.739011458391246
PercDevAbs_TR_6,8.25,7,41.739011458391246,56.543469625108926
PercDevAbs_TR_6,8.25,6,56.543469625108926,76.23121440841031
PercDevAbs_TR_6,8.25,5,76.23121440841031,102.77487547333806
PercDevAbs_TR_6,8.25,4,102.77487547333806,139.16458011919786
PercDevAbs_TR_6,8.25,3,139.16458011919786,190.10014016310473
PercDevAbs_TR_6,8.25,2,190.10014016310473,263.00892067091564
PercDevAbs_TR_6,8.25,1,263.00892067091564,Inf
PercDevAbs_TR_6,8.5,19,0,0.013864563022532167
PercDevAbs_TR_6,8.5,18,0.013864563022532167,0.09029331807577515
PercDevAbs_TR_6,8.5,17,0.09029331807577515,0.345575900704396
PercDevAbs_TR_6,8.5,16,0.345575900704396,0.9367822111748763
PercDevAbs_TR_6,8.5,15,0.9367822111748763,2.0246958434408575
PercDevAbs_TR_6,8.5,14,2.0246958434408575,3.762372067910604
PercDevAbs_TR_6,8.5,13,3.762372067910604,6.306377414533854
PercDevAbs_TR_6,8.5,12,6.306377414533854,9.83735037520032
PercDevAbs_TR_6,8.5,11,9.83735037520032,14.584299871949717
PercDevAbs_TR_6,8.5,10,14.584299871949717,20.854251154465572
PercDevAbs_TR_6,8.5,9,20.854251154465572,29.073351854596233
PercDevAbs_TR_6,8.5,8,29.073351854596233,39.844676719954244
PercDevAbs_TR_6,8.5,7,39.844676719954244,54.03930604403458
PercDevAbs_TR_6,8.5,6,54.03930604403458,72.9319261656761
PercDevAbs_TR_6,8.5,5,72.9319261656761,98.42332412802612
PercDevAbs_TR_6,8.5,4,98.42332412802612,133.39583118874538
PercDevAbs_TR_6,8.5,3,133.39583118874538,182.3815000137239
PercDevAbs_TR_6,8.5,2,182.3815000137239,252.54564299520138
PercDevAbs_TR_6,8.5,1,252.54564299520138,Inf
PercDevAbs_TR_6,8.75,19,0,0.012595885840960922
PercDevAbs_TR_6,8.75,18,0.012595885840960922,0.08344423478840646
PercDevAbs_TR_6,8.75,17,0.08344423478840646,0.32317345793724556
PercDevAbs_TR_6,8.75,16,0.32317345793724556,0.8833323375191737
PercDevAbs_TR_6,8.75,15,0.8833323375191737,1.9203575243873445
PercDevAbs_TR_6,8.75,14,1.9203575243873445,3.5836604668652448
PercDevAbs_TR_6,8.75,13,3.5836604668652448,6.026065446182246
PercDevAbs_TR_6,8.75,12,6.026065446182246,9.42364192284306
PercDevAbs_TR_6,8.75,11,9.42364192284306,13.999313215793041
PercDevAbs_TR_6,8.75,10,13.999313215793041,20.051721802379966
PercDevAbs_TR_6,8.75,9,20.051721802379966,27.995254360961184
PercDevAbs_TR_6,8.75,8,27.995254360961184,38.41634923689016
PercDevAbs_TR_6,8.75,7,38.41634923689016,52.16220632691021
PercDevAbs_TR_6,8.75,6,52.16220632691021,70.47292981484702
PercDevAbs_TR_6,8.75,5,70.47292981484702,95.19837947815185
PercDevAbs_TR_6,8.75,4,95.19837947815185,129.14473494929646
PercDevAbs_TR_6,8.75,3,129.14473494929646,176.72593947144247
PercDevAbs_TR_6,8.75,2,176.72593947144247,244.92355596353957
PercDevAbs_TR_6,8.75,1,244.92355596353957,Inf
PercDevAbs_TR_6,9,19,0,0.011529058877150685
PercDevAbs_TR_6,9,18,0.011529058877150685,0.07769932421743753
PercDevAbs_TR_6,9,17,0.07769932421743753,0.3045389149090319
PercDevAbs_TR_6,9,16,0.3045389149090319,0.8393659701010386
PercDevAbs_TR_6,9,15,0.8393659701010386,1.8355465228962906
PercDevAbs_TR_6,9,14,1.8355465228962906,3.4400611333196367
PercDevAbs_TR_6,9,13,3.4400611333196367,5.803244676901091
PercDevAbs_TR_6,9,12,5.803244676901091,9.098058971915089
PercDevAbs_TR_6,9,11,9.098058971915089,13.543208807517578
PercDevAbs_TR_6,9,10,13.543208807517578,19.431466843759118
PercDevAbs_TR_6,9,9,19.431466843759118,27.16895186450064
PercDevAbs_TR_6,9,8,27.16895186450064,37.330408501030455
PercDevAbs_TR_6,9,7,37.330408501030455,50.746289183942196
PercDevAbs_TR_6,9,6,50.746289183942196,68.63253922563878
PercDevAbs_TR_6,9,5,68.63253922563878,92.80360904230412
PercDevAbs_TR_6,9,4,92.80360904230412,126.01301667262584
PercDevAbs_TR_6,9,3,126.01301667262584,172.59346978316674
PercDevAbs_TR_6,9,2,172.59346978316674,239.4009697125235
PercDevAbs_TR_6,9,1,239.4009697125235,Inf
PercDevAbs_TR_6,9.25,19,0,0.01061564011589173
PercDevAbs_TR_6,9.25,18,0.01061564011589173,0.07278841983974824
PercDevAbs_TR_6,9.25,17,0.07278841983974824,0.28874127246946596
PercDevAbs_TR_6,9.25,16,0.28874127246946596,0.8025361539124132
PercDevAbs_TR_6,9.25,15,0.8025361539124132,1.7654450646470266
PercDevAbs_TR_6,9.25,14,1.7654450646470266,3.3229540663649515
PercDevAbs_TR_6,9.25,13,3.3229540663649515,5.623877998351395
PercDevAbs_TR_6,9.25,12,5.623877998351395,8.839200347647262
PercDevAbs_TR_6,9.25,11,8.839200347647262,13.18484768519015
PercDevAbs_TR_6,9.25,10,13.18484768519015,18.9496592936134
PercDevAbs_TR_6,9.25,9,18.9496592936134,26.534176492998593
PercDevAbs_TR_6,9.25,8,26.534176492998593,36.5052572061317
PercDevAbs_TR_6,9.25,7,36.5052572061317,49.68210189428494
PercDevAbs_TR_6,9.25,6,49.68210189428494,67.26453127069125
PercDevAbs_TR_6,9.25,5,67.26453127069125,91.04355436322922
PercDevAbs_TR_6,9.25,4,91.04355436322922,123.73815549732544
PercDevAbs_TR_6,9.25,3,123.73815549732544,169.62828105277714
PercDevAbs_TR_6,9.25,2,169.62828105277714,235.48933673514017
PercDevAbs_TR_6,9.25,1,235.48933673514017,Inf
PercDevAbs_TR_6,9.5,19,0,0.009792800496298621
PercDevAbs_TR_6,9.5,18,0.009792800496298621,0.06832062227564178
PercDevAbs_TR_6,9.5,17,0.06832062227564178,0.2743179265791679
PercDevAbs_TR_6,9.5,16,0.2743179265791679,0.7689255009524139
PercDevAbs_TR_6,9.5,15,0.7689255009524139,1.7016453787013388
PercDevAbs_TR_6,9.5,14,1.7016453787013388,3.216785102083203
PercDevAbs_TR_6,9.5,13,3.216785102083203,5.461974015831155
PercDevAbs_TR_6,9.5,12,5.461974015831155,8.606613425624685
PercDevAbs_TR_6,9.5,11,8.606613425624685,12.86436169699538
PercDevAbs_TR_6,9.5,10,12.86436169699538,18.520813346574574
PercDevAbs_TR_6,9.5,9,18.520813346574574,25.971890364409173
PercDevAbs_TR_6,9.5,8,25.971890364409173,35.77791951097802
PercDevAbs_TR_6,9.5,7,35.77791951097802,48.748804330573705
PercDevAbs_TR_6,9.5,6,48.748804330573705,66.07109536428662
PercDevAbs_TR_6,9.5,5,66.07109536428662,89.51660592642878
PercDevAbs_TR_6,9.5,4,89.51660592642878,121.77620746560038
PercDevAbs_TR_6,9.5,3,121.77620746560038,167.0871561588674
PercDevAbs_TR_6,9.5,2,167.0871561588674,232.16014012181688
PercDevAbs_TR_6,9.5,1,232.16014012181688,Inf
PercDevAbs_TR_6,9.75,19,0,0.00898309794834995
PercDevAbs_TR_6,9.75,18,0.00898309794834995,0.0637726561929343
PercDevAbs_TR_6,9.75,17,0.0637726561929343,0.2591952720352739
PercDevAbs_TR_6,9.75,16,0.2591952720352739,0.73275449147733
PercDevAbs_TR_6,9.75,15,0.73275449147733,1.6313910474249531
PercDevAbs_TR_6,9.75,14,1.6313910474249531,3.097472247776122
PercDevAbs_TR_6,9.75,13,3.097472247776122,5.276673655392797
PercDevAbs_TR_6,9.75,12,5.276673655392797,8.335945007262323
PercDevAbs_TR_6,9.75,11,8.335945007262323,12.485590335500465
PercDevAbs_TR_6,9.75,10,12.485590335500465,18.006514515326668
PercDevAbs_TR_6,9.75,9,18.006514515326668,25.28802072222664
PercDevAbs_TR_6,9.75,8,25.28802072222664,34.88107437514225
PercDevAbs_TR_6,9.75,7,34.88107437514225,47.58218704515099
PercDevAbs_TR_6,9.75,6,47.58218704515099,64.55862973880878
PercDevAbs_TR_6,9.75,5,64.55862973880878,87.55402974283311
PercDevAbs_TR_6,9.75,4,87.55402974283311,119.21746451916621
PercDevAbs_TR_6,9.75,3,119.21746451916621,163.72191649584536
PercDevAbs_TR_6,9.75,2,163.72191649584536,227.67910069669188
PercDevAbs_TR_6,9.75,1,227.67910069669188,Inf
PercDevAbs_TR_6,10,19,0,0.008138733537848606
PercDevAbs_TR_6,10,18,0.008138733537848606,0.058797875958681065
PercDevAbs_TR_6,10,17,0.058797875958681065,0.241923598282405
PercDevAbs_TR_6,10,16,0.241923598282405,0.689823084565412
PercDevAbs_TR_6,10,15,0.689823084565412,1.5451533518704483
PercDevAbs_TR_6,10,14,1.5451533518704483,2.9466648524873076
PercDevAbs_TR_6,10,13,2.9466648524873076,5.036373733160063
PercDevAbs_TR_6,10,12,5.036373733160063,7.976838886801935
PercDevAbs_TR_6,10,11,7.976838886801935,11.972581790309183
PercDevAbs_TR_6,10,10,11.972581790309183,17.296584633718908
PercDevAbs_TR_6,10,9,17.296584633718908,24.327056672126968
PercDevAbs_TR_6,10,8,24.327056672126968,33.599268059373365
PercDevAbs_TR_6,10,7,33.599268059373365,45.887175091280305
PercDevAbs_TR_6,10,6,45.887175091280305,62.32532505797449
PercDevAbs_TR_6,10,5,62.32532505797449,84.60904986388528
PercDevAbs_TR_6,10,4,84.60904986388528,115.31503664861343
PercDevAbs_TR_6,10,3,115.31503664861343,158.50373093601274
PercDevAbs_TR_6,10,2,158.50373093601274,220.61128583406062
PercDevAbs_TR_6,10,1,220.61128583406062,Inf
PercDevAbs_TR_6,10.25,19,0,0.007257916632238763
PercDevAbs_TR_6,10.25,18,0.007257916632238763,0.05336351324399444
PercDevAbs_TR_6,10.25,17,0.05336351324399444,0.22228915298040966
PercDevAbs_TR_6,10.25,16,0.22228915298040966,0.6393405954472522
PercDevAbs_TR_6,10.25,15,0.6393405954472522,1.4408533623214095
PercDevAbs_TR_6,10.25,14,1.4408533623214095,2.7599557965466017
PercDevAbs_TR_6,10.25,13,2.7599557965466017,4.732960182774375
PercDevAbs_TR_6,10.25,12,4.732960182774375,7.515714487204817
PercDevAbs_TR_6,10.25,11,7.515714487204817,11.304059613388556
PercDevAbs_TR_6,10.25,10,11.304059613388556,16.359202433063594
PercDevAbs_TR_6,10.25,9,16.359202433063594,23.042929068610952
PercDevAbs_TR_6,10.25,8,23.042929068610952,31.867271519096803
PercDevAbs_TR_6,10.25,7,31.867271519096803,43.572714376410474
PercDevAbs_TR_6,10.25,6,43.572714376410474,59.24505463342945
PercDevAbs_TR_6,10.25,5,59.24505463342945,80.50733844066329
PercDevAbs_TR_6,10.25,4,80.50733844066329,109.8273302981811
PercDevAbs_TR_6,10.25,3,109.8273302981811,151.09526465381478
PercDevAbs_TR_6,10.25,2,151.09526465381478,210.4801223720336
PercDevAbs_TR_6,10.25,1,210.4801223720336,Inf
PercDevAbs_TR_6,10.5,19,0,0.006373112877243738
PercDevAbs_TR_6,10.5,18,0.006373112877243738,0.04769150637451076
PercDevAbs_TR_6,10.5,17,0.04769150637451076,0.2011429307835577
PercDevAbs_TR_6,10.5,16,0.2011429307835577,0.5835787119345786
PercDevAbs_TR_6,10.5,15,0.5835787119345786,1.3233045510395793
PercDevAbs_TR_6,10.5,14,1.3233045510395793,2.546118720702671
PercDevAbs_TR_6,10.5,13,2.546118720702671,4.380886143405767
PercDevAbs_TR_6,10.5,12,4.380886143405767,6.974774794328574
PercDevAbs_TR_6,10.5,11,6.974774794328574,10.512497707874118
PercDevAbs_TR_6,10.5,10,10.512497707874118,15.2402427837606
PercDevAbs_TR_6,10.5,9,15.2402427837606,21.498891822314697
PercDevAbs_TR_6,10.5,8,21.498891822314697,29.77089580534282
PercDevAbs_TR_6,10.5,7,29.77089580534282,40.754081282871894
PercDevAbs_TR_6,10.5,6,40.754081282871894,55.47199203725951
PercDevAbs_TR_6,10.5,5,55.47199203725951,75.4551469210108
PercDevAbs_TR_6,10.5,4,75.4551469210108,103.03151573601158
PercDevAbs_TR_6,10.5,3,103.03151573601158,141.87231015434543
PercDevAbs_TR_6,10.5,2,141.87231015434543,197.80167135623662
PercDevAbs_TR_6,10.5,1,197.80167135623662,Inf
PercDevAbs_TR_6,10.75,19,0,0.005524607492246064
PercDevAbs_TR_6,10.75,18,0.005524607492246064,0.04207996941994785
PercDevAbs_TR_6,10.75,17,0.04207996941994785,0.17970537589862878
PercDevAbs_TR_6,10.75,16,0.17970537589862878,0.5259715578634209
PercDevAbs_TR_6,10.75,15,0.5259715578634209,1.2000921651322116
PercDevAbs_TR_6,10.75,14,1.2000921651322116,2.319440375837881
PercDevAbs_TR_6,10.75,13,2.319440375837881,4.004314363854513
PercDevAbs_TR_6,10.75,12,4.004314363854513,6.391950606987619
PercDevAbs_TR_6,10.75,11,6.391950606987619,9.654394783590304
PercDevAbs_TR_6,10.75,10,9.654394783590304,14.020788070503617
PercDevAbs_TR_6,10.75,9,14.020788070503617,19.80831385542435
PercDevAbs_TR_6,10.75,8,19.80831385542435,27.465886880788595
PercDevAbs_TR_6,10.75,7,27.465886880788595,37.64293871464308
PercDevAbs_TR_6,10.75,6,37.64293871464308,51.29230619897325
PercDevAbs_TR_6,10.75,5,51.29230619897325,69.83927114577855
PercDevAbs_TR_6,10.75,4,69.83927114577855,95.45256181443318
PercDevAbs_TR_6,10.75,3,95.45256181443318,131.55352574040523
PercDevAbs_TR_6,10.75,2,131.55352574040523,183.57221912134
PercDevAbs_TR_6,10.75,1,183.57221912134,Inf
PercDevAbs_TR_6,11,19,0,0.00474175491748442
PercDevAbs_TR_6,11,18,0.00474175491748442,0.036764067116279685
PercDevAbs_TR_6,11,17,0.036764067116279685,0.1589873986984192
PercDevAbs_TR_6,11,16,0.1589873986984192,0.4694572953980528
PercDevAbs_TR_6,11,15,0.4694572953980528,1.0778528345680638
PercDevAbs_TR_6,11,14,1.0778528345680638,2.0926235593497746
PercDevAbs_TR_6,11,13,2.0926235593497746,3.6249894315566387
PercDevAbs_TR_6,11,12,3.6249894315566387,5.801699532573517
PercDevAbs_TR_6,11,11,5.801699532573517,8.781468554621922
PercDevAbs_TR_6,11,10,8.781468554621922,12.775533029441483
PercDevAbs_TR_6,11,9,12.775533029441483,18.076205140507277
PercDevAbs_TR_6,11,8,18.076205140507277,25.0972027738959
PercDevAbs_TR_6,11,7,25.0972027738959,34.43714276433202
PercDevAbs_TR_6,11,6,34.43714276433202,46.97456233548826
PercDevAbs_TR_6,11,5,46.97456233548826,64.024057257403
PercDevAbs_TR_6,11,4,64.024057257403,87.58669753213556
PercDevAbs_TR_6,11,3,87.58669753213556,120.82049861632998
PercDevAbs_TR_6,11,2,120.82049861632998,168.7397094256342
PercDevAbs_TR_6,11,1,168.7397094256342,Inf
PercDevAbs_TR_6,11.25,19,0,0.004039783387758404
PercDevAbs_TR_6,11.25,18,0.004039783387758404,0.03188433468676811
PercDevAbs_TR_6,11.25,17,0.03188433468676811,0.1396372356882759
PercDevAbs_TR_6,11.25,16,0.1396372356882759,0.4159991046931169
PercDevAbs_TR_6,11.25,15,0.4159991046931169,0.9611382799993378
PercDevAbs_TR_6,11.25,14,0.9611382799993378,1.8745362695611294
PercDevAbs_TR_6,11.25,13,1.8745362695611294,3.258286337325996
PercDevAbs_TR_6,11.25,12,3.258286337325996,5.228621758114992
PercDevAbs_TR_6,11.25,11,5.228621758114992,7.930924025336932
PercDevAbs_TR_6,11.25,10,7.930924025336932,11.558548370509946
PercDevAbs_TR_6,11.25,9,11.558548370509946,16.378983133287033
PercDevAbs_TR_6,11.25,8,16.378983133287033,22.77081565374803
PercDevAbs_TR_6,11.25,7,22.77081565374803,31.281926245780806
PercDevAbs_TR_6,11.25,6,31.281926245780806,42.716623898774344
PercDevAbs_TR_6,11.25,5,42.716623898774344,58.278848403286204
PercDevAbs_TR_6,11.25,4,58.278848403286204,79.80192870860206
PercDevAbs_TR_6,11.25,3,79.80192870860206,110.18022270681216
PercDevAbs_TR_6,11.25,2,110.18022270681216,154.0112989822535
PercDevAbs_TR_6,11.25,1,154.0112989822535,Inf
PercDevAbs_TR_6,11.5,19,0,0.0034238167166740826
PercDevAbs_TR_6,11.5,18,0.0034238167166740826,0.027509805804649047
PercDevAbs_TR_6,11.5,17,0.027509805804649047,0.12201889244748479
PercDevAbs_TR_6,11.5,16,0.12201889244748479,0.36677649827493053
PercDevAbs_TR_6,11.5,15,0.36677649827493053,0.8527941038454125
PercDevAbs_TR_6,11.5,14,0.8527941038454125,1.6708669145399098
PercDevAbs_TR_6,11.5,13,1.6708669145399098,2.9142456928373077
PercDevAbs_TR_6,11.5,12,2.9142456928373077,4.6889966303664785
PercDevAbs_TR_6,11.5,11,4.6889966303664785,7.127636332875551
PercDevAbs_TR_6,11.5,10,7.127636332875551,10.406287140673903
PercDevAbs_TR_6,11.5,9,10.406287140673903,14.768525275889658
PercDevAbs_TR_6,11.5,8,14.768525275889658,20.559097263948537
PercDevAbs_TR_6,11.5,7,20.559097263948537,28.276996013236452
PercDevAbs_TR_6,11.5,6,28.276996013236452,38.654974317684605
PercDevAbs_TR_6,11.5,5,38.654974317684605,52.790240359463525
PercDevAbs_TR_6,11.5,4,52.790240359463525,72.35423174139994
PercDevAbs_TR_6,11.5,3,72.35423174139994,99.9866925204387
PercDevAbs_TR_6,11.5,2,99.9866925204387,139.8825264349241
PercDevAbs_TR_6,11.5,1,139.8825264349241,Inf
PercDevAbs_TR_6,11.75,19,0,0.0028913050434389315
PercDevAbs_TR_6,11.75,18,0.0028913050434389315,0.023651026719850185
PercDevAbs_TR_6,11.75,17,0.023651026719850185,0.10625168314329453
PercDevAbs_TR_6,11.75,16,0.10625168314329453,0.3222692843078123
PercDevAbs_TR_6,11.75,15,0.3222692843078123,0.7541017334951066
PercDevAbs_TR_6,11.75,14,0.7541017334951066,1.4843308802077406
PercDevAbs_TR_6,11.75,13,1.4843308802077406,2.5978442796999692
PercDevAbs_TR_6,11.75,12,2.5978442796999692,4.191109169877626
PercDevAbs_TR_6,11.75,11,4.191109169877626,6.384517179246099
PercDevAbs_TR_6,11.75,10,6.384517179246099,9.337965293993552
PercDevAbs_TR_6,11.75,9,9.337965293993552,13.272525006226545
PercDevAbs_TR_6,11.75,8,13.272525006226545,18.501093363472194
PercDevAbs_TR_6,11.75,7,18.501093363472194,25.47664168490575
PercDevAbs_TR_6,11.75,6,25.47664168490575,34.86453443110116
PercDevAbs_TR_6,11.75,5,34.86453443110116,47.66141729486089
PercDevAbs_TR_6,11.75,4,47.66141729486089,65.38611394671031
PercDevAbs_TR_6,11.75,3,65.38611394671031,90.43822398771476
PercDevAbs_TR_6,11.75,2,90.43822398771476,126.632646043309
PercDevAbs_TR_6,11.75,1,126.632646043309,Inf
PercDevAbs_TR_6,12,19,0,0.0024360163517894487
PercDevAbs_TR_6,12,18,0.0024360163517894487,0.020287803834667377
PercDevAbs_TR_6,12,17,0.020287803834667377,0.0923203269389889
PercDevAbs_TR_6,12,16,0.0923203269389889,0.28256241376748775
PercDevAbs_TR_6,12,15,0.28256241376748775,0.6654460912623166
PercDevAbs_TR_6,12,14,0.6654460912623166,1.3159222513764315
PercDevAbs_TR_6,12,13,1.3159222513764315,2.311106368161956
PercDevAbs_TR_6,12,12,2.311106368161956,3.7385590496173355
PercDevAbs_TR_6,12,11,3.7385590496173355,5.707438625626165
PercDevAbs_TR_6,12,10,5.707438625626165,8.362623376575264
PercDevAbs_TR_6,12,9,8.362623376575264,11.90436135854312
PercDevAbs_TR_6,12,8,11.90436135854312,16.616079234241536
PercDevAbs_TR_6,12,7,16.616079234241536,22.90815551511478
PercDevAbs_TR_6,12,6,22.90815551511478,31.383565055882237
PercDevAbs_TR_6,12,5,31.383565055882237,42.94581162815139
PercDevAbs_TR_6,12,4,42.94581162815139,58.97230099616891
PercDevAbs_TR_6,12,3,58.97230099616891,81.6400061878053
PercDevAbs_TR_6,12,2,81.6400061878053,114.41135847664339
PercDevAbs_TR_6,12,1,114.41135847664339,Inf
PercDevAbs_TR_7,6,19,0,0.10768380525956833
PercDevAbs_TR_7,6,18,0.10768380525956833,0.3361570527493668
PercDevAbs_TR_7,6,17,0.3361570527493668,0.8482434286418584
PercDevAbs_TR_7,6,16,0.8482434286418584,1.84501116837161
PercDevAbs_TR_7,6,15,1.84501116837161,3.600264032592756
PercDevAbs_TR_7,6,14,3.600264032592756,6.4688675636817745
PercDevAbs_TR_7,6,13,6.4688675636817745,10.894884603381385
PercDevAbs_TR_7,6,12,10.894884603381385,17.420322993538065
PercDevAbs_TR_7,6,11,17.420322993538065,26.692695829776063
PercDevAbs_TR_7,6,10,26.692695829776063,39.47146311013432
PercDevAbs_TR_7,6,9,39.47146311013432,56.63596915733946
PercDevAbs_TR_7,6,8,56.63596915733946,79.19068913209435
PercDevAbs_TR_7,6,7,79.19068913209435,108.27696203684961
PercDevAbs_TR_7,6,6,108.27696203684961,145.17349108567575
PercDevAbs_TR_7,6,5,145.17349108567575,191.30304242991417
PercDevAbs_TR_7,6,4,191.30304242991417,248.22582777966832
PercDevAbs_TR_7,6,3,248.22582777966832,317.7190638540245
PercDevAbs_TR_7,6,2,317.7190638540245,401.67164283352844
PercDevAbs_TR_7,6,1,401.67164283352844,Inf
PercDevAbs_TR_7,6.25,19,0,0.10014228596663177
PercDevAbs_TR_7,6.25,18,0.10014228596663177,0.3128088747471973
PercDevAbs_TR_7,6.25,17,0.3128088747471973,0.7896658333925564
PercDevAbs_TR_7,6.25,16,0.7896658333925564,1.7181295717346445
PercDevAbs_TR_7,6.25,15,1.7181295717346445,3.353448704137352
PercDevAbs_TR_7,6.25,14,3.353448704137352,6.02647358302112
PercDevAbs_TR_7,6.25,13,6.02647358302112,10.151246532628718
PercDevAbs_TR_7,6.25,12,10.151246532628718,16.233162592177962
PercDevAbs_TR_7,6.25,11,16.233162592177962,24.876023074946733
PercDevAbs_TR_7,6.25,10,24.876023074946733,36.788046315126294
PercDevAbs_TR_7,6.25,9,36.788046315126294,52.78927208284889
PercDevAbs_TR_7,6.25,8,52.78927208284889,73.81645744299414
PercDevAbs_TR_7,6.25,7,73.81645744299414,100.93401978419905
PercDevAbs_TR_7,6.25,6,100.93401978419905,135.33450739616097
PercDevAbs_TR_7,6.25,5,135.33450739616097,178.34484879400657
PercDevAbs_TR_7,6.25,4,178.34484879400657,231.42018485328964
PercDevAbs_TR_7,6.25,3,231.42018485328964,296.2180563949439
PercDevAbs_TR_7,6.25,2,296.2180563949439,374.5001936776217
PercDevAbs_TR_7,6.25,1,374.5001936776217,Inf
PercDevAbs_TR_7,6.5,19,0,0.0931553931663342
PercDevAbs_TR_7,6.5,18,0.0931553931663342,0.2911649626403944
PercDevAbs_TR_7,6.5,17,0.2911649626403944,0.7353418029670852
PercDevAbs_TR_7,6.5,16,0.7353418029670852,1.6004266498991269
PercDevAbs_TR_7,6.5,15,1.6004266498991269,3.12443746735011
PercDevAbs_TR_7,6.5,14,3.12443746735011,5.6159215141844
PercDevAbs_TR_7,6.5,13,5.6159215141844,9.461038831135774
PercDevAbs_TR_7,6.5,12,9.461038831135774,15.131177549641198
PercDevAbs_TR_7,6.5,11,15.131177549641198,23.189536563394398
PercDevAbs_TR_7,6.5,10,23.189536563394398,34.29673577064408
PercDevAbs_TR_7,6.5,9,34.29673577064408,49.21772521568583
PercDevAbs_TR_7,6.5,8,49.21772521568583,68.82635500999871
PercDevAbs_TR_7,6.5,7,68.82635500999871,94.11558444684796
PercDevAbs_TR_7,6.5,6,94.11558444684796,126.19792464851331
PercDevAbs_TR_7,6.5,5,126.19792464851331,166.311270276367
PercDevAbs_TR_7,6.5,4,166.311270276367,215.8131490241663
PercDevAbs_TR_7,6.5,3,215.8131490241663,276.24991952766413
PercDevAbs_TR_7,6.5,2,276.24991952766413,349.26517293965856
PercDevAbs_TR_7,6.5,1,349.26517293965856,Inf
PercDevAbs_TR_7,6.75,19,0,0.08671298255770453
PercDevAbs_TR_7,6.75,18,0.08671298255770453,0.27119675017970846
PercDevAbs_TR_7,6.75,17,0.27119675017970846,0.6852045904750615
PercDevAbs_TR_7,6.75,16,0.6852045904750615,1.491765523837904
PercDevAbs_TR_7,6.75,15,1.491765523837904,2.9129752895955514
PercDevAbs_TR_7,6.75,14,2.9129752895955514,5.236769827616324
PercDevAbs_TR_7,6.75,13,5.236769827616324,8.823540169028638
PercDevAbs_TR_7,6.75,12,8.823540169028638,14.113243408962179
PercDevAbs_TR_7,6.75,11,14.113243408962179,21.631549939186776
PercDevAbs_TR_7,6.75,10,21.631549939186776,31.995083290191843
PercDevAbs_TR_7,6.75,9,31.995083290191843,45.91787134086452
PercDevAbs_TR_7,6.75,8,45.91787134086452,64.21561478475917
PercDevAbs_TR_7,6.75,7,64.21561478475917,87.8152177796881
PercDevAbs_TR_7,6.75,6,87.8152177796881,117.75520456027974
PercDevAbs_TR_7,6.75,5,117.75520456027974,155.19116499645432
PercDevAbs_TR_7,6.75,4,155.19116499645432,201.3903896942757
PercDevAbs_TR_7,6.75,3,201.3903896942757,257.79645604839595
PercDevAbs_TR_7,6.75,2,257.79645604839595,325.94374083892217
PercDevAbs_TR_7,6.75,1,325.94374083892217,Inf
PercDevAbs_TR_7,7,19,0,0.08081252224359997
PercDevAbs_TR_7,7,18,0.08081252224359997,0.2528994936064074
PercDevAbs_TR_7,7,17,0.2528994936064074,0.6392476746399264
PercDevAbs_TR_7,7,16,0.6392476746399264,1.3921404994328483
PercDevAbs_TR_7,7,15,1.3921404994328483,2.719063412865063
PercDevAbs_TR_7,7,14,2.719063412865063,4.889037872464545
PercDevAbs_TR_7,7,13,4.889037872464545,8.238805991531606
PercDevAbs_TR_7,7,12,8.238805991531606,13.179478476978812
PercDevAbs_TR_7,7,11,13.179478476978812,20.202282056244314
PercDevAbs_TR_7,7,10,20.202282056244314,29.88345919362068
PercDevAbs_TR_7,7,9,29.88345919362068,42.89029888750058
PercDevAbs_TR_7,7,8,42.89029888750058,59.985128307825285
PercDevAbs_TR_7,7,7,59.985128307825285,82.03422066020775
PercDevAbs_TR_7,7,6,82.03422066020775,110.00818772972784
PercDevAbs_TR_7,7,5,110.00818772972784,144.98707090711952
PercDevAbs_TR_7,7,4,144.98707090711952,188.1553300783245
PercDevAbs_TR_7,7,3,188.1553300783245,240.86219696275123
PercDevAbs_TR_7,7,2,240.86219696275123,304.5417960288077
PercDevAbs_TR_7,7,1,304.5417960288077,Inf
PercDevAbs_TR_7,7.25,19,0,0.0754523669742952
PercDevAbs_TR_7,7.25,18,0.0754523669742952,0.23627128061508507
PercDevAbs_TR_7,7.25,17,0.23627128061508507,0.5974718008813946
PercDevAbs_TR_7,7.25,16,0.5974718008813946,1.3015618913318965
PercDevAbs_TR_7,7.25,15,1.3015618913318965,2.542734626728013
PercDevAbs_TR_7,7.25,14,2.542734626728013,4.5728021237383905
PercDevAbs_TR_7,7.25,13,4.5728021237383905,7.706988559946171
PercDevAbs_TR_7,7.25,12,7.706988559946171,12.33015666331973
PercDevAbs_TR_7,7.25,11,12.33015666331973,18.902191222631302
PercDevAbs_TR_7,7.25,10,18.902191222631302,27.962589183909188
PercDevAbs_TR_7,7.25,9,27.962589183909188,40.13610780683746
PercDevAbs_TR_7,7.25,8,40.13610780683746,56.13650429272478
PercDevAbs_TR_7,7.25,7,56.13650429272478,76.7748768820347
PercDevAbs_TR_7,7.25,6,76.7748768820347,102.96003537233629
PercDevAbs_TR_7,7.25,5,102.96003537233629,135.703269451244
PercDevAbs_TR_7,7.25,4,135.703269451244,176.11365942803533
PercDevAbs_TR_7,7.25,3,176.11365942803533,225.45457805849207
PercDevAbs_TR_7,7.25,2,225.45457805849207,285.06891446669556
PercDevAbs_TR_7,7.25,1,285.06891446669556,Inf
PercDevAbs_TR_7,7.5,19,0,0.070620242597632707
PercDevAbs_TR_7,7.5,18,0.070620242597632707,0.22127698735779863
PercDevAbs_TR_7,7.5,17,0.22127698735779863,0.5597938672587017
PercDevAbs_TR_7,7.5,16,0.5597938672587017,1.2198575830104947
PercDevAbs_TR_7,7.5,15,1.2198575830104947,2.38366566554586
PercDevAbs_TR_7,7.5,14,2.38366566554586,4.287499223405526
PercDevAbs_TR_7,7.5,13,4.287499223405526,7.227162431003976
PercDevAbs_TR_7,7.5,12,7.227162431003976,11.563828576035863
PercDevAbs_TR_7,7.5,11,11.563828576035863,17.729095050591695
PercDevAbs_TR_7,7.5,10,17.729095050591695,26.229293927599848
PercDevAbs_TR_7,7.5,9,26.229293927599848,37.65079471478139
PercDevAbs_TR_7,7.5,8,37.65079471478139,52.66351646662223
PercDevAbs_TR_7,7.5,7,52.66351646662223,72.02875731256255
PercDevAbs_TR_7,7.5,6,72.02875731256255,96.59954501948938
PercDevAbs_TR_7,7.5,5,96.59954501948938,127.32511402735783
PercDevAbs_TR_7,7.5,4,127.32511402735783,165.2465066032242
PercDevAbs_TR_7,7.5,3,165.2465066032242,211.54959853898765
PercDevAbs_TR_7,7.5,2,211.54959853898765,267.49492857988616
PercDevAbs_TR_7,7.5,1,267.49492857988616,Inf
PercDevAbs_TR_7,7.75,19,0,0.06628256861992052
PercDevAbs_TR_7,7.75,18,0.06628256861992052,0.20781464959264254
PercDevAbs_TR_7,7.75,17,0.20781464959264254,0.5259615483343985
PercDevAbs_TR_7,7.75,16,0.5259615483343985,1.1464865105339004
PercDevAbs_TR_7,7.75,15,1.1464865105339004,2.240812057096724
PercDevAbs_TR_7,7.75,14,2.240812057096724,4.031268225109679
PercDevAbs_TR_7,7.75,13,4.031268225109679,6.796214439294485
PercDevAbs_TR_7,7.75,12,6.796214439294485,10.87554377095217
PercDevAbs_TR_7,7.75,11,10.87554377095217,16.675442782138994
PercDevAbs_TR_7,7.75,10,16.675442782138994,24.672450968665505
PercDevAbs_TR_7,7.75,9,24.672450968665505,35.41845320917705
PercDevAbs_TR_7,7.75,8,35.41845320917705,49.54398746354113
PercDevAbs_TR_7,7.75,7,49.54398746354113,67.76561473416056
PercDevAbs_TR_7,7.75,6,67.76561473416056,90.88625166358912
PercDevAbs_TR_7,7.75,5,90.88625166358912,119.79938586821639
PercDevAbs_TR_7,7.75,4,119.79938586821639,155.48493795436457
PercDevAbs_TR_7,7.75,3,155.48493795436457,199.05916459228627
PercDevAbs_TR_7,7.75,2,199.05916459228627,251.7086250267509
PercDevAbs_TR_7,7.75,1,251.7086250267509,Inf
PercDevAbs_TR_7,8,19,0,0.06240934799655681
PercDevAbs_TR_7,8,18,0.06240934799655681,0.19579318928161715
PercDevAbs_TR_7,8,17,0.19579318928161715,0.49574947372949485
PercDevAbs_TR_7,8,16,0.49574947372949485,1.0809654411098628
PercDevAbs_TR_7,8,15,1.0809654411098628,2.1132410193166384
PercDevAbs_TR_7,8,14,2.1132410193166384,3.802447262652873
PercDevAbs_TR_7,8,13,3.802447262652873,6.4113645752295225
PercDevAbs_TR_7,8,12,6.4113645752295225,10.260881735156676
PercDevAbs_TR_7,8,11,10.260881735156676,15.734492156958705
PercDevAbs_TR_7,8,10,15.734492156958705,23.282129058648664
PercDevAbs_TR_7,8,9,23.282129058648664,33.42488079266653
PercDevAbs_TR_7,8,8,33.42488079266653,46.75811599165725
PercDevAbs_TR_7,8,7,46.75811599165725,63.95844311355143
PercDevAbs_TR_7,8,6,63.95844311355143,85.78402699409847
PercDevAbs_TR_7,8,5,85.78402699409847,113.078570466931
PercDevAbs_TR_7,8,4,113.078570466931,146.7674093415468
PercDevAbs_TR_7,8,3,146.7674093415468,187.9046268213008
PercDevAbs_TR_7,8,2,187.9046268213008,237.61071462842582
PercDevAbs_TR_7,8,1,237.61071462842582,Inf
PercDevAbs_TR_7,8.25,19,0,0.058982558879249136
PercDevAbs_TR_7,8.25,18,0.058982558879249136,0.18515875221926317
PercDevAbs_TR_7,8.25,17,0.18515875221926317,0.46902593189264474
PercDevAbs_TR_7,8.25,16,0.46902593189264474,1.0230144427652856
PercDevAbs_TR_7,8.25,15,1.0230144427652856,2.000415880773574
PercDevAbs_TR_7,8.25,14,2.000415880773574,3.600085364742623
PercDevAbs_TR_7,8.25,13,3.600085364742623,6.0710290211938895
PercDevAbs_TR_7,8.25,12,6.0710290211938895,9.717333180588927
PercDevAbs_TR_7,8.25,11,9.717333180588927,14.902427639178391
PercDevAbs_TR_7,8.25,10,14.902427639178391,22.052722579417015
PercDevAbs_TR_7,8.25,9,22.052722579417015,31.662078923673207
PercDevAbs_TR_7,8.25,8,31.662078923673207,44.294772117495036
PercDevAbs_TR_7,8.25,7,44.294772117495036,60.59208883744894
PercDevAbs_TR_7,8.25,6,60.59208883744894,81.27262939934653
PercDevAbs_TR_7,8.25,5,81.27262939934653,107.13608277564589
PercDevAbs_TR_7,8.25,4,107.13608277564589,139.05952757044375
PercDevAbs_TR_7,8.25,3,139.05952757044375,178.04208090509727
PercDevAbs_TR_7,8.25,2,178.04208090509727,225.14582613501472
PercDevAbs_TR_7,8.25,1,225.14582613501472,Inf
PercDevAbs_TR_7,8.5,19,0,0.05598596841038152
PercDevAbs_TR_7,8.5,18,0.05598596841038152,0.17586286742590884
PercDevAbs_TR_7,8.5,17,0.17586286742590884,0.44567245011787826
PercDevAbs_TR_7,8.5,16,0.44567245011787826,0.972381844464399
PercDevAbs_TR_7,8.5,15,0.972381844464399,1.9018543416502895
PercDevAbs_TR_7,8.5,14,1.9018543416502895,3.42332818214268
PercDevAbs_TR_7,8.5,13,3.42332818214268,5.7737852628489925
PercDevAbs_TR_7,8.5,12,5.7737852628489925,9.242644885026007
PercDevAbs_TR_7,8.5,11,9.242644885026007,14.175823715668063
PercDevAbs_TR_7,8.5,10,14.175823715668063,20.979199749150162
PercDevAbs_TR_7,8.5,9,20.979199749150162,30.1228688878262
PercDevAbs_TR_7,8.5,8,30.1228688878262,42.14396795247163
PercDevAbs_TR_7,8.5,7,42.14396795247163,57.652954723369014
PercDevAbs_TR_7,8.5,6,57.652954723369014,77.33389808920407
PercDevAbs_TR_7,8.5,5,77.33389808920407,101.9480727869979
PercDevAbs_TR_7,8.5,4,101.9480727869979,132.3304402487266
PercDevAbs_TR_7,8.5,3,132.3304402487266,169.43214535490088
PercDevAbs_TR_7,8.5,2,169.43214535490088,214.26429567473838
PercDevAbs_TR_7,8.5,1,214.26429567473838,Inf
PercDevAbs_TR_7,8.75,19,0,0.05338313167472627
PercDevAbs_TR_7,8.75,18,0.05338313167472627,0.16779332266928998
PercDevAbs_TR_7,8.75,17,0.16779332266928998,0.42540859157168487
PercDevAbs_TR_7,8.75,16,0.42540859157168487,0.9284619283137997
PercDevAbs_TR_7,8.75,15,0.9284619283137997,1.8163806619126976
PercDevAbs_TR_7,8.75,14,1.8163806619126976,3.2700718356961547
PercDevAbs_TR_7,8.75,13,3.2700718356961547,5.516101541049933
PercDevAbs_TR_7,8.75,12,5.516101541049933,8.83118484234212
PercDevAbs_TR_7,8.75,11,8.83118484234212,13.5460697622925
PercDevAbs_TR_7,8.75,10,13.5460697622925,20.048851555190133
PercDevAbs_TR_7,8.75,9,20.048851555190133,28.78904421598931
PercDevAbs_TR_7,8.75,8,28.78904421598931,40.28028166681932
PercDevAbs_TR_7,8.75,7,40.28028166681932,55.10632358580273
PercDevAbs_TR_7,8.75,6,55.10632358580273,73.92133505449132
PercDevAbs_TR_7,8.75,5,73.92133505449132,97.45332523697758
PercDevAbs_TR_7,8.75,4,97.45332523697758,126.5007841005376
PercDevAbs_TR_7,8.75,3,126.5007841005376,161.97331511767413
PercDevAbs_TR_7,8.75,2,161.97331511767413,204.83788454019987
PercDevAbs_TR_7,8.75,1,204.83788454019987,Inf
PercDevAbs_TR_7,9,19,0,0.05113242070309147
PercDevAbs_TR_7,9,18,0.05113242070309147,0.1608212476034849
PercDevAbs_TR_7,9,17,0.1608212476034849,0.4079110521059135
PercDevAbs_TR_7,9,16,0.4079110521059135,0.8905544289010486
PercDevAbs_TR_7,9,15,0.8905544289010486,1.7426326951131434
PercDevAbs_TR_7,9,14,1.7426326951131434,3.1378748578875055
PercDevAbs_TR_7,9,13,3.1378748578875055,5.293873970327785
PercDevAbs_TR_7,9,12,5.293873970327785,8.476401620166325
PercDevAbs_TR_7,9,11,8.476401620166325,13.003140467836015
PercDevAbs_TR_7,9,10,13.003140467836015,19.24686972412975
PercDevAbs_TR_7,9,9,19.24686972412975,27.639377348435925
PercDevAbs_TR_7,9,8,27.639377348435925,38.67405642550664
PercDevAbs_TR_7,9,7,38.67405642550664,52.911674877526856
PercDevAbs_TR_7,9,6,52.911674877526856,70.98064620381393
PercDevAbs_TR_7,9,5,70.98064620381393,93.58033383612579
PercDevAbs_TR_7,9,4,93.58033383612579,121.47782221632836
PercDevAbs_TR_7,9,3,121.47782221632836,155.54694388524848
PercDevAbs_TR_7,9,2,155.54694388524848,196.71665658477858
PercDevAbs_TR_7,9,1,196.71665658477858,Inf
PercDevAbs_TR_7,9.25,19,0,0.04918923755489254
PercDevAbs_TR_7,9.25,18,0.04918923755489254,0.15480807539759409
PercDevAbs_TR_7,9.25,17,0.15480807539759409,0.39283131796158033
PercDevAbs_TR_7,9.25,16,0.39283131796158033,0.8579030819202662
PercDevAbs_TR_7,9.25,15,0.8579030819202662,1.6791373155712586
PercDevAbs_TR_7,9.25,14,1.6791373155712586,3.0240940025504477
PercDevAbs_TR_7,9.25,13,3.0240940025504477,5.102655648644932
PercDevAbs_TR_7,9.25,12,5.102655648644932,8.171191184529192
PercDevAbs_TR_7,9.25,11,8.171191184529192,12.536158530872832
PercDevAbs_TR_7,9.25,10,12.536158530872832,18.55717957361576
PercDevAbs_TR_7,9.25,9,18.55717957361576,26.650815601735438
PercDevAbs_TR_7,9.25,8,26.650815601735438,37.29307377211247
PercDevAbs_TR_7,9.25,7,37.29307377211247,51.024974047979725
PercDevAbs_TR_7,9.25,6,51.024974047979725,68.4528124350583
PercDevAbs_TR_7,9.25,5,68.4528124350583,90.25135004224958
PercDevAbs_TR_7,9.25,4,90.25135004224958,117.16069969302862
PercDevAbs_TR_7,9.25,3,117.16069969302862,150.0239735632071
PercDevAbs_TR_7,9.25,2,150.0239735632071,189.73748866017266
PercDevAbs_TR_7,9.25,1,189.73748866017266,Inf
PercDevAbs_TR_7,9.5,19,0,0.04749604442209352
PercDevAbs_TR_7,9.5,18,0.04749604442209352,0.14957419853569162
PercDevAbs_TR_7,9.5,17,0.14957419853569162,0.37971618486876746
PercDevAbs_TR_7,9.5,16,0.37971618486876746,0.8295221328638402
PercDevAbs_TR_7,9.5,15,0.8295221328638402,1.623970976648328
PercDevAbs_TR_7,9.5,14,1.623970976648328,2.9252730898454664
PercDevAbs_TR_7,9.5,13,2.9252730898454664,4.9366256650734055
PercDevAbs_TR_7,9.5,12,4.9366256650734055,7.906246207128747
PercDevAbs_TR_7,9.5,11,7.906246207128747,12.130862559967767
PercDevAbs_TR_7,9.5,10,12.130862559967767,17.958692230934254
PercDevAbs_TR_7,9.5,9,17.958692230934254,25.793099377461548
PercDevAbs_TR_7,9.5,8,25.793099377461548,36.095023454599826
PercDevAbs_TR_7,9.5,7,36.095023454599826,49.38837045406582
PercDevAbs_TR_7,9.5,6,49.38837045406582,66.26026977352389
PercDevAbs_TR_7,9.5,5,66.26026977352389,87.36416343269161
PercDevAbs_TR_7,9.5,4,87.36416343269161,113.41679293067014
PercDevAbs_TR_7,9.5,3,113.41679293067014,145.2346510868769
PercDevAbs_TR_7,9.5,2,145.2346510868769,183.68577272285944
PercDevAbs_TR_7,9.5,1,183.68577272285944,Inf
PercDevAbs_TR_7,9.75,19,0,0.045987691116996576
PercDevAbs_TR_7,9.75,18,0.045987691116996576,0.1449157068727512
PercDevAbs_TR_7,9.75,17,0.1449157068727512,0.3680501805371261
PercDevAbs_TR_7,9.75,16,0.3680501805371261,0.80428890219873606
PercDevAbs_TR_7,9.75,15,0.80428890219873606,1.5749407647130838
PercDevAbs_TR_7,9.75,14,1.5749407647130838,2.8374689128976547
PercDevAbs_TR_7,9.75,13,2.8374689128976547,4.789138786658909
PercDevAbs_TR_7,9.75,12,4.789138786658909,7.670936016454026
PercDevAbs_TR_7,9.75,11,7.670936016454026,11.770956708950859
PercDevAbs_TR_7,9.75,10,11.770956708950859,17.427302017392027
PercDevAbs_TR_7,9.75,9,17.427302017392027,25.031630120194485
PercDevAbs_TR_7,9.75,8,25.031630120194485,35.03151592430485
PercDevAbs_TR_7,9.75,7,35.03151592430485,47.935686491588655
PercDevAbs_TR_7,9.75,6,47.935686491588655,64.31427236022603
PercDevAbs_TR_7,9.75,5,64.31427236022603,84.80180825805256
PercDevAbs_TR_7,9.75,4,84.80180825805256,110.09430896029465
PercDevAbs_TR_7,9.75,3,110.09430896029465,140.98466029472795
PercDevAbs_TR_7,9.75,2,140.98466029472795,178.31581629625498
PercDevAbs_TR_7,9.75,1,178.31581629625498,Inf
PercDevAbs_TR_7,10,19,0,0.04461605121955977
PercDevAbs_TR_7,10,18,0.04461605121955977,0.14068194113872431
PercDevAbs_TR_7,10,17,0.14068194113872431,0.3574523914516503
PercDevAbs_TR_7,10,16,0.3574523914516503,0.7813736838897266
PercDevAbs_TR_7,10,15,0.7813736838897266,1.5304258921612817
PercDevAbs_TR_7,10,14,1.5304258921612817,2.757766848152408
PercDevAbs_TR_7,10,13,2.757766848152408,4.655282928547143
PercDevAbs_TR_7,10,12,4.655282928547143,7.457402197086539
PercDevAbs_TR_7,10,11,7.457402197086539,11.444394315581231
PercDevAbs_TR_7,10,10,11.444394315581231,16.945188333083895
PercDevAbs_TR_7,10,9,16.945188333083895,24.340829500490976
PercDevAbs_TR_7,10,8,24.340829500490976,34.0667765202727
PercDevAbs_TR_7,10,7,34.0667765202727,46.617995732012815
PercDevAbs_TR_7,10,6,46.617995732012815,62.549207469189895
PercDevAbs_TR_7,10,5,62.549207469189895,82.47780657336963
PercDevAbs_TR_7,10,4,82.47780657336963,107.08101899518132
PercDevAbs_TR_7,10,3,107.08101899518132,137.1303309205075
PercDevAbs_TR_7,10,2,137.1303309205075,173.4459613177496
PercDevAbs_TR_7,10,1,173.4459613177496,Inf
PercDevAbs_TR_7,10.25,19,0,0.043348951600311506
PercDevAbs_TR_7,10.25,18,0.043348951600311506,0.13677225931664633
PercDevAbs_TR_7,10.25,17,0.13677225931664633,0.3476684934494937
PercDevAbs_TR_7,10.25,16,0.3476684934494937,0.7602227114479905
PercDevAbs_TR_7,10.25,15,0.7602227114479905,1.48934489934405
PercDevAbs_TR_7,10.25,14,1.48934489934405,2.6842225402244724
PercDevAbs_TR_7,10.25,13,2.6842225402244724,4.5317817660155875
PercDevAbs_TR_7,10.25,12,4.5317817660155875,7.260403948662576
PercDevAbs_TR_7,10.25,11,7.260403948662576,11.14314231877367
PercDevAbs_TR_7,10.25,10,11.14314231877367,16.500468998915096
PercDevAbs_TR_7,10.25,9,16.500468998915096,23.703644101174717
PercDevAbs_TR_7,10.25,8,23.703644101174717,33.17695542739793
PercDevAbs_TR_7,10.25,7,33.17695542739793,45.402682444727404
PercDevAbs_TR_7,10.25,6,45.402682444727404,60.921338105449735
PercDevAbs_TR_7,10.25,5,60.921338105449735,80.33451544211172
PercDevAbs_TR_7,10.25,4,80.33451544211172,104.30211864697387
PercDevAbs_TR_7,10.25,3,104.30211864697387,133.57590528335692
PercDevAbs_TR_7,10.25,2,133.57590528335692,168.95513490122363
PercDevAbs_TR_7,10.25,1,168.95513490122363,Inf
PercDevAbs_TR_7,10.5,19,0,0.0421514015226407
PercDevAbs_TR_7,10.5,18,0.0421514015226407,0.13307693193223086
PercDevAbs_TR_7,10.5,17,0.13307693193223086,0.3384207198315492
PercDevAbs_TR_7,10.5,16,0.3384207198315492,0.740230422133521
PercDevAbs_TR_7,10.5,15,0.740230422133521,1.4505140709337103
PercDevAbs_TR_7,10.5,14,1.4505140709337103,2.6147062539371935
PercDevAbs_TR_7,10.5,13,2.6147062539371935,4.415044544591157
PercDevAbs_TR_7,10.5,12,4.415044544591157,7.074194833788622
PercDevAbs_TR_7,10.5,11,7.074194833788622,10.858389221391475
PercDevAbs_TR_7,10.5,10,10.858389221391475,16.080106172113314
PercDevAbs_TR_7,10.5,9,16.080106172113314,23.101356703222827
PercDevAbs_TR_7,10.5,8,23.101356703222827,32.33586969005454
PercDevAbs_TR_7,10.5,7,32.33586969005454,44.253932766024235
PercDevAbs_TR_7,10.5,6,44.253932766024235,59.38262985642055
PercDevAbs_TR_7,10.5,5,59.38262985642055,78.30861790554528
PercDevAbs_TR_7,10.5,4,78.30861790554528,101.6754283565551
PercDevAbs_TR_7,10.5,3,101.6754283565551,130.21617103305113
PercDevAbs_TR_7,10.5,2,130.21617103305113,164.71029440248483
PercDevAbs_TR_7,10.5,1,164.71029440248483,Inf
PercDevAbs_TR_7,10.75,19,0,0.04099517239520231
PercDevAbs_TR_7,10.75,18,0.04099517239520231,0.12950731243092367
PercDevAbs_TR_7,10.75,17,0.12950731243092367,0.3294844556990144
PercDevAbs_TR_7,10.75,16,0.3294844556990144,0.7209067865323988
PercDevAbs_TR_7,10.75,15,0.7209067865323988,1.4129750232107936
PercDevAbs_TR_7,10.75,14,1.4129750232107936,2.5474929633665955
PercDevAbs_TR_7,10.75,13,2.5474929633665955,4.302161904395654
PercDevAbs_TR_7,10.75,12,4.302161904395654,6.894117642280577
PercDevAbs_TR_7,10.75,11,6.894117642280577,10.582992155574477
PercDevAbs_TR_7,10.75,10,10.582992155574477,15.673529016982174
PercDevAbs_TR_7,10.75,9,15.673529016982174,22.51878933364702
PercDevAbs_TR_7,10.75,8,22.51878933364702,31.522284390298086
PercDevAbs_TR_7,10.75,7,31.522284390298086,43.14269744395487
PercDevAbs_TR_7,10.75,6,43.14269744395487,57.894117076340414
PercDevAbs_TR_7,10.75,5,57.894117076340414,76.34874629289766
PercDevAbs_TR_7,10.75,4,76.34874629289766,99.13427209805681
PercDevAbs_TR_7,10.75,3,99.13427209805681,126.9657582198935
PercDevAbs_TR_7,10.75,2,126.9657582198935,160.60348092802428
PercDevAbs_TR_7,10.75,1,160.60348092802428,Inf
PercDevAbs_TR_7,11,19,0,0.03986541012434233
PercDevAbs_TR_7,11,18,0.03986541012434233,0.12601676834546827
PercDevAbs_TR_7,11,17,0.12601676834546827,0.3207415623981565
PercDevAbs_TR_7,11,16,0.3207415623981565,0.7019940947523253
PercDevAbs_TR_7,11,15,0.7019940947523253,1.3762237691711132
PercDevAbs_TR_7,11,14,1.3762237691711132,2.4816755677282503
PercDevAbs_TR_7,11,13,2.4816755677282503,4.1916040161203005
PercDevAbs_TR_7,11,12,4.1916040161203005,6.717723532804973
PercDevAbs_TR_7,11,11,6.717723532804973,10.313195349530691
PercDevAbs_TR_7,11,10,10.313195349530691,15.275179394130674
PercDevAbs_TR_7,11,9,15.275179394130674,21.947961518241808
PercDevAbs_TR_7,11,8,21.947961518241808,30.725034462641915
PercDevAbs_TR_7,11,7,30.725034462641915,42.05370285322609
PercDevAbs_TR_7,11,6,42.05370285322609,56.435312399898194
PercDevAbs_TR_7,11,5,56.435312399898194,74.42789265506131
PercDevAbs_TR_7,11,4,74.42789265506131,96.64359331161451
PercDevAbs_TR_7,11,3,96.64359331161451,123.7797816857489
PercDevAbs_TR_7,11,2,123.7797816857489,156.57793288943077
PercDevAbs_TR_7,11,1,156.57793288943077,Inf
PercDevAbs_TR_7,11.25,19,0,0.03875980731228879
PercDevAbs_TR_7,11.25,18,0.03875980731228879,0.1225981904884792
PercDevAbs_TR_7,11.25,17,0.1225981904884792,0.31217425730700554
PercDevAbs_TR_7,11.25,16,0.31217425730700554,0.6834539057307064
PercDevAbs_TR_7,11.25,15,0.6834539057307064,1.3401856368104834
PercDevAbs_TR_7,11.25,14,1.3401856368104834,2.4171203629697904
PercDevAbs_TR_7,11.25,13,2.4171203629697904,4.08314630913375
PercDevAbs_TR_7,11.25,12,4.08314630913375,6.544654219116385
PercDevAbs_TR_7,11.25,11,6.544654219116385,10.04845080467673
PercDevAbs_TR_7,11.25,10,10.04845080467673,14.88424818576868
PercDevAbs_TR_7,11.25,9,14.88424818576868,21.387713780443782
PercDevAbs_TR_7,11.25,8,21.387713780443782,29.942500471760265
PercDevAbs_TR_7,11.25,7,29.942500471760265,40.98473687415762
PercDevAbs_TR_7,11.25,6,40.98473687415762,55.003252398073684
PercDevAbs_TR_7,11.25,5,55.003252398073684,72.54215482056826
PercDevAbs_TR_7,11.25,4,72.54215482056826,94.19833206880378
PercDevAbs_TR_7,11.25,3,94.19833206880378,120.65176876007953
PercDevAbs_TR_7,11.25,2,120.65176876007953,152.62547167118257
PercDevAbs_TR_7,11.25,1,152.62547167118257,Inf
PercDevAbs_TR_7,11.5,19,0,0.037681894217358035
PercDevAbs_TR_7,11.5,18,0.037681894217358035,0.11926290364823881
PercDevAbs_TR_7,11.5,17,0.11926290364823881,0.3038116435589918
PercDevAbs_TR_7,11.5,16,0.3038116435589918,0.6653503441788391
PercDevAbs_TR_7,11.5,15,0.6653503441788391,1.304986954789333
PercDevAbs_TR_7,11.5,14,1.304986954789333,2.3540559966541332
PercDevAbs_TR_7,11.5,13,2.3540559966541332,3.977176095392839
PercDevAbs_TR_7,11.5,12,3.977176095392839,6.375531878006106
PercDevAbs_TR_7,11.5,11,6.375531878006106,9.789715525475392
PercDevAbs_TR_7,11.5,10,9.789715525475392,14.502155099127364
PercDevAbs_TR_7,11.5,9,14.502155099127364,20.840088763052055
PercDevAbs_TR_7,11.5,8,20.840088763052055,29.177545229863313
PercDevAbs_TR_7,11.5,7,29.177545229863313,39.93972180034113
PercDevAbs_TR_7,11.5,6,39.93972180034113,53.60320533745704
PercDevAbs_TR_7,11.5,5,53.60320533745704,70.69848605189499
PercDevAbs_TR_7,11.5,4,70.69848605189499,91.80752329518015
PercDevAbs_TR_7,11.5,3,91.80752329518015,117.59329837409564
PercDevAbs_TR_7,11.5,2,117.59329837409564,148.76075240687922
PercDevAbs_TR_7,11.5,1,148.76075240687922,Inf
PercDevAbs_TR_7,11.75,19,0,0.03663266132656435
PercDevAbs_TR_7,11.75,18,0.03663266132656435,0.11601422781588666
PercDevAbs_TR_7,11.75,17,0.11601422781588666,0.2956624922135309
PercDevAbs_TR_7,11.75,16,0.2956624922135309,0.6477031016237006
PercDevAbs_TR_7,11.75,15,0.6477031016237006,1.2706670414140497
PercDevAbs_TR_7,11.75,14,1.2706670414140497,2.2925543531018393
PercDevAbs_TR_7,11.75,13,2.2925543531018393,3.873816096378918
PercDevAbs_TR_7,11.75,12,3.873816096378918,6.210554880174147
PercDevAbs_TR_7,11.75,11,6.210554880174147,9.537296189554464
PercDevAbs_TR_7,11.75,10,9.537296189554464,14.129357009369675
PercDevAbs_TR_7,11.75,9,14.129357009369675,20.305746148866533
PercDevAbs_TR_7,11.75,8,20.305746148866533,28.43109611111837
PercDevAbs_TR_7,11.75,7,28.43109611111837,38.91993155330873
PercDevAbs_TR_7,11.75,6,38.91993155330873,52.23688622440744
PercDevAbs_TR_7,11.75,5,52.23688622440744,68.8991544526817
PercDevAbs_TR_7,11.75,4,68.8991544526817,89.47411939560811
PercDevAbs_TR_7,11.75,3,89.47411939560811,114.6081603085837
PercDevAbs_TR_7,11.75,2,114.6081603085837,144.98857861141875
PercDevAbs_TR_7,11.75,1,144.98857861141875,Inf
PercDevAbs_TR_7,12,19,0,0.03561159664650325
PercDevAbs_TR_7,12,18,0.03561159664650325,0.1128507341553226
PercDevAbs_TR_7,12,17,0.1128507341553226,0.2877234892514796
PercDevAbs_TR_7,12,16,0.2877234892514796,0.6305054230229308
PercDevAbs_TR_7,12,15,0.6305054230229308,1.2372133738189817
PercDevAbs_TR_7,12,14,1.2372133738189817,2.2325938431680346
PercDevAbs_TR_7,12,13,2.2325938431680346,3.773031167912878
PercDevAbs_TR_7,12,12,3.773031167912878,6.049668608890686
PercDevAbs_TR_7,12,11,6.049668608890686,9.29111110624928
PercDevAbs_TR_7,12,10,9.29111110624928,13.765735598038724
PercDevAbs_TR_7,12,9,13.765735598038724,19.784519198374458
PercDevAbs_TR_7,12,8,19.784519198374458,27.70292362460647
PercDevAbs_TR_7,12,7,27.70292362460647,37.92505669680961
PercDevAbs_TR_7,12,6,37.92505669680961,50.90388529533571
PercDevAbs_TR_7,12,5,50.90388529533571,67.14362602229579
PercDevAbs_TR_7,12,4,67.14362602229579,87.1974343748995
PercDevAbs_TR_7,12,3,87.1974343748995,111.6954844405633
PercDevAbs_TR_7,12,2,111.6954844405633,141.3078592781787
PercDevAbs_TR_7,12,1,141.3078592781787,Inf
PercDevAbs_TR_8,6,19,0,0.4280073479411826
PercDevAbs_TR_8,6,18,0.4280073479411826,0.9156833818562011
PercDevAbs_TR_8,6,17,0.9156833818562011,1.7613395159550111
PercDevAbs_TR_8,6,16,1.7613395159550111,3.125931858353428
PercDevAbs_TR_8,6,15,3.125931858353428,5.209712518503924
PercDevAbs_TR_8,6,14,5.209712518503924,8.254719270199466
PercDevAbs_TR_8,6,13,8.254719270199466,12.548570534662588
PercDevAbs_TR_8,6,12,12.548570534662588,18.42894742906322
PercDevAbs_TR_8,6,11,18.42894742906322,26.287616247536754
PercDevAbs_TR_8,6,10,26.287616247536754,36.57395091209487
PercDevAbs_TR_8,6,9,36.57395091209487,49.80053086561028
PercDevAbs_TR_8,6,8,49.80053086561028,66.54715036787375
PercDevAbs_TR_8,6,7,66.54715036787375,87.47023086958075
PercDevAbs_TR_8,6,6,87.47023086958075,113.30484922862061
PercDevAbs_TR_8,6,5,113.30484922862061,144.8719740997267
PercDevAbs_TR_8,6,4,144.8719740997267,183.07810396005164
PercDevAbs_TR_8,6,3,183.07810396005164,228.97207302142516
PercDevAbs_TR_8,6,2,228.97207302142516,283.68132748766976
PercDevAbs_TR_8,6,1,283.68132748766976,Inf
PercDevAbs_TR_8,6.25,19,0,0.35918234555571055
PercDevAbs_TR_8,6.25,18,0.35918234555571055,0.7920480697643977
PercDevAbs_TR_8,6.25,17,0.7920480697643977,1.5582619745302257
PercDevAbs_TR_8,6.25,16,1.5582619745302257,2.8140950436062777
PercDevAbs_TR_8,6.25,15,2.8140950436062777,4.755339278016955
PercDevAbs_TR_8,6.25,14,4.755339278016955,7.620020458011933
PercDevAbs_TR_8,6.25,13,7.620020458011933,11.692249339708553
PercDevAbs_TR_8,6.25,12,11.692249339708553,17.306778215135978
PercDevAbs_TR_8,6.25,11,17.306778215135978,24.853121271713395
PercDevAbs_TR_8,6.25,10,24.853121271713395,34.77921883243157
PercDevAbs_TR_8,6.25,9,34.77921883243157,47.597092697995755
PercDevAbs_TR_8,6.25,8,47.597092697995755,63.8869943970708
PercDevAbs_TR_8,6.25,7,63.8869943970708,84.30683725389906
PercDevAbs_TR_8,6.25,6,84.30683725389906,109.59444648197706
PercDevAbs_TR_8,6.25,5,109.59444648197706,140.57492140186383
PercDevAbs_TR_8,6.25,4,140.57492140186383,178.16048680732877
PercDevAbs_TR_8,6.25,3,178.16048680732877,223.40681032227832
PercDevAbs_TR_8,6.25,2,223.40681032227832,277.450450594364
PercDevAbs_TR_8,6.25,1,277.450450594364,Inf
PercDevAbs_TR_8,6.5,19,0,0.2998375182004299
PercDevAbs_TR_8,6.5,18,0.2998375182004299,0.6827554172792852
PercDevAbs_TR_8,6.5,17,0.6827554172792852,1.3754647807894842
PercDevAbs_TR_8,6.5,16,1.3754647807894842,2.5295366759953946
PercDevAbs_TR_8,6.5,15,2.5295366759953946,4.336284198762592
PercDevAbs_TR_8,6.5,14,4.336284198762592,7.029697001747779
PercDevAbs_TR_8,6.5,13,7.029697001747779,10.890359674030528
PercDevAbs_TR_8,6.5,12,10.890359674030528,16.250088562271834
PercDevAbs_TR_8,6.5,11,16.250088562271834,23.496154749742516
PercDevAbs_TR_8,6.5,10,23.496154749742516,33.07509248369196
PercDevAbs_TR_8,6.5,9,33.07509248369196,45.498418127264344
PercDevAbs_TR_8,6.5,8,45.498418127264344,61.346920330820524
PercDevAbs_TR_8,6.5,7,61.346920330820524,81.28011911115166
PercDevAbs_TR_8,6.5,6,81.28011911115166,106.0387389175631
PercDevAbs_TR_8,6.5,5,106.0387389175631,136.4522015231897
PercDevAbs_TR_8,6.5,4,136.4522015231897,173.43869284455732
PercDevAbs_TR_8,6.5,3,173.43869284455732,218.06102104473112
PercDevAbs_TR_8,6.5,2,218.06102104473112,271.4652057134438
PercDevAbs_TR_8,6.5,1,271.4652057134438,Inf
PercDevAbs_TR_8,6.75,19,0,0.2489986689501178
PercDevAbs_TR_8,6.75,18,0.2489986689501178,0.5865961025447344
PercDevAbs_TR_8,6.75,17,0.5865961025447344,1.2115105751553374
PercDevAbs_TR_8,6.75,16,1.2115105751553374,2.270596525885426
PercDevAbs_TR_8,6.75,15,2.270596525885426,3.9506611638268896
PercDevAbs_TR_8,6.75,14,3.9506611638268896,6.48161941241417
PercDevAbs_TR_8,6.75,13,6.48161941241417,10.140489848650262
PercDevAbs_TR_8,6.75,12,10.140489848650262,15.256117088499973
PercDevAbs_TR_8,6.75,11,15.256117088499973,22.21350161039944
PercDevAbs_TR_8,6.75,10,22.21350161039944,31.457754241941053
PercDevAbs_TR_8,6.75,9,31.457754241941053,43.49988417903323
PercDevAbs_TR_8,6.75,8,43.49988417903323,58.92123340362232
PercDevAbs_TR_8,6.75,7,58.92123340362232,78.38296904470963
PercDevAbs_TR_8,6.75,6,78.38296904470963,102.62877991061828
PercDevAbs_TR_8,6.75,5,102.62877991061828,132.49250388821295
PercDevAbs_TR_8,6.75,4,132.49250388821295,168.89841195168754
PercDevAbs_TR_8,6.75,3,168.89841195168754,212.9166310790143
PercDevAbs_TR_8,6.75,2,212.9166310790143,265.7028481641639
PercDevAbs_TR_8,6.75,1,265.7028481641639,Inf
PercDevAbs_TR_8,7,19,0,0.20589722243053937
PercDevAbs_TR_8,7,18,0.20589722243053937,0.5026905544041421
PercDevAbs_TR_8,7,17,0.5026905544041421,1.065458785909625
PercDevAbs_TR_8,7,16,1.065458785909625,2.036311705443301
PercDevAbs_TR_8,7,15,2.036311705443301,3.5974943323002004
PercDevAbs_TR_8,7,14,3.5974943323002004,5.974758649442052
PercDevAbs_TR_8,7,13,5.974758649442052,9.441445158554266
PercDevAbs_TR_8,7,12,9.441445158554266,14.323293799853086
PercDevAbs_TR_8,7,11,14.323293799853086,21.00288243532708
PercDevAbs_TR_8,7,10,21.00288243532708,29.923726741773272
PercDevAbs_TR_8,7,9,29.923726741773272,41.59613998129975
PercDevAbs_TR_8,7,8,41.59613998129975,56.60181122416739
PercDevAbs_TR_8,7,7,56.60181122416739,75.60333336214626
PercDevAbs_TR_8,7,6,75.60333336214626,99.3471208756867
PercDevAbs_TR_8,7,5,99.3471208756867,128.67117162094453
PercDevAbs_TR_8,7,4,128.67117162094453,164.50556792429884
PercDevAbs_TR_8,7,3,164.50556792429884,207.92747064209522
PercDevAbs_TR_8,7,2,207.92747064209522,260.1019258451126
PercDevAbs_TR_8,7,1,260.1019258451126,Inf
PercDevAbs_TR_8,7.25,19,0,0.1698854623098615
PercDevAbs_TR_8,7.25,18,0.1698854623098615,0.43037226846228066
PercDevAbs_TR_8,7.25,17,0.43037226846228066,0.9367227143635577
PercDevAbs_TR_8,7.25,16,0.9367227143635577,1.8262576593441269
PercDevAbs_TR_8,7.25,15,1.8262576593441269,3.2765557893008532
PercDevAbs_TR_8,7.25,14,3.2765557893008532,5.509033256623564
PercDevAbs_TR_8,7.25,13,5.509033256623564,8.793114140774547
PercDevAbs_TR_8,7.25,12,8.793114140774547,13.45112803030596
PercDevAbs_TR_8,7.25,11,13.45112803030596,19.86285406670202
PercDevAbs_TR_8,7.25,10,19.86285406670202,28.469760454567805
PercDevAbs_TR_8,7.25,9,28.469760454567805,39.78093320653113
PercDevAbs_TR_8,7.25,8,39.78093320653113,54.3777922009306
PercDevAbs_TR_8,7.25,7,54.3777922009306,72.92364973808841
PercDevAbs_TR_8,7.25,6,72.92364973808841,96.16684177583335
PercDevAbs_TR_8,7.25,5,96.16684177583335,124.94861627938528
PercDevAbs_TR_8,7.25,4,124.94861627938528,160.20384740083654
PercDevAbs_TR_8,7.25,3,160.20384740083654,203.01557446731385
PercDevAbs_TR_8,7.25,2,203.01557446731385,254.55692432761663
PercDevAbs_TR_8,7.25,1,254.55692432761663,Inf
PercDevAbs_TR_8,7.5,19,0,0.14032365206768496
PercDevAbs_TR_8,7.5,18,0.14032365206768496,0.3689939779656076
PercDevAbs_TR_8,7.5,17,0.3689939779656076,0.8247784854867033
PercDevAbs_TR_8,7.5,16,0.8247784854867033,1.640152278115652
PercDevAbs_TR_8,7.5,15,1.640152278115652,2.987869204437944
PercDevAbs_TR_8,7.5,14,2.987869204437944,5.0847324622108765
PercDevAbs_TR_8,7.5,13,5.0847324622108765,8.19584999182582
PercDevAbs_TR_8,7.5,12,8.19584999182582,12.639609616027926
PercDevAbs_TR_8,7.5,11,12.639609616027926,18.79231827072065
PercDevAbs_TR_8,7.5,10,18.79231827072065,27.092567792049834
PercDevAbs_TR_8,7.5,9,27.092567792049834,38.04722192956952
PercDevAbs_TR_8,7.5,8,38.04722192956952,52.236256205062986
PercDevAbs_TR_8,7.5,7,52.236256205062986,70.32233128401755
PercDevAbs_TR_8,7.5,6,70.32233128401755,93.05412174757548
PercDevAbs_TR_8,7.5,5,93.05412174757548,121.27431212837422
PercDevAbs_TR_8,7.5,4,121.27431212837422,155.92051420554395
PercDevAbs_TR_8,7.5,3,155.92051420554395,198.07928028824153
PercDevAbs_TR_8,7.5,2,198.07928028824153,248.92918638900406
PercDevAbs_TR_8,7.5,1,248.92918638900406,Inf
PercDevAbs_TR_8,7.75,19,0,0.11647447946103283
PercDevAbs_TR_8,7.75,18,0.11647447946103283,0.31770542533564206
PercDevAbs_TR_8,7.75,17,0.31770542533564206,0.7287813925681339
PercDevAbs_TR_8,7.75,16,0.7287813925681339,1.477276802928275
PercDevAbs_TR_8,7.75,15,1.477276802928275,2.7309229857255533
PercDevAbs_TR_8,7.75,14,2.7309229857255533,4.701543733310486
PercDevAbs_TR_8,7.75,13,4.701543733310486,7.649383220114758
PercDevAbs_TR_8,7.75,12,7.649383220114758,11.888141482839771
PercDevAbs_TR_8,7.75,11,11.888141482839771,17.789690366576483
PercDevAbs_TR_8,7.75,10,17.789690366576483,25.78854393053268
PercDevAbs_TR_8,7.75,9,25.78854393053268,36.38788434125251
PercDevAbs_TR_8,7.75,8,36.38788434125251,50.164502667898645
PercDevAbs_TR_8,7.75,7,50.164502667898645,67.7783600148307
PercDevAbs_TR_8,7.75,6,67.7783600148307,89.976088854174
PercDevAbs_TR_8,7.75,5,89.976088854174,117.59906596372545
PercDevAbs_TR_8,7.75,4,117.59906596372545,151.58451597149704
PercDevAbs_TR_8,7.75,3,151.58451597149704,193.0188831304814
PercDevAbs_TR_8,7.75,2,193.0188831304814,243.08215127012085
PercDevAbs_TR_8,7.75,1,243.08215127012085,Inf
PercDevAbs_TR_8,8,19,0,0.09746165222405442
PercDevAbs_TR_8,8,18,0.09746165222405442,0.27531883123155165
PercDevAbs_TR_8,8,17,0.27531883123155165,0.6472867541064895
PercDevAbs_TR_8,8,16,0.6472867541064895,1.3360137651630795
PercDevAbs_TR_8,8,15,1.3360137651630795,2.504018418325223
PercDevAbs_TR_8,8,14,2.504018418325223,4.3577574320309305
PercDevAbs_TR_8,8,13,4.3577574320309305,7.1520070885245675
PercDevAbs_TR_8,8,12,7.1520070885245675,11.1949359402733
PercDevAbs_TR_8,8,11,11.1949359402733,16.85287316730896
PercDevAbs_TR_8,8,10,16.85287316730896,24.55485606966605
PercDevAbs_TR_8,8,9,24.55485606966605,34.7986693980035
PercDevAbs_TR_8,8,8,34.7986693980035,48.15585803911512
PercDevAbs_TR_8,8,7,48.15585803911512,65.28124143216122
PercDevAbs_TR_8,8,6,65.28124143216122,86.91655596020804
PercDevAbs_TR_8,8,5,86.91655596020804,113.8985659731934
PercDevAbs_TR_8,8,4,113.8985659731934,147.16033127775248
PercDevAbs_TR_8,8,3,147.16033127775248,187.7837956593869
PercDevAbs_TR_8,8,2,187.7837956593869,236.94543356032574
PercDevAbs_TR_8,8,1,236.94543356032574,Inf
PercDevAbs_TR_8,8.25,19,0,0.08237866941933597
PercDevAbs_TR_8,8.25,18,0.08237866941933597,0.24046510530953974
PercDevAbs_TR_8,8.25,17,0.24046510530953974,0.578439571821612
PercDevAbs_TR_8,8.25,16,0.578439571821612,1.2140461279466626
PercDevAbs_TR_8,8.25,15,1.2140461279466626,2.3044470978564595
PercDevAbs_TR_8,8.25,14,2.3044470978564595,4.050388111012431
PercDevAbs_TR_8,8.25,13,4.050388111012431,6.7006103159658235
PercDevAbs_TR_8,8.25,12,6.7006103159658235,10.556934561929872
PercDevAbs_TR_8,8.25,11,10.556934561929872,15.979055325624632
PercDevAbs_TR_8,8.25,10,15.979055325624632,23.38913536661365
PercDevAbs_TR_8,8.25,9,23.38913536661365,33.277830647380085
PercDevAbs_TR_8,8.25,8,33.277830647380085,46.2093434078569
PercDevAbs_TR_8,8.25,7,46.2093434078569,62.830853038079866
PercDevAbs_TR_8,8.25,6,62.830853038079866,83.87626520845353
PercDevAbs_TR_8,8.25,5,83.87626520845353,110.1743193384383
PercDevAbs_TR_8,8.25,4,110.1743193384383,142.64999480617956
PercDevAbs_TR_8,8.25,3,142.64999480617956,182.37617113178828
PercDevAbs_TR_8,8.25,2,182.37617113178828,230.52068764593028
PercDevAbs_TR_8,8.25,1,230.52068764593028,Inf
PercDevAbs_TR_8,8.5,19,0,0.07040540867241836
PercDevAbs_TR_8,8.5,18,0.07040540867241836,0.2118090685211566
PercDevAbs_TR_8,8.5,17,0.2118090685211566,0.5203041243700322
PercDevAbs_TR_8,8.5,16,0.5203041243700322,1.1087980513725004
PercDevAbs_TR_8,8.5,15,1.1087980513725004,2.129012107647733
PercDevAbs_TR_8,8.5,14,2.129012107647733,3.7757082610915016
PercDevAbs_TR_8,8.5,13,3.7757082610915016,6.291108357089176
PercDevAbs_TR_8,8.5,12,6.291108357089176,9.969963797416483
PercDevAbs_TR_8,8.5,11,9.969963797416483,15.164348091010721
PercDevAbs_TR_8,8.5,10,15.164348091010721,22.288268912815056
PercDevAbs_TR_8,8.5,9,22.288268912815056,31.82365095170563
PercDevAbs_TR_8,8.5,8,31.82365095170563,44.32539812945372
PercDevAbs_TR_8,8.5,7,44.32539812945372,60.43070514692252
PercDevAbs_TR_8,8.5,6,60.43070514692252,80.86287904239816
PercDevAbs_TR_8,8.5,5,80.86287904239816,106.43940228359116
PercDevAbs_TR_8,8.5,4,106.43940228359116,138.0734516865573
PercDevAbs_TR_8,8.5,3,138.0734516865573,176.82449532480112
PercDevAbs_TR_8,8.5,2,176.82449532480112,223.8468388804294
PercDevAbs_TR_8,8.5,1,223.8468388804294,Inf
PercDevAbs_TR_8,8.75,19,0,0.060760757180420365
PercDevAbs_TR_8,8.75,18,0.060760757180420365,0.18795647557238057
PercDevAbs_TR_8,8.75,17,0.18795647557238057,0.470697348045643
PercDevAbs_TR_8,8.75,16,0.470697348045643,1.0171724708360927
PercDevAbs_TR_8,8.75,15,1.0171724708360927,1.9736666332915944
PercDevAbs_TR_8,8.75,14,1.9736666332915944,3.5288199526364465
PercDevAbs_TR_8,8.75,13,3.5288199526364465,5.918034082841812
PercDevAbs_TR_8,8.75,12,5.918034082841812,9.428506334467935
PercDevAbs_TR_8,8.75,11,9.428506334467935,14.403998927408662
PercDevAbs_TR_8,8.75,10,14.403998927408662,21.249444162859497
PercDevAbs_TR_8,8.75,9,21.249444162859497,30.436863187223597
PercDevAbs_TR_8,8.75,8,30.436863187223597,42.51041196732794
PercDevAbs_TR_8,8.75,7,42.51041196732794,58.09554594639026
PercDevAbs_TR_8,8.75,6,58.09554594639026,77.90288545340721
PercDevAbs_TR_8,8.75,5,77.90288545340721,102.73620195799154
PercDevAbs_TR_8,8.75,4,102.73620195799154,133.49402719283245
PercDevAbs_TR_8,8.75,3,133.49402719283245,171.2190909635637
PercDevAbs_TR_8,8.75,2,171.2190909635637,217.0483952964422
PercDevAbs_TR_8,8.75,1,217.0483952964422,Inf
PercDevAbs_TR_8,9,19,0,0.05285331897318887
PercDevAbs_TR_8,9,18,0.05285331897318887,0.1677992734608731
PercDevAbs_TR_8,9,17,0.1677992734608731,0.427814658569881
PercDevAbs_TR_8,9,16,0.427814658569881,0.9365208692141863
PercDevAbs_TR_8,9,15,0.9365208692141863,1.8348401892922235
PercDevAbs_TR_8,9,14,1.8348401892922235,3.3052654863655047
PercDevAbs_TR_8,9,13,3.3052654863655047,5.576238191503677
PercDevAbs_TR_8,9,12,5.576238191503677,8.92713114810169
PercDevAbs_TR_8,9,11,8.92713114810169,13.692978078427876
PercDevAbs_TR_8,9,10,13.692978078427876,20.269053431807663
PercDevAbs_TR_8,9,9,20.269053431807663,29.116711007669565
PercDevAbs_TR_8,9,8,29.116711007669565,40.76839452761851
PercDevAbs_TR_8,9,7,40.76839452761851,55.836636167168884
PercDevAbs_TR_8,9,6,55.836636167168884,75.01794350745709
PercDevAbs_TR_8,9,5,75.01794350745709,99.10068515782649
PercDevAbs_TR_8,9,4,99.10068515782649,128.96677176207913
PercDevAbs_TR_8,9,3,128.96677176207913,165.63987613177977
PercDevAbs_TR_8,9,2,165.63987613177977,210.23704747701942
PercDevAbs_TR_8,9,1,210.23704747701942,Inf
PercDevAbs_TR_8,9.25,19,0,0.04631682853010444
PercDevAbs_TR_8,9.25,18,0.04631682853010444,0.15064486770698463
PercDevAbs_TR_8,9.25,17,0.15064486770698463,0.390513542348662
PercDevAbs_TR_8,9.25,16,0.390513542348662,0.8651314722651697
PercDevAbs_TR_8,9.25,15,0.8651314722651697,1.7101498703411195
PercDevAbs_TR_8,9.25,14,1.7101498703411195,3.101922044733567
PercDevAbs_TR_8,9.25,13,3.101922044733567,5.261839163027739
PercDevAbs_TR_8,9.25,12,5.261839163027739,8.461247750858648
PercDevAbs_TR_8,9.25,11,8.461247750858648,13.026124625274601
PercDevAbs_TR_8,9.25,10,13.026124625274601,19.3416149904222
PercDevAbs_TR_8,9.25,9,19.3416149904222,27.857776715710855
PercDevAbs_TR_8,9.25,8,27.857776715710855,39.09453847980947
PercDevAbs_TR_8,9.25,7,39.09453847980947,53.650515519981454
PercDevAbs_TR_8,9.25,6,53.650515519981454,72.20689812772443
PercDevAbs_TR_8,9.25,5,72.20689812772443,95.5352157360835
PercDevAbs_TR_8,9.25,4,95.5352157360835,124.49907306820117
PercDevAbs_TR_8,9.25,3,124.49907306820117,160.1011050379652
PercDevAbs_TR_8,9.25,2,160.1011050379652,203.43613598022478
PercDevAbs_TR_8,9.25,1,203.43613598022478,Inf
PercDevAbs_TR_8,9.5,19,0,0.04095741397284375
PercDevAbs_TR_8,9.5,18,0.04095741397284375,0.13614643188521383
PercDevAbs_TR_8,9.5,17,0.13614643188521383,0.3582383502373099
PercDevAbs_TR_8,9.5,16,0.3582383502373099,0.8021630087244347
PercDevAbs_TR_8,9.5,15,0.8021630087244347,1.598355397389922
PercDevAbs_TR_8,9.5,14,1.598355397389922,2.916981478328787
PercDevAbs_TR_8,9.5,13,2.916981478328787,4.972214222594561
PercDevAbs_TR_8,9.5,12,4.972214222594561,8.027068225097565
PercDevAbs_TR_8,9.5,11,8.027068225097565,12.398002054866428
PercDevAbs_TR_8,9.5,10,12.398002054866428,18.459394969419982
PercDevAbs_TR_8,9.5,9,18.459394969419982,26.649178995253187
PercDevAbs_TR_8,9.5,8,26.649178995253187,37.47372423800308
PercDevAbs_TR_8,9.5,7,37.47372423800308,51.51645026782114
PercDevAbs_TR_8,9.5,6,51.51645026782114,69.44169304200088
PercDevAbs_TR_8,9.5,5,69.44169304200088,92.00232181605787
PercDevAbs_TR_8,9.5,4,92.00232181605787,120.04151147630294
PercDevAbs_TR_8,9.5,3,120.04151147630294,154.53836305722544
PercDevAbs_TR_8,9.5,2,154.53836305722544,196.56263081585172
PercDevAbs_TR_8,9.5,1,196.56263081585172,Inf
PercDevAbs_TR_8,9.75,19,0,0.036626718779987376
PercDevAbs_TR_8,9.75,18,0.036626718779987376,0.12403923754761716
PercDevAbs_TR_8,9.75,17,0.12403923754761716,0.3305649807881633
PercDevAbs_TR_8,9.75,16,0.3305649807881633,0.7469647725456708
PercDevAbs_TR_8,9.75,15,0.7469647725456708,1.4984675859081609
PercDevAbs_TR_8,9.75,14,1.4984675859081609,2.748934973405287
PercDevAbs_TR_8,9.75,13,2.748934973405287,4.70505549447609
PercDevAbs_TR_8,9.75,12,4.70505549447609,7.621074556871822
PercDevAbs_TR_8,9.75,11,7.621074556871822,11.803301934866496
PercDevAbs_TR_8,9.75,10,11.803301934866496,17.614503348246913
PercDevAbs_TR_8,9.75,9,17.614503348246913,25.479397881651053
PercDevAbs_TR_8,9.75,8,25.479397881651053,35.88944570198871
PercDevAbs_TR_8,9.75,7,35.88944570198871,49.4112272881665
PercDevAbs_TR_8,9.75,6,49.4112272881665,66.69026157615234
PercDevAbs_TR_8,9.75,5,66.69026157615234,88.45844399069911
PercDevAbs_TR_8,9.75,4,88.45844399069911,115.53583308912118
PercDevAbs_TR_8,9.75,3,115.53583308912118,148.8748405351992
PercDevAbs_TR_8,9.75,2,148.8748405351992,189.51657081357388
PercDevAbs_TR_8,9.75,1,189.51657081357388,Inf
PercDevAbs_TR_8,10,19,0,0.03316320510147323
PercDevAbs_TR_8,10,18,0.03316320510147323,0.11400796201995721
PercDevAbs_TR_8,10,17,0.11400796201995721,0.3069611255598567
PercDevAbs_TR_8,10,16,0.3069611255598567,0.6987153684917745
PercDevAbs_TR_8,10,15,0.6987153684917745,1.4092911406503617
PercDevAbs_TR_8,10,14,1.4092911406503617,2.5961110666915053
PercDevAbs_TR_8,10,13,2.5961110666915053,4.458089489182624
PercDevAbs_TR_8,10,12,4.458089489182624,7.240234354241183
PercDevAbs_TR_8,10,11,7.240234354241183,11.23803646099744
PercDevAbs_TR_8,10,10,11.23803646099744,16.801751091333113
PercDevAbs_TR_8,10,9,16.801751091333113,24.34173698994831
PercDevAbs_TR_8,10,8,24.34173698994831,34.333120625662595
PercDevAbs_TR_8,10,7,34.333120625662595,47.32391374465043
PercDevAbs_TR_8,10,6,47.32391374465043,63.93875460591406
PercDevAbs_TR_8,10,5,63.93875460591406,84.88613387679322
PercDevAbs_TR_8,10,4,84.88613387679322,110.96017302305326
PercDevAbs_TR_8,10,3,110.96017302305326,143.08328007027393
PercDevAbs_TR_8,10,2,143.08328007027393,182.26415337592522
PercDevAbs_TR_8,10,1,182.26415337592522,Inf
PercDevAbs_TR_8,10.25,19,0,0.030384885794048813
PercDevAbs_TR_8,10.25,18,0.030384885794048813,0.10566493787276189
PercDevAbs_TR_8,10.25,17,0.10566493787276189,0.28673791308972685
PercDevAbs_TR_8,10.25,16,0.28673791308972685,0.6563374821549397
PercDevAbs_TR_8,10.25,15,0.6563374821549397,1.329300542664147
PercDevAbs_TR_8,10.25,14,1.329300542664147,2.456526829082069
PercDevAbs_TR_8,10.25,13,2.456526829082069,4.2289432952637425
PercDevAbs_TR_8,10.25,12,4.2289432952637425,6.8819580538662635
PercDevAbs_TR_8,10.25,11,6.8819580538662635,10.699711142463244
PercDevAbs_TR_8,10.25,10,10.699711142463244,16.01922481598307
PercDevAbs_TR_8,10.25,9,16.01922481598307,23.23556377085165
PercDevAbs_TR_8,10.25,8,23.23556377085165,32.806353717778904
PercDevAbs_TR_8,10.25,7,32.806353717778904,45.25961241159988
PercDevAbs_TR_8,10.25,6,45.25961241159988,61.19738957427515
PercDevAbs_TR_8,10.25,5,61.19738957427515,81.30275234462735
PercDevAbs_TR_8,10.25,4,81.30275234462735,106.34153551592053
PercDevAbs_TR_8,10.25,3,106.34153551592053,137.20337908558005
PercDevAbs_TR_8,10.25,2,137.20337908558005,174.86143343524895
PercDevAbs_TR_8,10.25,1,174.86143343524895,Inf
PercDevAbs_TR_8,10.5,19,0,0.02810623273429015
PercDevAbs_TR_8,10.5,18,0.02810623273429015,0.09858978190027425
PercDevAbs_TR_8,10.5,17,0.09858978190027425,0.2691194095684878
PercDevAbs_TR_8,10.5,16,0.2691194095684878,0.6185959215357851
PercDevAbs_TR_8,10.5,15,0.6185959215357851,1.2567502647618554
PercDevAbs_TR_8,10.5,14,1.2567502647618554,2.3279711570916377
PercDevAbs_TR_8,10.5,13,2.3279711570916377,4.015130428589625
PercDevAbs_TR_8,10.5,12,4.015130428589625,6.543875644092427
PercDevAbs_TR_8,10.5,11,6.543875644092427,10.186728763894038
PercDevAbs_TR_8,10.5,10,10.186728763894038,15.267090557952478
PercDevAbs_TR_8,10.5,9,15.267090557952478,22.164208828923996
PercDevAbs_TR_8,10.5,8,22.164208828923996,31.31753629269869
PercDevAbs_TR_8,10.5,7,31.31753629269869,43.234259675068316
PercDevAbs_TR_8,10.5,6,43.234259675068316,58.49282122553819
PercDevAbs_TR_8,10.5,5,58.49282122553819,77.74964524100443
PercDevAbs_TR_8,10.5,4,77.74964524100443,101.74084556837172
PercDevAbs_TR_8,10.5,3,101.74084556837172,131.32160024628618
PercDevAbs_TR_8,10.5,2,131.32160024628618,167.42756700590093
PercDevAbs_TR_8,10.5,1,167.42756700590093,Inf
PercDevAbs_TR_8,10.75,19,0,0.026173512152205435
PercDevAbs_TR_8,10.75,18,0.026173512152205435,0.09242150847233178
PercDevAbs_TR_8,10.75,17,0.09242150847233178,0.2534242128037273
PercDevAbs_TR_8,10.75,16,0.2534242128037273,0.5843921064612676
PercDevAbs_TR_8,10.75,15,0.5843921064612676,1.1900809812243895
PercDevAbs_TR_8,10.75,14,1.1900809812243895,2.2084783731204847
PercDevAbs_TR_8,10.75,13,2.2084783731204847,3.814482867838996
PercDevAbs_TR_8,10.75,12,3.814482867838996,6.224029109514808
PercDevAbs_TR_8,10.75,11,6.224029109514808,9.698027759618014
PercDevAbs_TR_8,10.75,10,9.698027759618014,14.54621675239985
PercDevAbs_TR_8,10.75,9,14.54621675239985,21.13193179002165
PercDevAbs_TR_8,10.75,8,21.13193179002165,29.876296180556317
PercDevAbs_TR_8,10.75,7,29.876296180556317,41.265442572377445
PercDevAbs_TR_8,10.75,6,41.265442572377445,55.85390668755919
PercDevAbs_TR_8,10.75,5,55.85390668755919,74.27108681974389
PercDevAbs_TR_8,10.75,4,74.27108681974389,97.22289968835969
PercDevAbs_TR_8,10.75,3,97.22289968835969,125.5294887258453
PercDevAbs_TR_8,10.75,2,125.5294887258453,160.08832913292838
PercDevAbs_TR_8,10.75,1,160.08832913292838,Inf
PercDevAbs_TR_8,11,19,0,0.024470286950267157
PercDevAbs_TR_8,11,18,0.024470286950267157,0.08687924102001653
PercDevAbs_TR_8,11,17,0.08687924102001653,0.2391117522528568
PercDevAbs_TR_8,11,16,0.2391117522528568,0.5528412131937124
PercDevAbs_TR_8,11,15,0.5528412131937124,1.1280200987136215
PercDevAbs_TR_8,11,14,1.1280200987136215,2.0964227472938743
PercDevAbs_TR_8,11,13,2.0964227472938743,3.6251775121319527
PercDevAbs_TR_8,11,12,3.6251775121319527,5.920723861028453
PercDevAbs_TR_8,11,11,5.920723861028453,9.23259299614358
PercDevAbs_TR_8,11,10,9.23259299614358,13.85710482075141
PercDevAbs_TR_8,11,9,13.85710482075141,20.141941327836943
PercDevAbs_TR_8,11,8,20.141941327836943,28.490167518744983
PercDevAbs_TR_8,11,7,28.490167518744983,39.36714871672598
PercDevAbs_TR_8,11,6,39.36714871672598,53.303813710184784
PercDevAbs_TR_8,11,5,53.303813710184784,70.90284786403932
PercDevAbs_TR_8,11,4,70.90284786403932,92.8402932791786
PercDevAbs_TR_8,11,3,92.8402932791786,119.90162143812087
PercDevAbs_TR_8,11,2,119.90162143812087,152.94648291354855
PercDevAbs_TR_8,11,1,152.94648291354855,Inf
PercDevAbs_TR_8,11.25,19,0,0.022918603963737582
PercDevAbs_TR_8,11.25,18,0.022918603963737582,0.08177088758627239
PercDevAbs_TR_8,11.25,17,0.08177088758627239,0.22580561049662307
PercDevAbs_TR_8,11.25,16,0.22580561049662307,0.5233161922645557
PercDevAbs_TR_8,11.25,15,0.5233161922645557,1.0696477054061433
PercDevAbs_TR_8,11.25,14,1.0696477054061433,1.990598212320077
PercDevAbs_TR_8,11.25,13,1.990598212320077,3.4458067002822617
PercDevAbs_TR_8,11.25,12,3.4458067002822617,5.632546095227282
PercDevAbs_TR_8,11.25,11,5.632546095227282,8.789347997860869
PercDevAbs_TR_8,11.25,10,8.789347997860869,13.199548460129574
PercDevAbs_TR_8,11.25,9,13.199548460129574,19.19566921887867
PercDevAbs_TR_8,11.25,8,19.19566921887867,27.16327326016402
PercDevAbs_TR_8,11.25,7,27.16327326016402,37.547586310474124
PercDevAbs_TR_8,11.25,6,37.547586310474124,50.856631120483314
PercDevAbs_TR_8,11.25,5,50.856631120483314,67.66716078333619
PercDevAbs_TR_8,11.25,4,67.66716078333619,88.62620256932729
PercDevAbs_TR_8,11.25,3,88.62620256932729,114.48554828878142
PercDevAbs_TR_8,11.25,2,114.48554828878142,146.06808826205528
PercDevAbs_TR_8,11.25,1,146.06808826205528,Inf
PercDevAbs_TR_8,11.5,19,0,0.021479479553464114
PercDevAbs_TR_8,11.5,18,0.021479479553464114,0.07699850611557327
PercDevAbs_TR_8,11.5,17,0.07699850611557327,0.21330971030625112
PercDevAbs_TR_8,11.5,16,0.21330971030625112,0.49548189089647143
PercDevAbs_TR_8,11.5,15,0.49548189089647143,1.014455486649184
PercDevAbs_TR_8,11.5,14,1.014455486649184,1.8903068259645854
PercDevAbs_TR_8,11.5,13,1.8903068259645854,3.2754966340038765
PercDevAbs_TR_8,11.5,12,3.2754966340038765,5.358504640806063
PercDevAbs_TR_8,11.5,11,5.358504640806063,8.367303742784511
PercDevAbs_TR_8,11.5,10,8.367303742784511,12.572759611725164
PercDevAbs_TR_8,11.5,9,12.572759611725164,18.292826656346705
PercDevAbs_TR_8,11.5,8,18.292826656346705,25.89624381146707
PercDevAbs_TR_8,11.5,7,25.89624381146707,35.808871278705745
PercDevAbs_TR_8,11.5,6,35.808871278705745,48.51669978310669
PercDevAbs_TR_8,11.5,5,48.51669978310669,64.57153334989178
PercDevAbs_TR_8,11.5,4,64.57153334989178,84.59247781085193
PercDevAbs_TR_8,11.5,3,84.59247781085193,109.29891170643586
PercDevAbs_TR_8,11.5,2,109.29891170643586,139.47833819722405
PercDevAbs_TR_8,11.5,1,139.47833819722405,Inf
PercDevAbs_TR_8,11.75,19,0,0.02014012741698828
PercDevAbs_TR_8,11.75,18,0.02014012741698828,0.07252866664392257
PercDevAbs_TR_8,11.75,17,0.07252866664392257,0.20155317445231802
PercDevAbs_TR_8,11.75,16,0.20155317445231802,0.4692077636033632
PercDevAbs_TR_8,11.75,15,0.4692077636033632,0.962225882004337
PercDevAbs_TR_8,11.75,14,0.962225882004337,1.7952121443645195
PercDevAbs_TR_8,11.75,13,1.7952121443645195,3.1137564315423996
PercDevAbs_TR_8,11.75,12,3.1137564315423996,5.09791597873008
PercDevAbs_TR_8,11.75,11,5.09791597873008,7.965544488337084
PercDevAbs_TR_8,11.75,10,7.965544488337084,11.975550836404363
PercDevAbs_TR_8,11.75,9,11.975550836404363,17.431916827178927
PercDevAbs_TR_8,11.75,8,17.431916827178927,24.687239029434142
PercDevAbs_TR_8,11.75,7,24.687239029434142,34.148791999242505
PercDevAbs_TR_8,11.75,6,34.148791999242505,46.281416660774696
PercDevAbs_TR_8,11.75,5,46.281416660774696,61.6129620527539
PercDevAbs_TR_8,11.75,4,61.6129620527539,80.73571981319452
PercDevAbs_TR_8,11.75,3,80.73571981319452,104.3379383961952
PercDevAbs_TR_8,11.75,2,104.3379383961952,133.17312751106405
PercDevAbs_TR_8,11.75,1,133.17312751106405,Inf
PercDevAbs_TR_8,12,19,0,0.018893134596672294
PercDevAbs_TR_8,12,18,0.018893134596672294,0.06834111757863529
PercDevAbs_TR_8,12,17,0.06834111757863529,0.1904905750656315
PercDevAbs_TR_8,12,16,0.1904905750656315,0.44440457290125235
PercDevAbs_TR_8,12,15,0.44440457290125235,0.9127994359373627
PercDevAbs_TR_8,12,14,0.9127994359373627,1.7050487570184247
PercDevAbs_TR_8,12,13,1.7050487570184247,2.960167999442752
PercDevAbs_TR_8,12,12,2.960167999442752,4.850149807381926
PercDevAbs_TR_8,12,11,4.850149807381926,7.583153467853178
PercDevAbs_TR_8,12,10,7.583153467853178,11.406627866926971
PercDevAbs_TR_8,12,9,11.406627866926971,16.61115791480769
PercDevAbs_TR_8,12,8,16.61115791480769,23.533858121220803
PercDevAbs_TR_8,12,7,23.533858121220803,32.56417320311545
PercDevAbs_TR_8,12,6,32.56417320311545,44.146649685279655
PercDevAbs_TR_8,12,5,44.146649685279655,58.78614588036911
PercDevAbs_TR_8,12,4,58.78614588036911,77.04921369352701
PercDevAbs_TR_8,12,3,77.04921369352701,99.59421685292043
PercDevAbs_TR_8,12,2,99.59421685292043,127.14202484360129
PercDevAbs_TR_8,12,1,127.14202484360129,Inf
PercDevAbs_TR_9,6,19,0,1.831735178166706
PercDevAbs_TR_9,6,18,1.831735178166706,2.9239880156865334
PercDevAbs_TR_9,6,17,2.9239880156865334,4.490431601918706
PercDevAbs_TR_9,6,16,4.490431601918706,6.6738993050532915
PercDevAbs_TR_9,6,15,6.6738993050532915,9.645309806063981
PercDevAbs_TR_9,6,14,9.645309806063981,13.604173501706716
PercDevAbs_TR_9,6,13,13.604173501706716,18.782024823533032
PercDevAbs_TR_9,6,12,18.782024823533032,25.445705032512926
PercDevAbs_TR_9,6,11,25.445705032512926,33.89996345689717
PercDevAbs_TR_9,6,10,33.89996345689717,44.489068804254394
PercDevAbs_TR_9,6,9,44.489068804254394,57.60047012145152
PercDevAbs_TR_9,6,8,57.60047012145152,73.6663000871645
PercDevAbs_TR_9,6,7,73.6663000871645,93.16952872163318
PercDevAbs_TR_9,6,6,93.16952872163318,116.64268924648951
PercDevAbs_TR_9,6,5,116.64268924648951,144.6708367789861
PercDevAbs_TR_9,6,4,144.6708367789861,177.88775604593135
PercDevAbs_TR_9,6,3,177.88775604593135,217.01959854925536
PercDevAbs_TR_9,6,2,217.01959854925536,262.82553741352933
PercDevAbs_TR_9,6,1,262.82553741352933,Inf
PercDevAbs_TR_9,6.25,19,0,1.3233559786796532
PercDevAbs_TR_9,6.25,18,1.3233559786796532,2.2210833936928798
PercDevAbs_TR_9,6.25,17,2.2210833936928798,3.556888150045023
PercDevAbs_TR_9,6.25,16,3.556888150045023,5.477624820208591
PercDevAbs_TR_9,6.25,15,5.477624820208591,8.161710521029871
PercDevAbs_TR_9,6.25,14,8.161710521029871,11.820590174239296
PercDevAbs_TR_9,6.25,13,11.820590174239296,16.702594175700455
PercDevAbs_TR_9,6.25,12,16.702594175700455,23.096865608315397
PercDevAbs_TR_9,6.25,11,23.096865608315397,31.336613744448115
PercDevAbs_TR_9,6.25,10,31.336613744448115,41.80144889356458
PercDevAbs_TR_9,6.25,9,41.80144889356458,54.921660930217584
PercDevAbs_TR_9,6.25,8,54.921660930217584,71.18039595904729
PercDevAbs_TR_9,6.25,7,71.18039595904729,91.12056702008178
PercDevAbs_TR_9,6.25,6,91.12056702008178,115.34418307908797
PercDevAbs_TR_9,6.25,5,115.34418307908797,144.51602070817353
PercDevAbs_TR_9,6.25,4,144.51602070817353,179.36003064109104
PercDevAbs_TR_9,6.25,3,179.36003064109104,220.70611562255144
PercDevAbs_TR_9,6.25,2,220.70611562255144,269.4278806595887
PercDevAbs_TR_9,6.25,1,269.4278806595887,Inf
PercDevAbs_TR_9,6.5,19,0,0.93696257185434
PercDevAbs_TR_9,6.5,18,0.93696257185434,1.6636272052320624
PercDevAbs_TR_9,6.5,17,1.6636272052320624,2.790133649395721
PercDevAbs_TR_9,6.5,16,2.790133649395721,4.465933771134536
PercDevAbs_TR_9,6.5,15,4.465933771134536,6.875704149781909
PercDevAbs_TR_9,6.5,14,6.875704149781909,10.241851219376837
PercDevAbs_TR_9,6.5,13,10.241851219376837,14.828937389775863
PercDevAbs_TR_9,6.5,12,14.828937389775863,20.94836908155836
PercDevAbs_TR_9,6.5,11,20.94836908155836,28.962427790766817
PercDevAbs_TR_9,6.5,10,28.962427790766817,39.287455916819276
PercDevAbs_TR_9,6.5,9,39.287455916819276,52.39888294826612
PercDevAbs_TR_9,6.5,8,52.39888294826612,68.83420837549171
PercDevAbs_TR_9,6.5,7,68.83420837549171,89.2008015541194
PercDevAbs_TR_9,6.5,6,89.2008015541194,114.17597234383517
PercDevAbs_TR_9,6.5,5,114.17597234383517,144.51149430800902
PercDevAbs_TR_9,6.5,4,144.51149430800902,181.03032493678546
PercDevAbs_TR_9,6.5,3,181.03032493678546,224.67676461362151
PercDevAbs_TR_9,6.5,2,224.67676461362151,276.4512984167843
PercDevAbs_TR_9,6.5,1,276.4512984167843,Inf
PercDevAbs_TR_9,6.75,19,0,0.6533511548741082
PercDevAbs_TR_9,6.75,18,0.6533511548741082,1.2341372567834745
PercDevAbs_TR_9,6.75,17,1.2341372567834745,2.1755766187282024
PercDevAbs_TR_9,6.75,16,2.1755766187282024,3.6279288073601528
PercDevAbs_TR_9,6.75,15,3.6279288073601528,5.780321298730318
PercDevAbs_TR_9,6.75,14,5.780321298730318,8.86435538587956
PercDevAbs_TR_9,6.75,13,8.86435538587956,13.15923106416334
PercDevAbs_TR_9,6.75,12,13.15923106416334,18.99729635012295
PercDevAbs_TR_9,6.75,11,18.99729635012295,26.76896591992717
PercDevAbs_TR_9,6.75,10,26.76896591992717,36.926869710107034
PercDevAbs_TR_9,6.75,9,36.926869710107034,49.99174193740913
PercDevAbs_TR_9,6.75,8,49.99174193740913,66.55633004795337
PercDevAbs_TR_9,6.75,7,66.55633004795337,87.29419317634299
PercDevAbs_TR_9,6.75,6,87.29419317634299,112.96064709055025
PercDevAbs_TR_9,6.75,5,112.96064709055025,144.39826165104012
PercDevAbs_TR_9,6.75,4,144.39826165104012,182.53402151191003
PercDevAbs_TR_9,6.75,3,182.53402151191003,228.4329478352027
PercDevAbs_TR_9,6.75,2,228.4329478352027,283.2302289758918
PercDevAbs_TR_9,6.75,1,283.2302289758918,Inf
PercDevAbs_TR_9,7,19,0,0.45186760736886256
PercDevAbs_TR_9,7,18,0.45186760736886256,0.9121046760789442
PercDevAbs_TR_9,7,17,0.9121046760789442,1.694285250557388
PercDevAbs_TR_9,7,16,1.694285250557388,2.9475057474946595
PercDevAbs_TR_9,7,15,2.9475057474946595,4.863111024248482
PercDevAbs_TR_9,7,14,4.863111024248482,7.6794242144452625
PercDevAbs_TR_9,7,13,7.6794242144452625,11.687665811004937
PercDevAbs_TR_9,7,12,11.687665811004937,17.238428507184537
PercDevAbs_TR_9,7,11,17.238428507184537,24.74755677312499
PercDevAbs_TR_9,7,10,24.74755677312499,34.701332399954936
PercDevAbs_TR_9,7,9,34.701332399954936,47.663304702160985
PercDevAbs_TR_9,7,8,47.663304702160985,64.27920973498343
PercDevAbs_TR_9,7,7,64.27920973498343,85.28683102459578
PercDevAbs_TR_9,7,6,85.28683102459578,111.51792284555108
PercDevAbs_TR_9,7,5,111.51792284555108,143.90476534600987
PercDevAbs_TR_9,7,4,143.90476534600987,183.4778870125358
PercDevAbs_TR_9,7,3,183.4778870125358,231.42302071337178
PercDevAbs_TR_9,7,2,231.42302071337178,289.01093827250804
PercDevAbs_TR_9,7,1,289.01093827250804,Inf
PercDevAbs_TR_9,7.25,19,0,0.31271579948159667
PercDevAbs_TR_9,7.25,18,0.31271579948159667,0.6762899136753886
PercDevAbs_TR_9,7.25,17,0.6762899136753886,1.3250022015899
PercDevAbs_TR_9,7.25,16,1.3250022015899,2.4048586977131117
PercDevAbs_TR_9,7.25,15,2.4048586977131117,4.106985641303153
PercDevAbs_TR_9,7.25,14,4.106985641303153,6.673452442249335
PercDevAbs_TR_9,7.25,13,6.673452442249335,10.404024035617361
PercDevAbs_TR_9,7.25,12,10.404024035617361,15.663569588550654
PercDevAbs_TR_9,7.25,11,15.663569588550654,22.888918883634418
PercDevAbs_TR_9,7.25,10,22.888918883634418,32.595099916722205
PercDevAbs_TR_9,7.25,9,32.595099916722205,45.38313010820672
PercDevAbs_TR_9,7.25,8,45.38313010820672,61.94597199273272
PercDevAbs_TR_9,7.25,7,61.94597199273272,83.07945224080078
PercDevAbs_TR_9,7.25,6,83.07945224080078,109.68521483424368
PercDevAbs_TR_9,7.25,5,109.68521483424368,142.77835455637464
PercDevAbs_TR_9,7.25,4,142.77835455637464,183.48579574283724
PercDevAbs_TR_9,7.25,3,183.48579574283724,233.10621250906362
PercDevAbs_TR_9,7.25,2,233.10621250906362,293.03818690237114
PercDevAbs_TR_9,7.25,1,293.03818690237114,Inf
PercDevAbs_TR_9,7.5,19,0,0.21881563437028695
PercDevAbs_TR_9,7.5,18,0.21881563437028695,0.5070165550843817
PercDevAbs_TR_9,7.5,17,0.5070165550843817,1.0466445934617201
PercDevAbs_TR_9,7.5,16,1.0466445934617201,1.9789308543347692
PercDevAbs_TR_9,7.5,15,1.9789308543347692,3.492374848029562
PercDevAbs_TR_9,7.5,14,3.492374848029562,5.829563458133711
PercDevAbs_TR_9,7.5,13,5.829563458133711,9.2947224786617
PercDevAbs_TR_9,7.5,12,9.2947224786617,14.261996079259026
PercDevAbs_TR_9,7.5,11,14.261996079259026,21.183221798097975
PercDevAbs_TR_9,7.5,10,21.183221798097975,30.595159190702212
PercDevAbs_TR_9,7.5,9,30.595159190702212,43.12818579593577
PercDevAbs_TR_9,7.5,8,43.12818579593577,59.51323912083382
PercDevAbs_TR_9,7.5,7,59.51323912083382,80.59370524418105
PercDevAbs_TR_9,7.5,6,80.59370524418105,107.32938071197484
PercDevAbs_TR_9,7.5,5,107.32938071197484,140.8051233613285
PercDevAbs_TR_9,7.5,4,140.8051233613285,182.22993471616297
PercDevAbs_TR_9,7.5,3,182.22993471616297,232.99922194725025
PercDevAbs_TR_9,7.5,2,232.99922194725025,294.6220701450951
PercDevAbs_TR_9,7.5,1,294.6220701450951,Inf
PercDevAbs_TR_9,7.75,19,0,0.1565681441970041
PercDevAbs_TR_9,7.75,18,0.1565681441970041,0.38746168429815114
PercDevAbs_TR_9,7.75,17,0.38746168429815114,0.8399718756450953
PercDevAbs_TR_9,7.75,16,0.8399718756450953,1.6492502415682329
PercDevAbs_TR_9,7.75,15,1.6492502415682329,2.998989235409371
PercDevAbs_TR_9,7.75,14,2.998989235409371,5.129070031959956
PercDevAbs_TR_9,7.75,13,5.129070031959956,8.343799304555926
PercDevAbs_TR_9,7.75,12,8.343799304555926,13.02091892557564
PercDevAbs_TR_9,7.75,11,13.02091892557564,19.6201607168855
PercDevAbs_TR_9,7.75,10,19.6201607168855,28.69132220986225
PercDevAbs_TR_9,7.75,9,28.69132220986225,40.88372765589977
PercDevAbs_TR_9,7.75,8,40.88372765589977,56.95402164709974
PercDevAbs_TR_9,7.75,7,56.95402164709974,77.77884794001051
PercDevAbs_TR_9,7.75,6,77.77884794001051,104.35971573241275
PercDevAbs_TR_9,7.75,5,104.35971573241275,137.83251690300835
PercDevAbs_TR_9,7.75,4,137.83251690300835,179.46729831265878
PercDevAbs_TR_9,7.75,3,179.46729831265878,230.73201228273638
PercDevAbs_TR_9,7.75,2,230.73201228273638,293.21980996226694
PercDevAbs_TR_9,7.75,1,293.21980996226694,Inf
PercDevAbs_TR_9,8,19,0,0.11600782075645151
PercDevAbs_TR_9,8,18,0.11600782075645151,0.3044631795814946
PercDevAbs_TR_9,8,17,0.3044631795814946,0.689068457281095
PercDevAbs_TR_9,8,16,0.689068457281095,1.398013134350435
PercDevAbs_TR_9,8,15,1.398013134350435,2.6083309582443053
PercDevAbs_TR_9,8,14,2.6083309582443053,4.554140162537516
PercDevAbs_TR_9,8,13,4.554140162537516,7.535371532429499
PercDevAbs_TR_9,8,12,7.535371532429499,11.92729011748877
PercDevAbs_TR_9,8,11,11.92729011748877,18.189609753768565
PercDevAbs_TR_9,8,10,18.189609753768565,26.875188528641836
PercDevAbs_TR_9,8,9,26.875188528641836,38.64003064372507
PercDevAbs_TR_9,8,8,38.64003064372507,54.25171112230274
PercDevAbs_TR_9,8,7,54.25171112230274,74.60257499493818
PercDevAbs_TR_9,8,6,74.60257499493818,100.71531744896664
PercDevAbs_TR_9,8,5,100.71531744896664,133.75312535867798
PercDevAbs_TR_9,8,4,133.75312535867798,175.0200578414366
PercDevAbs_TR_9,8,3,175.0200578414366,226.02522706138774
PercDevAbs_TR_9,8,2,226.02522706138774,288.41109313804077
PercDevAbs_TR_9,8,1,288.41109313804077,Inf
PercDevAbs_TR_9,8.25,19,0,0.09007595575227617
PercDevAbs_TR_9,8.25,18,0.09007595575227617,0.24797963278625673
PercDevAbs_TR_9,8.25,17,0.24797963278625673,0.5809829769249023
PercDevAbs_TR_9,8.25,16,0.5809829769249023,1.2098388037358712
PercDevAbs_TR_9,8.25,15,1.2098388037358712,2.3034637183798323
PercDevAbs_TR_9,8.25,14,2.3034637183798323,4.087482009822798
PercDevAbs_TR_9,8.25,13,4.087482009822798,6.853187836330637
PercDevAbs_TR_9,8.25,12,6.853187836330637,10.967299850020428
PercDevAbs_TR_9,8.25,11,10.967299850020428,16.88135155887487
PercDevAbs_TR_9,8.25,10,16.88135155887487,25.14071322955961
PercDevAbs_TR_9,8.25,9,25.14071322955961,36.39484338728973
PercDevAbs_TR_9,8.25,8,36.39484338728973,51.40605536685395
PercDevAbs_TR_9,8.25,7,51.40605536685395,71.06289684671458
PercDevAbs_TR_9,8.25,6,71.06289684671458,96.38618248216322
PercDevAbs_TR_9,8.25,5,96.38618248216322,128.539445010494
PercDevAbs_TR_9,8.25,4,128.539445010494,168.82978175123804
PercDevAbs_TR_9,8.25,3,168.82978175123804,218.77127798983958
PercDevAbs_TR_9,8.25,2,218.77127798983958,280.0152909240574
PercDevAbs_TR_9,8.25,1,280.0152909240574,Inf
PercDevAbs_TR_9,8.5,19,0,0.07377057540986079
PercDevAbs_TR_9,8.5,18,0.07377057540986079,0.21018558403241822
PercDevAbs_TR_9,8.5,17,0.21018558403241822,0.5047153917222383
PercDevAbs_TR_9,8.5,16,0.5047153917222383,1.0705540776589868
PercDevAbs_TR_9,8.5,15,1.0705540776589868,2.0674986264362776
PercDevAbs_TR_9,8.5,14,2.0674986264362776,3.7104988274134394
PercDevAbs_TR_9,8.5,13,3.7104988274134394,6.278577399227328
PercDevAbs_TR_9,8.5,12,6.278577399227328,10.124522727265052
PercDevAbs_TR_9,8.5,11,10.124522727265052,15.684253556498751
PercDevAbs_TR_9,8.5,10,15.684253556498751,23.485855783689516
PercDevAbs_TR_9,8.5,9,23.485855783689516,34.15977337935864
PercDevAbs_TR_9,8.5,8,34.15977337935864,48.447606659364276
PercDevAbs_TR_9,8.5,7,48.447606659364276,67.21531624042343
PercDevAbs_TR_9,8.5,6,67.21531624042343,91.45942083647162
PercDevAbs_TR_9,8.5,5,91.45942083647162,122.31742227538575
PercDevAbs_TR_9,8.5,4,122.31742227538575,161.068944226203
PercDevAbs_TR_9,8.5,3,161.068944226203,209.19724576536856
PercDevAbs_TR_9,8.5,2,209.19724576536856,268.3223725830525
PercDevAbs_TR_9,8.5,1,268.3223725830525,Inf
PercDevAbs_TR_9,8.75,19,0,0.06370560534929084
PercDevAbs_TR_9,8.75,18,0.06370560534929084,0.18524639686735495
PercDevAbs_TR_9,8.75,17,0.18524639686735495,0.45134477024528163
PercDevAbs_TR_9,8.75,16,0.45134477024528163,0.967765176808604
PercDevAbs_TR_9,8.75,15,0.967765176808604,1.88462463900846
PercDevAbs_TR_9,8.75,14,1.88462463900846,3.4046870271303034
PercDevAbs_TR_9,8.75,13,3.4046870271303034,5.791993128685029
PercDevAbs_TR_9,8.75,12,5.791993128685029,9.381229076076039
PercDevAbs_TR_9,8.75,11,9.381229076076039,14.586795875419515
PercDevAbs_TR_9,8.75,10,14.586795875419515,21.911582223569177
PercDevAbs_TR_9,8.75,9,21.911582223569177,31.95681728401238
PercDevAbs_TR_9,8.75,8,31.95681728401238,45.430621487934374
PercDevAbs_TR_9,8.75,7,45.430621487934374,63.16072035643636
PercDevAbs_TR_9,8.75,6,63.16072035643636,86.10054422979435
PercDevAbs_TR_9,8.75,5,86.10054422979435,115.33932631066293
PercDevAbs_TR_9,8.75,4,115.33932631066293,152.10336441585747
PercDevAbs_TR_9,8.75,3,152.10336441585747,197.81466348730658
PercDevAbs_TR_9,8.75,2,197.81466348730658,254.02763138920375
PercDevAbs_TR_9,8.75,1,254.02763138920375,Inf
PercDevAbs_TR_9,9,19,0,0.057456079087310936
PercDevAbs_TR_9,9,18,0.057456079087310936,0.16853464814257657
PercDevAbs_TR_9,9,17,0.16853464814257657,0.41317846870401975
PercDevAbs_TR_9,9,16,0.41317846870401975,0.8900124058984376
PercDevAbs_TR_9,9,15,0.8900124058984376,1.7393424160496362
PercDevAbs_TR_9,9,14,1.7393424160496362,3.151012841932992
PercDevAbs_TR_9,9,13,3.151012841932992,5.372573203051434
PercDevAbs_TR_9,9,12,5.372573203051434,8.718140054757367
PercDevAbs_TR_9,9,11,8.718140054757367,13.576983197422042
PercDevAbs_TR_9,9,10,13.576983197422042,20.42183905049739
PercDevAbs_TR_9,9,9,20.42183905049739,29.818231865414482
PercDevAbs_TR_9,9,8,29.818231865414482,42.43258048843536
PercDevAbs_TR_9,9,7,42.43258048843536,59.04420592408472
PercDevAbs_TR_9,9,6,59.04420592408472,80.55114393073923
PercDevAbs_TR_9,9,5,80.55114393073923,107.9797056210311
PercDevAbs_TR_9,9,4,107.9797056210311,142.48573416404963
PercDevAbs_TR_9,9,3,142.48573416404963,185.40975834265055
PercDevAbs_TR_9,9,2,185.40975834265055,238.21762311416694
PercDevAbs_TR_9,9,1,238.21762311416694,Inf
PercDevAbs_TR_9,9.25,19,0,0.053205954156113656
PercDevAbs_TR_9,9.25,18,0.053205954156113656,0.15630946618481664
PercDevAbs_TR_9,9.25,17,0.15630946618481664,0.38362883206666026
PercDevAbs_TR_9,9.25,16,0.38362883206666026,0.8270347731844867
PercDevAbs_TR_9,9.25,15,0.8270347731844867,1.6172780617709286
PercDevAbs_TR_9,9.25,14,1.6172780617709286,2.931329140615131
PercDevAbs_TR_9,9.25,13,2.931329140615131,5.000005464934624
PercDevAbs_TR_9,9.25,12,5.000005464934624,8.116247397424608
PercDevAbs_TR_9,9.25,11,8.116247397424608,12.643137841529018
PercDevAbs_TR_9,9.25,10,12.643137841529018,19.02166836095537
PercDevAbs_TR_9,9.25,9,19.02166836095537,27.77944425619113
PercDevAbs_TR_9,9.25,8,27.77944425619113,39.5382582959443
PercDevAbs_TR_9,9.25,7,39.5382582959443,55.025301238174805
PercDevAbs_TR_9,9.25,6,55.025301238174805,75.07859708583318
PercDevAbs_TR_9,9.25,5,75.07859708583318,100.65593293044311
PercDevAbs_TR_9,9.25,4,100.65593293044311,132.83604293278148
PercDevAbs_TR_9,9.25,3,132.83604293278148,172.87006282794675
PercDevAbs_TR_9,9.25,2,172.87006282794675,222.12617009588124
PercDevAbs_TR_9,9.25,1,222.12617009588124,Inf
PercDevAbs_TR_9,9.5,19,0,0.049739564997831276
PercDevAbs_TR_9,9.5,18,0.049739564997831276,0.14597549446671937
PercDevAbs_TR_9,9.5,17,0.14597549446671937,0.3580042578468273
PercDevAbs_TR_9,9.5,16,0.3580042578468273,0.77137413503806
PercDevAbs_TR_9,9.5,15,0.77137413503806,1.5078046759005523
PercDevAbs_TR_9,9.5,14,1.5078046759005523,2.732008561668822
PercDevAbs_TR_9,9.5,13,2.732008561668822,4.65878174503716
PercDevAbs_TR_9,9.5,12,4.65878174503716,7.560696838464031
PercDevAbs_TR_9,9.5,11,7.560696838464031,11.775557559760912
PercDevAbs_TR_9,9.5,10,11.775557559760912,17.713616715902596
PercDevAbs_TR_9,9.5,9,17.713616715902596,25.865668439969276
PercDevAbs_TR_9,9.5,8,25.865668439969276,36.81008698097662
PercDevAbs_TR_9,9.5,7,36.81008698097662,51.22325006453328
PercDevAbs_TR_9,9.5,6,51.22325006453328,69.88458725473785
PercDevAbs_TR_9,9.5,5,69.88458725473785,93.68488039075424
PercDevAbs_TR_9,9.5,4,93.68488039075424,123.62735781763581
PercDevAbs_TR_9,9.5,3,123.62735781763581,160.87555948281857
PercDevAbs_TR_9,9.5,2,160.87555948281857,206.701821737326
PercDevAbs_TR_9,9.5,1,206.701821737326,Inf
PercDevAbs_TR_9,9.75,19,0,0.04672730464219408
PercDevAbs_TR_9,9.75,18,0.04672730464219408,0.13681202585897595
PercDevAbs_TR_9,9.75,17,0.13681202585897595,0.33496871287379054
PercDevAbs_TR_9,9.75,16,0.33496871287379054,0.7208432393501991
PercDevAbs_TR_9,9.75,15,0.7208432393501991,1.4076865145124748
PercDevAbs_TR_9,9.75,14,1.4076865145124748,2.548678706973926
PercDevAbs_TR_9,9.75,13,2.548678706973926,4.3435040094993065
PercDevAbs_TR_9,9.75,12,4.3435040094993065,7.045485596865791
PercDevAbs_TR_9,9.75,11,7.045485596865791,10.968497452518616
PercDevAbs_TR_9,9.75,10,10.968497452518616,16.493655206410935
PercDevAbs_TR_9,9.75,9,16.493655206410935,24.076820727417203
PercDevAbs_TR_9,9.75,8,24.076820727417203,34.255126034909665
PercDevAbs_TR_9,9.75,7,34.255126034909665,47.65664413328949
PercDevAbs_TR_9,9.75,6,47.65664413328949,65.00506170113968
PercDevAbs_TR_9,9.75,5,65.00506170113968,87.12737517637618
PercDevAbs_TR_9,9.75,4,87.12737517637618,114.95489188373577
PercDevAbs_TR_9,9.75,3,114.95489188373577,149.56768962716947
PercDevAbs_TR_9,9.75,2,149.56768962716947,192.1467300134767
PercDevAbs_TR_9,9.75,1,192.1467300134767,Inf
PercDevAbs_TR_9,10,19,0,0.04375831705722867
PercDevAbs_TR_9,10,18,0.04375831705722867,0.1279277877272415
PercDevAbs_TR_9,10,17,0.1279277877272415,0.31288383936046626
PercDevAbs_TR_9,10,16,0.31288383936046626,0.672786168753371
PercDevAbs_TR_9,10,15,0.672786168753371,1.31304307047421
PercDevAbs_TR_9,10,14,1.31304307047421,2.376184144275028
PercDevAbs_TR_9,10,13,2.376184144275028,4.047966748101478
PercDevAbs_TR_9,10,12,4.047966748101478,6.564003210747548
PercDevAbs_TR_9,10,11,6.564003210747548,10.216179885798145
PercDevAbs_TR_9,10,10,10.216179885798145,15.35886994220268
PercDevAbs_TR_9,10,9,15.35886994220268,22.41590375293985
PercDevAbs_TR_9,10,8,22.41590375293985,31.886626202395966
PercDevAbs_TR_9,10,7,31.886626202395966,44.35488171789009
PercDevAbs_TR_9,10,6,44.35488171789009,60.49334897644687
PercDevAbs_TR_9,10,5,60.49334897644687,81.0706882154906
PercDevAbs_TR_9,10,4,81.0706882154906,106.95246303369532
PercDevAbs_TR_9,10,3,106.95246303369532,139.14247678741975
PercDevAbs_TR_9,10,2,139.14247678741975,178.73822820777536
PercDevAbs_TR_9,10,1,178.73822820777536,Inf
PercDevAbs_TR_9,10.25,19,0,0.040180646726146595
PercDevAbs_TR_9,10.25,18,0.040180646726146595,0.11792051975450829
PercDevAbs_TR_9,10.25,17,0.11792051975450829,0.2891969479406128
PercDevAbs_TR_9,10.25,16,0.2891969479406128,0.6231142467181571
PercDevAbs_TR_9,10.25,15,0.6231142467181571,1.2179948836937462
PercDevAbs_TR_9,10.25,14,1.2179948836937462,2.206889925965468
PercDevAbs_TR_9,10.25,13,2.206889925965468,3.763306201552279
PercDevAbs_TR_9,10.25,12,3.763306201552279,6.107420746864911
PercDevAbs_TR_9,10.25,11,6.107420746864911,9.512102237527944
PercDevAbs_TR_9,10.25,10,9.512102237527944,14.308741405830277
PercDevAbs_TR_9,10.25,9,14.308741405830277,20.893787662807263
PercDevAbs_TR_9,10.25,8,20.893787662807263,29.73443476566067
PercDevAbs_TR_9,10.25,7,29.73443476566067,41.37704045948883
PercDevAbs_TR_9,10.25,6,41.37704045948883,56.45120432266229
PercDevAbs_TR_9,10.25,5,56.45120432266229,75.67647255777261
PercDevAbs_TR_9,10.25,4,75.67647255777261,99.86322180873685
PercDevAbs_TR_9,10.25,3,99.86322180873685,129.9513232175419
PercDevAbs_TR_9,10.25,2,129.9513232175419,166.96852974779614
PercDevAbs_TR_9,10.25,1,166.96852974779614,Inf
PercDevAbs_TR_9,10.5,19,0,0.03561738313488541
PercDevAbs_TR_9,10.5,18,0.03561738313488541,0.1059445603670558
PercDevAbs_TR_9,10.5,17,0.1059445603670558,0.26232009505144177
PercDevAbs_TR_9,10.5,16,0.26232009505144177,0.5692189170435202
PercDevAbs_TR_9,10.5,15,0.5692189170435202,1.1187030806682956
PercDevAbs_TR_9,10.5,14,1.1187030806682956,2.0356882629373185
PercDevAbs_TR_9,10.5,13,2.0356882629373185,3.483409107148332
PercDevAbs_TR_9,10.5,12,3.483409107148332,5.669345834875417
PercDevAbs_TR_9,10.5,11,5.669345834875417,8.850973908627047
PercDevAbs_TR_9,10.5,10,8.850973908627047,13.3413393649919
PercDevAbs_TR_9,10.5,9,13.3413393649919,19.515293952495284
PercDevAbs_TR_9,10.5,8,19.515293952495284,27.8149358973293
PercDevAbs_TR_9,10.5,7,27.8149358973293,38.757620712330535
PercDevAbs_TR_9,10.5,6,38.757620712330535,52.939893145718685
PercDevAbs_TR_9,10.5,5,52.939893145718685,71.04389009971838
PercDevAbs_TR_9,10.5,4,71.04389009971838,93.83824730518185
PercDevAbs_TR_9,10.5,3,93.83824730518185,122.21465195464233
PercDevAbs_TR_9,10.5,2,122.21465195464233,157.14867338413535
PercDevAbs_TR_9,10.5,1,157.14867338413535,Inf
PercDevAbs_TR_9,10.75,19,0,0.03023845791566019
PercDevAbs_TR_9,10.75,18,0.03023845791566019,0.09225715127635092
PercDevAbs_TR_9,10.75,17,0.09225715127635092,0.2325685583359844
PercDevAbs_TR_9,10.75,16,0.2325685583359844,0.5113972634676938
PercDevAbs_TR_9,10.75,15,0.5113972634676938,1.0153127844721803
PercDevAbs_TR_9,10.75,14,1.0153127844721803,1.862372500964907
PercDevAbs_TR_9,10.75,13,1.862372500964907,3.2074453256844153
PercDevAbs_TR_9,10.75,12,3.2074453256844153,5.247977943622674
PercDevAbs_TR_9,10.75,11,5.247977943622674,8.229601395893242
PercDevAbs_TR_9,10.75,10,8.229601395893242,12.451581684529925
PercDevAbs_TR_9,10.75,9,12.451581684529925,18.272888631687795
PercDevAbs_TR_9,10.75,8,18.272888631687795,26.117521830670107
PercDevAbs_TR_9,10.75,7,26.117521830670107,36.48227173756407
PercDevAbs_TR_9,10.75,6,36.48227173756407,49.94062075310692
PercDevAbs_TR_9,10.75,5,49.94062075310692,67.14898824229985
PercDevAbs_TR_9,10.75,4,67.14898824229985,88.84772534031379
PercDevAbs_TR_9,10.75,3,88.84772534031379,115.89611381774762
PercDevAbs_TR_9,10.75,2,115.89611381774762,149.235165574421
PercDevAbs_TR_9,10.75,1,149.235165574421,Inf
PercDevAbs_TR_9,11,19,0,0.02464580064618517
PercDevAbs_TR_9,11,18,0.02464580064618517,0.07802367292220957
PercDevAbs_TR_9,11,17,0.07802367292220957,0.20186718453239183
PercDevAbs_TR_9,11,16,0.20186718453239183,0.4524495981478401
PercDevAbs_TR_9,11,15,0.4524495981478401,0.9114480988341787
PercDevAbs_TR_9,11,14,0.9114480988341787,1.6910601660425024
PercDevAbs_TR_9,11,13,1.6910601660425024,2.9392839424658037
PercDevAbs_TR_9,11,12,2.9392839424658037,4.845628185578963
PercDevAbs_TR_9,11,11,4.845628185578963,7.646680933524541
PercDevAbs_TR_9,11,10,7.646680933524541,11.631541796367097
PercDevAbs_TR_9,11,9,11.631541796367097,17.147835304225985
PercDevAbs_TR_9,11,8,17.147835304225985,24.607028547363154
PercDevAbs_TR_9,11,7,24.607028547363154,34.492072554496374
PercDevAbs_TR_9,11,6,34.492072554496374,47.36136706231922
PercDevAbs_TR_9,11,5,47.36136706231922,63.85496553587862
PercDevAbs_TR_9,11,4,63.85496553587862,84.6957132161665
PercDevAbs_TR_9,11,3,84.6957132161665,110.72314118532427
PercDevAbs_TR_9,11,2,110.72314118532427,142.857857807503
PercDevAbs_TR_9,11,1,142.857857807503,Inf
PercDevAbs_TR_9,11.25,19,0,0.019515462439938114
PercDevAbs_TR_9,11.25,18,0.019515462439938114,0.06465887270958953
PercDevAbs_TR_9,11.25,17,0.06465887270958953,0.1726969574419918
PercDevAbs_TR_9,11.25,16,0.1726969574419918,0.39617143434125585
PercDevAbs_TR_9,11.25,15,0.39617143434125585,0.8122558825910922
PercDevAbs_TR_9,11.25,14,0.8122558825910922,1.5279013000316142
PercDevAbs_TR_9,11.25,13,1.5279013000316142,2.6851319092060257
PercDevAbs_TR_9,11.25,12,2.6851319092060257,4.466760849723439
PercDevAbs_TR_9,11.25,11,4.466760849723439,7.101983438924724
PercDevAbs_TR_9,11.25,10,7.101983438924724,10.871854002184868
PercDevAbs_TR_9,11.25,9,10.871854002184868,16.115310148053698
PercDevAbs_TR_9,11.25,8,16.115310148053698,23.234545266613928
PercDevAbs_TR_9,11.25,7,23.234545266613928,32.702608488858324
PercDevAbs_TR_9,11.25,6,32.702608488858324,45.06748872629733
PercDevAbs_TR_9,11.25,5,45.06748872629733,60.95835009012835
PercDevAbs_TR_9,11.25,4,60.95835009012835,81.08684598140628
PercDevAbs_TR_9,11.25,3,81.08684598140628,106.28017973553125
PercDevAbs_TR_9,11.25,2,106.28017973553125,137.44685780155436
PercDevAbs_TR_9,11.25,1,137.44685780155436,Inf
PercDevAbs_TR_9,11.5,19,0,0.015254604398807452
PercDevAbs_TR_9,11.5,18,0.015254604398807452,0.05312257643383389
PercDevAbs_TR_9,11.5,17,0.05312257643383389,0.1468763609090903
PercDevAbs_TR_9,11.5,16,0.1468763609090903,0.3455001053163319
PercDevAbs_TR_9,11.5,15,0.3455001053163319,0.7218823814594766
PercDevAbs_TR_9,11.5,14,0.7218823814594766,1.3780028062704868
PercDevAbs_TR_9,11.5,13,1.3780028062704868,2.4502588756209707
PercDevAbs_TR_9,11.5,12,2.4502588756209707,4.115203974822311
PercDevAbs_TR_9,11.5,11,4.115203974822311,6.595181457851755
PercDevAbs_TR_9,11.5,10,6.595181457851755,10.163861517376528
PercDevAbs_TR_9,11.5,9,10.163861517376528,15.152294630317389
PercDevAbs_TR_9,11.5,8,15.152294630317389,21.954354666898062
PercDevAbs_TR_9,11.5,7,21.954354666898062,31.034320218668007
PercDevAbs_TR_9,11.5,6,31.034320218668007,42.93108999460159
PercDevAbs_TR_9,11.5,5,42.93108999460159,58.264467286674346
PercDevAbs_TR_9,11.5,4,58.264467286674346,77.73665604499305
PercDevAbs_TR_9,11.5,3,77.73665604499305,102.16457947454933
PercDevAbs_TR_9,11.5,2,102.16457947454933,132.44690389106876
PercDevAbs_TR_9,11.5,1,132.44690389106876,Inf
PercDevAbs_TR_9,11.75,19,0,0.011862905872120995
PercDevAbs_TR_9,11.75,18,0.011862905872120995,0.043513684001039596
PercDevAbs_TR_9,11.75,17,0.043513684001039596,0.12469719328396042
PercDevAbs_TR_9,11.75,16,0.12469719328396042,0.30100300897525595
PercDevAbs_TR_9,11.75,15,0.30100300897525595,0.6411930833763951
PercDevAbs_TR_9,11.75,14,0.6411930833763951,1.2424220219900517
PercDevAbs_TR_9,11.75,13,1.2424220219900517,2.23559100340931
PercDevAbs_TR_9,11.75,12,2.23559100340931,3.7911042772069
PercDevAbs_TR_9,11.75,11,3.7911042772069,6.124539468472182
PercDevAbs_TR_9,11.75,10,6.124539468472182,9.502238720116399
PercDevAbs_TR_9,11.75,9,9.502238720116399,14.247387809537596
PercDevAbs_TR_9,11.75,8,14.247387809537596,20.74552420861312
PercDevAbs_TR_9,11.75,7,20.74552420861312,29.452097719549116
PercDevAbs_TR_9,11.75,6,29.452097719549116,40.89680946244746
PercDevAbs_TR_9,11.75,5,40.89680946244746,55.68994069443321
PercDevAbs_TR_9,11.75,4,55.68994069443321,74.52402394118253
PercDevAbs_TR_9,11.75,3,74.52402394118253,98.20543348217598
PercDevAbs_TR_9,11.75,2,98.20543348217598,127.62264585154509
PercDevAbs_TR_9,11.75,1,127.62264585154509,Inf
PercDevAbs_TR_9,12,19,0,0.009190161445405534
PercDevAbs_TR_9,12,18,0.009190161445405534,0.03556949489480622
PercDevAbs_TR_9,12,17,0.03556949489480622,0.10575391548017277
PercDevAbs_TR_9,12,16,0.10575391548017277,0.26210022866295973
PercDevAbs_TR_9,12,15,0.26210022866295973,0.5693963212571845
PercDevAbs_TR_9,12,14,0.5693963212571845,1.1201050187722117
PercDevAbs_TR_9,12,13,1.1201050187722117,2.0397379856302216
PercDevAbs_TR_9,12,12,2.0397379856302216,3.492623699000501
PercDevAbs_TR_9,12,11,3.492623699000501,5.687606164129026
PercDevAbs_TR_9,12,10,5.687606164129026,8.883681333266605
PercDevAbs_TR_9,12,9,8.883681333266605,13.396094964537397
PercDevAbs_TR_9,12,8,13.396094964537397,19.60190666671055
PercDevAbs_TR_9,12,7,19.60190666671055,27.947523900559865
PercDevAbs_TR_9,12,6,27.947523900559865,38.953153712027685
PercDevAbs_TR_9,12,5,38.953153712027685,53.21916757581606
PercDevAbs_TR_9,12,4,53.21916757581606,71.42793842980346
PercDevAbs_TR_9,12,3,71.42793842980346,94.3747057474169
PercDevAbs_TR_9,12,2,94.3747057474169,122.93704629405232
PercDevAbs_TR_9,12,1,122.93704629405232,Inf
QST_parent_total,6,18,30,30
QST_parent_total,6,17,29,29
QST_parent_total,6,15,27,28
QST_parent_total,6,14,26,26
QST_parent_total,6,13,25,25
QST_parent_total,6,12,23,24
QST_parent_total,6,11,22,22
QST_parent_total,6,10,20,21
QST_parent_total,6,9,18,19
QST_parent_total,6,8,16,17
QST_parent_total,6,7,14,15
QST_parent_total,6,6,13,13
QST_parent_total,6,5,11,12
QST_parent_total,6,4,9,10
QST_parent_total,6,3,8,8
QST_parent_total,6,2,6,7
QST_parent_total,6,1,0,5
QST_parent_total,6.25,18,30,30
QST_parent_total,6.25,16,29,29
QST_parent_total,6.25,15,28,28
QST_parent_total,6.25,14,27,27
QST_parent_total,6.25,13,25,26
QST_parent_total,6.25,12,24,24
QST_parent_total,6.25,11,22,23
QST_parent_total,6.25,10,21,21
QST_parent_total,6.25,9,19,20
QST_parent_total,6.25,8,17,18
QST_parent_total,6.25,7,15,16
QST_parent_total,6.25,6,13,14
QST_parent_total,6.25,5,11,12
QST_parent_total,6.25,4,10,10
QST_parent_total,6.25,3,8,9
QST_parent_total,6.25,2,6,7
QST_parent_total,6.25,1,0,5
QST_parent_total,6.5,18,30,30
QST_parent_total,6.5,16,29,29
QST_parent_total,6.5,15,28,28
QST_parent_total,6.5,14,27,27
QST_parent_total,6.5,13,26,26
QST_parent_total,6.5,12,24,25
QST_parent_total,6.5,11,23,23
QST_parent_total,6.5,10,21,22
QST_parent_total,6.5,9,19,20
QST_parent_total,6.5,8,17,18
QST_parent_total,6.5,7,15,16
QST_parent_total,6.5,6,13,14
QST_parent_total,6.5,5,12,12
QST_parent_total,6.5,4,10,11
QST_parent_total,6.5,3,8,9
QST_parent_total,6.5,2,7,7
QST_parent_total,6.5,1,0,6
QST_parent_total,6.75,18,30,30
QST_parent_total,6.75,15,29,29
QST_parent_total,6.75,14,28,28
QST_parent_total,6.75,13,26,27
QST_parent_total,6.75,12,25,25
QST_parent_total,6.75,11,23,24
QST_parent_total,6.75,10,22,22
QST_parent_total,6.75,9,20,21
QST_parent_total,6.75,8,18,19
QST_parent_total,6.75,7,16,17
QST_parent_total,6.75,6,14,15
QST_parent_total,6.75,5,12,13
QST_parent_total,6.75,4,10,11
QST_parent_total,6.75,3,8,9
QST_parent_total,6.75,2,7,7
QST_parent_total,6.75,1,0,6
QST_parent_total,7,18,30,30
QST_parent_total,7,15,29,29
QST_parent_total,7,14,28,28
QST_parent_total,7,13,27,27
QST_parent_total,7,12,25,26
QST_parent_total,7,11,24,24
QST_parent_total,7,10,22,23
QST_parent_total,7,9,20,21
QST_parent_total,7,8,18,19
QST_parent_total,7,7,16,17
QST_parent_total,7,6,14,15
QST_parent_total,7,5,12,13
QST_parent_total,7,4,10,11
QST_parent_total,7,3,9,9
QST_parent_total,7,2,7,8
QST_parent_total,7,1,0,6
QST_parent_total,7.25,17,30,30
QST_parent_total,7.25,15,29,29
QST_parent_total,7.25,14,28,28
QST_parent_total,7.25,13,27,27
QST_parent_total,7.25,12,26,26
QST_parent_total,7.25,11,24,25
QST_parent_total,7.25,10,23,23
QST_parent_total,7.25,9,21,22
QST_parent_total,7.25,8,19,20
QST_parent_total,7.25,7,17,18
QST_parent_total,7.25,6,15,16
QST_parent_total,7.25,5,13,14
QST_parent_total,7.25,4,11,12
QST_parent_total,7.25,3,9,10
QST_parent_total,7.25,2,7,8
QST_parent_total,7.25,1,0,6
QST_parent_total,7.5,17,30,30
QST_parent_total,7.5,14,29,29
QST_parent_total,7.5,13,28,28
QST_parent_total,7.5,12,26,27
QST_parent_total,7.5,11,25,25
QST_parent_total,7.5,10,23,24
QST_parent_total,7.5,9,21,22
QST_parent_total,7.5,8,19,20
QST_parent_total,7.5,7,17,18
QST_parent_total,7.5,6,15,16
QST_parent_total,7.5,5,13,14
QST_parent_total,7.5,4,11,12
QST_parent_total,7.5,3,9,10
QST_parent_total,7.5,2,7,8
QST_parent_total,7.5,1,0,6
QST_parent_total,7.75,17,30,30
QST_parent_total,7.75,14,29,29
QST_parent_total,7.75,13,28,28
QST_parent_total,7.75,12,27,27
QST_parent_total,7.75,11,25,26
QST_parent_total,7.75,10,23,24
QST_parent_total,7.75,9,21,22
QST_parent_total,7.75,8,19,20
QST_parent_total,7.75,7,17,18
QST_parent_total,7.75,6,15,16
QST_parent_total,7.75,5,13,14
QST_parent_total,7.75,4,11,12
QST_parent_total,7.75,3,9,10
QST_parent_total,7.75,2,7,8
QST_parent_total,7.75,1,0,6
QST_parent_total,8,16,30,30
QST_parent_total,8,14,29,29
QST_parent_total,8,13,28,28
QST_parent_total,8,12,27,27
QST_parent_total,8,11,25,26
QST_parent_total,8,10,24,24
QST_parent_total,8,9,22,23
QST_parent_total,8,8,20,21
QST_parent_total,8,7,18,19
QST_parent_total,8,6,15,17
QST_parent_total,8,5,13,14
QST_parent_total,8,4,11,12
QST_parent_total,8,3,9,10
QST_parent_total,8,2,7,8
QST_parent_total,8,1,0,6
QST_parent_total,8.25,16,30,30
QST_parent_total,8.25,14,29,29
QST_parent_total,8.25,13,28,28
QST_parent_total,8.25,12,27,27
QST_parent_total,8.25,11,26,26
QST_parent_total,8.25,10,24,25
QST_parent_total,8.25,9,22,23
QST_parent_total,8.25,8,20,21
QST_parent_total,8.25,7,18,19
QST_parent_total,8.25,6,16,17
QST_parent_total,8.25,5,13,15
QST_parent_total,8.25,4,11,12
QST_parent_total,8.25,3,9,10
QST_parent_total,8.25,2,7,8
QST_parent_total,8.25,1,0,6
QST_parent_total,8.5,16,30,30
QST_parent_total,8.5,13,29,29
QST_parent_total,8.5,12,27,28
QST_parent_total,8.5,11,26,26
QST_parent_total,8.5,10,24,25
QST_parent_total,8.5,9,22,23
QST_parent_total,8.5,8,20,21
QST_parent_total,8.5,7,18,19
QST_parent_total,8.5,6,16,17
QST_parent_total,8.5,5,13,15
QST_parent_total,8.5,4,11,12
QST_parent_total,8.5,3,9,10
QST_parent_total,8.5,2,7,8
QST_parent_total,8.5,1,0,6
QST_parent_total,8.75,16,30,30
QST_parent_total,8.75,13,29,29
QST_parent_total,8.75,12,27,28
QST_parent_total,8.75,11,26,26
QST_parent_total,8.75,10,24,25
QST_parent_total,8.75,9,22,23
QST_parent_total,8.75,8,20,21
QST_parent_total,8.75,7,18,19
QST_parent_total,8.75,6,16,17
QST_parent_total,8.75,5,13,15
QST_parent_total,8.75,4,11,12
QST_parent_total,8.75,3,9,10
QST_parent_total,8.75,2,7,8
QST_parent_total,8.75,1,0,6
QST_parent_total,9,16,30,30
QST_parent_total,9,13,29,29
QST_parent_total,9,12,28,28
QST_parent_total,9,11,26,27
QST_parent_total,9,10,24,25
QST_parent_total,9,9,22,23
QST_parent_total,9,8,20,21
QST_parent_total,9,7,18,19
QST_parent_total,9,6,16,17
QST_parent_total,9,5,13,15
QST_parent_total,9,4,11,12
QST_parent_total,9,3,9,10
QST_parent_total,9,2,7,8
QST_parent_total,9,1,0,6
QST_parent_total,9.25,15,30,30
QST_parent_total,9.25,13,29,29
QST_parent_total,9.25,12,28,28
QST_parent_total,9.25,11,26,27
QST_parent_total,9.25,10,24,25
QST_parent_total,9.25,9,22,23
QST_parent_total,9.25,8,20,21
QST_parent_total,9.25,7,18,19
QST_parent_total,9.25,6,16,17
QST_parent_total,9.25,5,13,15
QST_parent_total,9.25,4,11,12
QST_parent_total,9.25,3,9,10
QST_parent_total,9.25,2,7,8
QST_parent_total,9.25,1,0,6
QST_parent_total,9.5,15,30,30
QST_parent_total,9.5,13,29,29
QST_parent_total,9.5,12,28,28
QST_parent_total,9.5,11,26,27
QST_parent_total,9.5,10,24,25
QST_parent_total,9.5,9,22,23
QST_parent_total,9.5,8,20,21
QST_parent_total,9.5,7,18,19
QST_parent_total,9.5,6,16,17
QST_parent_total,9.5,5,13,15
QST_parent_total,9.5,4,11,12
QST_parent_total,9.5,3,9,10
QST_parent_total,9.5,2,7,8
QST_parent_total,9.5,1,0,6
QST_parent_total,9.75,15,30,30
QST_parent_total,9.75,13,29,29
QST_parent_total,9.75,12,28,28
QST_parent_total,9.75,11,26,27
QST_parent_total,9.75,10,24,25
QST_parent_total,9.75,9,22,23
QST_parent_total,9.75,8,20,21
QST_parent_total,9.75,7,18,19
QST_parent_total,9.75,6,16,17
QST_parent_total,9.75,5,13,15
QST_parent_total,9.75,4,11,12
QST_parent_total,9.75,3,8,10
QST_parent_total,9.75,2,6,7
QST_parent_total,9.75,1,0,5
QST_parent_total,10,15,30,30
QST_parent_total,10,13,29,29
QST_parent_total,10,12,28,28
QST_parent_total,10,11,26,27
QST_parent_total,10,10,24,25
QST_parent_total,10,9,22,23
QST_parent_total,10,8,20,21
QST_parent_total,10,7,18,19
QST_parent_total,10,6,16,17
QST_parent_total,10,5,13,15
QST_parent_total,10,4,11,12
QST_parent_total,10,3,8,10
QST_parent_total,10,2,6,7
QST_parent_total,10,1,0,5
QST_parent_total,10.25,15,30,30
QST_parent_total,10.25,13,29,29
QST_parent_total,10.25,12,28,28
QST_parent_total,10.25,11,26,27
QST_parent_total,10.25,10,25,25
QST_parent_total,10.25,9,23,24
QST_parent_total,10.25,8,20,22
QST_parent_total,10.25,7,18,19
QST_parent_total,10.25,6,15,17
QST_parent_total,10.25,5,13,14
QST_parent_total,10.25,4,10,12
QST_parent_total,10.25,3,8,9
QST_parent_total,10.25,2,6,7
QST_parent_total,10.25,1,0,5
QST_parent_total,10.5,15,30,30
QST_parent_total,10.5,13,29,29
QST_parent_total,10.5,12,28,28
QST_parent_total,10.5,11,26,27
QST_parent_total,10.5,10,25,25
QST_parent_total,10.5,9,23,24
QST_parent_total,10.5,8,20,22
QST_parent_total,10.5,7,18,19
QST_parent_total,10.5,6,15,17
QST_parent_total,10.5,5,13,14
QST_parent_total,10.5,4,10,12
QST_parent_total,10.5,3,8,9
QST_parent_total,10.5,2,6,7
QST_parent_total,10.5,1,0,5
QST_parent_total,10.75,15,30,30
QST_parent_total,10.75,13,29,29
QST_parent_total,10.75,12,28,28
QST_parent_total,10.75,11,26,27
QST_parent_total,10.75,10,25,25
QST_parent_total,10.75,9,23,24
QST_parent_total,10.75,8,20,22
QST_parent_total,10.75,7,18,19
QST_parent_total,10.75,6,15,17
QST_parent_total,10.75,5,13,14
QST_parent_total,10.75,4,10,12
QST_parent_total,10.75,3,8,9
QST_parent_total,10.75,2,6,7
QST_parent_total,10.75,1,0,5
QST_parent_total,11,15,30,30
QST_parent_total,11,13,29,29
QST_parent_total,11,12,28,28
QST_parent_total,11,11,26,27
QST_parent_total,11,10,25,25
QST_parent_total,11,9,23,24
QST_parent_total,11,8,20,22
QST_parent_total,11,7,18,19
QST_parent_total,11,6,15,17
QST_parent_total,11,5,12,14
QST_parent_total,11,4,10,11
QST_parent_total,11,3,8,9
QST_parent_total,11,2,6,7
QST_parent_total,11,1,0,5
QST_parent_total,11.25,15,30,30
QST_parent_total,11.25,13,29,29
QST_parent_total,11.25,12,28,28
QST_parent_total,11.25,11,27,27
QST_parent_total,11.25,10,25,26
QST_parent_total,11.25,9,23,24
QST_parent_total,11.25,8,20,22
QST_parent_total,11.25,7,18,19
QST_parent_total,11.25,6,15,17
QST_parent_total,11.25,5,12,14
QST_parent_total,11.25,4,10,11
QST_parent_total,11.25,3,7,9
QST_parent_total,11.25,2,5,6
QST_parent_total,11.25,1,0,4
QST_parent_total,11.5,15,30,30
QST_parent_total,11.5,13,29,29
QST_parent_total,11.5,12,28,28
QST_parent_total,11.5,11,27,27
QST_parent_total,11.5,10,25,26
QST_parent_total,11.5,9,23,24
QST_parent_total,11.5,8,20,22
QST_parent_total,11.5,7,18,19
QST_parent_total,11.5,6,15,17
QST_parent_total,11.5,5,12,14
QST_parent_total,11.5,4,10,11
QST_parent_total,11.5,3,7,9
QST_parent_total,11.5,2,5,6
QST_parent_total,11.5,1,0,4
QST_parent_total,11.75,15,30,30
QST_parent_total,11.75,13,29,29
QST_parent_total,11.75,12,28,28
QST_parent_total,11.75,11,27,27
QST_parent_total,11.75,10,25,26
QST_parent_total,11.75,9,23,24
QST_parent_total,11.75,8,20,22
QST_parent_total,11.75,7,18,19
QST_parent_total,11.75,6,15,17
QST_parent_total,11.75,5,12,14
QST_parent_total,11.75,4,9,11
QST_parent_total,11.75,3,7,8
QST_parent_total,11.75,2,5,6
QST_parent_total,11.75,1,0,4
QST_parent_total,12,15,30,30
QST_parent_total,12,12,28,29
QST_parent_total,12,11,27,27
QST_parent_total,12,10,25,26
QST_parent_total,12,9,23,24
QST_parent_total,12,8,20,22
QST_parent_total,12,7,18,19
QST_parent_total,12,6,15,17
QST_parent_total,12,5,12,14
QST_parent_total,12,4,9,11
QST_parent_total,12,3,7,8
QST_parent_total,12,2,5,6
QST_parent_total,12,1,0,4
QST_teacher_total,6,19,27,30
QST_teacher_total,6,18,26,26
QST_teacher_total,6,17,24,25
QST_teacher_total,6,16,23,23
QST_teacher_total,6,15,21,22
QST_teacher_total,6,14,20,20
QST_teacher_total,6,13,18,19
QST_teacher_total,6,12,16,17
QST_teacher_total,6,11,15,15
QST_teacher_total,6,10,13,14
QST_teacher_total,6,9,11,12
QST_teacher_total,6,8,10,10
QST_teacher_total,6,7,8,9
QST_teacher_total,6,6,7,7
QST_teacher_total,6,5,5,6
QST_teacher_total,6,4,4,4
QST_teacher_total,6,3,3,3
QST_teacher_total,6,2,2,2
QST_teacher_total,6,1,0,1
QST_teacher_total,6.25,19,27,30
QST_teacher_total,6.25,18,26,26
QST_teacher_total,6.25,17,25,25
QST_teacher_total,6.25,16,23,24
QST_teacher_total,6.25,15,22,22
QST_teacher_total,6.25,14,20,21
QST_teacher_total,6.25,13,18,19
QST_teacher_total,6.25,12,17,17
QST_teacher_total,6.25,11,15,16
QST_teacher_total,6.25,10,13,14
QST_teacher_total,6.25,9,11,12
QST_teacher_total,6.25,8,10,10
QST_teacher_total,6.25,7,8,9
QST_teacher_total,6.25,6,7,7
QST_teacher_total,6.25,5,6,6
QST_teacher_total,6.25,4,5,5
QST_teacher_total,6.25,3,3,4
QST_teacher_total,6.25,2,0,2
QST_teacher_total,6.5,19,27,30
QST_teacher_total,6.5,18,26,26
QST_teacher_total,6.5,17,25,25
QST_teacher_total,6.5,16,23,24
QST_teacher_total,6.5,15,22,22
QST_teacher_total,6.5,14,20,21
QST_teacher_total,6.5,13,19,19
QST_teacher_total,6.5,12,17,18
QST_teacher_total,6.5,11,15,16
QST_teacher_total,6.5,10,13,14
QST_teacher_total,6.5,9,12,12
QST_teacher_total,6.5,8,10,11
QST_teacher_total,6.5,7,9,9
QST_teacher_total,6.5,6,7,8
QST_teacher_total,6.5,5,6,6
QST_teacher_total,6.5,4,5,5
QST_teacher_total,6.5,3,4,4
QST_teacher_total,6.5,2,3,3
QST_teacher_total,6.5,1,0,2
QST_teacher_total,6.75,19,28,30
QST_teacher_total,6.75,18,26,27
QST_teacher_total,6.75,17,25,25
QST_teacher_total,6.75,16,24,24
QST_teacher_total,6.75,15,22,23
QST_teacher_total,6.75,14,21,21
QST_teacher_total,6.75,13,19,20
QST_teacher_total,6.75,12,17,18
QST_teacher_total,6.75,11,16,16
QST_teacher_total,6.75,10,14,15
QST_teacher_total,6.75,9,12,13
QST_teacher_total,6.75,8,10,11
QST_teacher_total,6.75,7,9,9
QST_teacher_total,6.75,6,7,8
QST_teacher_total,6.75,5,6,6
QST_teacher_total,6.75,4,5,5
QST_teacher_total,6.75,3,4,4
QST_teacher_total,6.75,2,3,3
QST_teacher_total,6.75,1,0,2
QST_teacher_total,7,19,28,30
QST_teacher_total,7,18,27,27
QST_teacher_total,7,17,25,26
QST_teacher_total,7,16,24,24
QST_teacher_total,7,15,22,23
QST_teacher_total,7,14,21,21
QST_teacher_total,7,13,19,20
QST_teacher_total,7,12,18,18
QST_teacher_total,7,11,16,17
QST_teacher_total,7,10,14,15
QST_teacher_total,7,9,12,13
QST_teacher_total,7,8,11,11
QST_teacher_total,7,7,9,10
QST_teacher_total,7,6,8,8
QST_teacher_total,7,5,6,7
QST_teacher_total,7,4,5,5
QST_teacher_total,7,3,4,4
QST_teacher_total,7,2,3,3
QST_teacher_total,7,1,0,2
QST_teacher_total,7.25,19,28,30
QST_teacher_total,7.25,18,27,27
QST_teacher_total,7.25,17,26,26
QST_teacher_total,7.25,16,24,25
QST_teacher_total,7.25,15,23,23
QST_teacher_total,7.25,14,21,22
QST_teacher_total,7.25,13,20,20
QST_teacher_total,7.25,12,18,19
QST_teacher_total,7.25,11,16,17
QST_teacher_total,7.25,10,14,15
QST_teacher_total,7.25,9,13,13
QST_teacher_total,7.25,8,11,12
QST_teacher_total,7.25,7,9,10
QST_teacher_total,7.25,6,8,8
QST_teacher_total,7.25,5,7,7
QST_teacher_total,7.25,4,5,6
QST_teacher_total,7.25,3,4,4
QST_teacher_total,7.25,2,3,3
QST_teacher_total,7.25,1,0,2
QST_teacher_total,7.5,19,28,30
QST_teacher_total,7.5,18,27,27
QST_teacher_total,7.5,17,26,26
QST_teacher_total,7.5,16,25,25
QST_teacher_total,7.5,15,23,24
QST_teacher_total,7.5,14,22,22
QST_teacher_total,7.5,13,20,21
QST_teacher_total,7.5,12,18,19
QST_teacher_total,7.5,11,16,17
QST_teacher_total,7.5,10,15,15
QST_teacher_total,7.5,9,13,14
QST_teacher_total,7.5,8,11,12
QST_teacher_total,7.5,7,10,10
QST_teacher_total,7.5,6,8,9
QST_teacher_total,7.5,5,7,7
QST_teacher_total,7.5,4,6,6
QST_teacher_total,7.5,3,4,5
QST_teacher_total,7.5,2,3,3
QST_teacher_total,7.5,1,0,2
QST_teacher_total,7.75,19,28,30
QST_teacher_total,7.75,18,27,27
QST_teacher_total,7.75,17,26,26
QST_teacher_total,7.75,16,25,25
QST_teacher_total,7.75,15,23,24
QST_teacher_total,7.75,14,22,22
QST_teacher_total,7.75,13,20,21
QST_teacher_total,7.75,12,19,19
QST_teacher_total,7.75,11,17,18
QST_teacher_total,7.75,10,15,16
QST_teacher_total,7.75,9,13,14
QST_teacher_total,7.75,8,12,12
QST_teacher_total,7.75,7,10,11
QST_teacher_total,7.75,6,9,9
QST_teacher_total,7.75,5,7,8
QST_teacher_total,7.75,4,6,6
QST_teacher_total,7.75,3,5,5
QST_teacher_total,7.75,2,4,4
QST_teacher_total,7.75,1,0,3
QST_teacher_total,8,18,27,30
QST_teacher_total,8,17,26,26
QST_teacher_total,8,16,25,25
QST_teacher_total,8,15,24,24
QST_teacher_total,8,14,22,23
QST_teacher_total,8,13,21,21
QST_teacher_total,8,12,19,20
QST_teacher_total,8,11,17,18
QST_teacher_total,8,10,15,16
QST_teacher_total,8,9,14,14
QST_teacher_total,8,8,12,13
QST_teacher_total,8,7,10,11
QST_teacher_total,8,6,9,9
QST_teacher_total,8,5,7,8
QST_teacher_total,8,4,6,6
QST_teacher_total,8,3,5,5
QST_teacher_total,8,2,4,4
QST_teacher_total,8,1,0,3
QST_teacher_total,8.25,19,29,30
QST_teacher_total,8.25,18,28,28
QST_teacher_total,8.25,17,27,27
QST_teacher_total,8.25,16,25,26
QST_teacher_total,8.25,15,24,24
QST_teacher_total,8.25,14,22,23
QST_teacher_total,8.25,13,21,21
QST_teacher_total,8.25,12,19,20
QST_teacher_total,8.25,11,17,18
QST_teacher_total,8.25,10,16,16
QST_teacher_total,8.25,9,14,15
QST_teacher_total,8.25,8,12,13
QST_teacher_total,8.25,7,11,11
QST_teacher_total,8.25,6,9,10
QST_teacher_total,8.25,5,8,8
QST_teacher_total,8.25,4,6,7
QST_teacher_total,8.25,3,5,5
QST_teacher_total,8.25,2,4,4
QST_teacher_total,8.25,1,0,3
QST_teacher_total,8.5,19,29,30
QST_teacher_total,8.5,18,28,28
QST_teacher_total,8.5,17,27,27
QST_teacher_total,8.5,16,26,26
QST_teacher_total,8.5,15,24,25
QST_teacher_total,8.5,14,23,23
QST_teacher_total,8.5,13,21,22
QST_teacher_total,8.5,12,19,20
QST_teacher_total,8.5,11,18,18
QST_teacher_total,8.5,10,16,17
QST_teacher_total,8.5,9,14,15
QST_teacher_total,8.5,8,13,13
QST_teacher_total,8.5,7,11,12
QST_teacher_total,8.5,6,9,10
QST_teacher_total,8.5,5,8,8
QST_teacher_total,8.5,4,7,7
QST_teacher_total,8.5,3,5,6
QST_teacher_total,8.5,2,4,4
QST_teacher_total,8.5,1,0,3
QST_teacher_total,8.75,19,29,30
QST_teacher_total,8.75,18,28,28
QST_teacher_total,8.75,17,27,27
QST_teacher_total,8.75,16,26,26
QST_teacher_total,8.75,15,24,25
QST_teacher_total,8.75,14,23,23
QST_teacher_total,8.75,13,21,22
QST_teacher_total,8.75,12,20,20
QST_teacher_total,8.75,11,18,19
QST_teacher_total,8.75,10,16,17
QST_teacher_total,8.75,9,15,15
QST_teacher_total,8.75,8,13,14
QST_teacher_total,8.75,7,11,12
QST_teacher_total,8.75,6,10,10
QST_teacher_total,8.75,5,8,9
QST_teacher_total,8.75,4,7,7
QST_teacher_total,8.75,3,5,6
QST_teacher_total,8.75,2,4,4
QST_teacher_total,8.75,1,0,3
QST_teacher_total,9,19,29,30
QST_teacher_total,9,18,28,28
QST_teacher_total,9,17,27,27
QST_teacher_total,9,16,26,26
QST_teacher_total,9,15,25,25
QST_teacher_total,9,14,23,24
QST_teacher_total,9,13,22,22
QST_teacher_total,9,12,20,21
QST_teacher_total,9,11,18,19
QST_teacher_total,9,10,17,17
QST_teacher_total,9,9,15,16
QST_teacher_total,9,8,13,14
QST_teacher_total,9,7,12,12
QST_teacher_total,9,6,10,11
QST_teacher_total,9,5,8,9
QST_teacher_total,9,4,7,7
QST_teacher_total,9,3,6,6
QST_teacher_total,9,2,4,5
QST_teacher_total,9,1,0,3
QST_teacher_total,9.25,19,29,30
QST_teacher_total,9.25,18,28,28
QST_teacher_total,9.25,17,27,27
QST_teacher_total,9.25,16,26,26
QST_teacher_total,9.25,15,25,25
QST_teacher_total,9.25,14,24,24
QST_teacher_total,9.25,13,22,23
QST_teacher_total,9.25,12,20,21
QST_teacher_total,9.25,11,19,19
QST_teacher_total,9.25,10,17,18
QST_teacher_total,9.25,9,15,16
QST_teacher_total,9.25,8,14,14
QST_teacher_total,9.25,7,12,13
QST_teacher_total,9.25,6,10,11
QST_teacher_total,9.25,5,9,9
QST_teacher_total,9.25,4,7,8
QST_teacher_total,9.25,3,6,6
QST_teacher_total,9.25,2,5,5
QST_teacher_total,9.25,1,0,4
QST_teacher_total,9.5,19,29,30
QST_teacher_total,9.5,17,28,28
QST_teacher_total,9.5,16,26,27
QST_teacher_total,9.5,15,25,25
QST_teacher_total,9.5,14,24,24
QST_teacher_total,9.5,13,22,23
QST_teacher_total,9.5,12,21,21
QST_teacher_total,9.5,11,19,20
QST_teacher_total,9.5,10,17,18
QST_teacher_total,9.5,9,16,16
QST_teacher_total,9.5,8,14,15
QST_teacher_total,9.5,7,12,13
QST_teacher_total,9.5,6,11,11
QST_teacher_total,9.5,5,9,10
QST_teacher_total,9.5,4,7,8
QST_teacher_total,9.5,3,6,6
QST_teacher_total,9.5,2,5,5
QST_teacher_total,9.5,1,0,4
QST_teacher_total,9.75,18,29,30
QST_teacher_total,9.75,17,28,28
QST_teacher_total,9.75,16,27,27
QST_teacher_total,9.75,15,25,26
QST_teacher_total,9.75,14,24,24
QST_teacher_total,9.75,13,23,23
QST_teacher_total,9.75,12,21,22
QST_teacher_total,9.75,11,19,20
QST_teacher_total,9.75,10,18,18
QST_teacher_total,9.75,9,16,17
QST_teacher_total,9.75,8,14,15
QST_teacher_total,9.75,7,12,13
QST_teacher_total,9.75,6,11,11
QST_teacher_total,9.75,5,9,10
QST_teacher_total,9.75,4,8,8
QST_teacher_total,9.75,3,6,7
QST_teacher_total,9.75,2,5,5
QST_teacher_total,9.75,1,0,4
QST_teacher_total,10,18,29,30
QST_teacher_total,10,17,28,28
QST_teacher_total,10,16,27,27
QST_teacher_total,10,15,26,26
QST_teacher_total,10,14,24,25
QST_teacher_total,10,13,23,23
QST_teacher_total,10,12,21,22
QST_teacher_total,10,11,20,20
QST_teacher_total,10,10,18,19
QST_teacher_total,10,9,16,17
QST_teacher_total,10,8,14,15
QST_teacher_total,10,7,13,13
QST_teacher_total,10,6,11,12
QST_teacher_total,10,5,10,10
QST_teacher_total,10,4,8,9
QST_teacher_total,10,3,7,7
QST_teacher_total,10,2,5,6
QST_teacher_total,10,1,0,4
QST_teacher_total,10.25,19,30,30
QST_teacher_total,10.25,18,29,29
QST_teacher_total,10.25,17,28,28
QST_teacher_total,10.25,16,27,27
QST_teacher_total,10.25,15,26,26
QST_teacher_total,10.25,14,25,25
QST_teacher_total,10.25,13,23,24
QST_teacher_total,10.25,12,22,22
QST_teacher_total,10.25,11,20,21
QST_teacher_total,10.25,10,18,19
QST_teacher_total,10.25,9,17,17
QST_teacher_total,10.25,8,15,16
QST_teacher_total,10.25,7,13,14
QST_teacher_total,10.25,6,11,12
QST_teacher_total,10.25,5,10,10
QST_teacher_total,10.25,4,8,9
QST_teacher_total,10.25,3,7,7
QST_teacher_total,10.25,2,5,6
QST_teacher_total,10.25,1,0,4
QST_teacher_total,10.5,19,30,30
QST_teacher_total,10.5,17,29,29
QST_teacher_total,10.5,16,28,28
QST_teacher_total,10.5,15,26,27
QST_teacher_total,10.5,14,25,25
QST_teacher_total,10.5,13,24,24
QST_teacher_total,10.5,12,22,23
QST_teacher_total,10.5,11,20,21
QST_teacher_total,10.5,10,18,19
QST_teacher_total,10.5,9,17,17
QST_teacher_total,10.5,8,15,16
QST_teacher_total,10.5,7,13,14
QST_teacher_total,10.5,6,11,12
QST_teacher_total,10.5,5,9,10
QST_teacher_total,10.5,4,8,8
QST_teacher_total,10.5,3,6,7
QST_teacher_total,10.5,2,5,5
QST_teacher_total,10.5,1,0,4
QST_teacher_total,10.75,18,30,30
QST_teacher_total,10.75,17,29,29
QST_teacher_total,10.75,15,27,28
QST_teacher_total,10.75,14,26,26
QST_teacher_total,10.75,13,24,25
QST_teacher_total,10.75,12,23,23
QST_teacher_total,10.75,11,21,22
QST_teacher_total,10.75,10,19,20
QST_teacher_total,10.75,9,17,18
QST_teacher_total,10.75,8,15,16
QST_teacher_total,10.75,7,12,14
QST_teacher_total,10.75,6,10,11
QST_teacher_total,10.75,5,9,9
QST_teacher_total,10.75,4,7,8
QST_teacher_total,10.75,3,5,6
QST_teacher_total,10.75,2,4,4
QST_teacher_total,10.75,1,0,3
QST_teacher_total,11,18,30,30
QST_teacher_total,11,16,29,29
QST_teacher_total,11,15,28,28
QST_teacher_total,11,14,27,27
QST_teacher_total,11,13,25,26
QST_teacher_total,11,12,23,24
QST_teacher_total,11,11,21,22
QST_teacher_total,11,10,19,20
QST_teacher_total,11,9,17,18
QST_teacher_total,11,8,14,16
QST_teacher_total,11,7,12,13
QST_teacher_total,11,6,10,11
QST_teacher_total,11,5,8,9
QST_teacher_total,11,4,6,7
QST_teacher_total,11,3,4,5
QST_teacher_total,11,2,3,3
QST_teacher_total,11,1,0,2
QST_teacher_total,11.25,17,30,30
QST_teacher_total,11.25,15,29,29
QST_teacher_total,11.25,14,28,28
QST_teacher_total,11.25,13,26,27
QST_teacher_total,11.25,12,24,25
QST_teacher_total,11.25,11,22,23
QST_teacher_total,11.25,10,20,21
QST_teacher_total,11.25,9,17,19
QST_teacher_total,11.25,8,14,16
QST_teacher_total,11.25,7,12,13
QST_teacher_total,11.25,6,9,11
QST_teacher_total,11.25,5,7,8
QST_teacher_total,11.25,4,5,6
QST_teacher_total,11.25,3,4,4
QST_teacher_total,11.25,2,2,3
QST_teacher_total,11.25,1,0,1
QST_teacher_total,11.5,17,30,30
QST_teacher_total,11.5,15,29,29
QST_teacher_total,11.5,14,28,28
QST_teacher_total,11.5,13,26,27
QST_teacher_total,11.5,12,24,25
QST_teacher_total,11.5,11,22,23
QST_teacher_total,11.5,10,20,21
QST_teacher_total,11.5,9,17,19
QST_teacher_total,11.5,8,15,16
QST_teacher_total,11.5,7,12,14
QST_teacher_total,11.5,6,9,11
QST_teacher_total,11.5,5,7,8
QST_teacher_total,11.5,4,5,6
QST_teacher_total,11.5,3,3,4
QST_teacher_total,11.5,2,2,2
QST_teacher_total,11.5,1,0,1
QST_teacher_total,11.75,17,30,30
QST_teacher_total,11.75,15,29,29
QST_teacher_total,11.75,14,28,28
QST_teacher_total,11.75,13,27,27
QST_teacher_total,11.75,12,25,26
QST_teacher_total,11.75,11,23,24
QST_teacher_total,11.75,10,20,22
QST_teacher_total,11.75,9,18,19
QST_teacher_total,11.75,8,15,17
QST_teacher_total,11.75,7,12,14
QST_teacher_total,11.75,6,10,11
QST_teacher_total,11.75,5,7,9
QST_teacher_total,11.75,4,5,6
QST_teacher_total,11.75,3,4,4
QST_teacher_total,11.75,2,2,3
QST_teacher_total,11.75,1,0,1
QST_teacher_total,12,17,30,30
QST_teacher_total,12,14,28,29
QST_teacher_total,12,13,27,27
QST_teacher_total,12,12,25,26
QST_teacher_total,12,11,23,24
QST_teacher_total,12,10,21,22
QST_teacher_total,12,9,18,20
QST_teacher_total,12,8,15,17
QST_teacher_total,12,7,13,14
QST_teacher_total,12,6,10,12
QST_teacher_total,12,5,7,9
QST_teacher_total,12,4,5,6
QST_teacher_total,12,3,4,4
QST_teacher_total,12,2,2,3
QST_teacher_total,12,1,0,1
TD,6,19,0,1.0391386956577626
TD,6,18,1.0391386956577626,1.063165995061937
TD,6,17,1.063165995061937,1.0980794164595142
TD,6,16,1.0980794164595142,1.1473712715333848
TD,6,15,1.1473712715333848,1.2152872551113394
TD,6,14,1.2152872551113394,1.3068645836000297
TD,6,13,1.3068645836000297,1.4280358923086824
TD,6,12,1.4280358923086824,1.5857339470676977
TD,6,11,1.5857339470676977,1.7879817004749967
TD,6,10,1.7879817004749967,2.043961022059385
TD,6,9,2.043961022059385,2.36413114623051
TD,6,8,2.36413114623051,2.760296898012934
TD,6,7,2.760296898012934,3.2457937525980087
TD,6,6,3.2457937525980087,3.835489733198438
TD,6,5,3.835489733198438,4.545894448008916
TD,6,4,4.545894448008916,5.395092104677639
TD,6,3,5.395092104677639,6.403905229566975
TD,6,2,6.403905229566975,7.594399078510755
TD,6,1,7.594399078510755,Inf
TD,6.25,19,0,1.0353337026269789
TD,6.25,18,1.0353337026269789,1.0572147024102097
TD,6.25,17,1.0572147024102097,1.0890884427895196
TD,6.25,16,1.0890884427895196,1.134184146808022
TD,6.25,15,1.134184146808022,1.1964319589806685
TD,6.25,14,1.1964319589806685,1.280499812539258
TD,6.25,13,1.280499812539258,1.391890213989174
TD,6.25,12,1.391890213989174,1.5370381459447657
TD,6.25,11,1.5370381459447657,1.7233954870899266
TD,6.25,10,1.7233954870899266,1.959495887951742
TD,6.25,9,1.959495887951742,2.2550654050268113
TD,6.25,8,2.2550654050268113,2.6210868892344212
TD,6.25,7,2.6210868892344212,3.0699723908363152
TD,6.25,6,3.0699723908363152,3.6155662601438765
TD,6.25,5,3.6155662601438765,4.27324735660398
TD,6.25,4,4.27324735660398,5.059867929454957
TD,6.25,3,5.059867929454957,5.994833546519791
TD,6.25,2,5.994833546519791,7.09871804939038
TD,6.25,1,7.09871804939038,Inf
TD,6.5,19,0,1.0318947347189091
TD,6.5,18,1.0318947347189091,1.0518194696933563
TD,6.5,17,1.0518194696933563,1.080916366177883
TD,6.5,16,1.080916366177883,1.1221712770915921
TD,6.5,15,1.1221712770915921,1.1792221643471867
TD,6.5,14,1.1792221643471867,1.2563946774164738
TD,6.5,13,1.2563946774164738,1.3587923230742334
TD,6.5,12,1.3587923230742334,1.4923880043886708
TD,6.5,11,1.4923880043886708,1.664103156991044
TD,6.5,10,1.664103156991044,1.8818689758620668
TD,6.5,9,1.8818689758620668,2.154729756941335
TD,6.5,8,2.154729756941335,2.492903655425316
TD,6.5,7,2.492903655425316,2.9079433103397108
TD,6.5,6,2.9079433103397108,3.412739972839637
TD,6.5,5,3.412739972839637,4.0216193157099065
TD,6.5,4,4.0216193157099065,4.7502856911154545
TD,6.5,3,4.7502856911154545,5.616824329443762
TD,6.5,2,5.616824329443762,6.64041865942386
TD,6.5,1,6.64041865942386,Inf
TD,6.75,19,0,1.0287945606988025
TD,6.75,18,1.0287945606988025,1.0469411921803315
TD,6.75,17,1.0469411921803315,1.0735085502019415
TD,6.75,16,1.0735085502019415,1.111258099011725
TD,6.75,15,1.111258099011725,1.1635581562605086
TD,6.75,14,1.1635581562605086,1.234418183997075
TD,6.75,13,1.234418183997075,1.328572828202078
TD,6.75,12,1.328572828202078,1.451567532429133
TD,6.75,11,1.451567532429133,1.6098327406899262
TD,6.75,10,1.6098327406899262,1.8107416860679537
TD,6.75,9,1.8107416860679537,2.0627069516011436
TD,6.75,8,2.0627069516011436,2.3752378103992786
TD,6.75,7,2.3752378103992786,2.759089922955426
TD,6.75,6,2.759089922955426,3.2262703377013
TD,6.75,5,3.2262703377013,3.7901273262159374
TD,6.75,4,3.7901273262159374,4.46529955501628
TD,6.75,3,4.46529955501628,5.268646422147699
TD,6.75,2,5.268646422147699,6.21805985281164
TD,6.75,1,6.21805985281164,Inf
TD,7,19,0,1.026007530606572
TD,7,18,1.026007530606572,1.042542880755006
TD,7,17,1.042542880755006,1.0668131228604474
TD,7,16,1.0668131228604474,1.101373588491161
TD,7,15,1.101373588491161,1.1493446715974862
TD,7,14,1.1493446715974862,1.2144448505317036
TD,7,13,1.2144448505317036,1.3010690689437752
TD,7,12,1.3010690689437752,1.4143688560034209
TD,7,11,1.4143688560034209,1.5603219437071227
TD,7,10,1.5603219437071227,1.7457868330826298
TD,7,9,1.7457868330826298,1.9785930766237079
TD,7,8,1.9785930766237079,2.2675954166516945
TD,7,7,2.2675954166516945,2.622813387434647
TD,7,6,2.622813387434647,3.0554370518719685
TD,7,5,3.0554370518719685,3.5779112844806056
TD,7,4,3.5779112844806056,4.203889419619927
TD,7,3,4.203889419619927,4.949097403450388
TD,7,2,4.949097403450388,5.830232460807139
TD,7,1,5.830232460807139,Inf
TD,7.25,19,0,1.023510239718452
TD,7.25,18,1.023510239718452,1.0385907803425036
TD,7.25,17,1.0385907803425036,1.0607827696446173
TD,7.25,16,1.0607827696446173,1.0924530225506053
TD,7.25,15,1.0924530225506053,1.1364950140196433
TD,7.25,14,1.1364950140196433,1.1963606680676206
TD,7.25,13,1.1963606680676206,1.2761335411465786
TD,7.25,12,1.2761335411465786,1.3806038765252955
TD,7.25,11,1.3806038765252955,1.5153339831456774
TD,7.25,10,1.5153339831456774,1.686709801273269
TD,7.25,9,1.686709801273269,1.9020254018815987
TD,7.25,8,1.9020254018815987,2.1695341453245454
TD,7.25,7,2.1695341453245454,2.498579003546143
TD,7.25,6,2.498579003546143,2.899598915466651
TD,7.25,5,2.899598915466651,3.3842079388211066
TD,7.25,4,3.3842079388211066,3.9651529607493714
TD,7.25,3,3.9651529607493714,4.657117180421917
TD,7.25,2,4.657117180421917,5.475698291329223
TD,7.25,1,5.475698291329223,Inf
TD,7.5,19,0,1.0212873040436903
TD,7.5,18,1.0212873040436903,1.0350639346516721
TD,7.5,17,1.0350639346516721,1.0553899048704434
TD,7.5,16,1.0553899048704434,1.0844611876579051
TD,7.5,15,1.0844611876579051,1.1249654806997307
TD,7.5,14,1.1249654806997307,1.180112824477436
TD,7.5,13,1.180112824477436,1.253704060579261
TD,7.5,12,1.253704060579261,1.3502012654826665
TD,7.5,11,1.3502012654826665,1.4747892565529717
TD,7.5,10,1.4747892565529717,1.6334244000352216
TD,7.5,9,1.6334244000352216,1.8329138407964711
TD,7.5,8,1.8329138407964711,2.0809639239024333
TD,7.5,7,2.0809639239024333,2.386302073839251
TD,7.5,6,2.386302073839251,2.7586836714606875
TD,7.5,5,2.7586836714606875,3.2089665179624154
TD,7.5,4,3.2089665179624154,3.749072204718769
TD,7.5,3,3.749072204718769,4.392734516737893
TD,7.5,2,4.392734516737893,5.154549720857727
TD,7.5,1,5.154549720857727,Inf
TD,7.75,19,0,1.0193315564989227
TD,7.75,18,1.0193315564989227,1.0319547348968223
TD,7.75,17,1.0319547348968223,1.0506278333087975
TD,7.75,16,1.0506278333087975,1.0773945296549372
TD,7.75,15,1.0773945296549372,1.1147590219041965
TD,7.75,14,1.1147590219041965,1.165715575479374
TD,7.75,13,1.165715575479374,1.2338127665714258
TD,7.75,12,1.2338127665714258,1.3232197852879355
TD,7.75,11,1.3232197852879355,1.4387844766484235
TD,7.75,10,1.4387844766484235,1.5860796739892242
TD,7.75,9,1.5860796739892242,1.7714777209265646
TD,7.75,8,1.7714777209265646,2.0021964379951074
TD,7.75,7,2.0021964379951074,2.286413463877183
TD,7.75,6,2.286413463877183,2.633273580667303
TD,7.75,5,2.633273580667303,3.0529589843110543
TD,7.75,4,3.0529589843110543,3.556653907939599
TD,7.75,3,3.556653907939599,4.157243892481333
TD,7.75,2,4.157243892481333,4.868430362954071
TD,7.75,1,4.868430362954071,Inf
TD,8,19,0,1.0176376087711896
TD,8,18,1.0176376087711896,1.0292584736997863
TD,8,17,1.0292584736997863,1.0464944588509706
TD,8,16,1.0464944588509706,1.0712565851948717
TD,8,15,1.0712565851948717,1.1058892395170528
TD,8,14,1.1058892395170528,1.153198795123134
TD,8,13,1.153198795123134,1.2165141964095507
TD,8,12,1.2165141964095507,1.299749675154118
TD,8,11,1.299749675154118,1.407459784942502
TD,8,10,1.407459784942502,1.5448835904878662
TD,8,9,1.5448835904878662,1.7180151022846146
TD,8,8,1.7180151022846146,1.9336471172836092
TD,8,7,1.9336471172836092,2.199479009982583
TD,8,6,2.199479009982583,2.5241244597662513
TD,8,5,2.5241244597662513,2.9171780832878227
TD,8,4,2.9171780832878227,3.389182900653817
TD,8,3,3.389182900653817,3.952286858403862
TD,8,2,3.952286858403862,4.61941336802243
TD,8,1,4.61941336802243,Inf
TD,8.25,19,0,1.0161895064629256
TD,8.25,18,1.0161895064629256,1.0269528410875004
TD,8.25,17,1.0269528410875004,1.0429596684596696
TD,8.25,16,1.0429596684596696,1.0660079529111814
TD,8.25,15,1.0660079529111814,1.098305990935495
TD,8.25,14,1.098305990935495,1.142500277953806
TD,8.25,13,1.142500277953806,1.2017330023990251
TD,8.25,12,1.2017330023990251,1.279701737555138
TD,8.25,11,1.279701737555138,1.3807119478895433
TD,8.25,10,1.3807119478895433,1.5097193882486064
TD,8.25,9,1.5097193882486064,1.6723970907230823
TD,8.25,8,1.6723970907230823,1.8751774314332175
TD,8.25,7,1.8751774314332175,2.1253543809168134
TD,8.25,6,2.1253543809168134,2.4310916119031534
TD,8.25,5,2.4310916119031534,2.801486073325113
TD,8.25,4,2.801486073325113,3.246537904462365
TD,8.25,3,3.246537904462365,3.77777065395358
TD,8.25,2,3.77777065395358,4.407449431868919
TD,8.25,1,4.407449431868919,Inf
TD,8.5,19,0,1.014950867858818
TD,8.5,18,1.014950867858818,1.0249811240746571
TD,8.5,17,1.0249811240746571,1.0399380427944476
TD,8.5,16,1.0399380427944476,1.0615236955482752
TD,8.5,15,1.0615236955482752,1.0918310936083635
TD,8.5,14,1.0918310936083635,1.13337146421804
TD,8.5,13,1.13337146421804,1.1891291577989116
TD,8.5,12,1.1891291577989116,1.2626188164248302
TD,8.5,11,1.2626188164248302,1.3579357801794596
TD,8.5,10,1.3579357801794596,1.4797970165873198
TD,8.5,9,1.4797970165873198,1.6336052286642335
TD,8.5,8,1.6336052286642335,1.8254894664304122
TD,8.5,7,1.8254894664304122,2.062402730948257
TD,8.5,6,2.062402730948257,2.352130454163461
TD,8.5,5,2.352130454163461,2.703351533243593
TD,8.5,4,2.703351533243593,3.1256103534555053
TD,8.5,3,3.1256103534555053,3.6299063772297275
TD,8.5,2,3.6299063772297275,4.2279525813362335
TD,8.5,1,4.2279525813362335,Inf
TD,8.75,19,0,1.0138855990317273
TD,8.75,18,1.0138855990317273,1.0232863128949838
TD,8.75,17,1.0232863128949838,1.037342700380814
TD,8.75,16,1.037342700380814,1.0576753877612208
TD,8.75,15,1.0576753877612208,1.0862796331875408
TD,8.75,14,1.0862796331875408,1.1255521570281628
TD,8.75,13,1.1255521570281628,1.1783438900386392
TD,8.75,12,1.1783438900386392,1.2480150455928145
TD,8.75,11,1.2480150455928145,1.338483792091321
TD,8.75,10,1.338483792091321,1.4542659886603437
TD,8.75,9,1.4542659886603437,1.600536898958149
TD,8.75,8,1.600536898958149,1.783170621979621
TD,8.75,7,1.783170621979621,2.00883380912299
TD,8.75,6,2.00883380912299,2.2849945155471456
TD,8.75,5,2.2849945155471456,2.6199811383447384
TD,8.75,4,2.6199811383447384,3.0229562667367675
TD,8.75,3,3.0229562667367675,3.504480437075987
TD,8.75,2,3.504480437075987,4.075804675033217
TD,8.75,1,4.075804675033217,Inf
TD,9,19,0,1.0129638284020313
TD,9,18,1.0129638284020313,1.0218210732221875
TD,9,17,1.0218210732221875,1.0351013033022647
TD,9,16,1.0351013033022647,1.054355841472397
TD,9,15,1.054355841472397,1.0814969433392831
TD,9,14,1.0814969433392831,1.1188243092152699
TD,9,13,1.1188243092152699,1.1690760363063712
TD,9,12,1.1690760363063712,1.2354819582643852
TD,9,11,1.2354819582643852,1.3218108961378747
TD,9,10,1.3218108961378747,1.4324094377743999
TD,9,9,1.4324094377743999,1.5722616695306293
TD,9,8,1.5722616695306293,1.7470276625929948
TD,9,7,1.7470276625929948,1.9631339469800346
TD,9,6,1.9631339469800346,2.2277827395146557
TD,9,5,2.2277827395146557,2.549009164526337
TD,9,4,2.549009164526337,2.935656698433961
TD,9,3,2.935656698433961,3.397919138464218
TD,9,2,3.397919138464218,3.9466620459636097
TD,9,1,3.9466620459636097,Inf
TD,9.25,19,0,1.0121579785180068
TD,9.25,18,1.0121579785180068,1.0205412752721883
TD,9.25,17,1.0205412752721883,1.033145824722507
TD,9.25,16,1.033145824722507,1.051463478382964
TD,9.25,15,1.051463478382964,1.0773354408505056
TD,9.25,14,1.0773354408505056,1.1129785689213683
TD,9.25,13,1.1129785689213683,1.1610348237396058
TD,9.25,12,1.1610348237396058,1.224623174316062
TD,9.25,11,1.224623174316062,1.307385682433817
TD,9.25,10,1.307385682433817,1.4135255205702983
TD,9.25,9,1.4135255205702983,1.5478650577475666
TD,9.25,8,1.5478650577475666,1.7158835952812024
TD,9.25,7,1.7158835952812024,1.9238051220500505
TD,9.25,6,1.9238051220500505,2.1786079258193185
TD,9.25,5,2.1786079258193185,2.488080406064084
TD,9.25,4,2.488080406064084,2.860797926112353
TD,9.25,3,2.860797926112353,3.306646282162661
TD,9.25,2,3.306646282162661,3.836167828301992
TD,9.25,1,3.836167828301992,Inf
TD,9.5,19,0,1.0114370624589062
TD,9.5,18,1.0114370624589062,1.0193963668134962
TD,9.5,17,1.0193963668134962,1.0313970156910828
TD,9.5,16,1.0313970156910828,1.0488782016984524
TD,9.5,15,1.0488782016984524,1.0736183404144066
TD,9.5,14,1.0736183404144066,1.1077612227145537
TD,9.5,13,1.1077612227145537,1.1538641695689442
TD,9.5,12,1.1538641695689442,1.2149487008563233
TD,9.5,11,1.2149487008563233,1.294545626698294
TD,9.5,10,1.294545626698294,1.3967324335394022
TD,9.5,9,1.3967324335394022,1.5261899529619414
TD,9.5,8,1.5261899529619414,1.6882394760738775
TD,9.5,7,1.6882394760738775,1.8889281485557714
TD,9.5,6,1.8889281485557714,2.135038964594808
TD,9.5,5,2.135038964594808,2.434145380997459
TD,9.5,4,2.434145380997459,2.794589444365453
TD,9.5,3,2.794589444365453,3.2259890230993324
TD,9.5,2,3.2259890230993324,3.7386056980764257
TD,9.5,1,3.7386056980764257,Inf
TD,9.75,19,0,1.0107768005627262
TD,9.75,18,1.0107768005627262,1.0183464638432884
TD,9.75,17,1.0183464638432884,1.0297919686222348
TD,9.75,16,1.0297919686222348,1.046504160478893
TD,9.75,15,1.046504160478893,1.070203862927102
TD,9.75,14,1.070203862927102,1.102967912690254
TD,9.75,13,1.102967912690254,1.147276140665931
TD,9.75,12,1.147276140665931,1.2060609257976347
TD,9.75,11,1.2060609257976347,1.2827513938380484
TD,9.75,10,1.2827513938380484,1.3813102441064955
TD,9.75,9,1.3813102441064955,1.5062891383643633
TD,9.75,8,1.5062891383643633,1.6628652663344252
TD,9.75,7,1.6628652663344252,1.8569245984831837
TD,9.75,6,1.8569245984831837,2.0950722524381815
TD,9.75,5,2.0950722524381815,2.38468603099864
TD,9.75,4,2.38468603099864,2.733895734766808
TD,9.75,3,2.733895734766808,3.1520755621224503
TD,9.75,2,3.1520755621224503,3.6492319345416813
TD,9.75,1,3.6492319345416813,Inf
TD,10,19,0,1.0101606440462858
TD,10,18,1.0101606440462858,1.017364299435963
TD,10,17,1.017364299435963,1.0282875474747764
TD,10,16,1.0282875474747764,1.0442754401863552
TD,10,15,1.0442754401863552,1.066994245341462
TD,10,14,1.066994245341462,1.0984573671015863
TD,10,13,1.0984573671015863,1.1410712198407866
TD,10,12,1.1410712198407866,1.1976837280134913
TD,10,11,1.1976837280134913,1.2716276815353664
TD,10,10,1.2716276815353664,1.366757033852055
TD,10,9,1.366757033852055,1.4875010818949095
TD,10,8,1.4875010818949095,1.6389005136073371
TD,10,7,1.6389005136073371,1.8266886357498584
TD,10,6,1.8266886357498584,2.057302094326168
TD,10,5,2.057302094326168,2.3379333963366378
TD,10,4,2.3379333963366378,2.6765113473670876
TD,10,3,2.6765113473670876,3.0821794157719946
TD,10,2,3.0821794157719946,3.5647024280048623
TD,10,1,3.5647024280048623,Inf
TD,10.25,19,0,1.0095785882066264
TD,10.25,18,1.0095785882066264,1.0164334264372652
TD,10.25,17,1.0164334264372652,1.026857762166134
TD,10.25,16,1.026857762166134,1.0421523415858673
TD,10.25,15,1.0421523415858673,1.0639306010048997
TD,10.25,14,1.0639306010048997,1.0941444579151702
TD,10.25,13,1.0941444579151702,1.1351291092436195
TD,10.25,12,1.1351291092436195,1.1896505017374124
TD,10.25,11,1.1896505017374124,1.2609478609418843
TD,10.25,10,1.2609478609418843,1.352769464961317
TD,10.25,9,1.352769464961317,1.4694256456196186
TD,10.25,8,1.4694256456196186,1.6158243227561249
TD,10.25,7,1.6158243227561249,1.7975502623337052
TD,10.25,6,1.7975502623337052,2.0208761264609256
TD,10.25,5,2.0208761264609256,2.2928139996985637
TD,10.25,4,2.2928139996985637,2.62109690814166
TD,10.25,3,2.62109690814166,3.014643572039054
TD,10.25,2,3.014643572039054,3.482983372968755
TD,10.25,1,3.482983372968755,Inf
TD,10.5,19,0,1.0090252574396548
TD,10.5,18,1.0090252574396548,1.0155451246133875
TD,10.5,17,1.0155451246133875,1.0254889680962291
TD,10.5,16,1.0254889680962291,1.0401141756627859
TD,10.5,15,1.0401141756627859,1.0609824105171928
TD,10.5,14,1.0609824105171928,1.0899852488877841
TD,10.5,13,1.0899852488877841,1.1293879161052334
TD,10.5,12,1.1293879161052334,1.1818757332473055
TD,10.5,11,1.1818757332473055,1.250595820034237
TD,10.5,10,1.250595820034237,1.3391923350326738
TD,10.5,9,1.3391923350326738,1.451858307029315
TD,10.5,8,1.451858307029315,1.593370647269754
TD,10.5,7,1.593370647269754,1.7691674612598467
TD,10.5,6,1.7691674612598467,1.9853594006378195
TD,10.5,5,1.9853594006378195,2.248780194636275
TD,10.5,4,2.248780194636275,2.566969215578961
TD,10.5,3,2.566969215578961,2.94862285413029
TD,10.5,2,2.94862285413029,3.4030373976980757
TD,10.5,1,3.4030373976980757,Inf
TD,10.75,19,0,1.0084964309147941
TD,10.75,18,1.0084964309147941,1.014692538513728
TD,10.75,17,1.014692538513728,1.0241704158520069
TD,10.75,16,1.0241704158520069,1.038144600788966
TD,10.75,15,1.038144600788966,1.05812549859191
TD,10.75,14,1.05812549859191,1.085944834128983
TD,10.75,13,1.085944834128983,1.1237983238534914
TD,10.75,12,1.1237983238534914,1.1742910885310183
TD,10.75,11,1.1742910885310183,1.2404785161381504
TD,10.75,10,1.2404785161381504,1.3259009474225634
TD,10.75,9,1.3259009474225634,1.434634328619018
TD,10.75,8,1.434634328619018,1.5713246809861534
TD,10.75,7,1.5713246809861534,1.7412634629390569
TD,10.75,6,1.7412634629390569,1.950399192537689
TD,10.75,5,1.950399192537689,2.205386967428628
TD,10.75,4,2.205386967428628,2.5135720479738115
TD,10.75,3,2.5135720479738115,2.883427932368417
TD,10.75,2,2.883427932368417,3.324016980218281
TD,10.75,1,3.324016980218281,Inf
TD,11,19,0,1.007987378967265
TD,11,18,1.007987378967265,1.0138678228218785
TD,11,17,1.0138678228218785,1.022889582841723
TD,11,16,1.022889582841723,1.0362242895956033
TD,11,15,1.0362242895956033,1.055330901426186
TD,11,14,1.055330901426186,1.0819809275290737
TD,11,13,1.0819809275290737,1.1183000134835805
TD,11,12,1.1183000134835805,1.1668122883580525
TD,11,11,1.1668122883580525,1.2304803542804952
TD,11,10,1.2304803542804952,1.3127393797880118
TD,11,9,1.3127393797880118,1.4175465409213197
TD,11,8,1.4175465409213197,1.5494149109709374
TD,11,7,1.5494149109709374,1.7134868338770954
TD,11,6,1.7134868338770954,1.9155457803638734
TD,11,5,1.9155457803638734,2.16206481611568
TD,11,4,2.16206481611568,2.4601911811008144
TD,11,3,2.4601911811008144,2.8181709358000377
TD,11,2,2.8181709358000377,3.244827416770484
TD,11,1,3.244827416770484,Inf
TD,11.25,19,0,1.0074950309279425
TD,11.25,18,1.0074950309279425,1.0130659003794296
TD,11.25,17,1.0130659003794296,1.0216383661056345
TD,11.25,16,1.0216383661056345,1.034340713922298
TD,11.25,15,1.034340713922298,1.0525797900057474
TD,11.25,14,1.0525797900057474,1.0780659421420202
TD,11.25,13,1.0780659421420202,1.112853481832202
TD,11.25,12,1.112853481832202,1.159383918594459
TD,11.25,11,1.159383918594459,1.2205250287588498
TD,11.25,10,1.2205250287588498,1.2996043068110485
TD,11.25,9,1.2996043068110485,1.4004571445933518
TD,11.25,8,1.4004571445933518,1.527460091937791
TD,11.25,7,1.527460091937791,1.6856021769729281
TD,11.25,6,1.6856021769729281,1.8804969538995495
TD,11.25,5,1.8804969538995495,2.1184298619992696
TD,11.25,4,2.1184298619992696,2.4063437838525084
TD,11.25,3,2.4063437838525084,2.7522499915359955
TD,11.25,2,2.7522499915359955,3.164724693359007
TD,11.25,1,3.164724693359007,Inf
TD,11.5,19,0,1.0070211654397134
TD,11.5,18,1.0070211654397134,1.0122901032479643
TD,11.5,17,1.0122901032479643,1.0204225309422124
TD,11.5,16,1.0204225309422124,1.0325032796310074
TD,11.5,15,1.0325032796310074,1.049886822737494
TD,11.5,14,1.049886822737494,1.0742218888465431
TD,11.5,13,1.0742218888465431,1.1074907738502353
TD,11.5,12,1.1074907738502353,1.152051426492539
TD,11.5,11,1.152051426492539,1.2106755588929785
TD,11.5,10,1.2106755588929785,1.286581414361961
TD,11.5,9,1.286581414361961,1.3834806469003684
TD,11.5,8,1.3834806469003684,1.505610911537878
TD,11.5,7,1.505610911537878,1.6578050861010185
TD,11.5,6,1.6578050861010185,1.8455034706598614
TD,11.5,5,1.8455034706598614,2.0747999919767004
TD,11.5,4,2.0747999919767004,2.352428718075518
TD,11.5,3,2.352428718075518,2.686160947047286
TD,11.5,2,2.686160947047286,3.0843199617060675
TD,11.5,1,3.0843199617060675,Inf
TD,11.75,19,0,1.0065686767614426
TD,11.75,18,1.0065686767614426,1.0115457829463699
TD,11.75,17,1.0115457829463699,1.019251291851934
TD,11.75,16,1.019251291851934,1.030727008667221
TD,11.75,15,1.030727008667221,1.0472754443546477
TD,11.75,14,1.0472754443546477,1.0704840653183767
TD,11.75,13,1.0704840653183767,1.1022634476912532
TD,11.75,12,1.1022634476912532,1.1448881982823196
TD,11.75,11,1.1448881982823196,1.2010340874396706
TD,11.75,10,1.2010340874396706,1.2738101072801917
TD,11.75,9,1.2738101072801917,1.3668040360141445
TD,11.75,8,1.3668040360141445,1.4841143321119263
TD,11.75,7,1.4841143321119263,1.630417245346428
TD,11.75,6,1.630417245346428,1.8109791331744531
TD,11.75,5,1.8109791331744531,2.031701487135605
TD,11.75,4,2.031701487135605,2.2991083738925386
TD,11.75,3,2.2991083738925386,2.6207297030252983
TD,11.75,2,2.6207297030252983,3.004634067837532
TD,11.75,1,3.004634067837532,Inf
TD,12,19,0,1.006140023576501
TD,12,18,1.006140023576501,1.0108376155504022
TD,12,17,1.0108376155504022,1.018132863993236
TD,12,16,1.018132863993236,1.029025500409137
TD,12,15,1.029025500409137,1.0447671389474709
TD,12,14,1.0447671389474709,1.0668851407976616
TD,12,13,1.0668851407976616,1.0972196216098187
TD,12,12,1.0972196216098187,1.1379632125417638
TD,12,11,1.1379632125417638,1.1916972147141673
TD,12,10,1.1916972147141673,1.2614229379882282
TD,12,9,1.2614229379882282,1.350605957409448
TD,12,8,1.350605957409448,1.4632073013708276
TD,12,7,1.4632073013708276,1.6037484733020464
TD,12,6,1.6037484733020464,1.7773238565187528
TD,12,5,1.7773238565187528,1.9896445616482072
TD,12,4,1.9896445616482072,2.2470267578957785
TD,12,3,2.2470267578957785,2.556761348244874
TD,12,2,2.556761348244874,2.9266645406126317
TD,12,1,2.9266645406126317,Inf
TE_Barca_dd,6,15,0,2.217743539310058
TE_Barca_dd,6,13,2.217743539310058,6.458169777387701
TE_Barca_dd,6,12,6.458169777387701,10.467064642774798
TE_Barca_dd,6,11,10.467064642774798,14.640044197423572
TE_Barca_dd,6,10,14.640044197423572,19.292940751027693
TE_Barca_dd,6,9,19.292940751027693,24.548304500455803
TE_Barca_dd,6,8,24.548304500455803,30.47929375374206
TE_Barca_dd,6,7,30.47929375374206,37.13850531237651
TE_Barca_dd,6,6,37.13850531237651,44.565948651073626
TE_Barca_dd,6,5,44.565948651073626,52.793263577457424
TE_Barca_dd,6,4,52.793263577457424,61.84463835723772
TE_Barca_dd,6,3,61.84463835723772,71.74819376743956
TE_Barca_dd,6,2,71.74819376743956,82.52141945726441
TE_Barca_dd,6,1,82.52141945726441,Inf
TE_Barca_dd,6.25,15,0,1.9255561187291912
TE_Barca_dd,6.25,13,1.9255561187291912,5.774442773067463
TE_Barca_dd,6.25,12,5.774442773067463,9.63503802570571
TE_Barca_dd,6.25,11,9.63503802570571,13.736959207826654
TE_Barca_dd,6.25,10,13.736959207826654,18.36876446837796
TE_Barca_dd,6.25,9,18.36876446837796,23.649044374605445
TE_Barca_dd,6.25,8,23.649044374605445,29.65135208256443
TE_Barca_dd,6.25,7,29.65135208256443,36.4298098255131
TE_Barca_dd,6.25,6,36.4298098255131,44.02612600059675
TE_Barca_dd,6.25,5,44.02612600059675,52.47350607662707
TE_Barca_dd,6.25,4,52.47350607662707,61.79741225456821
TE_Barca_dd,6.25,3,61.79741225456821,72.02728388336786
TE_Barca_dd,6.25,2,72.02728388336786,83.18147113140705
TE_Barca_dd,6.25,1,83.18147113140705,Inf
TE_Barca_dd,6.5,15,0,1.6577282608107942
TE_Barca_dd,6.5,13,1.6577282608107942,5.134841383329303
TE_Barca_dd,6.5,12,5.134841383329303,8.838177310265381
TE_Barca_dd,6.5,11,8.838177310265381,12.86105425698631
TE_Barca_dd,6.5,10,12.86105425698631,17.465492673883613
TE_Barca_dd,6.5,9,17.465492673883613,22.76651716200514
TE_Barca_dd,6.5,8,22.76651716200514,28.838391419883877
TE_Barca_dd,6.5,7,28.838391419883877,35.7370053109546
TE_Barca_dd,6.5,6,35.7370053109546,43.50593993763847
TE_Barca_dd,6.5,5,43.50593993763847,52.180082662710916
TE_Barca_dd,6.5,4,52.180082662710916,61.78623733810727
TE_Barca_dd,6.5,3,61.78623733810727,72.35520692319939
TE_Barca_dd,6.5,2,72.35520692319939,83.90621322491988
TE_Barca_dd,6.5,1,83.90621322491988,Inf
TE_Barca_dd,6.75,15,0,1.4147002125807948
TE_Barca_dd,6.75,13,1.4147002125807948,4.540894908833669
TE_Barca_dd,6.75,12,4.540894908833669,8.078608259663703
TE_Barca_dd,6.75,11,8.078608259663703,12.014081337483717
TE_Barca_dd,6.75,10,12.014081337483717,16.5840704539875
TE_Barca_dd,6.75,9,16.5840704539875,21.900575332646717
TE_Barca_dd,6.75,8,21.900575332646717,28.038946907106123
TE_Barca_dd,6.75,7,28.038946907106123,35.057109712436585
TE_Barca_dd,6.75,6,35.057109712436585,43.00069750166195
TE_Barca_dd,6.75,5,43.00069750166195,51.906391687918045
TE_Barca_dd,6.75,4,51.906391687918045,61.80239645053847
TE_Barca_dd,6.75,3,61.80239645053847,72.72091007204872
TE_Barca_dd,6.75,2,72.72091007204872,84.68202500701305
TE_Barca_dd,6.75,1,84.68202500701305,Inf
TE_Barca_dd,7,15,0,1.1982182342095808
TE_Barca_dd,7,13,1.1982182342095808,3.997487530937548
TE_Barca_dd,7,12,3.997487530937548,7.362640671396692
TE_Barca_dd,7,11,7.362640671396692,11.201673907874099
TE_Barca_dd,7,10,11.201673907874099,15.728082388626802
TE_Barca_dd,7,9,15.728082388626802,21.051520736581267
TE_Barca_dd,7,8,21.051520736581267,27.24881975184143
TE_Barca_dd,7,7,27.24881975184143,34.38018005611114
TE_Barca_dd,7,6,34.38018005611114,42.49342829844316
TE_Barca_dd,7,5,42.49342829844316,51.62710930860281
TE_Barca_dd,7,4,51.62710930860281,61.81084740645994
TE_Barca_dd,7,3,61.81084740645994,73.07822376579895
TE_Barca_dd,7,2,73.07822376579895,85.45016954402135
TE_Barca_dd,7,1,85.45016954402135,Inf
TE_Barca_dd,7.25,15,0,1.0101218805444316
TE_Barca_dd,7.25,13,1.0101218805444316,3.5105278836140865
TE_Barca_dd,7.25,12,3.5105278836140865,6.698783612705881
TE_Barca_dd,7.25,11,6.698783612705881,10.431892218244528
TE_Barca_dd,7.25,10,10.431892218244528,14.902851118797667
TE_Barca_dd,7.25,9,14.902851118797667,20.2197273266901
TE_Barca_dd,7.25,8,20.2197273266901,26.461166569236685
TE_Barca_dd,7.25,7,26.461166569236685,33.689794172307465
TE_Barca_dd,7.25,6,33.689794172307465,41.95567512751286
TE_Barca_dd,7.25,5,41.95567512751286,51.29920133798085
TE_Barca_dd,7.25,4,51.29920133798085,61.75136757198423
TE_Barca_dd,7.25,3,61.75136757198423,73.34705180348615
TE_Barca_dd,7.25,2,73.34705180348615,86.10794466459382
TE_Barca_dd,7.25,1,86.10794466459382,Inf
TE_Barca_dd,7.5,15,0,0.8504438377909627
TE_Barca_dd,7.5,13,0.8504438377909627,3.082534846540763
TE_Barca_dd,7.5,12,3.082534846540763,6.092789549602145
TE_Barca_dd,7.5,11,6.092789549602145,9.710833269983091
TE_Barca_dd,7.5,10,9.710833269983091,14.112417903560763
TE_Barca_dd,7.5,9,14.112417903560763,19.404761167637538
TE_Barca_dd,7.5,8,19.404761167637538,25.66854267005229
TE_Barca_dd,7.5,7,25.66854267005229,32.96883009738106
TE_Barca_dd,7.5,6,32.96883009738106,41.35785335358156
TE_Barca_dd,7.5,5,41.35785335358156,50.87773540739742
TE_Barca_dd,7.5,4,50.87773540739742,61.56071582716665
TE_Barca_dd,7.5,3,61.56071582716665,73.4428067216775
TE_Barca_dd,7.5,2,73.4428067216775,86.54633298637742
TE_Barca_dd,7.5,1,86.54633298637742,Inf
TE_Barca_dd,7.75,15,0,0.716704935910674
TE_Barca_dd,7.75,13,0.716704935910674,2.7103227316003315
TE_Barca_dd,7.75,12,2.7103227316003315,5.544145726629964
TE_Barca_dd,7.75,11,5.544145726629964,9.039000050425809
TE_Barca_dd,7.75,10,9.039000050425809,13.356696709916251
TE_Barca_dd,7.75,9,13.356696709916251,18.604245064451963
TE_Barca_dd,7.75,8,18.604245064451963,24.86445365353012
TE_Barca_dd,7.75,7,24.86445365353012,32.20473448440345
TE_Barca_dd,7.75,6,32.20473448440345,40.67931294431894
TE_Barca_dd,7.75,5,40.67931294431894,50.331851974144804
TE_Barca_dd,7.75,4,50.331851974144804,61.1956567803884
TE_Barca_dd,7.75,3,61.1956567803884,73.30766039728937
TE_Barca_dd,7.75,2,73.30766039728937,86.69066923290931
TE_Barca_dd,7.75,1,86.69066923290931,Inf
TE_Barca_dd,8,15,0,0.6077486512380232
TE_Barca_dd,8,13,0.6077486512380232,2.3941566472028244
TE_Barca_dd,8,12,2.3941566472028244,5.056908797089835
TE_Barca_dd,8,11,5.056908797089835,8.42150289443166
TE_Barca_dd,8,10,8.42150289443166,12.638963297945558
TE_Barca_dd,8,9,12.638963297945558,17.816433544975425
TE_Barca_dd,8,8,17.816433544975425,24.038653418178754
TE_Barca_dd,8,7,24.038653418178754,31.375033291637784
TE_Barca_dd,8,6,31.375033291637784,39.88143057836052
TE_Barca_dd,8,5,39.88143057836052,49.6027115993233
TE_Barca_dd,8,4,49.6027115993233,60.57296776312902
TE_Barca_dd,8,3,60.57296776312902,72.82974582357362
TE_Barca_dd,8,2,72.82974582357362,86.39613130839851
TE_Barca_dd,8,1,86.39613130839851,Inf
TE_Barca_dd,8.25,15,0,0.5237667514414243
TE_Barca_dd,8.25,13,0.5237667514414243,2.1383008006055957
TE_Barca_dd,8.25,12,2.1383008006055957,4.641191446224662
TE_Barca_dd,8.25,11,4.641191446224662,7.870277121668863
TE_Barca_dd,8.25,10,7.870277121668863,11.96843063589192
TE_Barca_dd,8.25,9,11.96843063589192,17.042649702089193
TE_Barca_dd,8.25,8,17.042649702089193,23.17885492501977
TE_Barca_dd,8.25,7,23.17885492501977,30.447664748195486
TE_Barca_dd,8.25,6,30.447664748195486,38.90587027741044
TE_Barca_dd,8.25,5,38.90587027741044,48.598961515761715
TE_Barca_dd,8.25,4,48.598961515761715,59.56137413526267
TE_Barca_dd,8.25,3,59.56137413526267,71.83081201242618
TE_Barca_dd,8.25,2,71.83081201242618,85.43036156886652
TE_Barca_dd,8.25,1,85.43036156886652,Inf
TE_Barca_dd,8.5,15,0,0.46438434998889727
TE_Barca_dd,8.5,13,0.46438434998889727,1.9458151286681897
TE_Barca_dd,8.5,12,1.9458151286681897,4.306235409018049
TE_Barca_dd,8.5,11,4.306235409018049,7.397326337327218
TE_Barca_dd,8.5,10,7.397326337327218,11.355442989717748
TE_Barca_dd,8.5,9,11.355442989717748,16.286318746962483
TE_Barca_dd,8.5,8,16.286318746962483,22.275627319764716
TE_Barca_dd,8.5,7,22.275627319764716,29.393889057904865
TE_Barca_dd,8.5,6,29.393889057904865,37.69775798895968
TE_Barca_dd,8.5,5,37.69775798895968,47.232508790327344
TE_Barca_dd,8.5,4,47.232508790327344,58.03231381602308
TE_Barca_dd,8.5,3,58.03231381602308,70.13443119983314
TE_Barca_dd,8.5,2,70.13443119983314,83.56160151343185
TE_Barca_dd,8.5,1,83.56160151343185,Inf
TE_Barca_dd,8.75,15,0,0.42779762586491143
TE_Barca_dd,8.75,13,0.42779762586491143,1.8151308180164247
TE_Barca_dd,8.75,12,1.8151308180164247,4.0543360047273005
TE_Barca_dd,8.75,11,4.0543360047273005,7.007686442411078
TE_Barca_dd,8.75,10,7.007686442411078,10.805558907569512
TE_Barca_dd,8.75,9,10.805558907569512,15.550614840392093
TE_Barca_dd,8.75,8,15.550614840392093,21.32635283422247
TE_Barca_dd,8.75,7,21.32635283422247,28.201533519597476
TE_Barca_dd,8.75,6,28.201533519597476,36.231361969597906
TE_Barca_dd,8.75,5,36.231361969597906,45.45990179837776
TE_Barca_dd,8.75,4,45.45990179837776,55.92036256708089
TE_Barca_dd,8.75,3,55.92036256708089,67.64887974847258
TE_Barca_dd,8.75,2,67.64887974847258,80.66747354263438
TE_Barca_dd,8.75,1,80.66747354263438,Inf
TE_Barca_dd,9,15,0,0.40507963227823207
TE_Barca_dd,9,13,0.40507963227823207,1.722990605875443
TE_Barca_dd,9,12,1.722990605875443,3.8555117393842475
TE_Barca_dd,9,11,3.8555117393842475,6.672096568897658
TE_Barca_dd,9,10,6.672096568897658,10.297123364256642
TE_Barca_dd,9,9,10.297123364256642,14.828816002132214
TE_Barca_dd,9,8,14.828816002132214,20.34711978329019
TE_Barca_dd,9,7,20.34711978329019,26.917873721618264
TE_Barca_dd,9,6,26.917873721618264,34.59393005258792
TE_Barca_dd,9,5,34.59393005258792,43.417464133184694
TE_Barca_dd,9,4,43.417464133184694,53.42025309866316
TE_Barca_dd,9,3,53.42025309866316,64.63686010377106
TE_Barca_dd,9,2,64.63686010377106,77.0883405131856
TE_Barca_dd,9,1,77.0883405131856,Inf
TE_Barca_dd,9.25,15,0,0.385181853006678
TE_Barca_dd,9.25,13,0.385181853006678,1.6388148567139273
TE_Barca_dd,9.25,12,1.6388148567139273,3.6679055228834523
TE_Barca_dd,9.25,11,3.6679055228834523,6.348306930649075
TE_Barca_dd,9.25,10,6.348306930649075,9.798388210802425
TE_Barca_dd,9.25,9,9.798388210802425,14.11165836167155
TE_Barca_dd,9.25,8,14.11165836167155,19.364231174200835
TE_Barca_dd,9.25,7,19.364231174200835,25.618790679998796
TE_Barca_dd,9.25,6,25.618790679998796,32.92565566775429
TE_Barca_dd,9.25,5,32.92565566775429,41.32497872639969
TE_Barca_dd,9.25,4,41.32497872639969,50.84701192613886
TE_Barca_dd,9.25,3,50.84701192613886,61.52465817310948
TE_Barca_dd,9.25,2,61.52465817310948,73.37796070913839
TE_Barca_dd,9.25,1,73.37796070913839,Inf
TE_Barca_dd,9.5,15,0,0.36586398262021835
TE_Barca_dd,9.5,13,0.36586398262021835,1.5566254298160345
TE_Barca_dd,9.5,12,1.5566254298160345,3.4839559441143892
TE_Barca_dd,9.5,11,3.4839559441143892,6.029934856144706
TE_Barca_dd,9.5,10,6.029934856144706,9.306995082832671
TE_Barca_dd,9.5,9,9.306995082832671,13.403956237838083
TE_Barca_dd,9.5,8,13.403956237838083,18.393115098185923
TE_Barca_dd,9.5,7,18.393115098185923,24.334012169032974
TE_Barca_dd,9.5,6,24.334012169032974,31.27444281182087
TE_Barca_dd,9.5,5,31.27444281182087,39.25254600764583
TE_Barca_dd,9.5,4,39.25254600764583,48.29705671586122
TE_Barca_dd,9.5,3,48.29705671586122,58.43922779051656
TE_Barca_dd,9.5,2,58.43922779051656,69.69809732011522
TE_Barca_dd,9.5,1,69.69809732011522,Inf
TE_Barca_dd,9.75,15,0,0.3469921046094987
TE_Barca_dd,9.75,13,0.3469921046094987,1.4763320739087074
TE_Barca_dd,9.75,12,1.4763320739087074,3.304247633144768
TE_Barca_dd,9.75,11,3.304247633144768,5.718900659035292
TE_Barca_dd,9.75,10,5.718900659035292,8.826924588981408
TE_Barca_dd,9.75,9,8.826924588981408,12.712557570815958
TE_Barca_dd,9.75,8,12.712557570815958,17.44436719152114
TE_Barca_dd,9.75,7,17.44436719152114,23.078822756285263
TE_Barca_dd,9.75,6,23.078822756285263,29.661254260969407
TE_Barca_dd,9.75,5,29.661254260969407,37.227833413531116
TE_Barca_dd,9.75,4,37.227833413531116,45.80581297553939
TE_Barca_dd,9.75,3,45.80581297553939,55.42483372600953
TE_Barca_dd,9.75,2,55.42483372600953,66.10295173667001
TE_Barca_dd,9.75,1,66.10295173667001,Inf
TE_Barca_dd,10,15,0,0.3287198291755928
TE_Barca_dd,10,13,0.3287198291755928,1.3985898212315826
TE_Barca_dd,10,12,1.3985898212315826,3.1302490660047004
TE_Barca_dd,10,11,3.1302490660047004,5.417748729939623
TE_Barca_dd,10,10,5.417748729939623,8.362107033663383
TE_Barca_dd,10,9,8.362107033663383,12.043126222867507
TE_Barca_dd,10,8,12.043126222867507,16.525763179423087
TE_Barca_dd,10,7,16.525763179423087,21.863513587626272
TE_Barca_dd,10,6,21.863513587626272,28.099320408083457
TE_Barca_dd,10,5,28.099320408083457,35.26745058039794
TE_Barca_dd,10,4,35.26745058039794,43.39372176118049
TE_Barca_dd,10,3,43.39372176118049,52.50621387373552
TE_Barca_dd,10,2,52.50621387373552,62.62203217394268
TE_Barca_dd,10,1,62.62203217394268,Inf
TE_Barca_dd,10.25,15,0,0.31115272471805405
TE_Barca_dd,10.25,13,0.31115272471805405,1.3238478298134686
TE_Barca_dd,10.25,12,1.3238478298134686,2.9629655255182596
TE_Barca_dd,10.25,11,2.9629655255182596,5.128218986144387
TE_Barca_dd,10.25,10,5.128218986144387,7.9152279204790945
TE_Barca_dd,10.25,9,7.9152279204790945,11.399529864446595
TE_Barca_dd,10.25,8,11.399529864446595,15.642610340812015
TE_Barca_dd,10.25,7,15.642610340812015,20.695106172336068
TE_Barca_dd,10.25,6,20.695106172336068,26.59766540594035
TE_Barca_dd,10.25,5,26.59766540594035,33.38272372257365
TE_Barca_dd,10.25,4,33.38272372257365,41.074719058119165
TE_Barca_dd,10.25,3,41.074719058119165,49.70023071742857
TE_Barca_dd,10.25,2,49.70023071742857,59.27544983485147
TE_Barca_dd,10.25,1,59.27544983485147,Inf
TE_Barca_dd,10.5,15,0,0.29435148822471324
TE_Barca_dd,10.5,13,0.29435148822471324,1.2523643446993455
TE_Barca_dd,10.5,12,1.2523643446993455,2.802975002345078
TE_Barca_dd,10.5,11,2.802975002345078,4.851311798386394
TE_Barca_dd,10.5,10,4.851311798386394,7.487831287424454
TE_Barca_dd,10.5,9,7.487831287424454,10.783992223257524
TE_Barca_dd,10.5,8,10.783992223257524,14.7979601096643
TE_Barca_dd,10.5,7,14.7979601096643,19.577637545062032
TE_Barca_dd,10.5,6,19.577637545062032,25.161477713559975
TE_Barca_dd,10.5,5,25.161477713559975,31.580164874450062
TE_Barca_dd,10.5,4,31.580164874450062,38.85681739427875
TE_Barca_dd,10.5,3,38.85681739427875,47.016579381583895
TE_Barca_dd,10.5,2,47.016579381583895,56.07476770194201
TE_Barca_dd,10.5,1,56.07476770194201,Inf
TE_Barca_dd,10.75,15,0,0.2783409431161106
TE_Barca_dd,10.75,13,0.2783409431161106,1.1842449804888746
TE_Barca_dd,10.75,12,1.1842449804888746,2.65051387659408
TE_Barca_dd,10.75,11,2.65051387659408,4.587436285856326
TE_Barca_dd,10.75,10,4.587436285856326,7.080548594665803
TE_Barca_dd,10.75,9,7.080548594665803,10.19742272851326
TE_Barca_dd,10.75,8,10.19742272851326,13.993060417449891
TE_Barca_dd,10.75,7,13.993060417449891,18.512758712402
TE_Barca_dd,10.75,6,18.512758712402,23.79287922832447
TE_Barca_dd,10.75,5,23.79287922832447,29.862437227477653
TE_Barca_dd,10.75,4,29.862437227477653,36.74329360805322
TE_Barca_dd,10.75,3,36.74329360805322,44.45922482483928
TE_Barca_dd,10.75,2,44.45922482483928,53.02471461908208
TE_Barca_dd,10.75,1,53.02471461908208,Inf
TE_Barca_dd,11,15,0,0.26312377812532006
TE_Barca_dd,11,13,0.26312377812532006,1.1195011764182774
TE_Barca_dd,11,12,1.1195011764182774,2.5056077502995167
TE_Barca_dd,11,11,2.5056077502995167,4.336636759093922
TE_Barca_dd,11,10,4.336636759093922,6.693448233137657
TE_Barca_dd,11,9,6.693448233137657,9.6399198760719
TE_Barca_dd,11,8,9.6399198760719,13.228046420705063
TE_Barca_dd,11,7,13.228046420705063,17.500648484819248
TE_Barca_dd,11,6,17.500648484819248,22.49209975906642
TE_Barca_dd,11,5,22.49209975906642,28.22982921354137
TE_Barca_dd,11,4,28.22982921354137,34.73450259020487
TE_Barca_dd,11,3,34.73450259020487,42.02859646230391
TE_Barca_dd,11,2,42.02859646230391,50.12580273108888
TE_Barca_dd,11,1,50.12580273108888,Inf
TE_Barca_dd,11.25,15,0,0.24869211283881473
TE_Barca_dd,11.25,13,0.24869211283881473,1.058099403876989
TE_Barca_dd,11.25,12,1.058099403876989,2.3681815812508504
TE_Barca_dd,11.25,11,2.3681815812508504,4.098783336805848
TE_Barca_dd,11.25,10,4.098783336805848,6.326329735231948
TE_Barca_dd,11.25,9,6.326329735231948,9.111194951637614
TE_Barca_dd,11.25,8,9.111194951637614,12.50252194082572
TE_Barca_dd,11.25,7,12.50252194082572,16.540782719298967
TE_Barca_dd,11.25,6,16.540782719298967,21.258465668762515
TE_Barca_dd,11.25,5,21.258465668762515,26.681495350511682
TE_Barca_dd,11.25,4,26.681495350511682,32.82940404345991
TE_Barca_dd,11.25,3,32.82940404345991,39.723435538347445
TE_Barca_dd,11.25,2,39.723435538347445,47.376530770690465
TE_Barca_dd,11.25,1,47.376530770690465,Inf
TE_Barca_dd,11.5,15,0,0.23502723842950676
TE_Barca_dd,11.5,13,0.23502723842950676,0.9999600629744686
TE_Barca_dd,11.5,12,0.9999600629744686,2.238057212787302
TE_Barca_dd,11.5,11,2.238057212787302,3.8735676698551567
TE_Barca_dd,11.5,10,3.8735676698551567,5.978717174199937
TE_Barca_dd,11.5,9,5.978717174199937,8.610562523769381
TE_Barca_dd,11.5,8,8.610562523769381,11.815546417573628
TE_Barca_dd,11.5,7,11.815546417573628,15.631917057990737
TE_Barca_dd,11.5,6,15.631917057990737,20.09037768903448
TE_Barca_dd,11.5,5,20.09037768903448,25.21542839626292
TE_Barca_dd,11.5,4,25.21542839626292,31.02552821931365
TE_Barca_dd,11.5,3,31.02552821931365,37.54075366728631
TE_Barca_dd,11.5,2,37.54075366728631,44.773334610679704
TE_Barca_dd,11.5,1,44.773334610679704,Inf
TE_Barca_dd,11.75,15,0,0.22210242952349993
TE_Barca_dd,11.75,13,0.22210242952349993,0.9449694463192955
TE_Barca_dd,11.75,12,0.9449694463192955,2.1149801509047466
TE_Barca_dd,11.75,11,2.1149801509047466,3.6605492868188856
TE_Barca_dd,11.75,10,3.6605492868188856,5.649930697447959
TE_Barca_dd,11.75,9,5.649930697447959,8.137043466890692
TE_Barca_dd,11.75,8,8.137043466890692,11.1657762794692
TE_Barca_dd,11.75,7,11.1657762794692,14.772273961298879
TE_Barca_dd,11.75,6,14.772273961298879,18.985551298619846
TE_Barca_dd,11.75,5,18.985551298619846,23.82876104835339
TE_Barca_dd,11.75,4,23.82876104835339,29.319347135612635
TE_Barca_dd,11.75,3,29.319347135612635,35.476282005776866
TE_Barca_dd,11.75,2,35.476282005776866,42.31112297435787
TE_Barca_dd,11.75,1,42.31112297435787,Inf
TE_Barca_dd,12,15,0,0.2098804883836889
TE_Barca_dd,12,13,0.2098804883836889,0.8929692903370906
TE_Barca_dd,12,12,0.8929692903370906,1.9985961785275874
TE_Barca_dd,12,11,1.9985961785275874,3.4591151185621043
TE_Barca_dd,12,10,3.4591151185621043,5.3390240540637635
TE_Barca_dd,12,9,5.3390240540637635,7.689274988221118
TE_Barca_dd,12,8,7.689274988221118,10.551341481292376
TE_Barca_dd,12,7,10.551341481292376,13.959379367453629
TE_Barca_dd,12,6,13.959379367453629,17.9408067956902
TE_Barca_dd,12,5,17.9408067956902,22.51750246376136
TE_Barca_dd,12,4,22.51750246376136,27.70595038549705
TE_Barca_dd,12,3,27.70595038549705,33.52407898296963
TE_Barca_dd,12,2,33.52407898296963,39.982809591114055
TE_Barca_dd,12,1,39.982809591114055,Inf
TE_Ladro_dd,6,15,0,0.9431346983592591
TE_Ladro_dd,6,13,0.9431346983592591,3.434780368430907
TE_Ladro_dd,6,12,3.434780368430907,7.03164768656145
TE_Ladro_dd,6,11,7.03164768656145,11.738765394348409
TE_Ladro_dd,6,10,11.738765394348409,17.75247351521064
TE_Ladro_dd,6,9,17.75247351521064,25.228726879344165
TE_Ladro_dd,6,8,25.228726879344165,34.294554246621246
TE_Ladro_dd,6,7,34.294554246621246,45.05484538747762
TE_Ladro_dd,6,6,45.05484538747762,57.59406302975722
TE_Ladro_dd,6,5,57.59406302975722,71.97985422717117
TE_Ladro_dd,6,4,71.97985422717117,88.2633754443498
TE_Ladro_dd,6,3,88.2633754443498,106.5005934505568
TE_Ladro_dd,6,2,106.5005934505568,126.72570866740843
TE_Ladro_dd,6,1,126.72570866740843,Inf
TE_Ladro_dd,6.25,15,0,0.911148294166975
TE_Ladro_dd,6.25,13,0.911148294166975,3.3188486729139934
TE_Ladro_dd,6.25,12,3.3188486729139934,6.795310512284244
TE_Ladro_dd,6.25,11,6.795310512284244,11.345355272240283
TE_Ladro_dd,6.25,10,11.345355272240283,17.158790153995604
TE_Ladro_dd,6.25,9,17.158790153995604,24.38641060773535
TE_Ladro_dd,6.25,8,24.38641060773535,33.15104927186266
TE_Ladro_dd,6.25,7,33.15104927186266,43.5541314257115
TE_Ladro_dd,6.25,6,43.5541314257115,55.67732897863442
TE_Ladro_dd,6.25,5,55.67732897863442,69.58605239161628
TE_Ladro_dd,6.25,4,69.58605239161628,85.32976552415809
TE_Ladro_dd,6.25,3,85.32976552415809,102.96258138172362
TE_Ladro_dd,6.25,2,102.96258138172362,122.51756673874299
TE_Ladro_dd,6.25,1,122.51756673874299,Inf
TE_Ladro_dd,6.5,15,0,0.8802491254518326
TE_Ladro_dd,6.5,13,0.8802491254518326,3.2068360553077477
TE_Ladro_dd,6.5,12,3.2068360553077477,6.566924363934268
TE_Ladro_dd,6.5,11,6.566924363934268,10.965136927529654
TE_Ladro_dd,6.5,10,10.965136927529654,16.584965433491202
TE_Ladro_dd,6.5,9,16.584965433491202,23.57221641625731
TE_Ladro_dd,6.5,8,23.57221641625731,32.0456647816399
TE_Ladro_dd,6.5,7,32.0456647816399,42.10338556131197
TE_Ladro_dd,6.5,6,42.10338556131197,53.824351912078995
TE_Ladro_dd,6.5,5,53.824351912078995,67.2718115370498
TE_Ladro_dd,6.5,4,67.2718115370498,82.49359161369176
TE_Ladro_dd,6.5,3,82.49359161369176,99.54201270764503
TE_Ladro_dd,6.5,2,99.54201270764503,118.44904547975224
TE_Ladro_dd,6.5,1,118.44904547975224,Inf
TE_Ladro_dd,6.75,15,0,0.8504026751025222
TE_Ladro_dd,6.75,13,0.8504026751025222,3.098616181128499
TE_Ladro_dd,6.75,12,3.098616181128499,6.346229467827618
TE_Ladro_dd,6.75,11,6.346229467827618,10.597675351961232
TE_Ladro_dd,6.75,10,10.597675351961232,16.03033997488764
TE_Ladro_dd,6.75,9,16.03033997488764,22.78520555460583
TE_Ladro_dd,6.75,8,22.78520555460583,30.9771228690845
TE_Ladro_dd,6.75,7,30.9771228690845,40.70092699554807
TE_Ladro_dd,6.75,6,40.70092699554807,52.03298122486237
TE_Ladro_dd,6.75,5,52.03298122486237,65.03444179270153
TE_Ladro_dd,6.75,4,65.03444179270153,79.75155319512494
TE_Ladro_dd,6.75,3,79.75155319512494,96.23490278126921
TE_Ladro_dd,6.75,2,96.23490278126921,114.5154013494431
TE_Ladro_dd,6.75,1,114.5154013494431,Inf
TE_Ladro_dd,7,15,0,0.821575996206371
TE_Ladro_dd,7,13,0.821575996206371,2.9940679151860605
TE_Ladro_dd,7,12,2.9940679151860605,6.13297576533318
TE_Ladro_dd,7,11,6.13297576533318,10.24255069380511
TE_Ladro_dd,7,10,10.24255069380511,15.494276131348544
TE_Ladro_dd,7,9,15.494276131348544,22.024468851604887
TE_Ladro_dd,7,8,22.024468851604887,29.944184431652392
TE_Ladro_dd,7,7,29.944184431652392,39.34512442481252
TE_Ladro_dd,7,6,39.34512442481252,50.301128034797166
TE_Ladro_dd,7,5,50.301128034797166,62.8713288344982
TE_Ladro_dd,7,4,62.8713288344982,77.10044076223353
TE_Ladro_dd,7,3,77.10044076223353,93.03737512498753
TE_Ladro_dd,7,2,93.03737512498753,110.71201785943168
TE_Ladro_dd,7,1,110.71201785943168,Inf
TE_Ladro_dd,7.25,15,0,0.7937370796566261
TE_Ladro_dd,7.25,13,0.7937370796566261,2.893073658595825
TE_Ladro_dd,7.25,12,2.893073658595825,5.926920650734138
TE_Ladro_dd,7.25,11,5.926920650734138,9.899355782977686
TE_Ladro_dd,7.25,10,9.899355782977686,14.976155699704535
TE_Ladro_dd,7.25,9,14.976155699704535,21.28912505707229
TE_Ladro_dd,7.25,8,21.28912505707229,28.945648630060667
TE_Ladro_dd,7.25,7,28.945648630060667,38.03439713963823
TE_Ladro_dd,7.25,6,38.03439713963823,48.62676847273532
TE_Ladro_dd,7.25,5,48.62676847273532,60.779939937678364
TE_Ladro_dd,7.25,4,60.779939937678364,74.53714522152208
TE_Ladro_dd,7.25,3,74.53714522152208,89.94567477947342
TE_Ladro_dd,7.25,2,89.94567477947342,107.03442347685902
TE_Ladro_dd,7.25,1,107.03442347685902,Inf
TE_Ladro_dd,7.5,15,0,0.7668549346001697
TE_Ladro_dd,7.5,13,0.7668549346001697,2.795519525551621
TE_Ladro_dd,7.5,12,2.795519525551621,5.727829126078396
TE_Ladro_dd,7.5,11,5.727829126078396,9.567696154159517
TE_Ladro_dd,7.5,10,9.567696154159517,14.475379692725756
TE_Ladro_dd,7.5,9,14.475379692725756,20.57832023057876
TE_Ladro_dd,7.5,8,20.57832023057876,27.980351748510433
TE_Ladro_dd,7.5,7,27.980351748510433,36.767213201089604
TE_Ladro_dd,7.5,6,36.767213201089604,47.007941011769034
TE_Ladro_dd,7.5,5,47.007941011769034,58.757820289272146
TE_Ladro_dd,7.5,4,58.757820289272146,72.05865301403756
TE_Ladro_dd,7.5,3,72.05865301403756,86.95616205646849
TE_Ladro_dd,7.5,2,86.95616205646849,103.47828382726095
TE_Ladro_dd,7.5,1,103.47828382726095,Inf
TE_Ladro_dd,7.75,15,0,0.7408988386689627
TE_Ladro_dd,7.75,13,0.7408988386689627,2.7012935324403244
TE_Ladro_dd,7.75,12,2.7012935324403244,5.5354717370629105
TE_Ladro_dd,7.75,11,5.5354717370629105,9.24718847593542
TE_Ladro_dd,7.75,10,9.24718847593542,13.991368060684184
TE_Ladro_dd,7.75,9,13.991368060684184,19.8912296454157
TE_Ladro_dd,7.75,8,19.8912296454157,27.047172255391608
TE_Ladro_dd,7.75,7,27.047172255391608,35.542098702658116
TE_Ladro_dd,7.75,6,35.542098702658116,45.44276102949942
TE_Ladro_dd,7.75,5,45.44276102949942,56.80261399141969
TE_Ladro_dd,7.75,4,56.80261399141969,69.66207472973106
TE_Ladro_dd,7.75,3,69.66207472973106,84.06534996292717
TE_Ladro_dd,7.75,2,84.06534996292717,100.03944914339974
TE_Ladro_dd,7.75,1,100.03944914339974,Inf
TE_Ladro_dd,8,15,0,0.7158391926676342
TE_Ladro_dd,8,13,0.7158391926676342,2.6102876554477974
TE_Ladro_dd,8,12,2.6102876554477974,5.349626902302307
TE_Ladro_dd,8,11,5.349626902302307,8.93746229341031
TE_Ladro_dd,8,10,8.93746229341031,13.523559928538422
TE_Ladro_dd,8,9,13.523559928538422,19.227055497435376
TE_Ladro_dd,8,8,19.227055497435376,26.1450248641326
TE_Ladro_dd,8,7,26.1450248641326,34.35762698301918
TE_Ladro_dd,8,6,34.35762698301918,43.92940390976787
TE_Ladro_dd,8,5,43.92940390976787,54.912039741472995
TE_Ladro_dd,8,4,54.912039741472995,67.34461202161788
TE_Ladro_dd,8,3,67.34461202161788,81.269860971833907
TE_Ladro_dd,8,2,81.269860971833907,96.7138994967099
TE_Ladro_dd,8,1,96.7138994967099,Inf
TE_Ladro_dd,8.25,15,0,0.6916474954239715
TE_Ladro_dd,8.25,13,0.6916474954239715,2.5223976741129253
TE_Ladro_dd,8.25,12,2.5223976741129253,5.170080477420812
TE_Ladro_dd,8.25,11,5.170080477420812,8.638159168895458
TE_Ladro_dd,8.25,10,8.638159168895458,13.071412149448747
TE_Ladro_dd,8.25,9,13.071412149448747,18.58502468843945
TE_Ladro_dd,8.25,8,18.58502468843945,25.272857347143947
TE_Ladro_dd,8.25,7,25.272857347143947,33.21241425766315
TE_Ladro_dd,8.25,6,33.21241425766315,42.4660992683134
TE_Ladro_dd,8.25,5,42.4660992683134,53.08388341953621
TE_Ladro_dd,8.25,4,53.08388341953621,65.10354831678468
TE_Ladro_dd,8.25,3,65.10354831678468,78.5664156116296
TE_Ladro_dd,8.25,2,78.5664156116296,93.49773101614139
TE_Ladro_dd,8.25,1,93.49773101614139,Inf
TE_Ladro_dd,8.5,15,0,0.668296044989183
TE_Ladro_dd,8.5,13,0.668296044989183,2.4375223549888827
TE_Ladro_dd,8.5,12,2.4375223549888827,4.99662456991864
TE_Ladro_dd,8.5,11,4.99662456991864,8.348931258646907
TE_Ladro_dd,8.5,10,8.348931258646907,12.63439777377458
TE_Ladro_dd,8.5,9,12.63439777377458,17.964387332089906
TE_Ladro_dd,8.5,8,17.964387332089906,24.429649237983284
TE_Ladro_dd,8.5,7,24.429649237983284,32.10511868891428
TE_Ladro_dd,8.5,6,32.10511868891428,41.05113057159717
TE_Ladro_dd,8.5,5,41.05113057159717,51.31599844383912
TE_Ladro_dd,8.5,4,51.31599844383912,62.936250100577524
TE_Ladro_dd,8.5,3,62.936250100577524,75.9518348754383
TE_Ladro_dd,8.5,2,75.9518348754383,90.38715962065054
TE_Ladro_dd,8.5,1,90.38715962065054,Inf
TE_Ladro_dd,8.75,15,0,0.6457568222848901
TE_Ladro_dd,8.75,13,0.6457568222848901,2.3555608250818425
TE_Ladro_dd,8.75,12,2.3555608250818425,4.829054734681163
TE_Ladro_dd,8.75,11,4.829054734681163,8.069439568959057
TE_Ladro_dd,8.75,10,8.069439568959057,12.212006699415294
TE_Ladro_dd,8.75,9,12.212006699415294,17.36442128442264
TE_Ladro_dd,8.75,8,17.36442128442264,23.614421868217015
TE_Ladro_dd,8.75,7,23.614421868217015,31.034457671833785
TE_Ladro_dd,8.75,6,31.034457671833785,39.6828615055189
TE_Ladro_dd,8.75,5,39.6828615055189,49.6063431252993
TE_Ladro_dd,8.75,4,49.6063431252993,60.840217209172884
TE_Ladro_dd,8.75,3,60.840217209172884,73.423105452333
TE_Ladro_dd,8.75,2,73.423105452333,87.37860321729022
TE_Ladro_dd,8.75,1,87.37860321729022,Inf
TE_Ladro_dd,9,15,0,0.6239990025704151
TE_Ladro_dd,9,13,0.6239990025704151,2.276406600528696
TE_Ladro_dd,9,12,2.276406600528696,4.667163277523635
TE_Ladro_dd,9,11,4.667163277523635,7.799349091831957
TE_Ladro_dd,9,10,7.799349091831957,11.803745383156171
TE_Ladro_dd,9,9,11.803745383156171,16.78443948719852
TE_Ladro_dd,9,8,16.78443948719852,22.826256688719642
TE_Ladro_dd,9,7,22.826256688719642,29.999240720057237
TE_Ladro_dd,9,6,29.999240720057237,38.359787200238706
TE_Ladro_dd,9,5,38.359787200238706,47.95305414829437
TE_Ladro_dd,9,4,47.95305414829437,58.81318258405484
TE_Ladro_dd,9,3,58.81318258405484,70.97750987229044
TE_Ladro_dd,9,2,70.97750987229044,84.4688464091715
TE_Ladro_dd,9,1,84.4688464091715,Inf
TE_Ladro_dd,9.25,15,0,0.6029896878818857
TE_Ladro_dd,9.25,13,0.6029896878818857,2.199949326934653
TE_Ladro_dd,9.25,12,2.199949326934653,4.510741164873748
TE_Ladro_dd,9.25,11,4.510741164873748,7.53833011149049
TE_Ladro_dd,9.25,10,7.53833011149049,11.40913671541855
TE_Ladro_dd,9.25,9,11.40913671541855,16.22378748847202
TE_Ladro_dd,9.25,8,16.22378748847202,22.064289426766134
TE_Ladro_dd,9.25,7,22.064289426766134,28.99835917783161
TE_Ladro_dd,9.25,6,28.99835917783161,37.08051835906184
TE_Ladro_dd,9.25,5,37.08051835906184,46.354423935335376
TE_Ladro_dd,9.25,4,46.354423935335376,56.853081660967135
TE_Ladro_dd,9.25,3,56.853081660967135,68.61258667790332
TE_Ladro_dd,9.25,2,68.61258667790332,81.65499019146759
TE_Ladro_dd,9.25,1,81.65499019146759,Inf
TE_Ladro_dd,9.5,15,0,0.5826974115303531
TE_Ladro_dd,9.5,13,0.5826974115303531,2.1260831738888397
TE_Ladro_dd,9.5,12,2.1260831738888397,4.359587401518982
TE_Ladro_dd,9.5,11,4.359587401518982,7.286064946375953
TE_Ladro_dd,9.5,10,7.286064946375953,11.027720243878683
TE_Ladro_dd,9.5,9,11.027720243878683,15.68183282310088
TE_Ladro_dd,9.5,8,15.68183282310088,21.3276838893076
TE_Ladro_dd,9.5,7,21.3276838893076,28.03073937169388
TE_Ladro_dd,9.5,6,28.03073937169388,35.84370841848326
TE_Ladro_dd,9.5,5,35.84370841848326,44.80879627381416
TE_Ladro_dd,9.5,4,44.80879627381416,54.9579107790542
TE_Ladro_dd,9.5,3,54.9579107790542,66.32594579138791
TE_Ladro_dd,9.5,2,66.32594579138791,78.934218372761
TE_Ladro_dd,9.5,1,78.934218372761,Inf
TE_Ladro_dd,9.75,15,0,0.5630933044922196
TE_Ladro_dd,9.75,13,0.5630933044922196,2.054709550709694
TE_Ladro_dd,9.75,12,2.054709550709694,4.213511849371455
TE_Ladro_dd,9.75,11,4.213511849371455,7.042249521743734
TE_Ladro_dd,9.75,10,7.042249521743734,10.659051043679636
TE_Ladro_dd,9.75,9,10.659051043679636,15.157959557620657
TE_Ladro_dd,9.75,8,15.157959557620657,20.61562040648041
TE_Ladro_dd,9.75,7,20.61562040648041,27.095323049470544
TE_Ladro_dd,9.75,6,27.095323049470544,34.64802398013476
TE_Ladro_dd,9.75,5,34.64802398013476,43.3145246627021
TE_Ladro_dd,9.75,4,43.3145246627021,53.12567131038476
TE_Ladro_dd,9.75,3,53.12567131038476,64.11519624181682
TE_Ladro_dd,9.75,2,64.11519624181682,76.30370668473282
TE_Ladro_dd,9.75,1,76.30370668473282,Inf
TE_Ladro_dd,10,15,0,0.5441510857911046
TE_Ladro_dd,10,13,0.5441510857911046,1.9857371300187237
TE_Ladro_dd,10,12,1.9857371300187237,4.0723353781554845
TE_Ladro_dd,10,11,4.0723353781554845,6.806593734717858
TE_Ladro_dd,10,10,6.806593734717858,10.302700394107156
TE_Ladro_dd,10,9,10.302700394107156,14.651569386777188
TE_Ladro_dd,10,8,14.651569386777188,19.92729746584621
TE_Ladro_dd,10,7,19.92729746584621,26.191069678091218
TE_Ladro_dd,10,6,26.191069678091218,33.492147904424705
TE_Ladro_dd,10,5,33.492147904424705,41.8699763392718
TE_Ladro_dd,10,4,41.8699763392718,51.354374760691925
TE_Ladro_dd,10,3,51.354374760691925,61.97795248466139
TE_Ladro_dd,10,2,61.97795248466139,73.76063046757174
TE_Ladro_dd,10,1,73.76063046757174,Inf
TE_Ladro_dd,10.25,15,0,0.5258468033287089
TE_Ladro_dd,10.25,13,0.5258468033287089,1.9190812322373503
TE_Ladro_dd,10.25,12,1.9190812322373503,3.935889190622066
TE_Ladro_dd,10.25,11,3.935889190622066,6.578820993594711
TE_Ladro_dd,10.25,10,6.578820993594711,9.958255825146502
TE_Ladro_dd,10.25,9,9.958255825146502,14.162082513655491
TE_Ladro_dd,10.25,8,14.162082513655491,19.261933783127972
TE_Ladro_dd,10.25,7,19.261933783127972,25.31696008752717
TE_Ladro_dd,10.25,6,25.31696008752717,32.37478493026228
TE_Ladro_dd,10.25,5,32.37478493026228,40.4735402923866
TE_Ladro_dd,10.25,4,40.4735402923866,49.642053604780536
TE_Ladro_dd,10.25,3,49.642053604780536,59.911848498487586
TE_Ladro_dd,10.25,2,59.911848498487586,71.30218247312797
TE_Ladro_dd,10.25,1,71.30218247312797,Inf
TE_Ladro_dd,10.5,15,0,0.5081584076128431
TE_Ladro_dd,10.5,13,0.5081584076128431,1.8546627545454355
TE_Ladro_dd,10.5,12,1.8546627545454355,3.8040134893461963
TE_Ladro_dd,10.5,11,3.8040134893461963,6.358666971944674
TE_Ladro_dd,10.5,10,6.358666971944674,9.625320328526694
TE_Ladro_dd,10.5,9,9.625320328526694,13.688937728938543
TE_Ladro_dd,10.5,8,13.688937728938543,18.618769700300795
TE_Ladro_dd,10.5,7,18.618769700300795,24.471999671080773
TE_Ladro_dd,10.5,6,24.471999671080773,31.294667186386164
TE_Ladro_dd,10.5,5,31.294667186386164,39.12363561289769
TE_Ladro_dd,10.5,4,39.12363561289769,47.98677301746075
TE_Ladro_dd,10.5,3,47.98677301746075,57.914553450865256
TE_Ladro_dd,10.5,2,57.914553450865256,68.92559302743436
TE_Ladro_dd,10.5,1,68.92559302743436,Inf
TE_Ladro_dd,10.75,15,0,0.4910652600023075
TE_Ladro_dd,10.75,13,0.4910652600023075,1.7924069063652306
TE_Ladro_dd,10.75,12,1.7924069063652306,3.6765558284384317
TE_Ladro_dd,10.75,11,3.6765558284384317,6.145877929999165
TE_Ladro_dd,10.75,10,6.145877929999165,9.303511019322034
TE_Ladro_dd,10.75,9,9.303511019322034,13.231591824866538
TE_Ladro_dd,10.75,8,13.231591824866538,17.997067803878434
TE_Ladro_dd,10.75,7,17.997067803878434,23.65522069312663
TE_Ladro_dd,10.75,6,23.65522069312663,30.25055869939458
TE_Ladro_dd,10.75,5,30.25055869939458,37.81871873204808
TE_Ladro_dd,10.75,4,37.81871873204808,46.38664138578998
TE_Ladro_dd,10.75,3,46.38664138578998,55.98378604064459
TE_Ladro_dd,10.75,2,55.98378604064459,66.62814876619254
TE_Ladro_dd,10.75,1,66.62814876619254,Inf
TE_Ladro_dd,11,15,0,0.4745474485113623
TE_Ladro_dd,11,13,0.4745474485113623,1.7322414957573047
TE_Ladro_dd,11,12,1.7322414957573047,3.553368996671545
TE_Ladro_dd,11,11,3.553368996671545,5.940208769661662
TE_Ladro_dd,11,10,5.940208769661662,8.992457972748134
TE_Ladro_dd,11,9,8.992457972748134,12.78951989278889
TE_Ladro_dd,11,8,12.78951989278889,17.39611542722649
TE_Ladro_dd,11,7,17.39611542722649,22.865687794273494
TE_Ladro_dd,11,6,22.865687794273494,29.241264741905503
TE_Ladro_dd,11,5,29.241264741905503,36.55729748447423
TE_Ladro_dd,11,4,36.55729748447423,44.83982998096912
TE_Ladro_dd,11,3,44.83982998096912,54.117340694271306
TE_Ladro_dd,11,2,54.117340694271306,64.40722628295731
TE_Ladro_dd,11,1,64.40722628295731,Inf
TE_Ladro_dd,11.25,15,0,0.45858557192391314
TE_Ladro_dd,11.25,13,0.45858557192391314,1.6740963688476904
TE_Ladro_dd,11.25,12,1.6740963688476904,3.4343102734962314
TE_Ladro_dd,11.25,11,3.4343102734962314,5.741422253743768
TE_Ladro_dd,11.25,10,5.741422253743768,8.691803559791706
TE_Ladro_dd,11.25,9,8.691803559791706,12.362214945589923
TE_Ladro_dd,11.25,8,12.362214945589923,16.815224746763
TE_Ladro_dd,11.25,7,16.815224746763,22.102498762114003
TE_Ladro_dd,11.25,6,22.102498762114003,28.26563348930342
TE_Ladro_dd,11.25,5,28.26563348930342,35.33793387036485
TE_Ladro_dd,11.25,4,35.33793387036485,43.344577050842226
TE_Ladro_dd,11.25,3,43.344577050842226,52.31309321876474
TE_Ladro_dd,11.25,2,52.31309321876474,62.26029957556566
TE_Ladro_dd,11.25,1,62.26029957556566,Inf
TE_Ladro_dd,11.5,15,0,0.44316089113908713
TE_Ladro_dd,11.5,13,0.44316089113908713,1.6179037265460152
TE_Ladro_dd,11.5,12,1.6179037265460152,3.3192416581241257
TE_Ladro_dd,11.5,11,3.3192416581241257,5.549288909320881
TE_Ladro_dd,11.5,10,5.549288909320881,8.401201764799143
TE_Ladro_dd,11.5,9,8.401201764799143,11.94918635953768
TE_Ladro_dd,11.5,8,11.94918635953768,16.253730031070464
TE_Ladro_dd,11.5,7,16.253730031070464,21.364780248175393
TE_Ladro_dd,11.5,6,21.364780248175393,27.32254984749519
TE_Ladro_dd,11.5,5,27.32254984749519,34.159235623488016
TE_Ladro_dd,11.5,4,34.159235623488016,41.89917674798221
TE_Ladro_dd,11.5,3,41.89917674798221,50.56898669991492
TE_Ladro_dd,11.5,2,50.56898669991492,60.18492251891041
TE_Ladro_dd,11.5,1,60.18492251891041,Inf
TE_Ladro_dd,11.75,15,0,0.4282551829409429
TE_Ladro_dd,11.75,13,0.4282551829409429,1.5635976667384628
TE_Ladro_dd,11.75,12,1.5635976667384628,3.2080290659967945
TE_Ladro_dd,11.75,11,3.2080290659967945,5.3635858390746645
TE_Ladro_dd,11.75,10,5.3635858390746645,8.120316558898695
TE_Ladro_dd,11.75,9,8.120316558898695,11.54995775034072
TE_Ladro_dd,11.75,8,11.54995775034072,15.710984955567108
TE_Ladro_dd,11.75,7,15.710984955567108,20.651684453443103
TE_Ladro_dd,11.75,6,20.651684453443103,26.410931438366504
TE_Ladro_dd,11.75,5,26.410931438366504,33.01985142293984
TE_Ladro_dd,11.75,4,33.01985142293984,40.50197349186391
TE_Ladro_dd,11.75,3,40.50197349186391,48.88302493630289
TE_Ladro_dd,11.75,2,48.88302493630289,58.17872129045994
TE_Ladro_dd,11.75,1,58.17872129045994,Inf
TE_Ladro_dd,12,15,0,0.41385093298531295
TE_Ladro_dd,12,13,0.41385093298531295,1.5111147152650797
TE_Ladro_dd,12,12,1.5111147152650797,3.100543108325268
TE_Ladro_dd,12,11,3.100543108325268,5.1840976711613145
TE_Ladro_dd,12,10,5.1840976711613145,7.848822942881533
TE_Ladro_dd,12,9,7.848822942881533,11.164068023287818
TE_Ladro_dd,12,8,11.164068023287818,15.186363565341042
TE_Ladro_dd,12,7,15.186363565341042,19.962389901970624
TE_Ladro_dd,12,6,19.962389901970624,25.529729076659144
TE_Ladro_dd,12,5,25.529729076659144,31.918470961748312
TE_Ladro_dd,12,4,31.918470961748312,39.15136151499487
TE_Ladro_dd,12,3,39.15136151499487,47.25327134647807
TE_Ladro_dd,12,2,47.25327134647807,56.239392520873444
TE_Ladro_dd,12,1,56.239392520873444,Inf
TEdd_Mean,6,17,0,0.32181481981925536
TEdd_Mean,6,15,0.32181481981925536,1.7560571316198472
TEdd_Mean,6,14,1.7560571316198472,4.061351702749221
TEdd_Mean,6,13,4.061351702749221,6.730799201226897
TEdd_Mean,6,12,6.730799201226897,10.046332828494643
TEdd_Mean,6,11,10.046332828494643,14.143398563083895
TEdd_Mean,6,10,14.143398563083895,19.12489279943665
TEdd_Mean,6,9,19.12489279943665,25.075254973359506
TEdd_Mean,6,8,25.075254973359506,32.06446692551796
TEdd_Mean,6,7,32.06446692551796,40.15205070431683
TEdd_Mean,6,6,40.15205070431683,49.38732171130026
TEdd_Mean,6,5,49.38732171130026,59.8110364150028
TEdd_Mean,6,4,59.8110364150028,71.45489344429274
TEdd_Mean,6,3,71.45489344429274,84.3558246169033
TEdd_Mean,6,2,84.3558246169033,98.53671174381162
TEdd_Mean,6,1,98.53671174381162,Inf
TEdd_Mean,6.25,17,0,0.29451537132114497
TEdd_Mean,6.25,15,0.29451537132114497,1.6407807585098748
TEdd_Mean,6.25,14,1.6407807585098748,3.835025401083175
TEdd_Mean,6.25,13,3.835025401083175,6.400601675731556
TEdd_Mean,6.25,12,6.400601675731556,9.60360714428348
TEdd_Mean,6.25,11,9.60360714428348,13.57612367671922
TEdd_Mean,6.25,10,13.57612367671922,18.41955682108496
TEdd_Mean,6.25,9,18.41955682108496,24.217448246490953
TEdd_Mean,6.25,8,24.217448246490953,31.039123477813988
TEdd_Mean,6.25,7,31.039123477813988,38.94352396631116
TEdd_Mean,6.25,6,38.94352396631116,47.97944804155344
TEdd_Mean,6.25,5,47.97944804155344,58.18718079399183
TEdd_Mean,6.25,4,58.18718079399183,69.59802151803177
TEdd_Mean,6.25,3,69.59802151803177,82.24832419876515
TEdd_Mean,6.25,2,82.24832419876515,96.160605283341
TEdd_Mean,6.25,1,96.160605283341,Inf
TEdd_Mean,6.5,17,0,0.26923581104974276
TEdd_Mean,6.5,15,0.26923581104974276,1.5321896139524944
TEdd_Mean,6.5,14,1.5321896139524944,3.6197084098377266
TEdd_Mean,6.5,13,3.6197084098377266,6.084647702218902
TEdd_Mean,6.5,12,6.084647702218902,9.178238182695683
TEdd_Mean,6.5,11,9.178238182695683,13.029366476055156
TEdd_Mean,6.5,10,13.029366476055156,17.738011466118056
TEdd_Mean,6.5,9,17.738011466118056,23.38684793708013
TEdd_Mean,6.5,8,23.38684793708013,30.044561466757372
TEdd_Mean,6.5,7,30.044561466757372,37.76952274497715
TEdd_Mean,6.5,6,37.76952274497715,46.61001898535288
TEdd_Mean,6.5,5,46.61001898535288,56.605867782768954
TEdd_Mean,6.5,4,56.605867782768954,67.787971440088
TEdd_Mean,6.5,3,67.787971440088,80.19211181487682
TEdd_Mean,6.5,2,80.19211181487682,93.84044242387213
TEdd_Mean,6.5,1,93.84044242387213,Inf
TEdd_Mean,6.75,17,0,0.24583925669210685
TEdd_Mean,6.75,15,0.24583925669210685,1.4298829626655452
TEdd_Mean,6.75,14,1.4298829626655452,3.4147819828271335
TEdd_Mean,6.75,13,3.4147819828271335,5.78212915846127
TEdd_Mean,6.75,12,5.78212915846127,8.769206074182343
TEdd_Mean,6.75,11,8.769206074182343,12.501861248046591
TEdd_Mean,6.75,10,12.501861248046591,17.078704453599766
TEdd_Mean,6.75,9,17.078704453599766,22.5815697502456
TEdd_Mean,6.75,8,22.5815697502456,29.078515498178277
TEdd_Mean,6.75,7,29.078515498178277,36.6273484872137
TEdd_Mean,6.75,6,36.6273484872137,45.27584837396508
TEdd_Mean,6.75,5,45.27584837396508,55.06336720388704
TEdd_Mean,6.75,4,55.06336720388704,66.02041116208962
TEdd_Mean,6.75,3,66.02041116208962,78.1821939439906
TEdd_Mean,6.75,2,78.1821939439906,91.57050754011962
TEdd_Mean,6.75,1,91.57050754011962,Inf
TEdd_Mean,7,17,0,0.22418886855778536
TEdd_Mean,7,15,0.22418886855778536,1.3334310898113868
TEdd_Mean,7,14,1.3334310898113868,3.219532609987625
TEdd_Mean,7,13,3.219532609987625,5.4920577044742975
TEdd_Mean,7,12,5.4920577044742975,8.375198453188027
TEdd_Mean,7,11,8.375198453188027,11.9919055814688
TEdd_Mean,7,10,11.9919055814688,16.43946641238513
TEdd_Mean,7,9,16.43946641238513,21.798892102084086
TEdd_Mean,7,8,21.798892102084086,28.137619856655945
TEdd_Mean,7,7,28.137619856655945,35.51289389011851
TEdd_Mean,7,6,35.51289389011851,43.97198535608578
TEdd_Mean,7,5,43.97198535608578,53.55377903621128
TEdd_Mean,7,4,53.55377903621128,64.2883830747678
TEdd_Mean,7,3,64.2883830747678,76.21044372604683
TEdd_Mean,7,2,76.21044372604683,89.34139090037439
TEdd_Mean,7,1,89.34139090037439,Inf
TEdd_Mean,7.25,17,0,0.20414922384156348
TEdd_Mean,7.25,15,0.20414922384156348,1.2423798820119587
TEdd_Mean,7.25,14,1.2423798820119587,3.033157985593376
TEdd_Mean,7.25,13,3.033157985593376,5.213268073369244
TEdd_Mean,7.25,12,5.213268073369244,7.9946071964718435
TEdd_Mean,7.25,11,7.9946071964718435,11.497346010148494
TEdd_Mean,7.25,10,11.497346010148494,15.817480177561665
TEdd_Mean,7.25,9,15.817480177561665,21.03520317745374
TEdd_Mean,7.25,8,21.03520317745374,27.217326891634332
TEdd_Mean,7.25,7,27.217326891634332,34.42052573451505
TEdd_Mean,7.25,6,34.42052573451505,42.69155444004295
TEdd_Mean,7.25,5,42.69155444004295,52.068823145106094
TEdd_Mean,7.25,4,52.068823145106094,62.5820356961911
TEdd_Mean,7.25,3,62.5820356961911,74.26526666143897
TEdd_Mean,7.25,2,74.26526666143897,87.13958029891037
TEdd_Mean,7.25,1,87.13958029891037,Inf
TEdd_Mean,7.5,17,0,0.18558721373705583
TEdd_Mean,7.5,15,0.18558721373705583,1.1562528979895945
TEdd_Mean,7.5,14,1.1562528979895945,2.854766937422047
TEdd_Mean,7.5,13,2.854766937422047,4.944410598579049
TEdd_Mean,7.5,12,4.944410598579049,7.625507895255784
TEdd_Mean,7.5,11,7.625507895255784,11.0155377034652
TEdd_Mean,7.5,10,11.0155377034652,15.209212916569408
TEdd_Mean,7.5,9,15.209212916569408,20.28589677443957
TEdd_Mean,7.5,8,20.28589677443957,26.31175707843105
TEdd_Mean,7.5,7,26.31175707843105,33.342879011541584
TEdd_Mean,7.5,6,33.342879011541584,41.425483015687476
TEdd_Mean,7.5,5,41.425483015687476,50.59748911876768
TEdd_Mean,7.5,4,50.59748911876768,60.88818443588078
TEdd_Mean,7.5,3,60.88818443588078,72.33106059378214
TEdd_Mean,7.5,2,72.33106059378214,84.94680835370878
TEdd_Mean,7.5,1,84.94680835370878,Inf
TEdd_Mean,7.75,17,0,0.1683828005730828
TEdd_Mean,7.75,15,0.1683828005730828,1.0746175818205999
TEdd_Mean,7.75,14,1.0746175818205999,2.683540542437447
TEdd_Mean,7.75,13,2.683540542437447,4.684225769482049
TEdd_Mean,7.75,12,4.684225769482049,7.2660772085730585
TEdd_Mean,7.75,11,7.2660772085730585,10.543939734750069
TEdd_Mean,7.75,10,10.543939734750069,14.611228932642874
TEdd_Mean,7.75,9,14.611228932642874,19.546446002176694
TEdd_Mean,7.75,8,19.546446002176694,25.4150800883508
TEdd_Mean,7.75,7,25.4150800883508,32.272594504400445
TEdd_Mean,7.75,6,32.272594504400445,40.164646797107125
TEdd_Mean,7.75,5,40.164646797107125,49.12864274998584
TEdd_Mean,7.75,4,49.12864274998584,59.193433717462504
TEdd_Mean,7.75,3,59.193433717462504,70.39190972760386
TEdd_Mean,7.75,2,70.39190972760386,82.74437569926755
TEdd_Mean,7.75,1,82.74437569926755,Inf
TEdd_Mean,8,17,0,0.152423951374548
TEdd_Mean,8,15,0.152423951374548,0.9970559452966127
TEdd_Mean,8,14,0.9970559452966127,2.518660830310747
TEdd_Mean,8,13,2.518660830310747,4.431420131726097
TEdd_Mean,8,12,4.431420131726097,6.9143996276060555
TEdd_Mean,8,11,6.9143996276060555,10.079832936436674
TEdd_Mean,8,10,10.079832936436674,14.01979600139325
TEdd_Mean,8,9,14.01979600139325,18.8118731026494
TEdd_Mean,8,8,18.8118731026494,24.52082111751605
TEdd_Mean,8,7,24.52082111751605,31.201432983884764
TEdd_Mean,8,6,31.201432983884764,38.89876188989689
TEdd_Mean,8,5,38.89876188989689,47.64966488221725
TEdd_Mean,8,4,47.64966488221725,57.48253067214991
TEdd_Mean,8,3,57.48253067214991,68.42962029575621
TEdd_Mean,8,2,68.42962029575621,80.51083517733609
TEdd_Mean,8,1,80.51083517733609,Inf
TEdd_Mean,8.25,17,0,0.13760864741925047
TEdd_Mean,8.25,15,0.13760864741925047,0.9231790485746719
TEdd_Mean,8.25,14,0.9231790485746719,2.3593472203012267
TEdd_Mean,8.25,13,2.3593472203012267,4.18472815976725
TEdd_Mean,8.25,12,4.18472815976725,6.568560176808022
TEdd_Mean,8.25,11,6.568560176808022,9.620449648463918
TEdd_Mean,8.25,10,9.620449648463918,13.431058966340268
TEdd_Mean,8.25,9,13.431058966340268,18.076974165805844
TEdd_Mean,8.25,8,18.076974165805844,23.622144398190347
TEdd_Mean,8.25,7,23.622144398190347,30.120625558172044
TEdd_Mean,8.25,6,30.120625558172044,37.6168103426951
TEdd_Mean,8.25,5,37.6168103426951,46.1469608068013
TEdd_Mean,8.25,4,46.1469608068013,55.73896725470635
TEdd_Mean,8.25,3,55.73896725470635,66.42442455079575
TEdd_Mean,8.25,2,66.42442455079575,78.2228070418687
TEdd_Mean,8.25,1,78.2228070418687,Inf
TEdd_Mean,8.5,17,0,0.12384852515641118
TEdd_Mean,8.5,15,0.12384852515641118,0.8526554436736766
TEdd_Mean,8.5,14,0.8526554436736766,2.204932066947665
TEdd_Mean,8.5,13,2.204932066947665,3.943047517161715
TEdd_Mean,8.5,12,3.943047517161715,6.22685676272756
TEdd_Mean,8.5,11,6.22685676272756,9.163283600040634
TEdd_Mean,8.5,10,9.163283600040634,12.84147011371899
TEdd_Mean,8.5,9,12.84147011371899,17.33689508666422
TEdd_Mean,8.5,8,17.33689508666422,22.712601621238285
TEdd_Mean,8.5,7,22.712601621238285,29.02182298309299
TEdd_Mean,8.5,6,29.02182298309299,36.3082200507164
TEdd_Mean,8.5,5,36.3082200507164,44.60740152896962
TEdd_Mean,8.5,4,44.60740152896962,53.94671447046566
TEdd_Mean,8.5,3,53.94671447046566,64.357040507107385
TEdd_Mean,8.5,2,64.357040507107385,75.85739736549627
TEdd_Mean,8.5,1,75.85739736549627,Inf
TEdd_Mean,8.75,17,0,0.11108288968212532
TEdd_Mean,8.75,15,0.11108288968212532,0.7853184999347749
TEdd_Mean,8.75,14,0.7853184999347749,2.0551491214140745
TEdd_Mean,8.75,13,2.0551491214140745,3.7059663755236825
TEdd_Mean,8.75,12,3.7059663755236825,5.888644857843886
TEdd_Mean,8.75,11,5.888644857843886,8.707345432728685
TEdd_Mean,8.75,10,8.707345432728685,12.249561678841902
TEdd_Mean,8.75,9,12.249561678841902,16.589537985935507
TEdd_Mean,8.75,8,16.589537985935507,21.78929823476561
TEdd_Mean,8.75,7,21.78929823476561,27.901155437120888
TEdd_Mean,8.75,6,27.901155437120888,34.967957869968735
TEdd_Mean,8.75,5,34.967957869968735,43.02459519301742
TEdd_Mean,8.75,4,43.02459519301742,52.09782100598325
TEdd_Mean,8.75,3,52.09782100598325,62.21775108783169
TEdd_Mean,8.75,2,62.21775108783169,73.40291373446227
TEdd_Mean,8.75,1,73.40291373446227,Inf
TEdd_Mean,9,17,0,0.0992926071406043
TEdd_Mean,9,15,0.0992926071406043,0.7212923500460506
TEdd_Mean,9,14,0.7212923500460506,1.9104944371895334
TEdd_Mean,9,13,1.9104944371895334,3.4744524298209347
TEdd_Mean,9,12,3.4744524298209347,5.555476175814679
TEdd_Mean,9,11,5.555476175814679,8.254896083884207
TEdd_Mean,9,10,8.254896083884207,11.658439475295932
TEdd_Mean,9,9,11.658439475295932,15.83899820095897
TEdd_Mean,9,8,15.83899820095897,20.857471624018103
TEdd_Mean,9,7,20.857471624018103,26.765162073380154
TEdd_Mean,9,6,26.765162073380154,33.60403079160553
TEdd_Mean,9,5,33.60403079160553,41.40818827228533
TEdd_Mean,9,4,41.40818827228533,50.20374903194033
TEdd_Mean,9,3,50.20374903194033,60.020016020367166
TEdd_Mean,9,2,60.020016020367166,70.87499893422654
TEdd_Mean,9,1,70.87499893422654,Inf
TEdd_Mean,9.25,17,0,0.0884789993855934
TEdd_Mean,9.25,15,0.0884789993855934,0.660873728793457
TEdd_Mean,9.25,14,0.660873728793457,1.7719551265588096
TEdd_Mean,9.25,13,1.7719551265588096,3.2504138026449816
TEdd_Mean,9.25,12,3.2504138026449816,5.230460907407975
TEdd_Mean,9.25,11,5.230460907407975,7.810573708201041
TEdd_Mean,9.25,10,7.810573708201041,11.074634014613682
TEdd_Mean,9.25,9,11.074634014613682,15.094096107372257
TEdd_Mean,9.25,8,15.094096107372257,19.928657631888036
TEdd_Mean,9.25,7,19.928657631888036,25.628544009120027
TEdd_Mean,9.25,6,25.628544009120027,32.23477524044053
TEdd_Mean,9.25,5,32.23477524044053,39.78063934328594
TEdd_Mean,9.25,4,39.78063934328594,48.29157926152763
TEdd_Mean,9.25,3,48.29157926152763,57.79605329246672
TEdd_Mean,9.25,2,57.79605329246672,68.31153284017185
TEdd_Mean,9.25,1,68.31153284017185,Inf
TEdd_Mean,9.5,17,0,0.07862819704573136
TEdd_Mean,9.5,15,0.07862819704573136,0.6042787471434841
TEdd_Mean,9.5,14,0.6042787471434841,1.6403484118873717
TEdd_Mean,9.5,13,1.6403484118873717,3.035513263890543
TEdd_Mean,9.5,12,3.035513263890543,4.916393304509358
TEdd_Mean,9.5,11,4.916393304509358,7.378635319646259
TEdd_Mean,9.5,10,7.378635319646259,10.50423662896601
TEdd_Mean,9.5,9,10.50423662896601,14.363163883333986
TEdd_Mean,9.5,8,14.363163883333986,19.013865503875905
TEdd_Mean,9.5,7,19.013865503875905,24.505449231558895
TEdd_Mean,9.5,6,24.505449231558895,30.87796076843904
TEdd_Mean,9.5,5,30.87796076843904,38.1638398057615
TEdd_Mean,9.5,4,38.1638398057615,46.387838787967894
TEdd_Mean,9.5,3,46.387838787967894,55.57755497417097
TEdd_Mean,9.5,2,55.57755497417097,65.74991140089134
TEdd_Mean,9.5,1,65.74991140089134,Inf
TEdd_Mean,9.75,17,0,0.06970507938738409
TEdd_Mean,9.75,15,0.06970507938738409,0.5515812961598536
TEdd_Mean,9.75,14,0.5515812961598536,1.516140572977036
TEdd_Mean,9.75,13,1.516140572977036,2.8308193301544784
TEdd_Mean,9.75,12,2.8308193301544784,4.615172967526961
TEdd_Mean,9.75,11,4.615172967526961,6.96207465804924
TEdd_Mean,9.75,10,6.96207465804924,9.951630114691564
TEdd_Mean,9.75,9,9.951630114691564,13.652296364388594
TEdd_Mean,9.75,8,13.652296364388594,18.121249039068275
TEdd_Mean,9.75,7,18.121249039068275,23.406457940129428
TEdd_Mean,9.75,6,23.406457940129428,29.546978427309192
TEdd_Mean,9.75,5,29.546978427309192,36.57439002426953
TEdd_Mean,9.75,4,36.57439002426953,44.51274660203096
TEdd_Mean,9.75,3,44.51274660203096,53.38878023463022
TEdd_Mean,9.75,2,53.38878023463022,63.2188631380574
TEdd_Mean,9.75,1,63.2188631380574,Inf
TEdd_Mean,10,17,0,0.06165995957789367
TEdd_Mean,10,15,0.06165995957789367,0.5027454479255086
TEdd_Mean,10,14,0.5027454479255086,1.3995150851337301
TEdd_Mean,10,13,1.3995150851337301,2.636909214849529
TEdd_Mean,10,12,2.636909214849529,4.327946114107766
TEdd_Mean,10,11,4.327946114107766,6.562806281508649
TEdd_Mean,10,10,6.562806281508649,9.419720606723589
TEdd_Mean,10,9,9.419720606723589,12.965635940512204
TEdd_Mean,10,8,12.965635940512204,17.256449965996215
TEdd_Mean,10,7,17.256449965996215,22.33899005668696
TEdd_Mean,10,6,22.33899005668696,28.251318251790714
TEdd_Mean,10,5,28.251318251790714,35.024152793905145
TEdd_Mean,10,4,35.024152793905145,42.68084919639044
TEdd_Mean,10,3,42.68084919639044,51.247279451798846
TEdd_Mean,10,2,51.247279451798846,60.739268263486714
TEdd_Mean,10,1,60.739268263486714,Inf
TEdd_Mean,10.25,17,0,0.054434470986169124
TEdd_Mean,10.25,15,0.054434470986169124,0.45765734022851373
TEdd_Mean,10.25,14,0.45765734022851373,1.2904444742839658
TEdd_Mean,10.25,13,1.2904444742839658,2.4539837848217094
TEdd_Mean,10.25,12,2.4539837848217094,4.055271460760398
TEdd_Mean,10.25,11,4.055271460760398,6.18189189498268
TEdd_Mean,10.25,10,6.18189189498268,8.910235007785797
TEdd_Mean,10.25,9,8.910235007785797,12.305752623450445
TEdd_Mean,10.25,8,12.305752623450445,16.4230729118354
TEdd_Mean,10.25,7,16.4230729118354,21.30788799049007
TEdd_Mean,10.25,6,21.30788799049007,26.997273249233793
TEdd_Mean,10.25,5,26.997273249233793,33.521092438199666
TEdd_Mean,10.25,4,33.521092438199666,40.90200901875237
TEdd_Mean,10.25,3,40.90200901875237,49.16504671417263
TEdd_Mean,10.25,2,49.16504671417263,58.32549020322412
TEdd_Mean,10.25,1,58.32549020322412,Inf
TEdd_Mean,10.5,17,0,0.04796616769357887
TEdd_Mean,10.5,15,0.04796616769357887,0.41615220131230835
TEdd_Mean,10.5,14,0.41615220131230835,1.1887538465682739
TEdd_Mean,10.5,13,1.1887538465682739,2.2819723815431687
TEdd_Mean,10.5,12,2.2819723815431687,3.7972752733783968
TEdd_Mean,10.5,11,3.7972752733783968,5.819756380490257
TEdd_Mean,10.5,10,5.819756380490257,8.424010064313105
TEdd_Mean,10.5,9,8.424010064313105,11.674019298725941
TEdd_Mean,10.5,8,11.674019298725941,15.623160843901019
TEdd_Mean,10.5,7,15.623160843901019,20.316007043043616
TEdd_Mean,10.5,6,20.316007043043616,25.78866018027776
TEdd_Mean,10.5,5,25.78866018027776,32.07014191391109
TEdd_Mean,10.5,4,32.07014191391109,39.18243427153552
TEdd_Mean,10.5,3,39.18243427153552,47.149729190378075
TEdd_Mean,10.5,2,47.149729190378075,55.98678172718462
TEdd_Mean,10.5,1,55.98678172718462,Inf
TEdd_Mean,10.75,17,0,0.04219129000344501
TEdd_Mean,10.75,15,0.04219129000344501,0.37803072694804873
TEdd_Mean,10.75,14,0.37803072694804873,1.0941589319369238
TEdd_Mean,10.75,13,1.0941589319369238,2.12059425389663
TEdd_Mean,10.75,12,2.12059425389663,3.5537401700783717
TEdd_Mean,10.75,11,3.5537401700783717,5.476308709487008
TEdd_Mean,10.75,10,5.476308709487008,7.961150602117181
TEdd_Mean,10.75,9,7.961150602117181,11.070812861694318
TEdd_Mean,10.75,8,11.070812861694318,14.857444985238123
TEdd_Mean,10.75,7,14.857444985238123,19.36452025375595
TEdd_Mean,10.75,6,19.36452025375595,24.627185723237815
TEdd_Mean,10.75,5,24.627185723237815,30.67363689197698
TEdd_Mean,10.75,4,30.67363689197698,37.525187678824054
TEdd_Mean,10.75,3,37.525187678824054,45.20521756999892
TEdd_Mean,10.75,2,45.20521756999892,53.727964191142064
TEdd_Mean,10.75,1,53.727964191142064,Inf
TEdd_Mean,11,17,0,0.03704808813307211
TEdd_Mean,11,15,0.03704808813307211,0.3430841984724845
TEdd_Mean,11,14,0.3430841984724845,1.0063329424000758
TEdd_Mean,11,13,1.0063329424000758,1.969479873612546
TEdd_Mean,11,12,1.969479873612546,3.3242986583174488
TEdd_Mean,11,11,3.3242986583174488,5.151229001537677
TEdd_Mean,11,10,5.151229001537677,7.521434385420834
TEdd_Mean,11,9,7.521434385420834,10.496063683947737
TEdd_Mean,11,8,10.496063683947737,14.12606780457898
TEdd_Mean,11,7,14.12606780457898,18.453845604019037
TEdd_Mean,11,6,18.453845604019037,23.51361003246609
TEdd_Mean,11,5,23.51361003246609,29.33274898752898
TEdd_Mean,11,4,29.33274898752898,35.93192360591725
TEdd_Mean,11,3,35.93192360591725,43.33372230112052
TEdd_Mean,11,2,43.33372230112052,51.55187874132325
TEdd_Mean,11,1,51.55187874132325,Inf
TEdd_Mean,11.25,17,0,0.03247829515820007
TEdd_Mean,11.25,15,0.03247829515820007,0.31110682777406884
TEdd_Mean,11.25,14,0.31110682777406884,0.9249404709110514
TEdd_Mean,11.25,13,0.9249404709110514,1.828233535076885
TEdd_Mean,11.25,12,1.828233535076885,3.108534311355934
TEdd_Mean,11.25,11,3.108534311355934,4.844120175497645
TEdd_Mean,11.25,10,4.844120175497645,7.104527867685191
TEdd_Mean,11.25,9,7.104527867685191,9.949550558041281
TEdd_Mean,11.25,8,9.949550558041281,13.428973472413299
TEdd_Mean,11.25,7,13.428973472413299,17.584149325324784
TEdd_Mean,11.25,6,17.584149325324784,22.448381070213202
TEdd_Mean,11.25,5,22.448381070213202,28.048269957747664
TEdd_Mean,11.25,4,28.048269957747664,34.40384147530071
TEdd_Mean,11.25,3,34.40384147530071,41.5369161435987
TEdd_Mean,11.25,2,41.5369161435987,49.46073827083386
TEdd_Mean,11.25,1,49.46073827083386,Inf
TEdd_Mean,11.5,17,0,0.028426755464615955
TEdd_Mean,11.5,15,0.028426755464615955,0.2818922903938844
TEdd_Mean,11.5,14,0.2818922903938844,0.8496262528291761
TEdd_Mean,11.5,13,0.8496262528291761,1.6964091222369198
TEdd_Mean,11.5,12,1.6964091222369198,2.9059380583980494
TEdd_Mean,11.5,11,2.9059380583980494,4.554436950692672
TEdd_Mean,11.5,10,4.554436950692672,6.7098788752494585
TEdd_Mean,11.5,9,6.7098788752494585,9.43074698028861
TEdd_Mean,11.5,8,9.43074698028861,12.765696779688351
TEdd_Mean,11.5,7,12.765696779688351,16.755065761359894
TEdd_Mean,11.5,6,16.755065761359894,21.431273134187883
TEdd_Mean,11.5,5,21.431273134187883,26.820156151499543
TEdd_Mean,11.5,4,26.820156151499543,32.94112304627855
TEdd_Mean,11.5,3,32.94112304627855,39.81525081160832
TEdd_Mean,11.5,2,39.81525081160832,47.45530973120459
TEdd_Mean,11.5,1,47.45530973120459,Inf
TEdd_Mean,11.75,17,0,0.02484066575719803
TEdd_Mean,11.75,15,0.02484066575719803,0.2552257913584236
TEdd_Mean,11.75,14,0.2552257913584236,0.7799895403720084
TEdd_Mean,11.75,13,0.7799895403720084,1.5734555878338805
TEdd_Mean,11.75,12,1.5734555878338805,2.715810475233672
TEdd_Mean,11.75,11,2.715810475233672,4.281327552603962
TEdd_Mean,11.75,10,4.281327552603962,6.336477511352568
TEdd_Mean,11.75,9,6.336477511352568,8.938478600081321
TEdd_Mean,11.75,8,8.938478600081321,12.134892455779642
TEdd_Mean,11.75,7,12.134892455779642,15.96507221033591
TEdd_Mean,11.75,6,15.96507221033591,20.460579548615755
TEdd_Mean,11.75,5,20.460579548615755,25.646510320717283
TEdd_Mean,11.75,4,25.646510320717283,31.541673833577924
TEdd_Mean,11.75,3,31.541673833577924,38.166427646132746
TEdd_Mean,11.75,2,38.166427646132746,45.533083199580346
TEdd_Mean,11.75,1,45.533083199580346,Inf
TEdd_Mean,12,17,0,0.02167137478128782
TEdd_Mean,12,15,0.02167137478128782,0.23090144817074548
TEdd_Mean,12,14,0.23090144817074548,0.7156344373547249
TEdd_Mean,12,13,0.7156344373547249,1.4588132637158913
TEdd_Mean,12,12,1.4588132637158913,2.5374211283299886
TEdd_Mean,12,11,2.5374211283299886,4.02387648727171
TEdd_Mean,12,10,4.02387648727171,5.983205666742551
TEdd_Mean,12,9,5.983205666742551,8.471405266860264
TEdd_Mean,12,8,8.471405266860264,11.534977637223445
TEdd_Mean,12,7,11.534977637223445,15.212321449742802
TEdd_Mean,12,6,15.212321449742802,19.534166302179806
TEdd_Mean,12,5,19.534166302179806,24.524888578071156
TEdd_Mean,12,4,24.524888578071156,30.202716465887406
TEdd_Mean,12,3,30.202716465887406,36.587311424527506
TEdd_Mean,12,2,36.587311424527506,43.69054078270865
TEdd_Mean,12,1,43.69054078270865,Inf
